=== Job Info ===
Job ID: 608059
Node: m001
GPUs: 
Start time: Wed Dec 31 02:48:36 AM CST 2025

=== Configuration ===
Architecture: GPT-2 Medium (d=1024, 24 layers, 16 heads)
Grassmann: c_attn + mlp.c_fc (non-skip-facing, 58% coverage)
Rank: r=384 (37.5% of width, 3×128 GPU-aligned)
Hybrid gating architecture:
  - c_attn: 48 head-level gates (16 heads × 3 QKV)
  - mlp.c_fc: 4 block-level gates (4 MLP blocks)
Total gate params: 1.28M (52 gates/layer, 137× reduction)
Grassmann LR: 2e-3, Gate LR: 1.2e-3, Embed LR: 3e-4
Scaling: x=10 uniform → sigmoid gating → input-dependent range
Batch size: 32 per GPU × 12 grad_accum × 4 GPUs = 1536 (1.6M tokens)

=== Starting Training ===
Overriding config with config/train_gpt2_medium_grassmann_hybridgate_r384.py:
# Grassmann + Hybrid Gating at d=1024, r=384 (37.5% rank ratio)
# Hybrid gating architecture: Head-level (48) + Block-level (4) = 52 gates/layer
# Total gate params: 1.28M (137× reduction from 176M elementwise gating)

# GPT-2 Medium architecture
n_layer = 24
n_head = 16
n_embd = 1024
block_size = 1024
dropout = 0.1
bias = False  # Grassmann requires no bias

# Enable Grassmann with hybrid gating
use_grassmann = True

# Grassmann configuration
# Non-skip-facing layers (c_attn, mlp.c_fc): G_{1.0, 0.0, r}
grass_rank = 384  # 37.5% of n_embd (3×128, GPU-aligned)
grass_scale = 10.0  # Uniform x=10 scaling (base range for sigmoid gates)
grass_a = 1.0  # Identity-centered for non-skip layers
grass_b = 0.0
grass_lr = 2e-3  # Conservative LR (matches previous r=384 run)

# Gating architecture:
# - c_attn: 48 head-level gates (16 heads × 3 QKV), linear + sigmoid
# - mlp.c_fc: 4 block-level gates (4 MLP blocks), linear + sigmoid
# Gate LR should be 2× base for adaptive learning
gate_lr = 1.2e-3  # 2× learning_rate for gates
embed_lr = 3e-4   # 0.5× learning_rate for embeddings

# Training hyperparameters
learning_rate = 6e-4  # Base LR for AdamW components
max_iters = 100000  # Initial test (can extend to 600k later)
warmup_iters = 2000  # Standard warmup
lr_decay_iters = 100000  # Cosine decay to min_lr
min_lr = 6e-5  # 0.1 × learning_rate

# Multi-GPU batch configuration
# Matches previous r=384 run exactly for fair comparison
# Effective batch = 32 × 12 × 4 GPUs = 1536 sequences × 1024 seq_len = 1,572,864 tokens
# grad_accum MUST be divisible by 4 GPUs (DDP requirement)
batch_size = 32  # Per GPU
gradient_accumulation_steps = 12  # Total 384 sequences per GPU, 393K tokens

# Regularization
weight_decay = 1e-1  # Standard for GPT-2

# Optimizer
beta1 = 0.9
beta2 = 0.95
grad_clip = 1.0

# Evaluation
eval_interval = 1000
eval_iters = 200
log_interval = 10

# Dataset
dataset = 'openwebtext'
data_dir = '/net/scratch2/junyuren/nanoGPT-manifold/data/openwebtext'
always_save_checkpoint = True

# CRITICAL: Save to scratch (home has strict disk quota!)
out_dir = '/net/scratch2/junyuren/nanoGPT-manifold/out-gpt2m-grass-hybridgate-r384'

# Compile for performance
compile = True

# System
dtype = 'bfloat16'  # More stable than float16 for Grassmann
device = 'cuda'

# Phase identifier (for configure_optimizers_grassmann_phases)
grassmann_phase = 'phase3'  # c_attn + mlp.c_fc (non-skip-facing only)

tokens per iteration will be: 393,216
Overriding config with config/train_gpt2_medium_grassmann_hybridgate_r384.py:
# Grassmann + Hybrid Gating at d=1024, r=384 (37.5% rank ratio)
# Hybrid gating architecture: Head-level (48) + Block-level (4) = 52 gates/layer
# Total gate params: 1.28M (137× reduction from 176M elementwise gating)

# GPT-2 Medium architecture
n_layer = 24
n_head = 16
n_embd = 1024
block_size = 1024
dropout = 0.1
bias = False  # Grassmann requires no bias

# Enable Grassmann with hybrid gating
use_grassmann = True

# Grassmann configuration
# Non-skip-facing layers (c_attn, mlp.c_fc): G_{1.0, 0.0, r}
grass_rank = 384  # 37.5% of n_embd (3×128, GPU-aligned)
grass_scale = 10.0  # Uniform x=10 scaling (base range for sigmoid gates)
grass_a = 1.0  # Identity-centered for non-skip layers
grass_b = 0.0
grass_lr = 2e-3  # Conservative LR (matches previous r=384 run)

# Gating architecture:
# - c_attn: 48 head-level gates (16 heads × 3 QKV), linear + sigmoid
# - mlp.c_fc: 4 block-level gates (4 MLP blocks), linear + sigmoid
# Gate LR should be 2× base for adaptive learning
gate_lr = 1.2e-3  # 2× learning_rate for gates
embed_lr = 3e-4   # 0.5× learning_rate for embeddings

# Training hyperparameters
learning_rate = 6e-4  # Base LR for AdamW components
max_iters = 100000  # Initial test (can extend to 600k later)
warmup_iters = 2000  # Standard warmup
lr_decay_iters = 100000  # Cosine decay to min_lr
min_lr = 6e-5  # 0.1 × learning_rate

# Multi-GPU batch configuration
# Matches previous r=384 run exactly for fair comparison
# Effective batch = 32 × 12 × 4 GPUs = 1536 sequences × 1024 seq_len = 1,572,864 tokens
# grad_accum MUST be divisible by 4 GPUs (DDP requirement)
batch_size = 32  # Per GPU
gradient_accumulation_steps = 12  # Total 384 sequences per GPU, 393K tokens

# Regularization
weight_decay = 1e-1  # Standard for GPT-2

# Optimizer
beta1 = 0.9
beta2 = 0.95
grad_clip = 1.0

# Evaluation
eval_interval = 1000
eval_iters = 200
log_interval = 10

# Dataset
dataset = 'openwebtext'
data_dir = '/net/scratch2/junyuren/nanoGPT-manifold/data/openwebtext'
always_save_checkpoint = True

# CRITICAL: Save to scratch (home has strict disk quota!)
out_dir = '/net/scratch2/junyuren/nanoGPT-manifold/out-gpt2m-grass-hybridgate-r384'

# Compile for performance
compile = True

# System
dtype = 'bfloat16'  # More stable than float16 for Grassmann
device = 'cuda'

# Phase identifier (for configure_optimizers_grassmann_phases)
grassmann_phase = 'phase3'  # c_attn + mlp.c_fc (non-skip-facing only)

Overriding config with config/train_gpt2_medium_grassmann_hybridgate_r384.py:
# Grassmann + Hybrid Gating at d=1024, r=384 (37.5% rank ratio)
# Hybrid gating architecture: Head-level (48) + Block-level (4) = 52 gates/layer
# Total gate params: 1.28M (137× reduction from 176M elementwise gating)

# GPT-2 Medium architecture
n_layer = 24
n_head = 16
n_embd = 1024
block_size = 1024
dropout = 0.1
bias = False  # Grassmann requires no bias

# Enable Grassmann with hybrid gating
use_grassmann = True

# Grassmann configuration
# Non-skip-facing layers (c_attn, mlp.c_fc): G_{1.0, 0.0, r}
grass_rank = 384  # 37.5% of n_embd (3×128, GPU-aligned)
grass_scale = 10.0  # Uniform x=10 scaling (base range for sigmoid gates)
grass_a = 1.0  # Identity-centered for non-skip layers
grass_b = 0.0
grass_lr = 2e-3  # Conservative LR (matches previous r=384 run)

# Gating architecture:
# - c_attn: 48 head-level gates (16 heads × 3 QKV), linear + sigmoid
# - mlp.c_fc: 4 block-level gates (4 MLP blocks), linear + sigmoid
# Gate LR should be 2× base for adaptive learning
gate_lr = 1.2e-3  # 2× learning_rate for gates
embed_lr = 3e-4   # 0.5× learning_rate for embeddings

# Training hyperparameters
learning_rate = 6e-4  # Base LR for AdamW components
max_iters = 100000  # Initial test (can extend to 600k later)
warmup_iters = 2000  # Standard warmup
lr_decay_iters = 100000  # Cosine decay to min_lr
min_lr = 6e-5  # 0.1 × learning_rate

# Multi-GPU batch configuration
# Matches previous r=384 run exactly for fair comparison
# Effective batch = 32 × 12 × 4 GPUs = 1536 sequences × 1024 seq_len = 1,572,864 tokens
# grad_accum MUST be divisible by 4 GPUs (DDP requirement)
batch_size = 32  # Per GPU
gradient_accumulation_steps = 12  # Total 384 sequences per GPU, 393K tokens

# Regularization
weight_decay = 1e-1  # Standard for GPT-2

# Optimizer
beta1 = 0.9
beta2 = 0.95
grad_clip = 1.0

# Evaluation
eval_interval = 1000
eval_iters = 200
log_interval = 10

# Dataset
dataset = 'openwebtext'
data_dir = '/net/scratch2/junyuren/nanoGPT-manifold/data/openwebtext'
always_save_checkpoint = True

# CRITICAL: Save to scratch (home has strict disk quota!)
out_dir = '/net/scratch2/junyuren/nanoGPT-manifold/out-gpt2m-grass-hybridgate-r384'

# Compile for performance
compile = True

# System
dtype = 'bfloat16'  # More stable than float16 for Grassmann
device = 'cuda'

# Phase identifier (for configure_optimizers_grassmann_phases)
grassmann_phase = 'phase3'  # c_attn + mlp.c_fc (non-skip-facing only)

Overriding config with config/train_gpt2_medium_grassmann_hybridgate_r384.py:
# Grassmann + Hybrid Gating at d=1024, r=384 (37.5% rank ratio)
# Hybrid gating architecture: Head-level (48) + Block-level (4) = 52 gates/layer
# Total gate params: 1.28M (137× reduction from 176M elementwise gating)

# GPT-2 Medium architecture
n_layer = 24
n_head = 16
n_embd = 1024
block_size = 1024
dropout = 0.1
bias = False  # Grassmann requires no bias

# Enable Grassmann with hybrid gating
use_grassmann = True

# Grassmann configuration
# Non-skip-facing layers (c_attn, mlp.c_fc): G_{1.0, 0.0, r}
grass_rank = 384  # 37.5% of n_embd (3×128, GPU-aligned)
grass_scale = 10.0  # Uniform x=10 scaling (base range for sigmoid gates)
grass_a = 1.0  # Identity-centered for non-skip layers
grass_b = 0.0
grass_lr = 2e-3  # Conservative LR (matches previous r=384 run)

# Gating architecture:
# - c_attn: 48 head-level gates (16 heads × 3 QKV), linear + sigmoid
# - mlp.c_fc: 4 block-level gates (4 MLP blocks), linear + sigmoid
# Gate LR should be 2× base for adaptive learning
gate_lr = 1.2e-3  # 2× learning_rate for gates
embed_lr = 3e-4   # 0.5× learning_rate for embeddings

# Training hyperparameters
learning_rate = 6e-4  # Base LR for AdamW components
max_iters = 100000  # Initial test (can extend to 600k later)
warmup_iters = 2000  # Standard warmup
lr_decay_iters = 100000  # Cosine decay to min_lr
min_lr = 6e-5  # 0.1 × learning_rate

# Multi-GPU batch configuration
# Matches previous r=384 run exactly for fair comparison
# Effective batch = 32 × 12 × 4 GPUs = 1536 sequences × 1024 seq_len = 1,572,864 tokens
# grad_accum MUST be divisible by 4 GPUs (DDP requirement)
batch_size = 32  # Per GPU
gradient_accumulation_steps = 12  # Total 384 sequences per GPU, 393K tokens

# Regularization
weight_decay = 1e-1  # Standard for GPT-2

# Optimizer
beta1 = 0.9
beta2 = 0.95
grad_clip = 1.0

# Evaluation
eval_interval = 1000
eval_iters = 200
log_interval = 10

# Dataset
dataset = 'openwebtext'
data_dir = '/net/scratch2/junyuren/nanoGPT-manifold/data/openwebtext'
always_save_checkpoint = True

# CRITICAL: Save to scratch (home has strict disk quota!)
out_dir = '/net/scratch2/junyuren/nanoGPT-manifold/out-gpt2m-grass-hybridgate-r384'

# Compile for performance
compile = True

# System
dtype = 'bfloat16'  # More stable than float16 for Grassmann
device = 'cuda'

# Phase identifier (for configure_optimizers_grassmann_phases)
grassmann_phase = 'phase3'  # c_attn + mlp.c_fc (non-skip-facing only)

Initializing a new model from scratch
defaulting to vocab_size of GPT-2 to 50304 (50257 rounded up for efficiency)
tokens per iteration will be: 393,216
Initializing a new model from scratch
defaulting to vocab_size of GPT-2 to 50304 (50257 rounded up for efficiency)
tokens per iteration will be: 393,216
Initializing a new model from scratch
defaulting to vocab_size of GPT-2 to 50304 (50257 rounded up for efficiency)
tokens per iteration will be: 393,216
Initializing a new model from scratch
defaulting to vocab_size of GPT-2 to 50304 (50257 rounded up for efficiency)
number of parameters: 354.83M

=== Phase phase3 Grassmann Configuration ===

Per-block configuration (24 blocks):
  c_attn ranks:       [384, 384, 384, 384, 384, 384, 384, 384, 384, 384, 384, 384, 384, 384, 384, 384, 384, 384, 384, 384, 384, 384, 384, 384]
  c_attn scales:      ['1.00', '1.00', '1.00', '1.00', '1.00', '1.00', '1.00', '1.00', '1.00', '1.00', '1.00', '1.00', '1.00', '1.00', '1.00', '1.00', '1.00', '1.00', '1.00', '1.00', '1.00', '1.00', '1.00', '1.00']
  mlp.c_fc ranks:     [384, 384, 384, 384, 384, 384, 384, 384, 384, 384, 384, 384, 384, 384, 384, 384, 384, 384, 384, 384, 384, 384, 384, 384]
  mlp.c_fc scales:    ['1.00', '1.00', '1.00', '1.00', '1.00', '1.00', '1.00', '1.00', '1.00', '1.00', '1.00', '1.00', '1.00', '1.00', '1.00', '1.00', '1.00', '1.00', '1.00', '1.00', '1.00', '1.00', '1.00', '1.00']
Grassmann Muon parameters: 168 weight matrices, 176,160,768 params
AdamW optimizer groups:
  Gates:      120 tensors, 1,277,952 params, lr=1.20e-03, wd=0.1
  Projections: 48 tensors, 125,829,120 params, lr=6.00e-04, wd=0.1
  Embeddings: 2 tensors, 52,559,872 params, lr=3.00e-04, wd=0.0
  No decay:   49 tensors, 50,176 params, lr=6.00e-04, wd=0.0
  transformer.h.0.attn.c_attn.blocks.0.weight: k=1, G_{1.0,0.0,384}, lr=0.008, scale=1.0, type=None
  transformer.h.0.attn.c_attn.blocks.1.weight: k=1, G_{1.0,0.0,384}, lr=0.008, scale=1.0, type=None
  transformer.h.0.attn.c_attn.blocks.2.weight: k=1, G_{1.0,0.0,384}, lr=0.008, scale=1.0, type=None
  transformer.h.0.mlp.c_fc.blocks.0.weight: k=1, G_{1.0,0.0,384}, lr=0.008, scale=1.0, type=None
  transformer.h.0.mlp.c_fc.blocks.1.weight: k=1, G_{1.0,0.0,384}, lr=0.008, scale=1.0, type=None
  transformer.h.0.mlp.c_fc.blocks.2.weight: k=1, G_{1.0,0.0,384}, lr=0.008, scale=1.0, type=None
  transformer.h.0.mlp.c_fc.blocks.3.weight: k=1, G_{1.0,0.0,384}, lr=0.008, scale=1.0, type=None
  transformer.h.1.attn.c_attn.blocks.0.weight: k=1, G_{1.0,0.0,384}, lr=0.008, scale=1.0, type=None
  transformer.h.1.attn.c_attn.blocks.1.weight: k=1, G_{1.0,0.0,384}, lr=0.008, scale=1.0, type=None
  transformer.h.1.attn.c_attn.blocks.2.weight: k=1, G_{1.0,0.0,384}, lr=0.008, scale=1.0, type=None
  transformer.h.1.mlp.c_fc.blocks.0.weight: k=1, G_{1.0,0.0,384}, lr=0.008, scale=1.0, type=None
  transformer.h.1.mlp.c_fc.blocks.1.weight: k=1, G_{1.0,0.0,384}, lr=0.008, scale=1.0, type=None
  transformer.h.1.mlp.c_fc.blocks.2.weight: k=1, G_{1.0,0.0,384}, lr=0.008, scale=1.0, type=None
  transformer.h.1.mlp.c_fc.blocks.3.weight: k=1, G_{1.0,0.0,384}, lr=0.008, scale=1.0, type=None
  transformer.h.2.attn.c_attn.blocks.0.weight: k=1, G_{1.0,0.0,384}, lr=0.008, scale=1.0, type=None
  transformer.h.2.attn.c_attn.blocks.1.weight: k=1, G_{1.0,0.0,384}, lr=0.008, scale=1.0, type=None
  transformer.h.2.attn.c_attn.blocks.2.weight: k=1, G_{1.0,0.0,384}, lr=0.008, scale=1.0, type=None
  transformer.h.2.mlp.c_fc.blocks.0.weight: k=1, G_{1.0,0.0,384}, lr=0.008, scale=1.0, type=None
  transformer.h.2.mlp.c_fc.blocks.1.weight: k=1, G_{1.0,0.0,384}, lr=0.008, scale=1.0, type=None
  transformer.h.2.mlp.c_fc.blocks.2.weight: k=1, G_{1.0,0.0,384}, lr=0.008, scale=1.0, type=None
  transformer.h.2.mlp.c_fc.blocks.3.weight: k=1, G_{1.0,0.0,384}, lr=0.008, scale=1.0, type=None
  transformer.h.3.attn.c_attn.blocks.0.weight: k=1, G_{1.0,0.0,384}, lr=0.008, scale=1.0, type=None
  transformer.h.3.attn.c_attn.blocks.1.weight: k=1, G_{1.0,0.0,384}, lr=0.008, scale=1.0, type=None
  transformer.h.3.attn.c_attn.blocks.2.weight: k=1, G_{1.0,0.0,384}, lr=0.008, scale=1.0, type=None
  transformer.h.3.mlp.c_fc.blocks.0.weight: k=1, G_{1.0,0.0,384}, lr=0.008, scale=1.0, type=None
  transformer.h.3.mlp.c_fc.blocks.1.weight: k=1, G_{1.0,0.0,384}, lr=0.008, scale=1.0, type=None
  transformer.h.3.mlp.c_fc.blocks.2.weight: k=1, G_{1.0,0.0,384}, lr=0.008, scale=1.0, type=None
  transformer.h.3.mlp.c_fc.blocks.3.weight: k=1, G_{1.0,0.0,384}, lr=0.008, scale=1.0, type=None
  transformer.h.4.attn.c_attn.blocks.0.weight: k=1, G_{1.0,0.0,384}, lr=0.008, scale=1.0, type=None
  transformer.h.4.attn.c_attn.blocks.1.weight: k=1, G_{1.0,0.0,384}, lr=0.008, scale=1.0, type=None
  transformer.h.4.attn.c_attn.blocks.2.weight: k=1, G_{1.0,0.0,384}, lr=0.008, scale=1.0, type=None
  transformer.h.4.mlp.c_fc.blocks.0.weight: k=1, G_{1.0,0.0,384}, lr=0.008, scale=1.0, type=None
  transformer.h.4.mlp.c_fc.blocks.1.weight: k=1, G_{1.0,0.0,384}, lr=0.008, scale=1.0, type=None
  transformer.h.4.mlp.c_fc.blocks.2.weight: k=1, G_{1.0,0.0,384}, lr=0.008, scale=1.0, type=None
  transformer.h.4.mlp.c_fc.blocks.3.weight: k=1, G_{1.0,0.0,384}, lr=0.008, scale=1.0, type=None
  transformer.h.5.attn.c_attn.blocks.0.weight: k=1, G_{1.0,0.0,384}, lr=0.008, scale=1.0, type=None
  transformer.h.5.attn.c_attn.blocks.1.weight: k=1, G_{1.0,0.0,384}, lr=0.008, scale=1.0, type=None
  transformer.h.5.attn.c_attn.blocks.2.weight: k=1, G_{1.0,0.0,384}, lr=0.008, scale=1.0, type=None
  transformer.h.5.mlp.c_fc.blocks.0.weight: k=1, G_{1.0,0.0,384}, lr=0.008, scale=1.0, type=None
  transformer.h.5.mlp.c_fc.blocks.1.weight: k=1, G_{1.0,0.0,384}, lr=0.008, scale=1.0, type=None
  transformer.h.5.mlp.c_fc.blocks.2.weight: k=1, G_{1.0,0.0,384}, lr=0.008, scale=1.0, type=None
  transformer.h.5.mlp.c_fc.blocks.3.weight: k=1, G_{1.0,0.0,384}, lr=0.008, scale=1.0, type=None
  transformer.h.6.attn.c_attn.blocks.0.weight: k=1, G_{1.0,0.0,384}, lr=0.008, scale=1.0, type=None
  transformer.h.6.attn.c_attn.blocks.1.weight: k=1, G_{1.0,0.0,384}, lr=0.008, scale=1.0, type=None
  transformer.h.6.attn.c_attn.blocks.2.weight: k=1, G_{1.0,0.0,384}, lr=0.008, scale=1.0, type=None
  transformer.h.6.mlp.c_fc.blocks.0.weight: k=1, G_{1.0,0.0,384}, lr=0.008, scale=1.0, type=None
  transformer.h.6.mlp.c_fc.blocks.1.weight: k=1, G_{1.0,0.0,384}, lr=0.008, scale=1.0, type=None
  transformer.h.6.mlp.c_fc.blocks.2.weight: k=1, G_{1.0,0.0,384}, lr=0.008, scale=1.0, type=None
  transformer.h.6.mlp.c_fc.blocks.3.weight: k=1, G_{1.0,0.0,384}, lr=0.008, scale=1.0, type=None
  transformer.h.7.attn.c_attn.blocks.0.weight: k=1, G_{1.0,0.0,384}, lr=0.008, scale=1.0, type=None
  transformer.h.7.attn.c_attn.blocks.1.weight: k=1, G_{1.0,0.0,384}, lr=0.008, scale=1.0, type=None
  transformer.h.7.attn.c_attn.blocks.2.weight: k=1, G_{1.0,0.0,384}, lr=0.008, scale=1.0, type=None
  transformer.h.7.mlp.c_fc.blocks.0.weight: k=1, G_{1.0,0.0,384}, lr=0.008, scale=1.0, type=None
  transformer.h.7.mlp.c_fc.blocks.1.weight: k=1, G_{1.0,0.0,384}, lr=0.008, scale=1.0, type=None
  transformer.h.7.mlp.c_fc.blocks.2.weight: k=1, G_{1.0,0.0,384}, lr=0.008, scale=1.0, type=None
  transformer.h.7.mlp.c_fc.blocks.3.weight: k=1, G_{1.0,0.0,384}, lr=0.008, scale=1.0, type=None
  transformer.h.8.attn.c_attn.blocks.0.weight: k=1, G_{1.0,0.0,384}, lr=0.008, scale=1.0, type=None
  transformer.h.8.attn.c_attn.blocks.1.weight: k=1, G_{1.0,0.0,384}, lr=0.008, scale=1.0, type=None
  transformer.h.8.attn.c_attn.blocks.2.weight: k=1, G_{1.0,0.0,384}, lr=0.008, scale=1.0, type=None
  transformer.h.8.mlp.c_fc.blocks.0.weight: k=1, G_{1.0,0.0,384}, lr=0.008, scale=1.0, type=None
  transformer.h.8.mlp.c_fc.blocks.1.weight: k=1, G_{1.0,0.0,384}, lr=0.008, scale=1.0, type=None
  transformer.h.8.mlp.c_fc.blocks.2.weight: k=1, G_{1.0,0.0,384}, lr=0.008, scale=1.0, type=None
  transformer.h.8.mlp.c_fc.blocks.3.weight: k=1, G_{1.0,0.0,384}, lr=0.008, scale=1.0, type=None
  transformer.h.9.attn.c_attn.blocks.0.weight: k=1, G_{1.0,0.0,384}, lr=0.008, scale=1.0, type=None
  transformer.h.9.attn.c_attn.blocks.1.weight: k=1, G_{1.0,0.0,384}, lr=0.008, scale=1.0, type=None
  transformer.h.9.attn.c_attn.blocks.2.weight: k=1, G_{1.0,0.0,384}, lr=0.008, scale=1.0, type=None
  transformer.h.9.mlp.c_fc.blocks.0.weight: k=1, G_{1.0,0.0,384}, lr=0.008, scale=1.0, type=None
  transformer.h.9.mlp.c_fc.blocks.1.weight: k=1, G_{1.0,0.0,384}, lr=0.008, scale=1.0, type=None
  transformer.h.9.mlp.c_fc.blocks.2.weight: k=1, G_{1.0,0.0,384}, lr=0.008, scale=1.0, type=None
  transformer.h.9.mlp.c_fc.blocks.3.weight: k=1, G_{1.0,0.0,384}, lr=0.008, scale=1.0, type=None
  transformer.h.10.attn.c_attn.blocks.0.weight: k=1, G_{1.0,0.0,384}, lr=0.008, scale=1.0, type=None
  transformer.h.10.attn.c_attn.blocks.1.weight: k=1, G_{1.0,0.0,384}, lr=0.008, scale=1.0, type=None
  transformer.h.10.attn.c_attn.blocks.2.weight: k=1, G_{1.0,0.0,384}, lr=0.008, scale=1.0, type=None
  transformer.h.10.mlp.c_fc.blocks.0.weight: k=1, G_{1.0,0.0,384}, lr=0.008, scale=1.0, type=None
  transformer.h.10.mlp.c_fc.blocks.1.weight: k=1, G_{1.0,0.0,384}, lr=0.008, scale=1.0, type=None
  transformer.h.10.mlp.c_fc.blocks.2.weight: k=1, G_{1.0,0.0,384}, lr=0.008, scale=1.0, type=None
  transformer.h.10.mlp.c_fc.blocks.3.weight: k=1, G_{1.0,0.0,384}, lr=0.008, scale=1.0, type=None
  transformer.h.11.attn.c_attn.blocks.0.weight: k=1, G_{1.0,0.0,384}, lr=0.008, scale=1.0, type=None
  transformer.h.11.attn.c_attn.blocks.1.weight: k=1, G_{1.0,0.0,384}, lr=0.008, scale=1.0, type=None
  transformer.h.11.attn.c_attn.blocks.2.weight: k=1, G_{1.0,0.0,384}, lr=0.008, scale=1.0, type=None
  transformer.h.11.mlp.c_fc.blocks.0.weight: k=1, G_{1.0,0.0,384}, lr=0.008, scale=1.0, type=None
  transformer.h.11.mlp.c_fc.blocks.1.weight: k=1, G_{1.0,0.0,384}, lr=0.008, scale=1.0, type=None
  transformer.h.11.mlp.c_fc.blocks.2.weight: k=1, G_{1.0,0.0,384}, lr=0.008, scale=1.0, type=None
  transformer.h.11.mlp.c_fc.blocks.3.weight: k=1, G_{1.0,0.0,384}, lr=0.008, scale=1.0, type=None
  transformer.h.12.attn.c_attn.blocks.0.weight: k=1, G_{1.0,0.0,384}, lr=0.008, scale=1.0, type=None
  transformer.h.12.attn.c_attn.blocks.1.weight: k=1, G_{1.0,0.0,384}, lr=0.008, scale=1.0, type=None
  transformer.h.12.attn.c_attn.blocks.2.weight: k=1, G_{1.0,0.0,384}, lr=0.008, scale=1.0, type=None
  transformer.h.12.mlp.c_fc.blocks.0.weight: k=1, G_{1.0,0.0,384}, lr=0.008, scale=1.0, type=None
  transformer.h.12.mlp.c_fc.blocks.1.weight: k=1, G_{1.0,0.0,384}, lr=0.008, scale=1.0, type=None
  transformer.h.12.mlp.c_fc.blocks.2.weight: k=1, G_{1.0,0.0,384}, lr=0.008, scale=1.0, type=None
  transformer.h.12.mlp.c_fc.blocks.3.weight: k=1, G_{1.0,0.0,384}, lr=0.008, scale=1.0, type=None
  transformer.h.13.attn.c_attn.blocks.0.weight: k=1, G_{1.0,0.0,384}, lr=0.008, scale=1.0, type=None
  transformer.h.13.attn.c_attn.blocks.1.weight: k=1, G_{1.0,0.0,384}, lr=0.008, scale=1.0, type=None
  transformer.h.13.attn.c_attn.blocks.2.weight: k=1, G_{1.0,0.0,384}, lr=0.008, scale=1.0, type=None
  transformer.h.13.mlp.c_fc.blocks.0.weight: k=1, G_{1.0,0.0,384}, lr=0.008, scale=1.0, type=None
  transformer.h.13.mlp.c_fc.blocks.1.weight: k=1, G_{1.0,0.0,384}, lr=0.008, scale=1.0, type=None
  transformer.h.13.mlp.c_fc.blocks.2.weight: k=1, G_{1.0,0.0,384}, lr=0.008, scale=1.0, type=None
  transformer.h.13.mlp.c_fc.blocks.3.weight: k=1, G_{1.0,0.0,384}, lr=0.008, scale=1.0, type=None
  transformer.h.14.attn.c_attn.blocks.0.weight: k=1, G_{1.0,0.0,384}, lr=0.008, scale=1.0, type=None
  transformer.h.14.attn.c_attn.blocks.1.weight: k=1, G_{1.0,0.0,384}, lr=0.008, scale=1.0, type=None
  transformer.h.14.attn.c_attn.blocks.2.weight: k=1, G_{1.0,0.0,384}, lr=0.008, scale=1.0, type=None
  transformer.h.14.mlp.c_fc.blocks.0.weight: k=1, G_{1.0,0.0,384}, lr=0.008, scale=1.0, type=None
  transformer.h.14.mlp.c_fc.blocks.1.weight: k=1, G_{1.0,0.0,384}, lr=0.008, scale=1.0, type=None
  transformer.h.14.mlp.c_fc.blocks.2.weight: k=1, G_{1.0,0.0,384}, lr=0.008, scale=1.0, type=None
  transformer.h.14.mlp.c_fc.blocks.3.weight: k=1, G_{1.0,0.0,384}, lr=0.008, scale=1.0, type=None
  transformer.h.15.attn.c_attn.blocks.0.weight: k=1, G_{1.0,0.0,384}, lr=0.008, scale=1.0, type=None
  transformer.h.15.attn.c_attn.blocks.1.weight: k=1, G_{1.0,0.0,384}, lr=0.008, scale=1.0, type=None
  transformer.h.15.attn.c_attn.blocks.2.weight: k=1, G_{1.0,0.0,384}, lr=0.008, scale=1.0, type=None
  transformer.h.15.mlp.c_fc.blocks.0.weight: k=1, G_{1.0,0.0,384}, lr=0.008, scale=1.0, type=None
  transformer.h.15.mlp.c_fc.blocks.1.weight: k=1, G_{1.0,0.0,384}, lr=0.008, scale=1.0, type=None
  transformer.h.15.mlp.c_fc.blocks.2.weight: k=1, G_{1.0,0.0,384}, lr=0.008, scale=1.0, type=None
  transformer.h.15.mlp.c_fc.blocks.3.weight: k=1, G_{1.0,0.0,384}, lr=0.008, scale=1.0, type=None
  transformer.h.16.attn.c_attn.blocks.0.weight: k=1, G_{1.0,0.0,384}, lr=0.008, scale=1.0, type=None
  transformer.h.16.attn.c_attn.blocks.1.weight: k=1, G_{1.0,0.0,384}, lr=0.008, scale=1.0, type=None
  transformer.h.16.attn.c_attn.blocks.2.weight: k=1, G_{1.0,0.0,384}, lr=0.008, scale=1.0, type=None
  transformer.h.16.mlp.c_fc.blocks.0.weight: k=1, G_{1.0,0.0,384}, lr=0.008, scale=1.0, type=None
  transformer.h.16.mlp.c_fc.blocks.1.weight: k=1, G_{1.0,0.0,384}, lr=0.008, scale=1.0, type=None
  transformer.h.16.mlp.c_fc.blocks.2.weight: k=1, G_{1.0,0.0,384}, lr=0.008, scale=1.0, type=None
  transformer.h.16.mlp.c_fc.blocks.3.weight: k=1, G_{1.0,0.0,384}, lr=0.008, scale=1.0, type=None
  transformer.h.17.attn.c_attn.blocks.0.weight: k=1, G_{1.0,0.0,384}, lr=0.008, scale=1.0, type=None
  transformer.h.17.attn.c_attn.blocks.1.weight: k=1, G_{1.0,0.0,384}, lr=0.008, scale=1.0, type=None
  transformer.h.17.attn.c_attn.blocks.2.weight: k=1, G_{1.0,0.0,384}, lr=0.008, scale=1.0, type=None
  transformer.h.17.mlp.c_fc.blocks.0.weight: k=1, G_{1.0,0.0,384}, lr=0.008, scale=1.0, type=None
  transformer.h.17.mlp.c_fc.blocks.1.weight: k=1, G_{1.0,0.0,384}, lr=0.008, scale=1.0, type=None
  transformer.h.17.mlp.c_fc.blocks.2.weight: k=1, G_{1.0,0.0,384}, lr=0.008, scale=1.0, type=None
  transformer.h.17.mlp.c_fc.blocks.3.weight: k=1, G_{1.0,0.0,384}, lr=0.008, scale=1.0, type=None
  transformer.h.18.attn.c_attn.blocks.0.weight: k=1, G_{1.0,0.0,384}, lr=0.008, scale=1.0, type=None
  transformer.h.18.attn.c_attn.blocks.1.weight: k=1, G_{1.0,0.0,384}, lr=0.008, scale=1.0, type=None
  transformer.h.18.attn.c_attn.blocks.2.weight: k=1, G_{1.0,0.0,384}, lr=0.008, scale=1.0, type=None
  transformer.h.18.mlp.c_fc.blocks.0.weight: k=1, G_{1.0,0.0,384}, lr=0.008, scale=1.0, type=None
  transformer.h.18.mlp.c_fc.blocks.1.weight: k=1, G_{1.0,0.0,384}, lr=0.008, scale=1.0, type=None
  transformer.h.18.mlp.c_fc.blocks.2.weight: k=1, G_{1.0,0.0,384}, lr=0.008, scale=1.0, type=None
  transformer.h.18.mlp.c_fc.blocks.3.weight: k=1, G_{1.0,0.0,384}, lr=0.008, scale=1.0, type=None
  transformer.h.19.attn.c_attn.blocks.0.weight: k=1, G_{1.0,0.0,384}, lr=0.008, scale=1.0, type=None
  transformer.h.19.attn.c_attn.blocks.1.weight: k=1, G_{1.0,0.0,384}, lr=0.008, scale=1.0, type=None
  transformer.h.19.attn.c_attn.blocks.2.weight: k=1, G_{1.0,0.0,384}, lr=0.008, scale=1.0, type=None
  transformer.h.19.mlp.c_fc.blocks.0.weight: k=1, G_{1.0,0.0,384}, lr=0.008, scale=1.0, type=None
  transformer.h.19.mlp.c_fc.blocks.1.weight: k=1, G_{1.0,0.0,384}, lr=0.008, scale=1.0, type=None
  transformer.h.19.mlp.c_fc.blocks.2.weight: k=1, G_{1.0,0.0,384}, lr=0.008, scale=1.0, type=None
  transformer.h.19.mlp.c_fc.blocks.3.weight: k=1, G_{1.0,0.0,384}, lr=0.008, scale=1.0, type=None
  transformer.h.20.attn.c_attn.blocks.0.weight: k=1, G_{1.0,0.0,384}, lr=0.008, scale=1.0, type=None
  transformer.h.20.attn.c_attn.blocks.1.weight: k=1, G_{1.0,0.0,384}, lr=0.008, scale=1.0, type=None
  transformer.h.20.attn.c_attn.blocks.2.weight: k=1, G_{1.0,0.0,384}, lr=0.008, scale=1.0, type=None
  transformer.h.20.mlp.c_fc.blocks.0.weight: k=1, G_{1.0,0.0,384}, lr=0.008, scale=1.0, type=None
  transformer.h.20.mlp.c_fc.blocks.1.weight: k=1, G_{1.0,0.0,384}, lr=0.008, scale=1.0, type=None
  transformer.h.20.mlp.c_fc.blocks.2.weight: k=1, G_{1.0,0.0,384}, lr=0.008, scale=1.0, type=None
  transformer.h.20.mlp.c_fc.blocks.3.weight: k=1, G_{1.0,0.0,384}, lr=0.008, scale=1.0, type=None
  transformer.h.21.attn.c_attn.blocks.0.weight: k=1, G_{1.0,0.0,384}, lr=0.008, scale=1.0, type=None
  transformer.h.21.attn.c_attn.blocks.1.weight: k=1, G_{1.0,0.0,384}, lr=0.008, scale=1.0, type=None
  transformer.h.21.attn.c_attn.blocks.2.weight: k=1, G_{1.0,0.0,384}, lr=0.008, scale=1.0, type=None
  transformer.h.21.mlp.c_fc.blocks.0.weight: k=1, G_{1.0,0.0,384}, lr=0.008, scale=1.0, type=None
  transformer.h.21.mlp.c_fc.blocks.1.weight: k=1, G_{1.0,0.0,384}, lr=0.008, scale=1.0, type=None
  transformer.h.21.mlp.c_fc.blocks.2.weight: k=1, G_{1.0,0.0,384}, lr=0.008, scale=1.0, type=None
  transformer.h.21.mlp.c_fc.blocks.3.weight: k=1, G_{1.0,0.0,384}, lr=0.008, scale=1.0, type=None
  transformer.h.22.attn.c_attn.blocks.0.weight: k=1, G_{1.0,0.0,384}, lr=0.008, scale=1.0, type=None
  transformer.h.22.attn.c_attn.blocks.1.weight: k=1, G_{1.0,0.0,384}, lr=0.008, scale=1.0, type=None
  transformer.h.22.attn.c_attn.blocks.2.weight: k=1, G_{1.0,0.0,384}, lr=0.008, scale=1.0, type=None
  transformer.h.22.mlp.c_fc.blocks.0.weight: k=1, G_{1.0,0.0,384}, lr=0.008, scale=1.0, type=None
  transformer.h.22.mlp.c_fc.blocks.1.weight: k=1, G_{1.0,0.0,384}, lr=0.008, scale=1.0, type=None
  transformer.h.22.mlp.c_fc.blocks.2.weight: k=1, G_{1.0,0.0,384}, lr=0.008, scale=1.0, type=None
  transformer.h.22.mlp.c_fc.blocks.3.weight: k=1, G_{1.0,0.0,384}, lr=0.008, scale=1.0, type=None
  transformer.h.23.attn.c_attn.blocks.0.weight: k=1, G_{1.0,0.0,384}, lr=0.008, scale=1.0, type=None
  transformer.h.23.attn.c_attn.blocks.1.weight: k=1, G_{1.0,0.0,384}, lr=0.008, scale=1.0, type=None
  transformer.h.23.attn.c_attn.blocks.2.weight: k=1, G_{1.0,0.0,384}, lr=0.008, scale=1.0, type=None
  transformer.h.23.mlp.c_fc.blocks.0.weight: k=1, G_{1.0,0.0,384}, lr=0.008, scale=1.0, type=None
  transformer.h.23.mlp.c_fc.blocks.1.weight: k=1, G_{1.0,0.0,384}, lr=0.008, scale=1.0, type=None
  transformer.h.23.mlp.c_fc.blocks.2.weight: k=1, G_{1.0,0.0,384}, lr=0.008, scale=1.0, type=None
  transformer.h.23.mlp.c_fc.blocks.3.weight: k=1, G_{1.0,0.0,384}, lr=0.008, scale=1.0, type=None
number of parameters: 354.83M

=== Phase phase3 Grassmann Configuration ===

Per-block configuration (24 blocks):
  c_attn ranks:       [384, 384, 384, 384, 384, 384, 384, 384, 384, 384, 384, 384, 384, 384, 384, 384, 384, 384, 384, 384, 384, 384, 384, 384]
  c_attn scales:      ['1.00', '1.00', '1.00', '1.00', '1.00', '1.00', '1.00', '1.00', '1.00', '1.00', '1.00', '1.00', '1.00', '1.00', '1.00', '1.00', '1.00', '1.00', '1.00', '1.00', '1.00', '1.00', '1.00', '1.00']
  mlp.c_fc ranks:     [384, 384, 384, 384, 384, 384, 384, 384, 384, 384, 384, 384, 384, 384, 384, 384, 384, 384, 384, 384, 384, 384, 384, 384]
  mlp.c_fc scales:    ['1.00', '1.00', '1.00', '1.00', '1.00', '1.00', '1.00', '1.00', '1.00', '1.00', '1.00', '1.00', '1.00', '1.00', '1.00', '1.00', '1.00', '1.00', '1.00', '1.00', '1.00', '1.00', '1.00', '1.00']
Grassmann Muon parameters: 168 weight matrices, 176,160,768 params
AdamW optimizer groups:
  Gates:      120 tensors, 1,277,952 params, lr=1.20e-03, wd=0.1
  Projections: 48 tensors, 125,829,120 params, lr=6.00e-04, wd=0.1
  Embeddings: 2 tensors, 52,559,872 params, lr=3.00e-04, wd=0.0
  No decay:   49 tensors, 50,176 params, lr=6.00e-04, wd=0.0
  transformer.h.0.attn.c_attn.blocks.0.weight: k=1, G_{1.0,0.0,384}, lr=0.008, scale=1.0, type=None
  transformer.h.0.attn.c_attn.blocks.1.weight: k=1, G_{1.0,0.0,384}, lr=0.008, scale=1.0, type=None
  transformer.h.0.attn.c_attn.blocks.2.weight: k=1, G_{1.0,0.0,384}, lr=0.008, scale=1.0, type=None
  transformer.h.0.mlp.c_fc.blocks.0.weight: k=1, G_{1.0,0.0,384}, lr=0.008, scale=1.0, type=None
  transformer.h.0.mlp.c_fc.blocks.1.weight: k=1, G_{1.0,0.0,384}, lr=0.008, scale=1.0, type=None
  transformer.h.0.mlp.c_fc.blocks.2.weight: k=1, G_{1.0,0.0,384}, lr=0.008, scale=1.0, type=None
  transformer.h.0.mlp.c_fc.blocks.3.weight: k=1, G_{1.0,0.0,384}, lr=0.008, scale=1.0, type=None
  transformer.h.1.attn.c_attn.blocks.0.weight: k=1, G_{1.0,0.0,384}, lr=0.008, scale=1.0, type=None
  transformer.h.1.attn.c_attn.blocks.1.weight: k=1, G_{1.0,0.0,384}, lr=0.008, scale=1.0, type=None
  transformer.h.1.attn.c_attn.blocks.2.weight: k=1, G_{1.0,0.0,384}, lr=0.008, scale=1.0, type=None
  transformer.h.1.mlp.c_fc.blocks.0.weight: k=1, G_{1.0,0.0,384}, lr=0.008, scale=1.0, type=None
  transformer.h.1.mlp.c_fc.blocks.1.weight: k=1, G_{1.0,0.0,384}, lr=0.008, scale=1.0, type=None
  transformer.h.1.mlp.c_fc.blocks.2.weight: k=1, G_{1.0,0.0,384}, lr=0.008, scale=1.0, type=None
  transformer.h.1.mlp.c_fc.blocks.3.weight: k=1, G_{1.0,0.0,384}, lr=0.008, scale=1.0, type=None
  transformer.h.2.attn.c_attn.blocks.0.weight: k=1, G_{1.0,0.0,384}, lr=0.008, scale=1.0, type=None
  transformer.h.2.attn.c_attn.blocks.1.weight: k=1, G_{1.0,0.0,384}, lr=0.008, scale=1.0, type=None
  transformer.h.2.attn.c_attn.blocks.2.weight: k=1, G_{1.0,0.0,384}, lr=0.008, scale=1.0, type=None
  transformer.h.2.mlp.c_fc.blocks.0.weight: k=1, G_{1.0,0.0,384}, lr=0.008, scale=1.0, type=None
  transformer.h.2.mlp.c_fc.blocks.1.weight: k=1, G_{1.0,0.0,384}, lr=0.008, scale=1.0, type=None
  transformer.h.2.mlp.c_fc.blocks.2.weight: k=1, G_{1.0,0.0,384}, lr=0.008, scale=1.0, type=None
  transformer.h.2.mlp.c_fc.blocks.3.weight: k=1, G_{1.0,0.0,384}, lr=0.008, scale=1.0, type=None
  transformer.h.3.attn.c_attn.blocks.0.weight: k=1, G_{1.0,0.0,384}, lr=0.008, scale=1.0, type=None
  transformer.h.3.attn.c_attn.blocks.1.weight: k=1, G_{1.0,0.0,384}, lr=0.008, scale=1.0, type=None
  transformer.h.3.attn.c_attn.blocks.2.weight: k=1, G_{1.0,0.0,384}, lr=0.008, scale=1.0, type=None
  transformer.h.3.mlp.c_fc.blocks.0.weight: k=1, G_{1.0,0.0,384}, lr=0.008, scale=1.0, type=None
  transformer.h.3.mlp.c_fc.blocks.1.weight: k=1, G_{1.0,0.0,384}, lr=0.008, scale=1.0, type=None
  transformer.h.3.mlp.c_fc.blocks.2.weight: k=1, G_{1.0,0.0,384}, lr=0.008, scale=1.0, type=None
  transformer.h.3.mlp.c_fc.blocks.3.weight: k=1, G_{1.0,0.0,384}, lr=0.008, scale=1.0, type=None
  transformer.h.4.attn.c_attn.blocks.0.weight: k=1, G_{1.0,0.0,384}, lr=0.008, scale=1.0, type=None
  transformer.h.4.attn.c_attn.blocks.1.weight: k=1, G_{1.0,0.0,384}, lr=0.008, scale=1.0, type=None
  transformer.h.4.attn.c_attn.blocks.2.weight: k=1, G_{1.0,0.0,384}, lr=0.008, scale=1.0, type=None
  transformer.h.4.mlp.c_fc.blocks.0.weight: k=1, G_{1.0,0.0,384}, lr=0.008, scale=1.0, type=None
  transformer.h.4.mlp.c_fc.blocks.1.weight: k=1, G_{1.0,0.0,384}, lr=0.008, scale=1.0, type=None
  transformer.h.4.mlp.c_fc.blocks.2.weight: k=1, G_{1.0,0.0,384}, lr=0.008, scale=1.0, type=None
  transformer.h.4.mlp.c_fc.blocks.3.weight: k=1, G_{1.0,0.0,384}, lr=0.008, scale=1.0, type=None
  transformer.h.5.attn.c_attn.blocks.0.weight: k=1, G_{1.0,0.0,384}, lr=0.008, scale=1.0, type=None
  transformer.h.5.attn.c_attn.blocks.1.weight: k=1, G_{1.0,0.0,384}, lr=0.008, scale=1.0, type=None
  transformer.h.5.attn.c_attn.blocks.2.weight: k=1, G_{1.0,0.0,384}, lr=0.008, scale=1.0, type=None
  transformer.h.5.mlp.c_fc.blocks.0.weight: k=1, G_{1.0,0.0,384}, lr=0.008, scale=1.0, type=None
  transformer.h.5.mlp.c_fc.blocks.1.weight: k=1, G_{1.0,0.0,384}, lr=0.008, scale=1.0, type=None
  transformer.h.5.mlp.c_fc.blocks.2.weight: k=1, G_{1.0,0.0,384}, lr=0.008, scale=1.0, type=None
  transformer.h.5.mlp.c_fc.blocks.3.weight: k=1, G_{1.0,0.0,384}, lr=0.008, scale=1.0, type=None
  transformer.h.6.attn.c_attn.blocks.0.weight: k=1, G_{1.0,0.0,384}, lr=0.008, scale=1.0, type=None
  transformer.h.6.attn.c_attn.blocks.1.weight: k=1, G_{1.0,0.0,384}, lr=0.008, scale=1.0, type=None
  transformer.h.6.attn.c_attn.blocks.2.weight: k=1, G_{1.0,0.0,384}, lr=0.008, scale=1.0, type=None
  transformer.h.6.mlp.c_fc.blocks.0.weight: k=1, G_{1.0,0.0,384}, lr=0.008, scale=1.0, type=None
  transformer.h.6.mlp.c_fc.blocks.1.weight: k=1, G_{1.0,0.0,384}, lr=0.008, scale=1.0, type=None
  transformer.h.6.mlp.c_fc.blocks.2.weight: k=1, G_{1.0,0.0,384}, lr=0.008, scale=1.0, type=None
  transformer.h.6.mlp.c_fc.blocks.3.weight: k=1, G_{1.0,0.0,384}, lr=0.008, scale=1.0, type=None
  transformer.h.7.attn.c_attn.blocks.0.weight: k=1, G_{1.0,0.0,384}, lr=0.008, scale=1.0, type=None
  transformer.h.7.attn.c_attn.blocks.1.weight: k=1, G_{1.0,0.0,384}, lr=0.008, scale=1.0, type=None
  transformer.h.7.attn.c_attn.blocks.2.weight: k=1, G_{1.0,0.0,384}, lr=0.008, scale=1.0, type=None
  transformer.h.7.mlp.c_fc.blocks.0.weight: k=1, G_{1.0,0.0,384}, lr=0.008, scale=1.0, type=None
  transformer.h.7.mlp.c_fc.blocks.1.weight: k=1, G_{1.0,0.0,384}, lr=0.008, scale=1.0, type=None
  transformer.h.7.mlp.c_fc.blocks.2.weight: k=1, G_{1.0,0.0,384}, lr=0.008, scale=1.0, type=None
  transformer.h.7.mlp.c_fc.blocks.3.weight: k=1, G_{1.0,0.0,384}, lr=0.008, scale=1.0, type=None
  transformer.h.8.attn.c_attn.blocks.0.weight: k=1, G_{1.0,0.0,384}, lr=0.008, scale=1.0, type=None
  transformer.h.8.attn.c_attn.blocks.1.weight: k=1, G_{1.0,0.0,384}, lr=0.008, scale=1.0, type=None
  transformer.h.8.attn.c_attn.blocks.2.weight: k=1, G_{1.0,0.0,384}, lr=0.008, scale=1.0, type=None
  transformer.h.8.mlp.c_fc.blocks.0.weight: k=1, G_{1.0,0.0,384}, lr=0.008, scale=1.0, type=None
  transformer.h.8.mlp.c_fc.blocks.1.weight: k=1, G_{1.0,0.0,384}, lr=0.008, scale=1.0, type=None
  transformer.h.8.mlp.c_fc.blocks.2.weight: k=1, G_{1.0,0.0,384}, lr=0.008, scale=1.0, type=None
  transformer.h.8.mlp.c_fc.blocks.3.weight: k=1, G_{1.0,0.0,384}, lr=0.008, scale=1.0, type=None
  transformer.h.9.attn.c_attn.blocks.0.weight: k=1, G_{1.0,0.0,384}, lr=0.008, scale=1.0, type=None
  transformer.h.9.attn.c_attn.blocks.1.weight: k=1, G_{1.0,0.0,384}, lr=0.008, scale=1.0, type=None
  transformer.h.9.attn.c_attn.blocks.2.weight: k=1, G_{1.0,0.0,384}, lr=0.008, scale=1.0, type=None
  transformer.h.9.mlp.c_fc.blocks.0.weight: k=1, G_{1.0,0.0,384}, lr=0.008, scale=1.0, type=None
  transformer.h.9.mlp.c_fc.blocks.1.weight: k=1, G_{1.0,0.0,384}, lr=0.008, scale=1.0, type=None
  transformer.h.9.mlp.c_fc.blocks.2.weight: k=1, G_{1.0,0.0,384}, lr=0.008, scale=1.0, type=None
  transformer.h.9.mlp.c_fc.blocks.3.weight: k=1, G_{1.0,0.0,384}, lr=0.008, scale=1.0, type=None
  transformer.h.10.attn.c_attn.blocks.0.weight: k=1, G_{1.0,0.0,384}, lr=0.008, scale=1.0, type=None
  transformer.h.10.attn.c_attn.blocks.1.weight: k=1, G_{1.0,0.0,384}, lr=0.008, scale=1.0, type=None
  transformer.h.10.attn.c_attn.blocks.2.weight: k=1, G_{1.0,0.0,384}, lr=0.008, scale=1.0, type=None
  transformer.h.10.mlp.c_fc.blocks.0.weight: k=1, G_{1.0,0.0,384}, lr=0.008, scale=1.0, type=None
  transformer.h.10.mlp.c_fc.blocks.1.weight: k=1, G_{1.0,0.0,384}, lr=0.008, scale=1.0, type=None
  transformer.h.10.mlp.c_fc.blocks.2.weight: k=1, G_{1.0,0.0,384}, lr=0.008, scale=1.0, type=None
  transformer.h.10.mlp.c_fc.blocks.3.weight: k=1, G_{1.0,0.0,384}, lr=0.008, scale=1.0, type=None
  transformer.h.11.attn.c_attn.blocks.0.weight: k=1, G_{1.0,0.0,384}, lr=0.008, scale=1.0, type=None
  transformer.h.11.attn.c_attn.blocks.1.weight: k=1, G_{1.0,0.0,384}, lr=0.008, scale=1.0, type=None
  transformer.h.11.attn.c_attn.blocks.2.weight: k=1, G_{1.0,0.0,384}, lr=0.008, scale=1.0, type=None
  transformer.h.11.mlp.c_fc.blocks.0.weight: k=1, G_{1.0,0.0,384}, lr=0.008, scale=1.0, type=None
  transformer.h.11.mlp.c_fc.blocks.1.weight: k=1, G_{1.0,0.0,384}, lr=0.008, scale=1.0, type=None
  transformer.h.11.mlp.c_fc.blocks.2.weight: k=1, G_{1.0,0.0,384}, lr=0.008, scale=1.0, type=None
  transformer.h.11.mlp.c_fc.blocks.3.weight: k=1, G_{1.0,0.0,384}, lr=0.008, scale=1.0, type=None
  transformer.h.12.attn.c_attn.blocks.0.weight: k=1, G_{1.0,0.0,384}, lr=0.008, scale=1.0, type=None
  transformer.h.12.attn.c_attn.blocks.1.weight: k=1, G_{1.0,0.0,384}, lr=0.008, scale=1.0, type=None
  transformer.h.12.attn.c_attn.blocks.2.weight: k=1, G_{1.0,0.0,384}, lr=0.008, scale=1.0, type=None
  transformer.h.12.mlp.c_fc.blocks.0.weight: k=1, G_{1.0,0.0,384}, lr=0.008, scale=1.0, type=None
  transformer.h.12.mlp.c_fc.blocks.1.weight: k=1, G_{1.0,0.0,384}, lr=0.008, scale=1.0, type=None
  transformer.h.12.mlp.c_fc.blocks.2.weight: k=1, G_{1.0,0.0,384}, lr=0.008, scale=1.0, type=None
  transformer.h.12.mlp.c_fc.blocks.3.weight: k=1, G_{1.0,0.0,384}, lr=0.008, scale=1.0, type=None
  transformer.h.13.attn.c_attn.blocks.0.weight: k=1, G_{1.0,0.0,384}, lr=0.008, scale=1.0, type=None
  transformer.h.13.attn.c_attn.blocks.1.weight: k=1, G_{1.0,0.0,384}, lr=0.008, scale=1.0, type=None
  transformer.h.13.attn.c_attn.blocks.2.weight: k=1, G_{1.0,0.0,384}, lr=0.008, scale=1.0, type=None
  transformer.h.13.mlp.c_fc.blocks.0.weight: k=1, G_{1.0,0.0,384}, lr=0.008, scale=1.0, type=None
  transformer.h.13.mlp.c_fc.blocks.1.weight: k=1, G_{1.0,0.0,384}, lr=0.008, scale=1.0, type=None
  transformer.h.13.mlp.c_fc.blocks.2.weight: k=1, G_{1.0,0.0,384}, lr=0.008, scale=1.0, type=None
  transformer.h.13.mlp.c_fc.blocks.3.weight: k=1, G_{1.0,0.0,384}, lr=0.008, scale=1.0, type=None
  transformer.h.14.attn.c_attn.blocks.0.weight: k=1, G_{1.0,0.0,384}, lr=0.008, scale=1.0, type=None
  transformer.h.14.attn.c_attn.blocks.1.weight: k=1, G_{1.0,0.0,384}, lr=0.008, scale=1.0, type=None
  transformer.h.14.attn.c_attn.blocks.2.weight: k=1, G_{1.0,0.0,384}, lr=0.008, scale=1.0, type=None
  transformer.h.14.mlp.c_fc.blocks.0.weight: k=1, G_{1.0,0.0,384}, lr=0.008, scale=1.0, type=None
  transformer.h.14.mlp.c_fc.blocks.1.weight: k=1, G_{1.0,0.0,384}, lr=0.008, scale=1.0, type=None
  transformer.h.14.mlp.c_fc.blocks.2.weight: k=1, G_{1.0,0.0,384}, lr=0.008, scale=1.0, type=None
  transformer.h.14.mlp.c_fc.blocks.3.weight: k=1, G_{1.0,0.0,384}, lr=0.008, scale=1.0, type=None
  transformer.h.15.attn.c_attn.blocks.0.weight: k=1, G_{1.0,0.0,384}, lr=0.008, scale=1.0, type=None
  transformer.h.15.attn.c_attn.blocks.1.weight: k=1, G_{1.0,0.0,384}, lr=0.008, scale=1.0, type=None
  transformer.h.15.attn.c_attn.blocks.2.weight: k=1, G_{1.0,0.0,384}, lr=0.008, scale=1.0, type=None
  transformer.h.15.mlp.c_fc.blocks.0.weight: k=1, G_{1.0,0.0,384}, lr=0.008, scale=1.0, type=None
  transformer.h.15.mlp.c_fc.blocks.1.weight: k=1, G_{1.0,0.0,384}, lr=0.008, scale=1.0, type=None
  transformer.h.15.mlp.c_fc.blocks.2.weight: k=1, G_{1.0,0.0,384}, lr=0.008, scale=1.0, type=None
  transformer.h.15.mlp.c_fc.blocks.3.weight: k=1, G_{1.0,0.0,384}, lr=0.008, scale=1.0, type=None
  transformer.h.16.attn.c_attn.blocks.0.weight: k=1, G_{1.0,0.0,384}, lr=0.008, scale=1.0, type=None
  transformer.h.16.attn.c_attn.blocks.1.weight: k=1, G_{1.0,0.0,384}, lr=0.008, scale=1.0, type=None
  transformer.h.16.attn.c_attn.blocks.2.weight: k=1, G_{1.0,0.0,384}, lr=0.008, scale=1.0, type=None
  transformer.h.16.mlp.c_fc.blocks.0.weight: k=1, G_{1.0,0.0,384}, lr=0.008, scale=1.0, type=None
  transformer.h.16.mlp.c_fc.blocks.1.weight: k=1, G_{1.0,0.0,384}, lr=0.008, scale=1.0, type=None
  transformer.h.16.mlp.c_fc.blocks.2.weight: k=1, G_{1.0,0.0,384}, lr=0.008, scale=1.0, type=None
  transformer.h.16.mlp.c_fc.blocks.3.weight: k=1, G_{1.0,0.0,384}, lr=0.008, scale=1.0, type=None
  transformer.h.17.attn.c_attn.blocks.0.weight: k=1, G_{1.0,0.0,384}, lr=0.008, scale=1.0, type=None
  transformer.h.17.attn.c_attn.blocks.1.weight: k=1, G_{1.0,0.0,384}, lr=0.008, scale=1.0, type=None
  transformer.h.17.attn.c_attn.blocks.2.weight: k=1, G_{1.0,0.0,384}, lr=0.008, scale=1.0, type=None
  transformer.h.17.mlp.c_fc.blocks.0.weight: k=1, G_{1.0,0.0,384}, lr=0.008, scale=1.0, type=None
  transformer.h.17.mlp.c_fc.blocks.1.weight: k=1, G_{1.0,0.0,384}, lr=0.008, scale=1.0, type=None
  transformer.h.17.mlp.c_fc.blocks.2.weight: k=1, G_{1.0,0.0,384}, lr=0.008, scale=1.0, type=None
  transformer.h.17.mlp.c_fc.blocks.3.weight: k=1, G_{1.0,0.0,384}, lr=0.008, scale=1.0, type=None
  transformer.h.18.attn.c_attn.blocks.0.weight: k=1, G_{1.0,0.0,384}, lr=0.008, scale=1.0, type=None
  transformer.h.18.attn.c_attn.blocks.1.weight: k=1, G_{1.0,0.0,384}, lr=0.008, scale=1.0, type=None
  transformer.h.18.attn.c_attn.blocks.2.weight: k=1, G_{1.0,0.0,384}, lr=0.008, scale=1.0, type=None
  transformer.h.18.mlp.c_fc.blocks.0.weight: k=1, G_{1.0,0.0,384}, lr=0.008, scale=1.0, type=None
  transformer.h.18.mlp.c_fc.blocks.1.weight: k=1, G_{1.0,0.0,384}, lr=0.008, scale=1.0, type=None
  transformer.h.18.mlp.c_fc.blocks.2.weight: k=1, G_{1.0,0.0,384}, lr=0.008, scale=1.0, type=None
  transformer.h.18.mlp.c_fc.blocks.3.weight: k=1, G_{1.0,0.0,384}, lr=0.008, scale=1.0, type=None
  transformer.h.19.attn.c_attn.blocks.0.weight: k=1, G_{1.0,0.0,384}, lr=0.008, scale=1.0, type=None
  transformer.h.19.attn.c_attn.blocks.1.weight: k=1, G_{1.0,0.0,384}, lr=0.008, scale=1.0, type=None
  transformer.h.19.attn.c_attn.blocks.2.weight: k=1, G_{1.0,0.0,384}, lr=0.008, scale=1.0, type=None
  transformer.h.19.mlp.c_fc.blocks.0.weight: k=1, G_{1.0,0.0,384}, lr=0.008, scale=1.0, type=None
  transformer.h.19.mlp.c_fc.blocks.1.weight: k=1, G_{1.0,0.0,384}, lr=0.008, scale=1.0, type=None
  transformer.h.19.mlp.c_fc.blocks.2.weight: k=1, G_{1.0,0.0,384}, lr=0.008, scale=1.0, type=None
  transformer.h.19.mlp.c_fc.blocks.3.weight: k=1, G_{1.0,0.0,384}, lr=0.008, scale=1.0, type=None
  transformer.h.20.attn.c_attn.blocks.0.weight: k=1, G_{1.0,0.0,384}, lr=0.008, scale=1.0, type=None
  transformer.h.20.attn.c_attn.blocks.1.weight: k=1, G_{1.0,0.0,384}, lr=0.008, scale=1.0, type=None
  transformer.h.20.attn.c_attn.blocks.2.weight: k=1, G_{1.0,0.0,384}, lr=0.008, scale=1.0, type=None
  transformer.h.20.mlp.c_fc.blocks.0.weight: k=1, G_{1.0,0.0,384}, lr=0.008, scale=1.0, type=None
  transformer.h.20.mlp.c_fc.blocks.1.weight: k=1, G_{1.0,0.0,384}, lr=0.008, scale=1.0, type=None
  transformer.h.20.mlp.c_fc.blocks.2.weight: k=1, G_{1.0,0.0,384}, lr=0.008, scale=1.0, type=None
  transformer.h.20.mlp.c_fc.blocks.3.weight: k=1, G_{1.0,0.0,384}, lr=0.008, scale=1.0, type=None
  transformer.h.21.attn.c_attn.blocks.0.weight: k=1, G_{1.0,0.0,384}, lr=0.008, scale=1.0, type=None
  transformer.h.21.attn.c_attn.blocks.1.weight: k=1, G_{1.0,0.0,384}, lr=0.008, scale=1.0, type=None
  transformer.h.21.attn.c_attn.blocks.2.weight: k=1, G_{1.0,0.0,384}, lr=0.008, scale=1.0, type=None
  transformer.h.21.mlp.c_fc.blocks.0.weight: k=1, G_{1.0,0.0,384}, lr=0.008, scale=1.0, type=None
  transformer.h.21.mlp.c_fc.blocks.1.weight: k=1, G_{1.0,0.0,384}, lr=0.008, scale=1.0, type=None
  transformer.h.21.mlp.c_fc.blocks.2.weight: k=1, G_{1.0,0.0,384}, lr=0.008, scale=1.0, type=None
  transformer.h.21.mlp.c_fc.blocks.3.weight: k=1, G_{1.0,0.0,384}, lr=0.008, scale=1.0, type=None
  transformer.h.22.attn.c_attn.blocks.0.weight: k=1, G_{1.0,0.0,384}, lr=0.008, scale=1.0, type=None
  transformer.h.22.attn.c_attn.blocks.1.weight: k=1, G_{1.0,0.0,384}, lr=0.008, scale=1.0, type=None
  transformer.h.22.attn.c_attn.blocks.2.weight: k=1, G_{1.0,0.0,384}, lr=0.008, scale=1.0, type=None
  transformer.h.22.mlp.c_fc.blocks.0.weight: k=1, G_{1.0,0.0,384}, lr=0.008, scale=1.0, type=None
  transformer.h.22.mlp.c_fc.blocks.1.weight: k=1, G_{1.0,0.0,384}, lr=0.008, scale=1.0, type=None
  transformer.h.22.mlp.c_fc.blocks.2.weight: k=1, G_{1.0,0.0,384}, lr=0.008, scale=1.0, type=None
  transformer.h.22.mlp.c_fc.blocks.3.weight: k=1, G_{1.0,0.0,384}, lr=0.008, scale=1.0, type=None
  transformer.h.23.attn.c_attn.blocks.0.weight: k=1, G_{1.0,0.0,384}, lr=0.008, scale=1.0, type=None
  transformer.h.23.attn.c_attn.blocks.1.weight: k=1, G_{1.0,0.0,384}, lr=0.008, scale=1.0, type=None
  transformer.h.23.attn.c_attn.blocks.2.weight: k=1, G_{1.0,0.0,384}, lr=0.008, scale=1.0, type=None
  transformer.h.23.mlp.c_fc.blocks.0.weight: k=1, G_{1.0,0.0,384}, lr=0.008, scale=1.0, type=None
  transformer.h.23.mlp.c_fc.blocks.1.weight: k=1, G_{1.0,0.0,384}, lr=0.008, scale=1.0, type=None
  transformer.h.23.mlp.c_fc.blocks.2.weight: k=1, G_{1.0,0.0,384}, lr=0.008, scale=1.0, type=None
  transformer.h.23.mlp.c_fc.blocks.3.weight: k=1, G_{1.0,0.0,384}, lr=0.008, scale=1.0, type=None
number of parameters: 354.83M
number of parameters: 354.83M

=== Phase phase3 Grassmann Configuration ===

Per-block configuration (24 blocks):
  c_attn ranks:       [384, 384, 384, 384, 384, 384, 384, 384, 384, 384, 384, 384, 384, 384, 384, 384, 384, 384, 384, 384, 384, 384, 384, 384]
  c_attn scales:      ['1.00', '1.00', '1.00', '1.00', '1.00', '1.00', '1.00', '1.00', '1.00', '1.00', '1.00', '1.00', '1.00', '1.00', '1.00', '1.00', '1.00', '1.00', '1.00', '1.00', '1.00', '1.00', '1.00', '1.00']
  mlp.c_fc ranks:     [384, 384, 384, 384, 384, 384, 384, 384, 384, 384, 384, 384, 384, 384, 384, 384, 384, 384, 384, 384, 384, 384, 384, 384]
  mlp.c_fc scales:    ['1.00', '1.00', '1.00', '1.00', '1.00', '1.00', '1.00', '1.00', '1.00', '1.00', '1.00', '1.00', '1.00', '1.00', '1.00', '1.00', '1.00', '1.00', '1.00', '1.00', '1.00', '1.00', '1.00', '1.00']
Grassmann Muon parameters: 168 weight matrices, 176,160,768 params
AdamW optimizer groups:
  Gates:      120 tensors, 1,277,952 params, lr=1.20e-03, wd=0.1
  Projections: 48 tensors, 125,829,120 params, lr=6.00e-04, wd=0.1
  Embeddings: 2 tensors, 52,559,872 params, lr=3.00e-04, wd=0.0
  No decay:   49 tensors, 50,176 params, lr=6.00e-04, wd=0.0
  transformer.h.0.attn.c_attn.blocks.0.weight: k=1, G_{1.0,0.0,384}, lr=0.008, scale=1.0, type=None
  transformer.h.0.attn.c_attn.blocks.1.weight: k=1, G_{1.0,0.0,384}, lr=0.008, scale=1.0, type=None
  transformer.h.0.attn.c_attn.blocks.2.weight: k=1, G_{1.0,0.0,384}, lr=0.008, scale=1.0, type=None
  transformer.h.0.mlp.c_fc.blocks.0.weight: k=1, G_{1.0,0.0,384}, lr=0.008, scale=1.0, type=None
  transformer.h.0.mlp.c_fc.blocks.1.weight: k=1, G_{1.0,0.0,384}, lr=0.008, scale=1.0, type=None
  transformer.h.0.mlp.c_fc.blocks.2.weight: k=1, G_{1.0,0.0,384}, lr=0.008, scale=1.0, type=None
  transformer.h.0.mlp.c_fc.blocks.3.weight: k=1, G_{1.0,0.0,384}, lr=0.008, scale=1.0, type=None
  transformer.h.1.attn.c_attn.blocks.0.weight: k=1, G_{1.0,0.0,384}, lr=0.008, scale=1.0, type=None
  transformer.h.1.attn.c_attn.blocks.1.weight: k=1, G_{1.0,0.0,384}, lr=0.008, scale=1.0, type=None
  transformer.h.1.attn.c_attn.blocks.2.weight: k=1, G_{1.0,0.0,384}, lr=0.008, scale=1.0, type=None
  transformer.h.1.mlp.c_fc.blocks.0.weight: k=1, G_{1.0,0.0,384}, lr=0.008, scale=1.0, type=None
  transformer.h.1.mlp.c_fc.blocks.1.weight: k=1, G_{1.0,0.0,384}, lr=0.008, scale=1.0, type=None
  transformer.h.1.mlp.c_fc.blocks.2.weight: k=1, G_{1.0,0.0,384}, lr=0.008, scale=1.0, type=None
  transformer.h.1.mlp.c_fc.blocks.3.weight: k=1, G_{1.0,0.0,384}, lr=0.008, scale=1.0, type=None
  transformer.h.2.attn.c_attn.blocks.0.weight: k=1, G_{1.0,0.0,384}, lr=0.008, scale=1.0, type=None
  transformer.h.2.attn.c_attn.blocks.1.weight: k=1, G_{1.0,0.0,384}, lr=0.008, scale=1.0, type=None
  transformer.h.2.attn.c_attn.blocks.2.weight: k=1, G_{1.0,0.0,384}, lr=0.008, scale=1.0, type=None
  transformer.h.2.mlp.c_fc.blocks.0.weight: k=1, G_{1.0,0.0,384}, lr=0.008, scale=1.0, type=None
  transformer.h.2.mlp.c_fc.blocks.1.weight: k=1, G_{1.0,0.0,384}, lr=0.008, scale=1.0, type=None
  transformer.h.2.mlp.c_fc.blocks.2.weight: k=1, G_{1.0,0.0,384}, lr=0.008, scale=1.0, type=None
  transformer.h.2.mlp.c_fc.blocks.3.weight: k=1, G_{1.0,0.0,384}, lr=0.008, scale=1.0, type=None
  transformer.h.3.attn.c_attn.blocks.0.weight: k=1, G_{1.0,0.0,384}, lr=0.008, scale=1.0, type=None
  transformer.h.3.attn.c_attn.blocks.1.weight: k=1, G_{1.0,0.0,384}, lr=0.008, scale=1.0, type=None
  transformer.h.3.attn.c_attn.blocks.2.weight: k=1, G_{1.0,0.0,384}, lr=0.008, scale=1.0, type=None
  transformer.h.3.mlp.c_fc.blocks.0.weight: k=1, G_{1.0,0.0,384}, lr=0.008, scale=1.0, type=None
  transformer.h.3.mlp.c_fc.blocks.1.weight: k=1, G_{1.0,0.0,384}, lr=0.008, scale=1.0, type=None
  transformer.h.3.mlp.c_fc.blocks.2.weight: k=1, G_{1.0,0.0,384}, lr=0.008, scale=1.0, type=None
  transformer.h.3.mlp.c_fc.blocks.3.weight: k=1, G_{1.0,0.0,384}, lr=0.008, scale=1.0, type=None
  transformer.h.4.attn.c_attn.blocks.0.weight: k=1, G_{1.0,0.0,384}, lr=0.008, scale=1.0, type=None
  transformer.h.4.attn.c_attn.blocks.1.weight: k=1, G_{1.0,0.0,384}, lr=0.008, scale=1.0, type=None
  transformer.h.4.attn.c_attn.blocks.2.weight: k=1, G_{1.0,0.0,384}, lr=0.008, scale=1.0, type=None
  transformer.h.4.mlp.c_fc.blocks.0.weight: k=1, G_{1.0,0.0,384}, lr=0.008, scale=1.0, type=None
  transformer.h.4.mlp.c_fc.blocks.1.weight: k=1, G_{1.0,0.0,384}, lr=0.008, scale=1.0, type=None
  transformer.h.4.mlp.c_fc.blocks.2.weight: k=1, G_{1.0,0.0,384}, lr=0.008, scale=1.0, type=None
  transformer.h.4.mlp.c_fc.blocks.3.weight: k=1, G_{1.0,0.0,384}, lr=0.008, scale=1.0, type=None
  transformer.h.5.attn.c_attn.blocks.0.weight: k=1, G_{1.0,0.0,384}, lr=0.008, scale=1.0, type=None
  transformer.h.5.attn.c_attn.blocks.1.weight: k=1, G_{1.0,0.0,384}, lr=0.008, scale=1.0, type=None
  transformer.h.5.attn.c_attn.blocks.2.weight: k=1, G_{1.0,0.0,384}, lr=0.008, scale=1.0, type=None
  transformer.h.5.mlp.c_fc.blocks.0.weight: k=1, G_{1.0,0.0,384}, lr=0.008, scale=1.0, type=None
  transformer.h.5.mlp.c_fc.blocks.1.weight: k=1, G_{1.0,0.0,384}, lr=0.008, scale=1.0, type=None
  transformer.h.5.mlp.c_fc.blocks.2.weight: k=1, G_{1.0,0.0,384}, lr=0.008, scale=1.0, type=None
  transformer.h.5.mlp.c_fc.blocks.3.weight: k=1, G_{1.0,0.0,384}, lr=0.008, scale=1.0, type=None
  transformer.h.6.attn.c_attn.blocks.0.weight: k=1, G_{1.0,0.0,384}, lr=0.008, scale=1.0, type=None
  transformer.h.6.attn.c_attn.blocks.1.weight: k=1, G_{1.0,0.0,384}, lr=0.008, scale=1.0, type=None
  transformer.h.6.attn.c_attn.blocks.2.weight: k=1, G_{1.0,0.0,384}, lr=0.008, scale=1.0, type=None
  transformer.h.6.mlp.c_fc.blocks.0.weight: k=1, G_{1.0,0.0,384}, lr=0.008, scale=1.0, type=None
  transformer.h.6.mlp.c_fc.blocks.1.weight: k=1, G_{1.0,0.0,384}, lr=0.008, scale=1.0, type=None
  transformer.h.6.mlp.c_fc.blocks.2.weight: k=1, G_{1.0,0.0,384}, lr=0.008, scale=1.0, type=None
  transformer.h.6.mlp.c_fc.blocks.3.weight: k=1, G_{1.0,0.0,384}, lr=0.008, scale=1.0, type=None
  transformer.h.7.attn.c_attn.blocks.0.weight: k=1, G_{1.0,0.0,384}, lr=0.008, scale=1.0, type=None
  transformer.h.7.attn.c_attn.blocks.1.weight: k=1, G_{1.0,0.0,384}, lr=0.008, scale=1.0, type=None
  transformer.h.7.attn.c_attn.blocks.2.weight: k=1, G_{1.0,0.0,384}, lr=0.008, scale=1.0, type=None
  transformer.h.7.mlp.c_fc.blocks.0.weight: k=1, G_{1.0,0.0,384}, lr=0.008, scale=1.0, type=None
  transformer.h.7.mlp.c_fc.blocks.1.weight: k=1, G_{1.0,0.0,384}, lr=0.008, scale=1.0, type=None
  transformer.h.7.mlp.c_fc.blocks.2.weight: k=1, G_{1.0,0.0,384}, lr=0.008, scale=1.0, type=None
  transformer.h.7.mlp.c_fc.blocks.3.weight: k=1, G_{1.0,0.0,384}, lr=0.008, scale=1.0, type=None
  transformer.h.8.attn.c_attn.blocks.0.weight: k=1, G_{1.0,0.0,384}, lr=0.008, scale=1.0, type=None
  transformer.h.8.attn.c_attn.blocks.1.weight: k=1, G_{1.0,0.0,384}, lr=0.008, scale=1.0, type=None
  transformer.h.8.attn.c_attn.blocks.2.weight: k=1, G_{1.0,0.0,384}, lr=0.008, scale=1.0, type=None
  transformer.h.8.mlp.c_fc.blocks.0.weight: k=1, G_{1.0,0.0,384}, lr=0.008, scale=1.0, type=None
  transformer.h.8.mlp.c_fc.blocks.1.weight: k=1, G_{1.0,0.0,384}, lr=0.008, scale=1.0, type=None
  transformer.h.8.mlp.c_fc.blocks.2.weight: k=1, G_{1.0,0.0,384}, lr=0.008, scale=1.0, type=None
  transformer.h.8.mlp.c_fc.blocks.3.weight: k=1, G_{1.0,0.0,384}, lr=0.008, scale=1.0, type=None
  transformer.h.9.attn.c_attn.blocks.0.weight: k=1, G_{1.0,0.0,384}, lr=0.008, scale=1.0, type=None
  transformer.h.9.attn.c_attn.blocks.1.weight: k=1, G_{1.0,0.0,384}, lr=0.008, scale=1.0, type=None
  transformer.h.9.attn.c_attn.blocks.2.weight: k=1, G_{1.0,0.0,384}, lr=0.008, scale=1.0, type=None
  transformer.h.9.mlp.c_fc.blocks.0.weight: k=1, G_{1.0,0.0,384}, lr=0.008, scale=1.0, type=None
  transformer.h.9.mlp.c_fc.blocks.1.weight: k=1, G_{1.0,0.0,384}, lr=0.008, scale=1.0, type=None
  transformer.h.9.mlp.c_fc.blocks.2.weight: k=1, G_{1.0,0.0,384}, lr=0.008, scale=1.0, type=None
  transformer.h.9.mlp.c_fc.blocks.3.weight: k=1, G_{1.0,0.0,384}, lr=0.008, scale=1.0, type=None
  transformer.h.10.attn.c_attn.blocks.0.weight: k=1, G_{1.0,0.0,384}, lr=0.008, scale=1.0, type=None
  transformer.h.10.attn.c_attn.blocks.1.weight: k=1, G_{1.0,0.0,384}, lr=0.008, scale=1.0, type=None
  transformer.h.10.attn.c_attn.blocks.2.weight: k=1, G_{1.0,0.0,384}, lr=0.008, scale=1.0, type=None
  transformer.h.10.mlp.c_fc.blocks.0.weight: k=1, G_{1.0,0.0,384}, lr=0.008, scale=1.0, type=None
  transformer.h.10.mlp.c_fc.blocks.1.weight: k=1, G_{1.0,0.0,384}, lr=0.008, scale=1.0, type=None
  transformer.h.10.mlp.c_fc.blocks.2.weight: k=1, G_{1.0,0.0,384}, lr=0.008, scale=1.0, type=None
  transformer.h.10.mlp.c_fc.blocks.3.weight: k=1, G_{1.0,0.0,384}, lr=0.008, scale=1.0, type=None
  transformer.h.11.attn.c_attn.blocks.0.weight: k=1, G_{1.0,0.0,384}, lr=0.008, scale=1.0, type=None
  transformer.h.11.attn.c_attn.blocks.1.weight: k=1, G_{1.0,0.0,384}, lr=0.008, scale=1.0, type=None
  transformer.h.11.attn.c_attn.blocks.2.weight: k=1, G_{1.0,0.0,384}, lr=0.008, scale=1.0, type=None
  transformer.h.11.mlp.c_fc.blocks.0.weight: k=1, G_{1.0,0.0,384}, lr=0.008, scale=1.0, type=None
  transformer.h.11.mlp.c_fc.blocks.1.weight: k=1, G_{1.0,0.0,384}, lr=0.008, scale=1.0, type=None
  transformer.h.11.mlp.c_fc.blocks.2.weight: k=1, G_{1.0,0.0,384}, lr=0.008, scale=1.0, type=None
  transformer.h.11.mlp.c_fc.blocks.3.weight: k=1, G_{1.0,0.0,384}, lr=0.008, scale=1.0, type=None
  transformer.h.12.attn.c_attn.blocks.0.weight: k=1, G_{1.0,0.0,384}, lr=0.008, scale=1.0, type=None
  transformer.h.12.attn.c_attn.blocks.1.weight: k=1, G_{1.0,0.0,384}, lr=0.008, scale=1.0, type=None
  transformer.h.12.attn.c_attn.blocks.2.weight: k=1, G_{1.0,0.0,384}, lr=0.008, scale=1.0, type=None
  transformer.h.12.mlp.c_fc.blocks.0.weight: k=1, G_{1.0,0.0,384}, lr=0.008, scale=1.0, type=None
  transformer.h.12.mlp.c_fc.blocks.1.weight: k=1, G_{1.0,0.0,384}, lr=0.008, scale=1.0, type=None
  transformer.h.12.mlp.c_fc.blocks.2.weight: k=1, G_{1.0,0.0,384}, lr=0.008, scale=1.0, type=None
  transformer.h.12.mlp.c_fc.blocks.3.weight: k=1, G_{1.0,0.0,384}, lr=0.008, scale=1.0, type=None
  transformer.h.13.attn.c_attn.blocks.0.weight: k=1, G_{1.0,0.0,384}, lr=0.008, scale=1.0, type=None
  transformer.h.13.attn.c_attn.blocks.1.weight: k=1, G_{1.0,0.0,384}, lr=0.008, scale=1.0, type=None
  transformer.h.13.attn.c_attn.blocks.2.weight: k=1, G_{1.0,0.0,384}, lr=0.008, scale=1.0, type=None
  transformer.h.13.mlp.c_fc.blocks.0.weight: k=1, G_{1.0,0.0,384}, lr=0.008, scale=1.0, type=None
  transformer.h.13.mlp.c_fc.blocks.1.weight: k=1, G_{1.0,0.0,384}, lr=0.008, scale=1.0, type=None
  transformer.h.13.mlp.c_fc.blocks.2.weight: k=1, G_{1.0,0.0,384}, lr=0.008, scale=1.0, type=None
  transformer.h.13.mlp.c_fc.blocks.3.weight: k=1, G_{1.0,0.0,384}, lr=0.008, scale=1.0, type=None
  transformer.h.14.attn.c_attn.blocks.0.weight: k=1, G_{1.0,0.0,384}, lr=0.008, scale=1.0, type=None
  transformer.h.14.attn.c_attn.blocks.1.weight: k=1, G_{1.0,0.0,384}, lr=0.008, scale=1.0, type=None
  transformer.h.14.attn.c_attn.blocks.2.weight: k=1, G_{1.0,0.0,384}, lr=0.008, scale=1.0, type=None
  transformer.h.14.mlp.c_fc.blocks.0.weight: k=1, G_{1.0,0.0,384}, lr=0.008, scale=1.0, type=None
  transformer.h.14.mlp.c_fc.blocks.1.weight: k=1, G_{1.0,0.0,384}, lr=0.008, scale=1.0, type=None
  transformer.h.14.mlp.c_fc.blocks.2.weight: k=1, G_{1.0,0.0,384}, lr=0.008, scale=1.0, type=None
  transformer.h.14.mlp.c_fc.blocks.3.weight: k=1, G_{1.0,0.0,384}, lr=0.008, scale=1.0, type=None
  transformer.h.15.attn.c_attn.blocks.0.weight: k=1, G_{1.0,0.0,384}, lr=0.008, scale=1.0, type=None
  transformer.h.15.attn.c_attn.blocks.1.weight: k=1, G_{1.0,0.0,384}, lr=0.008, scale=1.0, type=None
  transformer.h.15.attn.c_attn.blocks.2.weight: k=1, G_{1.0,0.0,384}, lr=0.008, scale=1.0, type=None
  transformer.h.15.mlp.c_fc.blocks.0.weight: k=1, G_{1.0,0.0,384}, lr=0.008, scale=1.0, type=None
  transformer.h.15.mlp.c_fc.blocks.1.weight: k=1, G_{1.0,0.0,384}, lr=0.008, scale=1.0, type=None
  transformer.h.15.mlp.c_fc.blocks.2.weight: k=1, G_{1.0,0.0,384}, lr=0.008, scale=1.0, type=None
  transformer.h.15.mlp.c_fc.blocks.3.weight: k=1, G_{1.0,0.0,384}, lr=0.008, scale=1.0, type=None
  transformer.h.16.attn.c_attn.blocks.0.weight: k=1, G_{1.0,0.0,384}, lr=0.008, scale=1.0, type=None
  transformer.h.16.attn.c_attn.blocks.1.weight: k=1, G_{1.0,0.0,384}, lr=0.008, scale=1.0, type=None
  transformer.h.16.attn.c_attn.blocks.2.weight: k=1, G_{1.0,0.0,384}, lr=0.008, scale=1.0, type=None
  transformer.h.16.mlp.c_fc.blocks.0.weight: k=1, G_{1.0,0.0,384}, lr=0.008, scale=1.0, type=None
  transformer.h.16.mlp.c_fc.blocks.1.weight: k=1, G_{1.0,0.0,384}, lr=0.008, scale=1.0, type=None
  transformer.h.16.mlp.c_fc.blocks.2.weight: k=1, G_{1.0,0.0,384}, lr=0.008, scale=1.0, type=None
  transformer.h.16.mlp.c_fc.blocks.3.weight: k=1, G_{1.0,0.0,384}, lr=0.008, scale=1.0, type=None
  transformer.h.17.attn.c_attn.blocks.0.weight: k=1, G_{1.0,0.0,384}, lr=0.008, scale=1.0, type=None
  transformer.h.17.attn.c_attn.blocks.1.weight: k=1, G_{1.0,0.0,384}, lr=0.008, scale=1.0, type=None
  transformer.h.17.attn.c_attn.blocks.2.weight: k=1, G_{1.0,0.0,384}, lr=0.008, scale=1.0, type=None
  transformer.h.17.mlp.c_fc.blocks.0.weight: k=1, G_{1.0,0.0,384}, lr=0.008, scale=1.0, type=None
  transformer.h.17.mlp.c_fc.blocks.1.weight: k=1, G_{1.0,0.0,384}, lr=0.008, scale=1.0, type=None
  transformer.h.17.mlp.c_fc.blocks.2.weight: k=1, G_{1.0,0.0,384}, lr=0.008, scale=1.0, type=None
  transformer.h.17.mlp.c_fc.blocks.3.weight: k=1, G_{1.0,0.0,384}, lr=0.008, scale=1.0, type=None
  transformer.h.18.attn.c_attn.blocks.0.weight: k=1, G_{1.0,0.0,384}, lr=0.008, scale=1.0, type=None
  transformer.h.18.attn.c_attn.blocks.1.weight: k=1, G_{1.0,0.0,384}, lr=0.008, scale=1.0, type=None
  transformer.h.18.attn.c_attn.blocks.2.weight: k=1, G_{1.0,0.0,384}, lr=0.008, scale=1.0, type=None
  transformer.h.18.mlp.c_fc.blocks.0.weight: k=1, G_{1.0,0.0,384}, lr=0.008, scale=1.0, type=None
  transformer.h.18.mlp.c_fc.blocks.1.weight: k=1, G_{1.0,0.0,384}, lr=0.008, scale=1.0, type=None
  transformer.h.18.mlp.c_fc.blocks.2.weight: k=1, G_{1.0,0.0,384}, lr=0.008, scale=1.0, type=None
  transformer.h.18.mlp.c_fc.blocks.3.weight: k=1, G_{1.0,0.0,384}, lr=0.008, scale=1.0, type=None
  transformer.h.19.attn.c_attn.blocks.0.weight: k=1, G_{1.0,0.0,384}, lr=0.008, scale=1.0, type=None
  transformer.h.19.attn.c_attn.blocks.1.weight: k=1, G_{1.0,0.0,384}, lr=0.008, scale=1.0, type=None
  transformer.h.19.attn.c_attn.blocks.2.weight: k=1, G_{1.0,0.0,384}, lr=0.008, scale=1.0, type=None
  transformer.h.19.mlp.c_fc.blocks.0.weight: k=1, G_{1.0,0.0,384}, lr=0.008, scale=1.0, type=None
  transformer.h.19.mlp.c_fc.blocks.1.weight: k=1, G_{1.0,0.0,384}, lr=0.008, scale=1.0, type=None
  transformer.h.19.mlp.c_fc.blocks.2.weight: k=1, G_{1.0,0.0,384}, lr=0.008, scale=1.0, type=None
  transformer.h.19.mlp.c_fc.blocks.3.weight: k=1, G_{1.0,0.0,384}, lr=0.008, scale=1.0, type=None
  transformer.h.20.attn.c_attn.blocks.0.weight: k=1, G_{1.0,0.0,384}, lr=0.008, scale=1.0, type=None
  transformer.h.20.attn.c_attn.blocks.1.weight: k=1, G_{1.0,0.0,384}, lr=0.008, scale=1.0, type=None
  transformer.h.20.attn.c_attn.blocks.2.weight: k=1, G_{1.0,0.0,384}, lr=0.008, scale=1.0, type=None
  transformer.h.20.mlp.c_fc.blocks.0.weight: k=1, G_{1.0,0.0,384}, lr=0.008, scale=1.0, type=None
  transformer.h.20.mlp.c_fc.blocks.1.weight: k=1, G_{1.0,0.0,384}, lr=0.008, scale=1.0, type=None
  transformer.h.20.mlp.c_fc.blocks.2.weight: k=1, G_{1.0,0.0,384}, lr=0.008, scale=1.0, type=None
  transformer.h.20.mlp.c_fc.blocks.3.weight: k=1, G_{1.0,0.0,384}, lr=0.008, scale=1.0, type=None
  transformer.h.21.attn.c_attn.blocks.0.weight: k=1, G_{1.0,0.0,384}, lr=0.008, scale=1.0, type=None
  transformer.h.21.attn.c_attn.blocks.1.weight: k=1, G_{1.0,0.0,384}, lr=0.008, scale=1.0, type=None
  transformer.h.21.attn.c_attn.blocks.2.weight: k=1, G_{1.0,0.0,384}, lr=0.008, scale=1.0, type=None
  transformer.h.21.mlp.c_fc.blocks.0.weight: k=1, G_{1.0,0.0,384}, lr=0.008, scale=1.0, type=None
  transformer.h.21.mlp.c_fc.blocks.1.weight: k=1, G_{1.0,0.0,384}, lr=0.008, scale=1.0, type=None
  transformer.h.21.mlp.c_fc.blocks.2.weight: k=1, G_{1.0,0.0,384}, lr=0.008, scale=1.0, type=None
  transformer.h.21.mlp.c_fc.blocks.3.weight: k=1, G_{1.0,0.0,384}, lr=0.008, scale=1.0, type=None
  transformer.h.22.attn.c_attn.blocks.0.weight: k=1, G_{1.0,0.0,384}, lr=0.008, scale=1.0, type=None
  transformer.h.22.attn.c_attn.blocks.1.weight: k=1, G_{1.0,0.0,384}, lr=0.008, scale=1.0, type=None
  transformer.h.22.attn.c_attn.blocks.2.weight: k=1, G_{1.0,0.0,384}, lr=0.008, scale=1.0, type=None
  transformer.h.22.mlp.c_fc.blocks.0.weight: k=1, G_{1.0,0.0,384}, lr=0.008, scale=1.0, type=None
  transformer.h.22.mlp.c_fc.blocks.1.weight: k=1, G_{1.0,0.0,384}, lr=0.008, scale=1.0, type=None
  transformer.h.22.mlp.c_fc.blocks.2.weight: k=1, G_{1.0,0.0,384}, lr=0.008, scale=1.0, type=None
  transformer.h.22.mlp.c_fc.blocks.3.weight: k=1, G_{1.0,0.0,384}, lr=0.008, scale=1.0, type=None
  transformer.h.23.attn.c_attn.blocks.0.weight: k=1, G_{1.0,0.0,384}, lr=0.008, scale=1.0, type=None
  transformer.h.23.attn.c_attn.blocks.1.weight: k=1, G_{1.0,0.0,384}, lr=0.008, scale=1.0, type=None
  transformer.h.23.attn.c_attn.blocks.2.weight: k=1, G_{1.0,0.0,384}, lr=0.008, scale=1.0, type=None
  transformer.h.23.mlp.c_fc.blocks.0.weight: k=1, G_{1.0,0.0,384}, lr=0.008, scale=1.0, type=None
  transformer.h.23.mlp.c_fc.blocks.1.weight: k=1, G_{1.0,0.0,384}, lr=0.008, scale=1.0, type=None
  transformer.h.23.mlp.c_fc.blocks.2.weight: k=1, G_{1.0,0.0,384}, lr=0.008, scale=1.0, type=None
  transformer.h.23.mlp.c_fc.blocks.3.weight: k=1, G_{1.0,0.0,384}, lr=0.008, scale=1.0, type=None

=== Phase phase3 Grassmann Configuration ===

Per-block configuration (24 blocks):
  c_attn ranks:       [384, 384, 384, 384, 384, 384, 384, 384, 384, 384, 384, 384, 384, 384, 384, 384, 384, 384, 384, 384, 384, 384, 384, 384]
  c_attn scales:      ['1.00', '1.00', '1.00', '1.00', '1.00', '1.00', '1.00', '1.00', '1.00', '1.00', '1.00', '1.00', '1.00', '1.00', '1.00', '1.00', '1.00', '1.00', '1.00', '1.00', '1.00', '1.00', '1.00', '1.00']
  mlp.c_fc ranks:     [384, 384, 384, 384, 384, 384, 384, 384, 384, 384, 384, 384, 384, 384, 384, 384, 384, 384, 384, 384, 384, 384, 384, 384]
  mlp.c_fc scales:    ['1.00', '1.00', '1.00', '1.00', '1.00', '1.00', '1.00', '1.00', '1.00', '1.00', '1.00', '1.00', '1.00', '1.00', '1.00', '1.00', '1.00', '1.00', '1.00', '1.00', '1.00', '1.00', '1.00', '1.00']
Grassmann Muon parameters: 168 weight matrices, 176,160,768 params
AdamW optimizer groups:
  Gates:      120 tensors, 1,277,952 params, lr=1.20e-03, wd=0.1
  Projections: 48 tensors, 125,829,120 params, lr=6.00e-04, wd=0.1
  Embeddings: 2 tensors, 52,559,872 params, lr=3.00e-04, wd=0.0
  No decay:   49 tensors, 50,176 params, lr=6.00e-04, wd=0.0
  transformer.h.0.attn.c_attn.blocks.0.weight: k=1, G_{1.0,0.0,384}, lr=0.008, scale=1.0, type=None
  transformer.h.0.attn.c_attn.blocks.1.weight: k=1, G_{1.0,0.0,384}, lr=0.008, scale=1.0, type=None
  transformer.h.0.attn.c_attn.blocks.2.weight: k=1, G_{1.0,0.0,384}, lr=0.008, scale=1.0, type=None
  transformer.h.0.mlp.c_fc.blocks.0.weight: k=1, G_{1.0,0.0,384}, lr=0.008, scale=1.0, type=None
  transformer.h.0.mlp.c_fc.blocks.1.weight: k=1, G_{1.0,0.0,384}, lr=0.008, scale=1.0, type=None
  transformer.h.0.mlp.c_fc.blocks.2.weight: k=1, G_{1.0,0.0,384}, lr=0.008, scale=1.0, type=None
  transformer.h.0.mlp.c_fc.blocks.3.weight: k=1, G_{1.0,0.0,384}, lr=0.008, scale=1.0, type=None
  transformer.h.1.attn.c_attn.blocks.0.weight: k=1, G_{1.0,0.0,384}, lr=0.008, scale=1.0, type=None
  transformer.h.1.attn.c_attn.blocks.1.weight: k=1, G_{1.0,0.0,384}, lr=0.008, scale=1.0, type=None
  transformer.h.1.attn.c_attn.blocks.2.weight: k=1, G_{1.0,0.0,384}, lr=0.008, scale=1.0, type=None
  transformer.h.1.mlp.c_fc.blocks.0.weight: k=1, G_{1.0,0.0,384}, lr=0.008, scale=1.0, type=None
  transformer.h.1.mlp.c_fc.blocks.1.weight: k=1, G_{1.0,0.0,384}, lr=0.008, scale=1.0, type=None
  transformer.h.1.mlp.c_fc.blocks.2.weight: k=1, G_{1.0,0.0,384}, lr=0.008, scale=1.0, type=None
  transformer.h.1.mlp.c_fc.blocks.3.weight: k=1, G_{1.0,0.0,384}, lr=0.008, scale=1.0, type=None
  transformer.h.2.attn.c_attn.blocks.0.weight: k=1, G_{1.0,0.0,384}, lr=0.008, scale=1.0, type=None
  transformer.h.2.attn.c_attn.blocks.1.weight: k=1, G_{1.0,0.0,384}, lr=0.008, scale=1.0, type=None
  transformer.h.2.attn.c_attn.blocks.2.weight: k=1, G_{1.0,0.0,384}, lr=0.008, scale=1.0, type=None
  transformer.h.2.mlp.c_fc.blocks.0.weight: k=1, G_{1.0,0.0,384}, lr=0.008, scale=1.0, type=None
  transformer.h.2.mlp.c_fc.blocks.1.weight: k=1, G_{1.0,0.0,384}, lr=0.008, scale=1.0, type=None
  transformer.h.2.mlp.c_fc.blocks.2.weight: k=1, G_{1.0,0.0,384}, lr=0.008, scale=1.0, type=None
  transformer.h.2.mlp.c_fc.blocks.3.weight: k=1, G_{1.0,0.0,384}, lr=0.008, scale=1.0, type=None
  transformer.h.3.attn.c_attn.blocks.0.weight: k=1, G_{1.0,0.0,384}, lr=0.008, scale=1.0, type=None
  transformer.h.3.attn.c_attn.blocks.1.weight: k=1, G_{1.0,0.0,384}, lr=0.008, scale=1.0, type=None
  transformer.h.3.attn.c_attn.blocks.2.weight: k=1, G_{1.0,0.0,384}, lr=0.008, scale=1.0, type=None
  transformer.h.3.mlp.c_fc.blocks.0.weight: k=1, G_{1.0,0.0,384}, lr=0.008, scale=1.0, type=None
  transformer.h.3.mlp.c_fc.blocks.1.weight: k=1, G_{1.0,0.0,384}, lr=0.008, scale=1.0, type=None
  transformer.h.3.mlp.c_fc.blocks.2.weight: k=1, G_{1.0,0.0,384}, lr=0.008, scale=1.0, type=None
  transformer.h.3.mlp.c_fc.blocks.3.weight: k=1, G_{1.0,0.0,384}, lr=0.008, scale=1.0, type=None
  transformer.h.4.attn.c_attn.blocks.0.weight: k=1, G_{1.0,0.0,384}, lr=0.008, scale=1.0, type=None
  transformer.h.4.attn.c_attn.blocks.1.weight: k=1, G_{1.0,0.0,384}, lr=0.008, scale=1.0, type=None
  transformer.h.4.attn.c_attn.blocks.2.weight: k=1, G_{1.0,0.0,384}, lr=0.008, scale=1.0, type=None
  transformer.h.4.mlp.c_fc.blocks.0.weight: k=1, G_{1.0,0.0,384}, lr=0.008, scale=1.0, type=None
  transformer.h.4.mlp.c_fc.blocks.1.weight: k=1, G_{1.0,0.0,384}, lr=0.008, scale=1.0, type=None
  transformer.h.4.mlp.c_fc.blocks.2.weight: k=1, G_{1.0,0.0,384}, lr=0.008, scale=1.0, type=None
  transformer.h.4.mlp.c_fc.blocks.3.weight: k=1, G_{1.0,0.0,384}, lr=0.008, scale=1.0, type=None
  transformer.h.5.attn.c_attn.blocks.0.weight: k=1, G_{1.0,0.0,384}, lr=0.008, scale=1.0, type=None
  transformer.h.5.attn.c_attn.blocks.1.weight: k=1, G_{1.0,0.0,384}, lr=0.008, scale=1.0, type=None
  transformer.h.5.attn.c_attn.blocks.2.weight: k=1, G_{1.0,0.0,384}, lr=0.008, scale=1.0, type=None
  transformer.h.5.mlp.c_fc.blocks.0.weight: k=1, G_{1.0,0.0,384}, lr=0.008, scale=1.0, type=None
  transformer.h.5.mlp.c_fc.blocks.1.weight: k=1, G_{1.0,0.0,384}, lr=0.008, scale=1.0, type=None
  transformer.h.5.mlp.c_fc.blocks.2.weight: k=1, G_{1.0,0.0,384}, lr=0.008, scale=1.0, type=None
  transformer.h.5.mlp.c_fc.blocks.3.weight: k=1, G_{1.0,0.0,384}, lr=0.008, scale=1.0, type=None
  transformer.h.6.attn.c_attn.blocks.0.weight: k=1, G_{1.0,0.0,384}, lr=0.008, scale=1.0, type=None
  transformer.h.6.attn.c_attn.blocks.1.weight: k=1, G_{1.0,0.0,384}, lr=0.008, scale=1.0, type=None
  transformer.h.6.attn.c_attn.blocks.2.weight: k=1, G_{1.0,0.0,384}, lr=0.008, scale=1.0, type=None
  transformer.h.6.mlp.c_fc.blocks.0.weight: k=1, G_{1.0,0.0,384}, lr=0.008, scale=1.0, type=None
  transformer.h.6.mlp.c_fc.blocks.1.weight: k=1, G_{1.0,0.0,384}, lr=0.008, scale=1.0, type=None
  transformer.h.6.mlp.c_fc.blocks.2.weight: k=1, G_{1.0,0.0,384}, lr=0.008, scale=1.0, type=None
  transformer.h.6.mlp.c_fc.blocks.3.weight: k=1, G_{1.0,0.0,384}, lr=0.008, scale=1.0, type=None
  transformer.h.7.attn.c_attn.blocks.0.weight: k=1, G_{1.0,0.0,384}, lr=0.008, scale=1.0, type=None
  transformer.h.7.attn.c_attn.blocks.1.weight: k=1, G_{1.0,0.0,384}, lr=0.008, scale=1.0, type=None
  transformer.h.7.attn.c_attn.blocks.2.weight: k=1, G_{1.0,0.0,384}, lr=0.008, scale=1.0, type=None
  transformer.h.7.mlp.c_fc.blocks.0.weight: k=1, G_{1.0,0.0,384}, lr=0.008, scale=1.0, type=None
  transformer.h.7.mlp.c_fc.blocks.1.weight: k=1, G_{1.0,0.0,384}, lr=0.008, scale=1.0, type=None
  transformer.h.7.mlp.c_fc.blocks.2.weight: k=1, G_{1.0,0.0,384}, lr=0.008, scale=1.0, type=None
  transformer.h.7.mlp.c_fc.blocks.3.weight: k=1, G_{1.0,0.0,384}, lr=0.008, scale=1.0, type=None
  transformer.h.8.attn.c_attn.blocks.0.weight: k=1, G_{1.0,0.0,384}, lr=0.008, scale=1.0, type=None
  transformer.h.8.attn.c_attn.blocks.1.weight: k=1, G_{1.0,0.0,384}, lr=0.008, scale=1.0, type=None
  transformer.h.8.attn.c_attn.blocks.2.weight: k=1, G_{1.0,0.0,384}, lr=0.008, scale=1.0, type=None
  transformer.h.8.mlp.c_fc.blocks.0.weight: k=1, G_{1.0,0.0,384}, lr=0.008, scale=1.0, type=None
  transformer.h.8.mlp.c_fc.blocks.1.weight: k=1, G_{1.0,0.0,384}, lr=0.008, scale=1.0, type=None
  transformer.h.8.mlp.c_fc.blocks.2.weight: k=1, G_{1.0,0.0,384}, lr=0.008, scale=1.0, type=None
  transformer.h.8.mlp.c_fc.blocks.3.weight: k=1, G_{1.0,0.0,384}, lr=0.008, scale=1.0, type=None
  transformer.h.9.attn.c_attn.blocks.0.weight: k=1, G_{1.0,0.0,384}, lr=0.008, scale=1.0, type=None
  transformer.h.9.attn.c_attn.blocks.1.weight: k=1, G_{1.0,0.0,384}, lr=0.008, scale=1.0, type=None
  transformer.h.9.attn.c_attn.blocks.2.weight: k=1, G_{1.0,0.0,384}, lr=0.008, scale=1.0, type=None
  transformer.h.9.mlp.c_fc.blocks.0.weight: k=1, G_{1.0,0.0,384}, lr=0.008, scale=1.0, type=None
  transformer.h.9.mlp.c_fc.blocks.1.weight: k=1, G_{1.0,0.0,384}, lr=0.008, scale=1.0, type=None
  transformer.h.9.mlp.c_fc.blocks.2.weight: k=1, G_{1.0,0.0,384}, lr=0.008, scale=1.0, type=None
  transformer.h.9.mlp.c_fc.blocks.3.weight: k=1, G_{1.0,0.0,384}, lr=0.008, scale=1.0, type=None
  transformer.h.10.attn.c_attn.blocks.0.weight: k=1, G_{1.0,0.0,384}, lr=0.008, scale=1.0, type=None
  transformer.h.10.attn.c_attn.blocks.1.weight: k=1, G_{1.0,0.0,384}, lr=0.008, scale=1.0, type=None
  transformer.h.10.attn.c_attn.blocks.2.weight: k=1, G_{1.0,0.0,384}, lr=0.008, scale=1.0, type=None
  transformer.h.10.mlp.c_fc.blocks.0.weight: k=1, G_{1.0,0.0,384}, lr=0.008, scale=1.0, type=None
  transformer.h.10.mlp.c_fc.blocks.1.weight: k=1, G_{1.0,0.0,384}, lr=0.008, scale=1.0, type=None
  transformer.h.10.mlp.c_fc.blocks.2.weight: k=1, G_{1.0,0.0,384}, lr=0.008, scale=1.0, type=None
  transformer.h.10.mlp.c_fc.blocks.3.weight: k=1, G_{1.0,0.0,384}, lr=0.008, scale=1.0, type=None
  transformer.h.11.attn.c_attn.blocks.0.weight: k=1, G_{1.0,0.0,384}, lr=0.008, scale=1.0, type=None
  transformer.h.11.attn.c_attn.blocks.1.weight: k=1, G_{1.0,0.0,384}, lr=0.008, scale=1.0, type=None
  transformer.h.11.attn.c_attn.blocks.2.weight: k=1, G_{1.0,0.0,384}, lr=0.008, scale=1.0, type=None
  transformer.h.11.mlp.c_fc.blocks.0.weight: k=1, G_{1.0,0.0,384}, lr=0.008, scale=1.0, type=None
  transformer.h.11.mlp.c_fc.blocks.1.weight: k=1, G_{1.0,0.0,384}, lr=0.008, scale=1.0, type=None
  transformer.h.11.mlp.c_fc.blocks.2.weight: k=1, G_{1.0,0.0,384}, lr=0.008, scale=1.0, type=None
  transformer.h.11.mlp.c_fc.blocks.3.weight: k=1, G_{1.0,0.0,384}, lr=0.008, scale=1.0, type=None
  transformer.h.12.attn.c_attn.blocks.0.weight: k=1, G_{1.0,0.0,384}, lr=0.008, scale=1.0, type=None
  transformer.h.12.attn.c_attn.blocks.1.weight: k=1, G_{1.0,0.0,384}, lr=0.008, scale=1.0, type=None
  transformer.h.12.attn.c_attn.blocks.2.weight: k=1, G_{1.0,0.0,384}, lr=0.008, scale=1.0, type=None
  transformer.h.12.mlp.c_fc.blocks.0.weight: k=1, G_{1.0,0.0,384}, lr=0.008, scale=1.0, type=None
  transformer.h.12.mlp.c_fc.blocks.1.weight: k=1, G_{1.0,0.0,384}, lr=0.008, scale=1.0, type=None
  transformer.h.12.mlp.c_fc.blocks.2.weight: k=1, G_{1.0,0.0,384}, lr=0.008, scale=1.0, type=None
  transformer.h.12.mlp.c_fc.blocks.3.weight: k=1, G_{1.0,0.0,384}, lr=0.008, scale=1.0, type=None
  transformer.h.13.attn.c_attn.blocks.0.weight: k=1, G_{1.0,0.0,384}, lr=0.008, scale=1.0, type=None
  transformer.h.13.attn.c_attn.blocks.1.weight: k=1, G_{1.0,0.0,384}, lr=0.008, scale=1.0, type=None
  transformer.h.13.attn.c_attn.blocks.2.weight: k=1, G_{1.0,0.0,384}, lr=0.008, scale=1.0, type=None
  transformer.h.13.mlp.c_fc.blocks.0.weight: k=1, G_{1.0,0.0,384}, lr=0.008, scale=1.0, type=None
  transformer.h.13.mlp.c_fc.blocks.1.weight: k=1, G_{1.0,0.0,384}, lr=0.008, scale=1.0, type=None
  transformer.h.13.mlp.c_fc.blocks.2.weight: k=1, G_{1.0,0.0,384}, lr=0.008, scale=1.0, type=None
  transformer.h.13.mlp.c_fc.blocks.3.weight: k=1, G_{1.0,0.0,384}, lr=0.008, scale=1.0, type=None
  transformer.h.14.attn.c_attn.blocks.0.weight: k=1, G_{1.0,0.0,384}, lr=0.008, scale=1.0, type=None
  transformer.h.14.attn.c_attn.blocks.1.weight: k=1, G_{1.0,0.0,384}, lr=0.008, scale=1.0, type=None
  transformer.h.14.attn.c_attn.blocks.2.weight: k=1, G_{1.0,0.0,384}, lr=0.008, scale=1.0, type=None
  transformer.h.14.mlp.c_fc.blocks.0.weight: k=1, G_{1.0,0.0,384}, lr=0.008, scale=1.0, type=None
  transformer.h.14.mlp.c_fc.blocks.1.weight: k=1, G_{1.0,0.0,384}, lr=0.008, scale=1.0, type=None
  transformer.h.14.mlp.c_fc.blocks.2.weight: k=1, G_{1.0,0.0,384}, lr=0.008, scale=1.0, type=None
  transformer.h.14.mlp.c_fc.blocks.3.weight: k=1, G_{1.0,0.0,384}, lr=0.008, scale=1.0, type=None
  transformer.h.15.attn.c_attn.blocks.0.weight: k=1, G_{1.0,0.0,384}, lr=0.008, scale=1.0, type=None
  transformer.h.15.attn.c_attn.blocks.1.weight: k=1, G_{1.0,0.0,384}, lr=0.008, scale=1.0, type=None
  transformer.h.15.attn.c_attn.blocks.2.weight: k=1, G_{1.0,0.0,384}, lr=0.008, scale=1.0, type=None
  transformer.h.15.mlp.c_fc.blocks.0.weight: k=1, G_{1.0,0.0,384}, lr=0.008, scale=1.0, type=None
  transformer.h.15.mlp.c_fc.blocks.1.weight: k=1, G_{1.0,0.0,384}, lr=0.008, scale=1.0, type=None
  transformer.h.15.mlp.c_fc.blocks.2.weight: k=1, G_{1.0,0.0,384}, lr=0.008, scale=1.0, type=None
  transformer.h.15.mlp.c_fc.blocks.3.weight: k=1, G_{1.0,0.0,384}, lr=0.008, scale=1.0, type=None
  transformer.h.16.attn.c_attn.blocks.0.weight: k=1, G_{1.0,0.0,384}, lr=0.008, scale=1.0, type=None
  transformer.h.16.attn.c_attn.blocks.1.weight: k=1, G_{1.0,0.0,384}, lr=0.008, scale=1.0, type=None
  transformer.h.16.attn.c_attn.blocks.2.weight: k=1, G_{1.0,0.0,384}, lr=0.008, scale=1.0, type=None
  transformer.h.16.mlp.c_fc.blocks.0.weight: k=1, G_{1.0,0.0,384}, lr=0.008, scale=1.0, type=None
  transformer.h.16.mlp.c_fc.blocks.1.weight: k=1, G_{1.0,0.0,384}, lr=0.008, scale=1.0, type=None
  transformer.h.16.mlp.c_fc.blocks.2.weight: k=1, G_{1.0,0.0,384}, lr=0.008, scale=1.0, type=None
  transformer.h.16.mlp.c_fc.blocks.3.weight: k=1, G_{1.0,0.0,384}, lr=0.008, scale=1.0, type=None
  transformer.h.17.attn.c_attn.blocks.0.weight: k=1, G_{1.0,0.0,384}, lr=0.008, scale=1.0, type=None
  transformer.h.17.attn.c_attn.blocks.1.weight: k=1, G_{1.0,0.0,384}, lr=0.008, scale=1.0, type=None
  transformer.h.17.attn.c_attn.blocks.2.weight: k=1, G_{1.0,0.0,384}, lr=0.008, scale=1.0, type=None
  transformer.h.17.mlp.c_fc.blocks.0.weight: k=1, G_{1.0,0.0,384}, lr=0.008, scale=1.0, type=None
  transformer.h.17.mlp.c_fc.blocks.1.weight: k=1, G_{1.0,0.0,384}, lr=0.008, scale=1.0, type=None
  transformer.h.17.mlp.c_fc.blocks.2.weight: k=1, G_{1.0,0.0,384}, lr=0.008, scale=1.0, type=None
  transformer.h.17.mlp.c_fc.blocks.3.weight: k=1, G_{1.0,0.0,384}, lr=0.008, scale=1.0, type=None
  transformer.h.18.attn.c_attn.blocks.0.weight: k=1, G_{1.0,0.0,384}, lr=0.008, scale=1.0, type=None
  transformer.h.18.attn.c_attn.blocks.1.weight: k=1, G_{1.0,0.0,384}, lr=0.008, scale=1.0, type=None
  transformer.h.18.attn.c_attn.blocks.2.weight: k=1, G_{1.0,0.0,384}, lr=0.008, scale=1.0, type=None
  transformer.h.18.mlp.c_fc.blocks.0.weight: k=1, G_{1.0,0.0,384}, lr=0.008, scale=1.0, type=None
  transformer.h.18.mlp.c_fc.blocks.1.weight: k=1, G_{1.0,0.0,384}, lr=0.008, scale=1.0, type=None
  transformer.h.18.mlp.c_fc.blocks.2.weight: k=1, G_{1.0,0.0,384}, lr=0.008, scale=1.0, type=None
  transformer.h.18.mlp.c_fc.blocks.3.weight: k=1, G_{1.0,0.0,384}, lr=0.008, scale=1.0, type=None
  transformer.h.19.attn.c_attn.blocks.0.weight: k=1, G_{1.0,0.0,384}, lr=0.008, scale=1.0, type=None
  transformer.h.19.attn.c_attn.blocks.1.weight: k=1, G_{1.0,0.0,384}, lr=0.008, scale=1.0, type=None
  transformer.h.19.attn.c_attn.blocks.2.weight: k=1, G_{1.0,0.0,384}, lr=0.008, scale=1.0, type=None
  transformer.h.19.mlp.c_fc.blocks.0.weight: k=1, G_{1.0,0.0,384}, lr=0.008, scale=1.0, type=None
  transformer.h.19.mlp.c_fc.blocks.1.weight: k=1, G_{1.0,0.0,384}, lr=0.008, scale=1.0, type=None
  transformer.h.19.mlp.c_fc.blocks.2.weight: k=1, G_{1.0,0.0,384}, lr=0.008, scale=1.0, type=None
  transformer.h.19.mlp.c_fc.blocks.3.weight: k=1, G_{1.0,0.0,384}, lr=0.008, scale=1.0, type=None
  transformer.h.20.attn.c_attn.blocks.0.weight: k=1, G_{1.0,0.0,384}, lr=0.008, scale=1.0, type=None
  transformer.h.20.attn.c_attn.blocks.1.weight: k=1, G_{1.0,0.0,384}, lr=0.008, scale=1.0, type=None
  transformer.h.20.attn.c_attn.blocks.2.weight: k=1, G_{1.0,0.0,384}, lr=0.008, scale=1.0, type=None
  transformer.h.20.mlp.c_fc.blocks.0.weight: k=1, G_{1.0,0.0,384}, lr=0.008, scale=1.0, type=None
  transformer.h.20.mlp.c_fc.blocks.1.weight: k=1, G_{1.0,0.0,384}, lr=0.008, scale=1.0, type=None
  transformer.h.20.mlp.c_fc.blocks.2.weight: k=1, G_{1.0,0.0,384}, lr=0.008, scale=1.0, type=None
  transformer.h.20.mlp.c_fc.blocks.3.weight: k=1, G_{1.0,0.0,384}, lr=0.008, scale=1.0, type=None
  transformer.h.21.attn.c_attn.blocks.0.weight: k=1, G_{1.0,0.0,384}, lr=0.008, scale=1.0, type=None
  transformer.h.21.attn.c_attn.blocks.1.weight: k=1, G_{1.0,0.0,384}, lr=0.008, scale=1.0, type=None
  transformer.h.21.attn.c_attn.blocks.2.weight: k=1, G_{1.0,0.0,384}, lr=0.008, scale=1.0, type=None
  transformer.h.21.mlp.c_fc.blocks.0.weight: k=1, G_{1.0,0.0,384}, lr=0.008, scale=1.0, type=None
  transformer.h.21.mlp.c_fc.blocks.1.weight: k=1, G_{1.0,0.0,384}, lr=0.008, scale=1.0, type=None
  transformer.h.21.mlp.c_fc.blocks.2.weight: k=1, G_{1.0,0.0,384}, lr=0.008, scale=1.0, type=None
  transformer.h.21.mlp.c_fc.blocks.3.weight: k=1, G_{1.0,0.0,384}, lr=0.008, scale=1.0, type=None
  transformer.h.22.attn.c_attn.blocks.0.weight: k=1, G_{1.0,0.0,384}, lr=0.008, scale=1.0, type=None
  transformer.h.22.attn.c_attn.blocks.1.weight: k=1, G_{1.0,0.0,384}, lr=0.008, scale=1.0, type=None
  transformer.h.22.attn.c_attn.blocks.2.weight: k=1, G_{1.0,0.0,384}, lr=0.008, scale=1.0, type=None
  transformer.h.22.mlp.c_fc.blocks.0.weight: k=1, G_{1.0,0.0,384}, lr=0.008, scale=1.0, type=None
  transformer.h.22.mlp.c_fc.blocks.1.weight: k=1, G_{1.0,0.0,384}, lr=0.008, scale=1.0, type=None
  transformer.h.22.mlp.c_fc.blocks.2.weight: k=1, G_{1.0,0.0,384}, lr=0.008, scale=1.0, type=None
  transformer.h.22.mlp.c_fc.blocks.3.weight: k=1, G_{1.0,0.0,384}, lr=0.008, scale=1.0, type=None
  transformer.h.23.attn.c_attn.blocks.0.weight: k=1, G_{1.0,0.0,384}, lr=0.008, scale=1.0, type=None
  transformer.h.23.attn.c_attn.blocks.1.weight: k=1, G_{1.0,0.0,384}, lr=0.008, scale=1.0, type=None
  transformer.h.23.attn.c_attn.blocks.2.weight: k=1, G_{1.0,0.0,384}, lr=0.008, scale=1.0, type=None
  transformer.h.23.mlp.c_fc.blocks.0.weight: k=1, G_{1.0,0.0,384}, lr=0.008, scale=1.0, type=None
  transformer.h.23.mlp.c_fc.blocks.1.weight: k=1, G_{1.0,0.0,384}, lr=0.008, scale=1.0, type=None
  transformer.h.23.mlp.c_fc.blocks.2.weight: k=1, G_{1.0,0.0,384}, lr=0.008, scale=1.0, type=None
  transformer.h.23.mlp.c_fc.blocks.3.weight: k=1, G_{1.0,0.0,384}, lr=0.008, scale=1.0, type=None
using fused AdamW: Trueusing fused AdamW: True


=== Initializing Grassmann Weights (Block Decomposition) ===
=== Initializing Grassmann Weights (Block Decomposition) ===

Number of weight types to initialize: 168Number of weight types to initialize: 168


Initializing attn.c_attn.blocks.0.: k=1, G_{1.0,0.0,384}, type=None
Initializing attn.c_attn.blocks.0.: k=1, G_{1.0,0.0,384}, type=None

  Initialized transformer.h.0.attn.c_attn.blocks.0.weight (1024, 1024) on G_{1.0,0.0,384}
  Initialized transformer.h.1.attn.c_attn.blocks.0.weight (1024, 1024) on G_{1.0,0.0,384}
  Initialized transformer.h.2.attn.c_attn.blocks.0.weight (1024, 1024) on G_{1.0,0.0,384}
  Initialized transformer.h.3.attn.c_attn.blocks.0.weight (1024, 1024) on G_{1.0,0.0,384}
  Initialized transformer.h.4.attn.c_attn.blocks.0.weight (1024, 1024) on G_{1.0,0.0,384}
  Initialized transformer.h.0.attn.c_attn.blocks.0.weight (1024, 1024) on G_{1.0,0.0,384}
  Initialized transformer.h.1.attn.c_attn.blocks.0.weight (1024, 1024) on G_{1.0,0.0,384}
  Initialized transformer.h.5.attn.c_attn.blocks.0.weight (1024, 1024) on G_{1.0,0.0,384}
  Initialized transformer.h.2.attn.c_attn.blocks.0.weight (1024, 1024) on G_{1.0,0.0,384}
  Initialized transformer.h.3.attn.c_attn.blocks.0.weight (1024, 1024) on G_{1.0,0.0,384}
  Initialized transformer.h.4.attn.c_attn.blocks.0.weight (1024, 1024) on G_{1.0,0.0,384}
  Initialized transformer.h.6.attn.c_attn.blocks.0.weight (1024, 1024) on G_{1.0,0.0,384}
  Initialized transformer.h.5.attn.c_attn.blocks.0.weight (1024, 1024) on G_{1.0,0.0,384}
  Initialized transformer.h.7.attn.c_attn.blocks.0.weight (1024, 1024) on G_{1.0,0.0,384}
  Initialized transformer.h.6.attn.c_attn.blocks.0.weight (1024, 1024) on G_{1.0,0.0,384}
  Initialized transformer.h.8.attn.c_attn.blocks.0.weight (1024, 1024) on G_{1.0,0.0,384}
  Initialized transformer.h.7.attn.c_attn.blocks.0.weight (1024, 1024) on G_{1.0,0.0,384}
  Initialized transformer.h.9.attn.c_attn.blocks.0.weight (1024, 1024) on G_{1.0,0.0,384}
  Initialized transformer.h.8.attn.c_attn.blocks.0.weight (1024, 1024) on G_{1.0,0.0,384}
  Initialized transformer.h.10.attn.c_attn.blocks.0.weight (1024, 1024) on G_{1.0,0.0,384}
  Initialized transformer.h.9.attn.c_attn.blocks.0.weight (1024, 1024) on G_{1.0,0.0,384}
  Initialized transformer.h.11.attn.c_attn.blocks.0.weight (1024, 1024) on G_{1.0,0.0,384}
  Initialized transformer.h.10.attn.c_attn.blocks.0.weight (1024, 1024) on G_{1.0,0.0,384}
  Initialized transformer.h.12.attn.c_attn.blocks.0.weight (1024, 1024) on G_{1.0,0.0,384}
  Initialized transformer.h.11.attn.c_attn.blocks.0.weight (1024, 1024) on G_{1.0,0.0,384}
  Initialized transformer.h.13.attn.c_attn.blocks.0.weight (1024, 1024) on G_{1.0,0.0,384}
  Initialized transformer.h.12.attn.c_attn.blocks.0.weight (1024, 1024) on G_{1.0,0.0,384}
  Initialized transformer.h.14.attn.c_attn.blocks.0.weight (1024, 1024) on G_{1.0,0.0,384}
  Initialized transformer.h.13.attn.c_attn.blocks.0.weight (1024, 1024) on G_{1.0,0.0,384}
  Initialized transformer.h.15.attn.c_attn.blocks.0.weight (1024, 1024) on G_{1.0,0.0,384}
  Initialized transformer.h.14.attn.c_attn.blocks.0.weight (1024, 1024) on G_{1.0,0.0,384}
  Initialized transformer.h.16.attn.c_attn.blocks.0.weight (1024, 1024) on G_{1.0,0.0,384}
  Initialized transformer.h.15.attn.c_attn.blocks.0.weight (1024, 1024) on G_{1.0,0.0,384}
  Initialized transformer.h.17.attn.c_attn.blocks.0.weight (1024, 1024) on G_{1.0,0.0,384}
  Initialized transformer.h.16.attn.c_attn.blocks.0.weight (1024, 1024) on G_{1.0,0.0,384}
  Initialized transformer.h.18.attn.c_attn.blocks.0.weight (1024, 1024) on G_{1.0,0.0,384}
  Initialized transformer.h.17.attn.c_attn.blocks.0.weight (1024, 1024) on G_{1.0,0.0,384}
  Initialized transformer.h.19.attn.c_attn.blocks.0.weight (1024, 1024) on G_{1.0,0.0,384}
  Initialized transformer.h.18.attn.c_attn.blocks.0.weight (1024, 1024) on G_{1.0,0.0,384}
  Initialized transformer.h.20.attn.c_attn.blocks.0.weight (1024, 1024) on G_{1.0,0.0,384}
  Initialized transformer.h.19.attn.c_attn.blocks.0.weight (1024, 1024) on G_{1.0,0.0,384}
  Initialized transformer.h.21.attn.c_attn.blocks.0.weight (1024, 1024) on G_{1.0,0.0,384}
  Initialized transformer.h.20.attn.c_attn.blocks.0.weight (1024, 1024) on G_{1.0,0.0,384}
  Initialized transformer.h.22.attn.c_attn.blocks.0.weight (1024, 1024) on G_{1.0,0.0,384}
  Initialized transformer.h.21.attn.c_attn.blocks.0.weight (1024, 1024) on G_{1.0,0.0,384}
  Initialized transformer.h.23.attn.c_attn.blocks.0.weight (1024, 1024) on G_{1.0,0.0,384}

Initializing attn.c_attn.blocks.1.: k=1, G_{1.0,0.0,384}, type=None
  Initialized transformer.h.22.attn.c_attn.blocks.0.weight (1024, 1024) on G_{1.0,0.0,384}
  Initialized transformer.h.0.attn.c_attn.blocks.1.weight (1024, 1024) on G_{1.0,0.0,384}
  Initialized transformer.h.23.attn.c_attn.blocks.0.weight (1024, 1024) on G_{1.0,0.0,384}

Initializing attn.c_attn.blocks.1.: k=1, G_{1.0,0.0,384}, type=None
  Initialized transformer.h.1.attn.c_attn.blocks.1.weight (1024, 1024) on G_{1.0,0.0,384}
  Initialized transformer.h.0.attn.c_attn.blocks.1.weight (1024, 1024) on G_{1.0,0.0,384}
  Initialized transformer.h.2.attn.c_attn.blocks.1.weight (1024, 1024) on G_{1.0,0.0,384}
  Initialized transformer.h.1.attn.c_attn.blocks.1.weight (1024, 1024) on G_{1.0,0.0,384}
  Initialized transformer.h.3.attn.c_attn.blocks.1.weight (1024, 1024) on G_{1.0,0.0,384}
  Initialized transformer.h.2.attn.c_attn.blocks.1.weight (1024, 1024) on G_{1.0,0.0,384}
  Initialized transformer.h.4.attn.c_attn.blocks.1.weight (1024, 1024) on G_{1.0,0.0,384}
  Initialized transformer.h.3.attn.c_attn.blocks.1.weight (1024, 1024) on G_{1.0,0.0,384}
  Initialized transformer.h.5.attn.c_attn.blocks.1.weight (1024, 1024) on G_{1.0,0.0,384}
  Initialized transformer.h.4.attn.c_attn.blocks.1.weight (1024, 1024) on G_{1.0,0.0,384}
  Initialized transformer.h.6.attn.c_attn.blocks.1.weight (1024, 1024) on G_{1.0,0.0,384}
  Initialized transformer.h.5.attn.c_attn.blocks.1.weight (1024, 1024) on G_{1.0,0.0,384}
  Initialized transformer.h.7.attn.c_attn.blocks.1.weight (1024, 1024) on G_{1.0,0.0,384}
  Initialized transformer.h.6.attn.c_attn.blocks.1.weight (1024, 1024) on G_{1.0,0.0,384}
  Initialized transformer.h.8.attn.c_attn.blocks.1.weight (1024, 1024) on G_{1.0,0.0,384}
  Initialized transformer.h.7.attn.c_attn.blocks.1.weight (1024, 1024) on G_{1.0,0.0,384}
  Initialized transformer.h.9.attn.c_attn.blocks.1.weight (1024, 1024) on G_{1.0,0.0,384}
  Initialized transformer.h.8.attn.c_attn.blocks.1.weight (1024, 1024) on G_{1.0,0.0,384}
  Initialized transformer.h.10.attn.c_attn.blocks.1.weight (1024, 1024) on G_{1.0,0.0,384}
  Initialized transformer.h.9.attn.c_attn.blocks.1.weight (1024, 1024) on G_{1.0,0.0,384}
  Initialized transformer.h.11.attn.c_attn.blocks.1.weight (1024, 1024) on G_{1.0,0.0,384}
  Initialized transformer.h.10.attn.c_attn.blocks.1.weight (1024, 1024) on G_{1.0,0.0,384}
  Initialized transformer.h.12.attn.c_attn.blocks.1.weight (1024, 1024) on G_{1.0,0.0,384}
  Initialized transformer.h.11.attn.c_attn.blocks.1.weight (1024, 1024) on G_{1.0,0.0,384}
  Initialized transformer.h.13.attn.c_attn.blocks.1.weight (1024, 1024) on G_{1.0,0.0,384}
  Initialized transformer.h.12.attn.c_attn.blocks.1.weight (1024, 1024) on G_{1.0,0.0,384}
  Initialized transformer.h.14.attn.c_attn.blocks.1.weight (1024, 1024) on G_{1.0,0.0,384}
  Initialized transformer.h.13.attn.c_attn.blocks.1.weight (1024, 1024) on G_{1.0,0.0,384}
  Initialized transformer.h.15.attn.c_attn.blocks.1.weight (1024, 1024) on G_{1.0,0.0,384}
  Initialized transformer.h.14.attn.c_attn.blocks.1.weight (1024, 1024) on G_{1.0,0.0,384}
  Initialized transformer.h.16.attn.c_attn.blocks.1.weight (1024, 1024) on G_{1.0,0.0,384}
  Initialized transformer.h.15.attn.c_attn.blocks.1.weight (1024, 1024) on G_{1.0,0.0,384}
  Initialized transformer.h.17.attn.c_attn.blocks.1.weight (1024, 1024) on G_{1.0,0.0,384}
  Initialized transformer.h.16.attn.c_attn.blocks.1.weight (1024, 1024) on G_{1.0,0.0,384}
  Initialized transformer.h.18.attn.c_attn.blocks.1.weight (1024, 1024) on G_{1.0,0.0,384}
  Initialized transformer.h.17.attn.c_attn.blocks.1.weight (1024, 1024) on G_{1.0,0.0,384}
  Initialized transformer.h.19.attn.c_attn.blocks.1.weight (1024, 1024) on G_{1.0,0.0,384}
  Initialized transformer.h.18.attn.c_attn.blocks.1.weight (1024, 1024) on G_{1.0,0.0,384}
  Initialized transformer.h.20.attn.c_attn.blocks.1.weight (1024, 1024) on G_{1.0,0.0,384}
  Initialized transformer.h.19.attn.c_attn.blocks.1.weight (1024, 1024) on G_{1.0,0.0,384}
  Initialized transformer.h.21.attn.c_attn.blocks.1.weight (1024, 1024) on G_{1.0,0.0,384}
  Initialized transformer.h.20.attn.c_attn.blocks.1.weight (1024, 1024) on G_{1.0,0.0,384}
  Initialized transformer.h.22.attn.c_attn.blocks.1.weight (1024, 1024) on G_{1.0,0.0,384}
  Initialized transformer.h.21.attn.c_attn.blocks.1.weight (1024, 1024) on G_{1.0,0.0,384}
  Initialized transformer.h.23.attn.c_attn.blocks.1.weight (1024, 1024) on G_{1.0,0.0,384}

Initializing attn.c_attn.blocks.2.: k=1, G_{1.0,0.0,384}, type=None
  Initialized transformer.h.22.attn.c_attn.blocks.1.weight (1024, 1024) on G_{1.0,0.0,384}
  Initialized transformer.h.0.attn.c_attn.blocks.2.weight (1024, 1024) on G_{1.0,0.0,384}
  Initialized transformer.h.23.attn.c_attn.blocks.1.weight (1024, 1024) on G_{1.0,0.0,384}

Initializing attn.c_attn.blocks.2.: k=1, G_{1.0,0.0,384}, type=None
  Initialized transformer.h.1.attn.c_attn.blocks.2.weight (1024, 1024) on G_{1.0,0.0,384}
  Initialized transformer.h.0.attn.c_attn.blocks.2.weight (1024, 1024) on G_{1.0,0.0,384}
  Initialized transformer.h.2.attn.c_attn.blocks.2.weight (1024, 1024) on G_{1.0,0.0,384}
  Initialized transformer.h.1.attn.c_attn.blocks.2.weight (1024, 1024) on G_{1.0,0.0,384}
  Initialized transformer.h.3.attn.c_attn.blocks.2.weight (1024, 1024) on G_{1.0,0.0,384}
  Initialized transformer.h.2.attn.c_attn.blocks.2.weight (1024, 1024) on G_{1.0,0.0,384}
  Initialized transformer.h.4.attn.c_attn.blocks.2.weight (1024, 1024) on G_{1.0,0.0,384}
  Initialized transformer.h.3.attn.c_attn.blocks.2.weight (1024, 1024) on G_{1.0,0.0,384}
  Initialized transformer.h.5.attn.c_attn.blocks.2.weight (1024, 1024) on G_{1.0,0.0,384}
  Initialized transformer.h.4.attn.c_attn.blocks.2.weight (1024, 1024) on G_{1.0,0.0,384}
  Initialized transformer.h.6.attn.c_attn.blocks.2.weight (1024, 1024) on G_{1.0,0.0,384}
  Initialized transformer.h.5.attn.c_attn.blocks.2.weight (1024, 1024) on G_{1.0,0.0,384}
  Initialized transformer.h.7.attn.c_attn.blocks.2.weight (1024, 1024) on G_{1.0,0.0,384}
  Initialized transformer.h.6.attn.c_attn.blocks.2.weight (1024, 1024) on G_{1.0,0.0,384}
  Initialized transformer.h.8.attn.c_attn.blocks.2.weight (1024, 1024) on G_{1.0,0.0,384}
  Initialized transformer.h.7.attn.c_attn.blocks.2.weight (1024, 1024) on G_{1.0,0.0,384}
  Initialized transformer.h.9.attn.c_attn.blocks.2.weight (1024, 1024) on G_{1.0,0.0,384}
  Initialized transformer.h.8.attn.c_attn.blocks.2.weight (1024, 1024) on G_{1.0,0.0,384}
  Initialized transformer.h.10.attn.c_attn.blocks.2.weight (1024, 1024) on G_{1.0,0.0,384}
  Initialized transformer.h.9.attn.c_attn.blocks.2.weight (1024, 1024) on G_{1.0,0.0,384}
  Initialized transformer.h.11.attn.c_attn.blocks.2.weight (1024, 1024) on G_{1.0,0.0,384}
  Initialized transformer.h.10.attn.c_attn.blocks.2.weight (1024, 1024) on G_{1.0,0.0,384}
  Initialized transformer.h.12.attn.c_attn.blocks.2.weight (1024, 1024) on G_{1.0,0.0,384}
  Initialized transformer.h.11.attn.c_attn.blocks.2.weight (1024, 1024) on G_{1.0,0.0,384}
  Initialized transformer.h.13.attn.c_attn.blocks.2.weight (1024, 1024) on G_{1.0,0.0,384}
  Initialized transformer.h.12.attn.c_attn.blocks.2.weight (1024, 1024) on G_{1.0,0.0,384}
  Initialized transformer.h.14.attn.c_attn.blocks.2.weight (1024, 1024) on G_{1.0,0.0,384}
  Initialized transformer.h.13.attn.c_attn.blocks.2.weight (1024, 1024) on G_{1.0,0.0,384}
  Initialized transformer.h.15.attn.c_attn.blocks.2.weight (1024, 1024) on G_{1.0,0.0,384}
  Initialized transformer.h.14.attn.c_attn.blocks.2.weight (1024, 1024) on G_{1.0,0.0,384}
  Initialized transformer.h.16.attn.c_attn.blocks.2.weight (1024, 1024) on G_{1.0,0.0,384}
  Initialized transformer.h.15.attn.c_attn.blocks.2.weight (1024, 1024) on G_{1.0,0.0,384}
  Initialized transformer.h.17.attn.c_attn.blocks.2.weight (1024, 1024) on G_{1.0,0.0,384}
  Initialized transformer.h.16.attn.c_attn.blocks.2.weight (1024, 1024) on G_{1.0,0.0,384}
  Initialized transformer.h.18.attn.c_attn.blocks.2.weight (1024, 1024) on G_{1.0,0.0,384}
  Initialized transformer.h.17.attn.c_attn.blocks.2.weight (1024, 1024) on G_{1.0,0.0,384}
  Initialized transformer.h.19.attn.c_attn.blocks.2.weight (1024, 1024) on G_{1.0,0.0,384}
  Initialized transformer.h.18.attn.c_attn.blocks.2.weight (1024, 1024) on G_{1.0,0.0,384}
  Initialized transformer.h.20.attn.c_attn.blocks.2.weight (1024, 1024) on G_{1.0,0.0,384}
  Initialized transformer.h.19.attn.c_attn.blocks.2.weight (1024, 1024) on G_{1.0,0.0,384}
  Initialized transformer.h.21.attn.c_attn.blocks.2.weight (1024, 1024) on G_{1.0,0.0,384}
  Initialized transformer.h.20.attn.c_attn.blocks.2.weight (1024, 1024) on G_{1.0,0.0,384}
  Initialized transformer.h.22.attn.c_attn.blocks.2.weight (1024, 1024) on G_{1.0,0.0,384}
  Initialized transformer.h.21.attn.c_attn.blocks.2.weight (1024, 1024) on G_{1.0,0.0,384}
  Initialized transformer.h.23.attn.c_attn.blocks.2.weight (1024, 1024) on G_{1.0,0.0,384}

Initializing mlp.c_fc.blocks.0.: k=1, G_{1.0,0.0,384}, type=None
  Initialized transformer.h.22.attn.c_attn.blocks.2.weight (1024, 1024) on G_{1.0,0.0,384}
  Initialized transformer.h.0.mlp.c_fc.blocks.0.weight (1024, 1024) on G_{1.0,0.0,384}
  Initialized transformer.h.23.attn.c_attn.blocks.2.weight (1024, 1024) on G_{1.0,0.0,384}

Initializing mlp.c_fc.blocks.0.: k=1, G_{1.0,0.0,384}, type=None
  Initialized transformer.h.1.mlp.c_fc.blocks.0.weight (1024, 1024) on G_{1.0,0.0,384}
  Initialized transformer.h.0.mlp.c_fc.blocks.0.weight (1024, 1024) on G_{1.0,0.0,384}
  Initialized transformer.h.2.mlp.c_fc.blocks.0.weight (1024, 1024) on G_{1.0,0.0,384}
  Initialized transformer.h.1.mlp.c_fc.blocks.0.weight (1024, 1024) on G_{1.0,0.0,384}
  Initialized transformer.h.3.mlp.c_fc.blocks.0.weight (1024, 1024) on G_{1.0,0.0,384}
  Initialized transformer.h.2.mlp.c_fc.blocks.0.weight (1024, 1024) on G_{1.0,0.0,384}
  Initialized transformer.h.4.mlp.c_fc.blocks.0.weight (1024, 1024) on G_{1.0,0.0,384}
  Initialized transformer.h.3.mlp.c_fc.blocks.0.weight (1024, 1024) on G_{1.0,0.0,384}
  Initialized transformer.h.5.mlp.c_fc.blocks.0.weight (1024, 1024) on G_{1.0,0.0,384}
  Initialized transformer.h.4.mlp.c_fc.blocks.0.weight (1024, 1024) on G_{1.0,0.0,384}
  Initialized transformer.h.6.mlp.c_fc.blocks.0.weight (1024, 1024) on G_{1.0,0.0,384}
  Initialized transformer.h.5.mlp.c_fc.blocks.0.weight (1024, 1024) on G_{1.0,0.0,384}
  Initialized transformer.h.7.mlp.c_fc.blocks.0.weight (1024, 1024) on G_{1.0,0.0,384}
  Initialized transformer.h.6.mlp.c_fc.blocks.0.weight (1024, 1024) on G_{1.0,0.0,384}
  Initialized transformer.h.8.mlp.c_fc.blocks.0.weight (1024, 1024) on G_{1.0,0.0,384}
  Initialized transformer.h.7.mlp.c_fc.blocks.0.weight (1024, 1024) on G_{1.0,0.0,384}
  Initialized transformer.h.9.mlp.c_fc.blocks.0.weight (1024, 1024) on G_{1.0,0.0,384}
  Initialized transformer.h.8.mlp.c_fc.blocks.0.weight (1024, 1024) on G_{1.0,0.0,384}
  Initialized transformer.h.10.mlp.c_fc.blocks.0.weight (1024, 1024) on G_{1.0,0.0,384}
  Initialized transformer.h.9.mlp.c_fc.blocks.0.weight (1024, 1024) on G_{1.0,0.0,384}
  Initialized transformer.h.11.mlp.c_fc.blocks.0.weight (1024, 1024) on G_{1.0,0.0,384}
  Initialized transformer.h.10.mlp.c_fc.blocks.0.weight (1024, 1024) on G_{1.0,0.0,384}
  Initialized transformer.h.12.mlp.c_fc.blocks.0.weight (1024, 1024) on G_{1.0,0.0,384}
  Initialized transformer.h.11.mlp.c_fc.blocks.0.weight (1024, 1024) on G_{1.0,0.0,384}
  Initialized transformer.h.13.mlp.c_fc.blocks.0.weight (1024, 1024) on G_{1.0,0.0,384}
  Initialized transformer.h.12.mlp.c_fc.blocks.0.weight (1024, 1024) on G_{1.0,0.0,384}
  Initialized transformer.h.14.mlp.c_fc.blocks.0.weight (1024, 1024) on G_{1.0,0.0,384}
  Initialized transformer.h.13.mlp.c_fc.blocks.0.weight (1024, 1024) on G_{1.0,0.0,384}
  Initialized transformer.h.15.mlp.c_fc.blocks.0.weight (1024, 1024) on G_{1.0,0.0,384}
  Initialized transformer.h.14.mlp.c_fc.blocks.0.weight (1024, 1024) on G_{1.0,0.0,384}
  Initialized transformer.h.16.mlp.c_fc.blocks.0.weight (1024, 1024) on G_{1.0,0.0,384}
  Initialized transformer.h.15.mlp.c_fc.blocks.0.weight (1024, 1024) on G_{1.0,0.0,384}
  Initialized transformer.h.17.mlp.c_fc.blocks.0.weight (1024, 1024) on G_{1.0,0.0,384}
  Initialized transformer.h.16.mlp.c_fc.blocks.0.weight (1024, 1024) on G_{1.0,0.0,384}
  Initialized transformer.h.18.mlp.c_fc.blocks.0.weight (1024, 1024) on G_{1.0,0.0,384}
  Initialized transformer.h.17.mlp.c_fc.blocks.0.weight (1024, 1024) on G_{1.0,0.0,384}
  Initialized transformer.h.19.mlp.c_fc.blocks.0.weight (1024, 1024) on G_{1.0,0.0,384}
  Initialized transformer.h.18.mlp.c_fc.blocks.0.weight (1024, 1024) on G_{1.0,0.0,384}
  Initialized transformer.h.20.mlp.c_fc.blocks.0.weight (1024, 1024) on G_{1.0,0.0,384}
  Initialized transformer.h.19.mlp.c_fc.blocks.0.weight (1024, 1024) on G_{1.0,0.0,384}
  Initialized transformer.h.21.mlp.c_fc.blocks.0.weight (1024, 1024) on G_{1.0,0.0,384}
  Initialized transformer.h.20.mlp.c_fc.blocks.0.weight (1024, 1024) on G_{1.0,0.0,384}
  Initialized transformer.h.22.mlp.c_fc.blocks.0.weight (1024, 1024) on G_{1.0,0.0,384}
  Initialized transformer.h.21.mlp.c_fc.blocks.0.weight (1024, 1024) on G_{1.0,0.0,384}
  Initialized transformer.h.23.mlp.c_fc.blocks.0.weight (1024, 1024) on G_{1.0,0.0,384}

Initializing mlp.c_fc.blocks.1.: k=1, G_{1.0,0.0,384}, type=None
  Initialized transformer.h.22.mlp.c_fc.blocks.0.weight (1024, 1024) on G_{1.0,0.0,384}
  Initialized transformer.h.0.mlp.c_fc.blocks.1.weight (1024, 1024) on G_{1.0,0.0,384}
  Initialized transformer.h.23.mlp.c_fc.blocks.0.weight (1024, 1024) on G_{1.0,0.0,384}

Initializing mlp.c_fc.blocks.1.: k=1, G_{1.0,0.0,384}, type=None
  Initialized transformer.h.1.mlp.c_fc.blocks.1.weight (1024, 1024) on G_{1.0,0.0,384}
  Initialized transformer.h.0.mlp.c_fc.blocks.1.weight (1024, 1024) on G_{1.0,0.0,384}
  Initialized transformer.h.2.mlp.c_fc.blocks.1.weight (1024, 1024) on G_{1.0,0.0,384}
  Initialized transformer.h.1.mlp.c_fc.blocks.1.weight (1024, 1024) on G_{1.0,0.0,384}
  Initialized transformer.h.3.mlp.c_fc.blocks.1.weight (1024, 1024) on G_{1.0,0.0,384}
  Initialized transformer.h.2.mlp.c_fc.blocks.1.weight (1024, 1024) on G_{1.0,0.0,384}
  Initialized transformer.h.4.mlp.c_fc.blocks.1.weight (1024, 1024) on G_{1.0,0.0,384}
  Initialized transformer.h.3.mlp.c_fc.blocks.1.weight (1024, 1024) on G_{1.0,0.0,384}
  Initialized transformer.h.5.mlp.c_fc.blocks.1.weight (1024, 1024) on G_{1.0,0.0,384}
  Initialized transformer.h.4.mlp.c_fc.blocks.1.weight (1024, 1024) on G_{1.0,0.0,384}
  Initialized transformer.h.6.mlp.c_fc.blocks.1.weight (1024, 1024) on G_{1.0,0.0,384}
  Initialized transformer.h.5.mlp.c_fc.blocks.1.weight (1024, 1024) on G_{1.0,0.0,384}
  Initialized transformer.h.7.mlp.c_fc.blocks.1.weight (1024, 1024) on G_{1.0,0.0,384}
  Initialized transformer.h.6.mlp.c_fc.blocks.1.weight (1024, 1024) on G_{1.0,0.0,384}
  Initialized transformer.h.8.mlp.c_fc.blocks.1.weight (1024, 1024) on G_{1.0,0.0,384}
  Initialized transformer.h.7.mlp.c_fc.blocks.1.weight (1024, 1024) on G_{1.0,0.0,384}
  Initialized transformer.h.9.mlp.c_fc.blocks.1.weight (1024, 1024) on G_{1.0,0.0,384}
  Initialized transformer.h.8.mlp.c_fc.blocks.1.weight (1024, 1024) on G_{1.0,0.0,384}
  Initialized transformer.h.10.mlp.c_fc.blocks.1.weight (1024, 1024) on G_{1.0,0.0,384}
  Initialized transformer.h.9.mlp.c_fc.blocks.1.weight (1024, 1024) on G_{1.0,0.0,384}
  Initialized transformer.h.11.mlp.c_fc.blocks.1.weight (1024, 1024) on G_{1.0,0.0,384}
using fused AdamW: True
using fused AdamW: True

=== Initializing Grassmann Weights (Block Decomposition) ===
Number of weight types to initialize: 168

Initializing attn.c_attn.blocks.0.: k=1, G_{1.0,0.0,384}, type=None

=== Initializing Grassmann Weights (Block Decomposition) ===
Number of weight types to initialize: 168

Initializing attn.c_attn.blocks.0.: k=1, G_{1.0,0.0,384}, type=None
  Initialized transformer.h.10.mlp.c_fc.blocks.1.weight (1024, 1024) on G_{1.0,0.0,384}
  Initialized transformer.h.12.mlp.c_fc.blocks.1.weight (1024, 1024) on G_{1.0,0.0,384}
  Initialized transformer.h.11.mlp.c_fc.blocks.1.weight (1024, 1024) on G_{1.0,0.0,384}
  Initialized transformer.h.13.mlp.c_fc.blocks.1.weight (1024, 1024) on G_{1.0,0.0,384}
  Initialized transformer.h.12.mlp.c_fc.blocks.1.weight (1024, 1024) on G_{1.0,0.0,384}
  Initialized transformer.h.14.mlp.c_fc.blocks.1.weight (1024, 1024) on G_{1.0,0.0,384}
  Initialized transformer.h.13.mlp.c_fc.blocks.1.weight (1024, 1024) on G_{1.0,0.0,384}
  Initialized transformer.h.15.mlp.c_fc.blocks.1.weight (1024, 1024) on G_{1.0,0.0,384}
  Initialized transformer.h.14.mlp.c_fc.blocks.1.weight (1024, 1024) on G_{1.0,0.0,384}
  Initialized transformer.h.16.mlp.c_fc.blocks.1.weight (1024, 1024) on G_{1.0,0.0,384}
  Initialized transformer.h.17.mlp.c_fc.blocks.1.weight (1024, 1024) on G_{1.0,0.0,384}
  Initialized transformer.h.15.mlp.c_fc.blocks.1.weight (1024, 1024) on G_{1.0,0.0,384}
  Initialized transformer.h.18.mlp.c_fc.blocks.1.weight (1024, 1024) on G_{1.0,0.0,384}
  Initialized transformer.h.16.mlp.c_fc.blocks.1.weight (1024, 1024) on G_{1.0,0.0,384}
  Initialized transformer.h.19.mlp.c_fc.blocks.1.weight (1024, 1024) on G_{1.0,0.0,384}
  Initialized transformer.h.17.mlp.c_fc.blocks.1.weight (1024, 1024) on G_{1.0,0.0,384}
  Initialized transformer.h.20.mlp.c_fc.blocks.1.weight (1024, 1024) on G_{1.0,0.0,384}
  Initialized transformer.h.18.mlp.c_fc.blocks.1.weight (1024, 1024) on G_{1.0,0.0,384}
  Initialized transformer.h.21.mlp.c_fc.blocks.1.weight (1024, 1024) on G_{1.0,0.0,384}
  Initialized transformer.h.19.mlp.c_fc.blocks.1.weight (1024, 1024) on G_{1.0,0.0,384}
  Initialized transformer.h.22.mlp.c_fc.blocks.1.weight (1024, 1024) on G_{1.0,0.0,384}
  Initialized transformer.h.20.mlp.c_fc.blocks.1.weight (1024, 1024) on G_{1.0,0.0,384}
  Initialized transformer.h.23.mlp.c_fc.blocks.1.weight (1024, 1024) on G_{1.0,0.0,384}

Initializing mlp.c_fc.blocks.2.: k=1, G_{1.0,0.0,384}, type=None
  Initialized transformer.h.21.mlp.c_fc.blocks.1.weight (1024, 1024) on G_{1.0,0.0,384}
  Initialized transformer.h.0.mlp.c_fc.blocks.2.weight (1024, 1024) on G_{1.0,0.0,384}
  Initialized transformer.h.22.mlp.c_fc.blocks.1.weight (1024, 1024) on G_{1.0,0.0,384}
  Initialized transformer.h.1.mlp.c_fc.blocks.2.weight (1024, 1024) on G_{1.0,0.0,384}
  Initialized transformer.h.23.mlp.c_fc.blocks.1.weight (1024, 1024) on G_{1.0,0.0,384}

Initializing mlp.c_fc.blocks.2.: k=1, G_{1.0,0.0,384}, type=None
  Initialized transformer.h.2.mlp.c_fc.blocks.2.weight (1024, 1024) on G_{1.0,0.0,384}
  Initialized transformer.h.0.mlp.c_fc.blocks.2.weight (1024, 1024) on G_{1.0,0.0,384}
  Initialized transformer.h.3.mlp.c_fc.blocks.2.weight (1024, 1024) on G_{1.0,0.0,384}
  Initialized transformer.h.1.mlp.c_fc.blocks.2.weight (1024, 1024) on G_{1.0,0.0,384}
  Initialized transformer.h.4.mlp.c_fc.blocks.2.weight (1024, 1024) on G_{1.0,0.0,384}
  Initialized transformer.h.2.mlp.c_fc.blocks.2.weight (1024, 1024) on G_{1.0,0.0,384}
  Initialized transformer.h.5.mlp.c_fc.blocks.2.weight (1024, 1024) on G_{1.0,0.0,384}
  Initialized transformer.h.3.mlp.c_fc.blocks.2.weight (1024, 1024) on G_{1.0,0.0,384}
  Initialized transformer.h.6.mlp.c_fc.blocks.2.weight (1024, 1024) on G_{1.0,0.0,384}
  Initialized transformer.h.4.mlp.c_fc.blocks.2.weight (1024, 1024) on G_{1.0,0.0,384}
  Initialized transformer.h.7.mlp.c_fc.blocks.2.weight (1024, 1024) on G_{1.0,0.0,384}
  Initialized transformer.h.5.mlp.c_fc.blocks.2.weight (1024, 1024) on G_{1.0,0.0,384}
  Initialized transformer.h.8.mlp.c_fc.blocks.2.weight (1024, 1024) on G_{1.0,0.0,384}
  Initialized transformer.h.6.mlp.c_fc.blocks.2.weight (1024, 1024) on G_{1.0,0.0,384}
  Initialized transformer.h.9.mlp.c_fc.blocks.2.weight (1024, 1024) on G_{1.0,0.0,384}
  Initialized transformer.h.7.mlp.c_fc.blocks.2.weight (1024, 1024) on G_{1.0,0.0,384}
  Initialized transformer.h.10.mlp.c_fc.blocks.2.weight (1024, 1024) on G_{1.0,0.0,384}
  Initialized transformer.h.8.mlp.c_fc.blocks.2.weight (1024, 1024) on G_{1.0,0.0,384}
  Initialized transformer.h.11.mlp.c_fc.blocks.2.weight (1024, 1024) on G_{1.0,0.0,384}
  Initialized transformer.h.9.mlp.c_fc.blocks.2.weight (1024, 1024) on G_{1.0,0.0,384}
  Initialized transformer.h.12.mlp.c_fc.blocks.2.weight (1024, 1024) on G_{1.0,0.0,384}
  Initialized transformer.h.10.mlp.c_fc.blocks.2.weight (1024, 1024) on G_{1.0,0.0,384}
  Initialized transformer.h.13.mlp.c_fc.blocks.2.weight (1024, 1024) on G_{1.0,0.0,384}
  Initialized transformer.h.11.mlp.c_fc.blocks.2.weight (1024, 1024) on G_{1.0,0.0,384}
  Initialized transformer.h.14.mlp.c_fc.blocks.2.weight (1024, 1024) on G_{1.0,0.0,384}
  Initialized transformer.h.12.mlp.c_fc.blocks.2.weight (1024, 1024) on G_{1.0,0.0,384}
  Initialized transformer.h.15.mlp.c_fc.blocks.2.weight (1024, 1024) on G_{1.0,0.0,384}
  Initialized transformer.h.13.mlp.c_fc.blocks.2.weight (1024, 1024) on G_{1.0,0.0,384}
  Initialized transformer.h.16.mlp.c_fc.blocks.2.weight (1024, 1024) on G_{1.0,0.0,384}
  Initialized transformer.h.14.mlp.c_fc.blocks.2.weight (1024, 1024) on G_{1.0,0.0,384}
  Initialized transformer.h.17.mlp.c_fc.blocks.2.weight (1024, 1024) on G_{1.0,0.0,384}
  Initialized transformer.h.15.mlp.c_fc.blocks.2.weight (1024, 1024) on G_{1.0,0.0,384}
  Initialized transformer.h.18.mlp.c_fc.blocks.2.weight (1024, 1024) on G_{1.0,0.0,384}
  Initialized transformer.h.16.mlp.c_fc.blocks.2.weight (1024, 1024) on G_{1.0,0.0,384}
  Initialized transformer.h.19.mlp.c_fc.blocks.2.weight (1024, 1024) on G_{1.0,0.0,384}
  Initialized transformer.h.17.mlp.c_fc.blocks.2.weight (1024, 1024) on G_{1.0,0.0,384}
  Initialized transformer.h.20.mlp.c_fc.blocks.2.weight (1024, 1024) on G_{1.0,0.0,384}
  Initialized transformer.h.18.mlp.c_fc.blocks.2.weight (1024, 1024) on G_{1.0,0.0,384}
  Initialized transformer.h.21.mlp.c_fc.blocks.2.weight (1024, 1024) on G_{1.0,0.0,384}
  Initialized transformer.h.19.mlp.c_fc.blocks.2.weight (1024, 1024) on G_{1.0,0.0,384}
  Initialized transformer.h.0.attn.c_attn.blocks.0.weight (1024, 1024) on G_{1.0,0.0,384}
  Initialized transformer.h.1.attn.c_attn.blocks.0.weight (1024, 1024) on G_{1.0,0.0,384}
  Initialized transformer.h.22.mlp.c_fc.blocks.2.weight (1024, 1024) on G_{1.0,0.0,384}
  Initialized transformer.h.0.attn.c_attn.blocks.0.weight (1024, 1024) on G_{1.0,0.0,384}
  Initialized transformer.h.2.attn.c_attn.blocks.0.weight (1024, 1024) on G_{1.0,0.0,384}
  Initialized transformer.h.20.mlp.c_fc.blocks.2.weight (1024, 1024) on G_{1.0,0.0,384}
  Initialized transformer.h.1.attn.c_attn.blocks.0.weight (1024, 1024) on G_{1.0,0.0,384}
  Initialized transformer.h.3.attn.c_attn.blocks.0.weight (1024, 1024) on G_{1.0,0.0,384}
  Initialized transformer.h.4.attn.c_attn.blocks.0.weight (1024, 1024) on G_{1.0,0.0,384}
  Initialized transformer.h.2.attn.c_attn.blocks.0.weight (1024, 1024) on G_{1.0,0.0,384}
  Initialized transformer.h.23.mlp.c_fc.blocks.2.weight (1024, 1024) on G_{1.0,0.0,384}

Initializing mlp.c_fc.blocks.3.: k=1, G_{1.0,0.0,384}, type=None
  Initialized transformer.h.5.attn.c_attn.blocks.0.weight (1024, 1024) on G_{1.0,0.0,384}
  Initialized transformer.h.3.attn.c_attn.blocks.0.weight (1024, 1024) on G_{1.0,0.0,384}
  Initialized transformer.h.21.mlp.c_fc.blocks.2.weight (1024, 1024) on G_{1.0,0.0,384}
  Initialized transformer.h.4.attn.c_attn.blocks.0.weight (1024, 1024) on G_{1.0,0.0,384}
  Initialized transformer.h.5.attn.c_attn.blocks.0.weight (1024, 1024) on G_{1.0,0.0,384}
  Initialized transformer.h.0.mlp.c_fc.blocks.3.weight (1024, 1024) on G_{1.0,0.0,384}
  Initialized transformer.h.6.attn.c_attn.blocks.0.weight (1024, 1024) on G_{1.0,0.0,384}
  Initialized transformer.h.22.mlp.c_fc.blocks.2.weight (1024, 1024) on G_{1.0,0.0,384}
  Initialized transformer.h.6.attn.c_attn.blocks.0.weight (1024, 1024) on G_{1.0,0.0,384}
  Initialized transformer.h.1.mlp.c_fc.blocks.3.weight (1024, 1024) on G_{1.0,0.0,384}
  Initialized transformer.h.7.attn.c_attn.blocks.0.weight (1024, 1024) on G_{1.0,0.0,384}
  Initialized transformer.h.23.mlp.c_fc.blocks.2.weight (1024, 1024) on G_{1.0,0.0,384}

Initializing mlp.c_fc.blocks.3.: k=1, G_{1.0,0.0,384}, type=None
  Initialized transformer.h.7.attn.c_attn.blocks.0.weight (1024, 1024) on G_{1.0,0.0,384}
  Initialized transformer.h.2.mlp.c_fc.blocks.3.weight (1024, 1024) on G_{1.0,0.0,384}
  Initialized transformer.h.8.attn.c_attn.blocks.0.weight (1024, 1024) on G_{1.0,0.0,384}
  Initialized transformer.h.0.mlp.c_fc.blocks.3.weight (1024, 1024) on G_{1.0,0.0,384}
  Initialized transformer.h.8.attn.c_attn.blocks.0.weight (1024, 1024) on G_{1.0,0.0,384}
  Initialized transformer.h.3.mlp.c_fc.blocks.3.weight (1024, 1024) on G_{1.0,0.0,384}
  Initialized transformer.h.9.attn.c_attn.blocks.0.weight (1024, 1024) on G_{1.0,0.0,384}
  Initialized transformer.h.1.mlp.c_fc.blocks.3.weight (1024, 1024) on G_{1.0,0.0,384}
  Initialized transformer.h.9.attn.c_attn.blocks.0.weight (1024, 1024) on G_{1.0,0.0,384}
  Initialized transformer.h.4.mlp.c_fc.blocks.3.weight (1024, 1024) on G_{1.0,0.0,384}
  Initialized transformer.h.10.attn.c_attn.blocks.0.weight (1024, 1024) on G_{1.0,0.0,384}
  Initialized transformer.h.2.mlp.c_fc.blocks.3.weight (1024, 1024) on G_{1.0,0.0,384}
  Initialized transformer.h.10.attn.c_attn.blocks.0.weight (1024, 1024) on G_{1.0,0.0,384}
  Initialized transformer.h.5.mlp.c_fc.blocks.3.weight (1024, 1024) on G_{1.0,0.0,384}
  Initialized transformer.h.11.attn.c_attn.blocks.0.weight (1024, 1024) on G_{1.0,0.0,384}
  Initialized transformer.h.3.mlp.c_fc.blocks.3.weight (1024, 1024) on G_{1.0,0.0,384}
  Initialized transformer.h.11.attn.c_attn.blocks.0.weight (1024, 1024) on G_{1.0,0.0,384}
  Initialized transformer.h.6.mlp.c_fc.blocks.3.weight (1024, 1024) on G_{1.0,0.0,384}
  Initialized transformer.h.12.attn.c_attn.blocks.0.weight (1024, 1024) on G_{1.0,0.0,384}
  Initialized transformer.h.4.mlp.c_fc.blocks.3.weight (1024, 1024) on G_{1.0,0.0,384}
  Initialized transformer.h.12.attn.c_attn.blocks.0.weight (1024, 1024) on G_{1.0,0.0,384}
  Initialized transformer.h.7.mlp.c_fc.blocks.3.weight (1024, 1024) on G_{1.0,0.0,384}
  Initialized transformer.h.13.attn.c_attn.blocks.0.weight (1024, 1024) on G_{1.0,0.0,384}
  Initialized transformer.h.5.mlp.c_fc.blocks.3.weight (1024, 1024) on G_{1.0,0.0,384}
  Initialized transformer.h.13.attn.c_attn.blocks.0.weight (1024, 1024) on G_{1.0,0.0,384}
  Initialized transformer.h.8.mlp.c_fc.blocks.3.weight (1024, 1024) on G_{1.0,0.0,384}
  Initialized transformer.h.14.attn.c_attn.blocks.0.weight (1024, 1024) on G_{1.0,0.0,384}
  Initialized transformer.h.6.mlp.c_fc.blocks.3.weight (1024, 1024) on G_{1.0,0.0,384}
  Initialized transformer.h.14.attn.c_attn.blocks.0.weight (1024, 1024) on G_{1.0,0.0,384}
  Initialized transformer.h.9.mlp.c_fc.blocks.3.weight (1024, 1024) on G_{1.0,0.0,384}
  Initialized transformer.h.15.attn.c_attn.blocks.0.weight (1024, 1024) on G_{1.0,0.0,384}
  Initialized transformer.h.7.mlp.c_fc.blocks.3.weight (1024, 1024) on G_{1.0,0.0,384}
  Initialized transformer.h.15.attn.c_attn.blocks.0.weight (1024, 1024) on G_{1.0,0.0,384}
  Initialized transformer.h.10.mlp.c_fc.blocks.3.weight (1024, 1024) on G_{1.0,0.0,384}
  Initialized transformer.h.16.attn.c_attn.blocks.0.weight (1024, 1024) on G_{1.0,0.0,384}
  Initialized transformer.h.8.mlp.c_fc.blocks.3.weight (1024, 1024) on G_{1.0,0.0,384}
  Initialized transformer.h.16.attn.c_attn.blocks.0.weight (1024, 1024) on G_{1.0,0.0,384}
  Initialized transformer.h.11.mlp.c_fc.blocks.3.weight (1024, 1024) on G_{1.0,0.0,384}
  Initialized transformer.h.17.attn.c_attn.blocks.0.weight (1024, 1024) on G_{1.0,0.0,384}
  Initialized transformer.h.9.mlp.c_fc.blocks.3.weight (1024, 1024) on G_{1.0,0.0,384}
  Initialized transformer.h.17.attn.c_attn.blocks.0.weight (1024, 1024) on G_{1.0,0.0,384}
  Initialized transformer.h.12.mlp.c_fc.blocks.3.weight (1024, 1024) on G_{1.0,0.0,384}
  Initialized transformer.h.18.attn.c_attn.blocks.0.weight (1024, 1024) on G_{1.0,0.0,384}
  Initialized transformer.h.10.mlp.c_fc.blocks.3.weight (1024, 1024) on G_{1.0,0.0,384}
  Initialized transformer.h.18.attn.c_attn.blocks.0.weight (1024, 1024) on G_{1.0,0.0,384}
  Initialized transformer.h.13.mlp.c_fc.blocks.3.weight (1024, 1024) on G_{1.0,0.0,384}
  Initialized transformer.h.19.attn.c_attn.blocks.0.weight (1024, 1024) on G_{1.0,0.0,384}
  Initialized transformer.h.11.mlp.c_fc.blocks.3.weight (1024, 1024) on G_{1.0,0.0,384}
  Initialized transformer.h.19.attn.c_attn.blocks.0.weight (1024, 1024) on G_{1.0,0.0,384}
  Initialized transformer.h.14.mlp.c_fc.blocks.3.weight (1024, 1024) on G_{1.0,0.0,384}
  Initialized transformer.h.20.attn.c_attn.blocks.0.weight (1024, 1024) on G_{1.0,0.0,384}
  Initialized transformer.h.12.mlp.c_fc.blocks.3.weight (1024, 1024) on G_{1.0,0.0,384}
  Initialized transformer.h.20.attn.c_attn.blocks.0.weight (1024, 1024) on G_{1.0,0.0,384}
  Initialized transformer.h.15.mlp.c_fc.blocks.3.weight (1024, 1024) on G_{1.0,0.0,384}
  Initialized transformer.h.21.attn.c_attn.blocks.0.weight (1024, 1024) on G_{1.0,0.0,384}
  Initialized transformer.h.13.mlp.c_fc.blocks.3.weight (1024, 1024) on G_{1.0,0.0,384}
  Initialized transformer.h.21.attn.c_attn.blocks.0.weight (1024, 1024) on G_{1.0,0.0,384}
  Initialized transformer.h.16.mlp.c_fc.blocks.3.weight (1024, 1024) on G_{1.0,0.0,384}
  Initialized transformer.h.22.attn.c_attn.blocks.0.weight (1024, 1024) on G_{1.0,0.0,384}
  Initialized transformer.h.14.mlp.c_fc.blocks.3.weight (1024, 1024) on G_{1.0,0.0,384}
  Initialized transformer.h.22.attn.c_attn.blocks.0.weight (1024, 1024) on G_{1.0,0.0,384}
  Initialized transformer.h.17.mlp.c_fc.blocks.3.weight (1024, 1024) on G_{1.0,0.0,384}
  Initialized transformer.h.23.attn.c_attn.blocks.0.weight (1024, 1024) on G_{1.0,0.0,384}

Initializing attn.c_attn.blocks.1.: k=1, G_{1.0,0.0,384}, type=None
  Initialized transformer.h.15.mlp.c_fc.blocks.3.weight (1024, 1024) on G_{1.0,0.0,384}
  Initialized transformer.h.23.attn.c_attn.blocks.0.weight (1024, 1024) on G_{1.0,0.0,384}

Initializing attn.c_attn.blocks.1.: k=1, G_{1.0,0.0,384}, type=None
  Initialized transformer.h.18.mlp.c_fc.blocks.3.weight (1024, 1024) on G_{1.0,0.0,384}
  Initialized transformer.h.0.attn.c_attn.blocks.1.weight (1024, 1024) on G_{1.0,0.0,384}
  Initialized transformer.h.16.mlp.c_fc.blocks.3.weight (1024, 1024) on G_{1.0,0.0,384}
  Initialized transformer.h.0.attn.c_attn.blocks.1.weight (1024, 1024) on G_{1.0,0.0,384}
  Initialized transformer.h.19.mlp.c_fc.blocks.3.weight (1024, 1024) on G_{1.0,0.0,384}
  Initialized transformer.h.1.attn.c_attn.blocks.1.weight (1024, 1024) on G_{1.0,0.0,384}
  Initialized transformer.h.17.mlp.c_fc.blocks.3.weight (1024, 1024) on G_{1.0,0.0,384}
  Initialized transformer.h.1.attn.c_attn.blocks.1.weight (1024, 1024) on G_{1.0,0.0,384}
  Initialized transformer.h.20.mlp.c_fc.blocks.3.weight (1024, 1024) on G_{1.0,0.0,384}
  Initialized transformer.h.2.attn.c_attn.blocks.1.weight (1024, 1024) on G_{1.0,0.0,384}
  Initialized transformer.h.18.mlp.c_fc.blocks.3.weight (1024, 1024) on G_{1.0,0.0,384}
  Initialized transformer.h.2.attn.c_attn.blocks.1.weight (1024, 1024) on G_{1.0,0.0,384}
  Initialized transformer.h.21.mlp.c_fc.blocks.3.weight (1024, 1024) on G_{1.0,0.0,384}
  Initialized transformer.h.3.attn.c_attn.blocks.1.weight (1024, 1024) on G_{1.0,0.0,384}
  Initialized transformer.h.19.mlp.c_fc.blocks.3.weight (1024, 1024) on G_{1.0,0.0,384}
  Initialized transformer.h.3.attn.c_attn.blocks.1.weight (1024, 1024) on G_{1.0,0.0,384}
  Initialized transformer.h.22.mlp.c_fc.blocks.3.weight (1024, 1024) on G_{1.0,0.0,384}
  Initialized transformer.h.4.attn.c_attn.blocks.1.weight (1024, 1024) on G_{1.0,0.0,384}
  Initialized transformer.h.20.mlp.c_fc.blocks.3.weight (1024, 1024) on G_{1.0,0.0,384}
  Initialized transformer.h.4.attn.c_attn.blocks.1.weight (1024, 1024) on G_{1.0,0.0,384}
  Initialized transformer.h.23.mlp.c_fc.blocks.3.weight (1024, 1024) on G_{1.0,0.0,384}

Initializing transformer.h.1.attn.c_attn.blocks.0.: k=1, G_{1.0,0.0,384}, type=None
  Initialized transformer.h.5.attn.c_attn.blocks.1.weight (1024, 1024) on G_{1.0,0.0,384}
  Initialized transformer.h.21.mlp.c_fc.blocks.3.weight (1024, 1024) on G_{1.0,0.0,384}
  Initialized transformer.h.5.attn.c_attn.blocks.1.weight (1024, 1024) on G_{1.0,0.0,384}
  Initialized transformer.h.1.attn.c_attn.blocks.0.weight (1024, 1024) on G_{1.0,0.0,384}

Initializing transformer.h.1.attn.c_attn.blocks.1.: k=1, G_{1.0,0.0,384}, type=None
  Initialized transformer.h.6.attn.c_attn.blocks.1.weight (1024, 1024) on G_{1.0,0.0,384}
  Initialized transformer.h.22.mlp.c_fc.blocks.3.weight (1024, 1024) on G_{1.0,0.0,384}
  Initialized transformer.h.6.attn.c_attn.blocks.1.weight (1024, 1024) on G_{1.0,0.0,384}
  Initialized transformer.h.1.attn.c_attn.blocks.1.weight (1024, 1024) on G_{1.0,0.0,384}

Initializing transformer.h.1.attn.c_attn.blocks.2.: k=1, G_{1.0,0.0,384}, type=None
  Initialized transformer.h.7.attn.c_attn.blocks.1.weight (1024, 1024) on G_{1.0,0.0,384}
  Initialized transformer.h.23.mlp.c_fc.blocks.3.weight (1024, 1024) on G_{1.0,0.0,384}

Initializing transformer.h.1.attn.c_attn.blocks.0.: k=1, G_{1.0,0.0,384}, type=None
  Initialized transformer.h.7.attn.c_attn.blocks.1.weight (1024, 1024) on G_{1.0,0.0,384}
  Initialized transformer.h.1.attn.c_attn.blocks.2.weight (1024, 1024) on G_{1.0,0.0,384}

Initializing transformer.h.1.mlp.c_fc.blocks.0.: k=1, G_{1.0,0.0,384}, type=None
  Initialized transformer.h.8.attn.c_attn.blocks.1.weight (1024, 1024) on G_{1.0,0.0,384}
  Initialized transformer.h.1.attn.c_attn.blocks.0.weight (1024, 1024) on G_{1.0,0.0,384}

Initializing transformer.h.1.attn.c_attn.blocks.1.: k=1, G_{1.0,0.0,384}, type=None
  Initialized transformer.h.8.attn.c_attn.blocks.1.weight (1024, 1024) on G_{1.0,0.0,384}
  Initialized transformer.h.1.mlp.c_fc.blocks.0.weight (1024, 1024) on G_{1.0,0.0,384}

Initializing transformer.h.1.mlp.c_fc.blocks.1.: k=1, G_{1.0,0.0,384}, type=None
  Initialized transformer.h.9.attn.c_attn.blocks.1.weight (1024, 1024) on G_{1.0,0.0,384}
  Initialized transformer.h.1.attn.c_attn.blocks.1.weight (1024, 1024) on G_{1.0,0.0,384}

Initializing transformer.h.1.attn.c_attn.blocks.2.: k=1, G_{1.0,0.0,384}, type=None
  Initialized transformer.h.9.attn.c_attn.blocks.1.weight (1024, 1024) on G_{1.0,0.0,384}
  Initialized transformer.h.1.mlp.c_fc.blocks.1.weight (1024, 1024) on G_{1.0,0.0,384}

Initializing transformer.h.1.mlp.c_fc.blocks.2.: k=1, G_{1.0,0.0,384}, type=None
  Initialized transformer.h.10.attn.c_attn.blocks.1.weight (1024, 1024) on G_{1.0,0.0,384}
  Initialized transformer.h.1.attn.c_attn.blocks.2.weight (1024, 1024) on G_{1.0,0.0,384}

Initializing transformer.h.1.mlp.c_fc.blocks.0.: k=1, G_{1.0,0.0,384}, type=None
  Initialized transformer.h.10.attn.c_attn.blocks.1.weight (1024, 1024) on G_{1.0,0.0,384}
  Initialized transformer.h.1.mlp.c_fc.blocks.2.weight (1024, 1024) on G_{1.0,0.0,384}

Initializing transformer.h.1.mlp.c_fc.blocks.3.: k=1, G_{1.0,0.0,384}, type=None
  Initialized transformer.h.11.attn.c_attn.blocks.1.weight (1024, 1024) on G_{1.0,0.0,384}
  Initialized transformer.h.1.mlp.c_fc.blocks.0.weight (1024, 1024) on G_{1.0,0.0,384}

Initializing transformer.h.1.mlp.c_fc.blocks.1.: k=1, G_{1.0,0.0,384}, type=None
  Initialized transformer.h.11.attn.c_attn.blocks.1.weight (1024, 1024) on G_{1.0,0.0,384}
  Initialized transformer.h.1.mlp.c_fc.blocks.3.weight (1024, 1024) on G_{1.0,0.0,384}

Initializing transformer.h.2.attn.c_attn.blocks.0.: k=1, G_{1.0,0.0,384}, type=None
  Initialized transformer.h.12.attn.c_attn.blocks.1.weight (1024, 1024) on G_{1.0,0.0,384}
  Initialized transformer.h.1.mlp.c_fc.blocks.1.weight (1024, 1024) on G_{1.0,0.0,384}

Initializing transformer.h.1.mlp.c_fc.blocks.2.: k=1, G_{1.0,0.0,384}, type=None
  Initialized transformer.h.12.attn.c_attn.blocks.1.weight (1024, 1024) on G_{1.0,0.0,384}
  Initialized transformer.h.2.attn.c_attn.blocks.0.weight (1024, 1024) on G_{1.0,0.0,384}

Initializing transformer.h.2.attn.c_attn.blocks.1.: k=1, G_{1.0,0.0,384}, type=None
  Initialized transformer.h.13.attn.c_attn.blocks.1.weight (1024, 1024) on G_{1.0,0.0,384}
  Initialized transformer.h.1.mlp.c_fc.blocks.2.weight (1024, 1024) on G_{1.0,0.0,384}

Initializing transformer.h.1.mlp.c_fc.blocks.3.: k=1, G_{1.0,0.0,384}, type=None
  Initialized transformer.h.13.attn.c_attn.blocks.1.weight (1024, 1024) on G_{1.0,0.0,384}
  Initialized transformer.h.2.attn.c_attn.blocks.1.weight (1024, 1024) on G_{1.0,0.0,384}

Initializing transformer.h.2.attn.c_attn.blocks.2.: k=1, G_{1.0,0.0,384}, type=None
  Initialized transformer.h.14.attn.c_attn.blocks.1.weight (1024, 1024) on G_{1.0,0.0,384}
  Initialized transformer.h.1.mlp.c_fc.blocks.3.weight (1024, 1024) on G_{1.0,0.0,384}

Initializing transformer.h.2.attn.c_attn.blocks.0.: k=1, G_{1.0,0.0,384}, type=None
  Initialized transformer.h.14.attn.c_attn.blocks.1.weight (1024, 1024) on G_{1.0,0.0,384}
  Initialized transformer.h.2.attn.c_attn.blocks.2.weight (1024, 1024) on G_{1.0,0.0,384}

Initializing transformer.h.2.mlp.c_fc.blocks.0.: k=1, G_{1.0,0.0,384}, type=None
  Initialized transformer.h.15.attn.c_attn.blocks.1.weight (1024, 1024) on G_{1.0,0.0,384}
  Initialized transformer.h.2.attn.c_attn.blocks.0.weight (1024, 1024) on G_{1.0,0.0,384}

Initializing transformer.h.2.attn.c_attn.blocks.1.: k=1, G_{1.0,0.0,384}, type=None
  Initialized transformer.h.15.attn.c_attn.blocks.1.weight (1024, 1024) on G_{1.0,0.0,384}
  Initialized transformer.h.2.mlp.c_fc.blocks.0.weight (1024, 1024) on G_{1.0,0.0,384}

Initializing transformer.h.2.mlp.c_fc.blocks.1.: k=1, G_{1.0,0.0,384}, type=None
  Initialized transformer.h.16.attn.c_attn.blocks.1.weight (1024, 1024) on G_{1.0,0.0,384}
  Initialized transformer.h.2.attn.c_attn.blocks.1.weight (1024, 1024) on G_{1.0,0.0,384}

Initializing transformer.h.2.attn.c_attn.blocks.2.: k=1, G_{1.0,0.0,384}, type=None
  Initialized transformer.h.16.attn.c_attn.blocks.1.weight (1024, 1024) on G_{1.0,0.0,384}
  Initialized transformer.h.2.mlp.c_fc.blocks.1.weight (1024, 1024) on G_{1.0,0.0,384}

Initializing transformer.h.2.mlp.c_fc.blocks.2.: k=1, G_{1.0,0.0,384}, type=None
  Initialized transformer.h.17.attn.c_attn.blocks.1.weight (1024, 1024) on G_{1.0,0.0,384}
  Initialized transformer.h.2.attn.c_attn.blocks.2.weight (1024, 1024) on G_{1.0,0.0,384}

Initializing transformer.h.2.mlp.c_fc.blocks.0.: k=1, G_{1.0,0.0,384}, type=None
  Initialized transformer.h.17.attn.c_attn.blocks.1.weight (1024, 1024) on G_{1.0,0.0,384}
  Initialized transformer.h.2.mlp.c_fc.blocks.2.weight (1024, 1024) on G_{1.0,0.0,384}

Initializing transformer.h.2.mlp.c_fc.blocks.3.: k=1, G_{1.0,0.0,384}, type=None
  Initialized transformer.h.18.attn.c_attn.blocks.1.weight (1024, 1024) on G_{1.0,0.0,384}
  Initialized transformer.h.2.mlp.c_fc.blocks.0.weight (1024, 1024) on G_{1.0,0.0,384}

Initializing transformer.h.2.mlp.c_fc.blocks.1.: k=1, G_{1.0,0.0,384}, type=None
  Initialized transformer.h.18.attn.c_attn.blocks.1.weight (1024, 1024) on G_{1.0,0.0,384}
  Initialized transformer.h.2.mlp.c_fc.blocks.3.weight (1024, 1024) on G_{1.0,0.0,384}

Initializing transformer.h.3.attn.c_attn.blocks.0.: k=1, G_{1.0,0.0,384}, type=None
  Initialized transformer.h.19.attn.c_attn.blocks.1.weight (1024, 1024) on G_{1.0,0.0,384}
  Initialized transformer.h.2.mlp.c_fc.blocks.1.weight (1024, 1024) on G_{1.0,0.0,384}

Initializing transformer.h.2.mlp.c_fc.blocks.2.: k=1, G_{1.0,0.0,384}, type=None
  Initialized transformer.h.19.attn.c_attn.blocks.1.weight (1024, 1024) on G_{1.0,0.0,384}
  Initialized transformer.h.3.attn.c_attn.blocks.0.weight (1024, 1024) on G_{1.0,0.0,384}

Initializing transformer.h.3.attn.c_attn.blocks.1.: k=1, G_{1.0,0.0,384}, type=None
  Initialized transformer.h.20.attn.c_attn.blocks.1.weight (1024, 1024) on G_{1.0,0.0,384}
  Initialized transformer.h.2.mlp.c_fc.blocks.2.weight (1024, 1024) on G_{1.0,0.0,384}

Initializing transformer.h.2.mlp.c_fc.blocks.3.: k=1, G_{1.0,0.0,384}, type=None
  Initialized transformer.h.20.attn.c_attn.blocks.1.weight (1024, 1024) on G_{1.0,0.0,384}
  Initialized transformer.h.3.attn.c_attn.blocks.1.weight (1024, 1024) on G_{1.0,0.0,384}

Initializing transformer.h.3.attn.c_attn.blocks.2.: k=1, G_{1.0,0.0,384}, type=None
  Initialized transformer.h.21.attn.c_attn.blocks.1.weight (1024, 1024) on G_{1.0,0.0,384}
  Initialized transformer.h.2.mlp.c_fc.blocks.3.weight (1024, 1024) on G_{1.0,0.0,384}

Initializing transformer.h.3.attn.c_attn.blocks.0.: k=1, G_{1.0,0.0,384}, type=None
  Initialized transformer.h.21.attn.c_attn.blocks.1.weight (1024, 1024) on G_{1.0,0.0,384}
  Initialized transformer.h.3.attn.c_attn.blocks.2.weight (1024, 1024) on G_{1.0,0.0,384}

Initializing transformer.h.3.mlp.c_fc.blocks.0.: k=1, G_{1.0,0.0,384}, type=None
  Initialized transformer.h.22.attn.c_attn.blocks.1.weight (1024, 1024) on G_{1.0,0.0,384}
  Initialized transformer.h.3.attn.c_attn.blocks.0.weight (1024, 1024) on G_{1.0,0.0,384}

Initializing transformer.h.3.attn.c_attn.blocks.1.: k=1, G_{1.0,0.0,384}, type=None
  Initialized transformer.h.22.attn.c_attn.blocks.1.weight (1024, 1024) on G_{1.0,0.0,384}
  Initialized transformer.h.3.mlp.c_fc.blocks.0.weight (1024, 1024) on G_{1.0,0.0,384}

Initializing transformer.h.3.mlp.c_fc.blocks.1.: k=1, G_{1.0,0.0,384}, type=None
  Initialized transformer.h.23.attn.c_attn.blocks.1.weight (1024, 1024) on G_{1.0,0.0,384}

Initializing attn.c_attn.blocks.2.: k=1, G_{1.0,0.0,384}, type=None
  Initialized transformer.h.3.attn.c_attn.blocks.1.weight (1024, 1024) on G_{1.0,0.0,384}

Initializing transformer.h.3.attn.c_attn.blocks.2.: k=1, G_{1.0,0.0,384}, type=None
  Initialized transformer.h.23.attn.c_attn.blocks.1.weight (1024, 1024) on G_{1.0,0.0,384}

Initializing attn.c_attn.blocks.2.: k=1, G_{1.0,0.0,384}, type=None
  Initialized transformer.h.3.mlp.c_fc.blocks.1.weight (1024, 1024) on G_{1.0,0.0,384}

Initializing transformer.h.3.mlp.c_fc.blocks.2.: k=1, G_{1.0,0.0,384}, type=None
  Initialized transformer.h.0.attn.c_attn.blocks.2.weight (1024, 1024) on G_{1.0,0.0,384}
  Initialized transformer.h.3.attn.c_attn.blocks.2.weight (1024, 1024) on G_{1.0,0.0,384}

Initializing transformer.h.3.mlp.c_fc.blocks.0.: k=1, G_{1.0,0.0,384}, type=None
  Initialized transformer.h.0.attn.c_attn.blocks.2.weight (1024, 1024) on G_{1.0,0.0,384}
  Initialized transformer.h.3.mlp.c_fc.blocks.2.weight (1024, 1024) on G_{1.0,0.0,384}

Initializing transformer.h.3.mlp.c_fc.blocks.3.: k=1, G_{1.0,0.0,384}, type=None
  Initialized transformer.h.1.attn.c_attn.blocks.2.weight (1024, 1024) on G_{1.0,0.0,384}
  Initialized transformer.h.3.mlp.c_fc.blocks.0.weight (1024, 1024) on G_{1.0,0.0,384}

Initializing transformer.h.3.mlp.c_fc.blocks.1.: k=1, G_{1.0,0.0,384}, type=None
  Initialized transformer.h.1.attn.c_attn.blocks.2.weight (1024, 1024) on G_{1.0,0.0,384}
  Initialized transformer.h.3.mlp.c_fc.blocks.3.weight (1024, 1024) on G_{1.0,0.0,384}

Initializing transformer.h.4.attn.c_attn.blocks.0.: k=1, G_{1.0,0.0,384}, type=None
  Initialized transformer.h.2.attn.c_attn.blocks.2.weight (1024, 1024) on G_{1.0,0.0,384}
  Initialized transformer.h.3.mlp.c_fc.blocks.1.weight (1024, 1024) on G_{1.0,0.0,384}

Initializing transformer.h.3.mlp.c_fc.blocks.2.: k=1, G_{1.0,0.0,384}, type=None
  Initialized transformer.h.2.attn.c_attn.blocks.2.weight (1024, 1024) on G_{1.0,0.0,384}
  Initialized transformer.h.4.attn.c_attn.blocks.0.weight (1024, 1024) on G_{1.0,0.0,384}

Initializing transformer.h.4.attn.c_attn.blocks.1.: k=1, G_{1.0,0.0,384}, type=None
  Initialized transformer.h.3.attn.c_attn.blocks.2.weight (1024, 1024) on G_{1.0,0.0,384}
  Initialized transformer.h.3.mlp.c_fc.blocks.2.weight (1024, 1024) on G_{1.0,0.0,384}

Initializing transformer.h.3.mlp.c_fc.blocks.3.: k=1, G_{1.0,0.0,384}, type=None
  Initialized transformer.h.3.attn.c_attn.blocks.2.weight (1024, 1024) on G_{1.0,0.0,384}
  Initialized transformer.h.4.attn.c_attn.blocks.1.weight (1024, 1024) on G_{1.0,0.0,384}

Initializing transformer.h.4.attn.c_attn.blocks.2.: k=1, G_{1.0,0.0,384}, type=None
  Initialized transformer.h.4.attn.c_attn.blocks.2.weight (1024, 1024) on G_{1.0,0.0,384}
  Initialized transformer.h.3.mlp.c_fc.blocks.3.weight (1024, 1024) on G_{1.0,0.0,384}

Initializing transformer.h.4.attn.c_attn.blocks.0.: k=1, G_{1.0,0.0,384}, type=None
  Initialized transformer.h.4.attn.c_attn.blocks.2.weight (1024, 1024) on G_{1.0,0.0,384}
  Initialized transformer.h.4.attn.c_attn.blocks.2.weight (1024, 1024) on G_{1.0,0.0,384}

Initializing transformer.h.4.mlp.c_fc.blocks.0.: k=1, G_{1.0,0.0,384}, type=None
  Initialized transformer.h.5.attn.c_attn.blocks.2.weight (1024, 1024) on G_{1.0,0.0,384}
  Initialized transformer.h.4.attn.c_attn.blocks.0.weight (1024, 1024) on G_{1.0,0.0,384}

Initializing transformer.h.4.attn.c_attn.blocks.1.: k=1, G_{1.0,0.0,384}, type=None
  Initialized transformer.h.5.attn.c_attn.blocks.2.weight (1024, 1024) on G_{1.0,0.0,384}
  Initialized transformer.h.4.mlp.c_fc.blocks.0.weight (1024, 1024) on G_{1.0,0.0,384}

Initializing transformer.h.4.mlp.c_fc.blocks.1.: k=1, G_{1.0,0.0,384}, type=None
  Initialized transformer.h.6.attn.c_attn.blocks.2.weight (1024, 1024) on G_{1.0,0.0,384}
  Initialized transformer.h.4.attn.c_attn.blocks.1.weight (1024, 1024) on G_{1.0,0.0,384}

Initializing transformer.h.4.attn.c_attn.blocks.2.: k=1, G_{1.0,0.0,384}, type=None
  Initialized transformer.h.4.mlp.c_fc.blocks.1.weight (1024, 1024) on G_{1.0,0.0,384}
  Initialized transformer.h.6.attn.c_attn.blocks.2.weight (1024, 1024) on G_{1.0,0.0,384}

Initializing transformer.h.4.mlp.c_fc.blocks.2.: k=1, G_{1.0,0.0,384}, type=None
  Initialized transformer.h.7.attn.c_attn.blocks.2.weight (1024, 1024) on G_{1.0,0.0,384}
  Initialized transformer.h.4.attn.c_attn.blocks.2.weight (1024, 1024) on G_{1.0,0.0,384}

Initializing transformer.h.4.mlp.c_fc.blocks.0.: k=1, G_{1.0,0.0,384}, type=None
  Initialized transformer.h.4.mlp.c_fc.blocks.2.weight (1024, 1024) on G_{1.0,0.0,384}
  Initialized transformer.h.7.attn.c_attn.blocks.2.weight (1024, 1024) on G_{1.0,0.0,384}

Initializing transformer.h.4.mlp.c_fc.blocks.3.: k=1, G_{1.0,0.0,384}, type=None
  Initialized transformer.h.8.attn.c_attn.blocks.2.weight (1024, 1024) on G_{1.0,0.0,384}
  Initialized transformer.h.4.mlp.c_fc.blocks.0.weight (1024, 1024) on G_{1.0,0.0,384}

Initializing transformer.h.4.mlp.c_fc.blocks.1.: k=1, G_{1.0,0.0,384}, type=None
  Initialized transformer.h.4.mlp.c_fc.blocks.3.weight (1024, 1024) on G_{1.0,0.0,384}
  Initialized transformer.h.8.attn.c_attn.blocks.2.weight (1024, 1024) on G_{1.0,0.0,384}

Initializing transformer.h.5.attn.c_attn.blocks.0.: k=1, G_{1.0,0.0,384}, type=None
  Initialized transformer.h.9.attn.c_attn.blocks.2.weight (1024, 1024) on G_{1.0,0.0,384}
  Initialized transformer.h.4.mlp.c_fc.blocks.1.weight (1024, 1024) on G_{1.0,0.0,384}

Initializing transformer.h.4.mlp.c_fc.blocks.2.: k=1, G_{1.0,0.0,384}, type=None
  Initialized transformer.h.5.attn.c_attn.blocks.0.weight (1024, 1024) on G_{1.0,0.0,384}
  Initialized transformer.h.9.attn.c_attn.blocks.2.weight (1024, 1024) on G_{1.0,0.0,384}

Initializing transformer.h.5.attn.c_attn.blocks.1.: k=1, G_{1.0,0.0,384}, type=None
  Initialized transformer.h.10.attn.c_attn.blocks.2.weight (1024, 1024) on G_{1.0,0.0,384}
  Initialized transformer.h.4.mlp.c_fc.blocks.2.weight (1024, 1024) on G_{1.0,0.0,384}

Initializing transformer.h.4.mlp.c_fc.blocks.3.: k=1, G_{1.0,0.0,384}, type=None
  Initialized transformer.h.5.attn.c_attn.blocks.1.weight (1024, 1024) on G_{1.0,0.0,384}
  Initialized transformer.h.10.attn.c_attn.blocks.2.weight (1024, 1024) on G_{1.0,0.0,384}

Initializing transformer.h.5.attn.c_attn.blocks.2.: k=1, G_{1.0,0.0,384}, type=None
  Initialized transformer.h.11.attn.c_attn.blocks.2.weight (1024, 1024) on G_{1.0,0.0,384}
  Initialized transformer.h.4.mlp.c_fc.blocks.3.weight (1024, 1024) on G_{1.0,0.0,384}

Initializing transformer.h.5.attn.c_attn.blocks.0.: k=1, G_{1.0,0.0,384}, type=None
  Initialized transformer.h.5.attn.c_attn.blocks.2.weight (1024, 1024) on G_{1.0,0.0,384}
  Initialized transformer.h.11.attn.c_attn.blocks.2.weight (1024, 1024) on G_{1.0,0.0,384}

Initializing transformer.h.5.mlp.c_fc.blocks.0.: k=1, G_{1.0,0.0,384}, type=None
  Initialized transformer.h.12.attn.c_attn.blocks.2.weight (1024, 1024) on G_{1.0,0.0,384}
  Initialized transformer.h.5.attn.c_attn.blocks.0.weight (1024, 1024) on G_{1.0,0.0,384}

Initializing transformer.h.5.attn.c_attn.blocks.1.: k=1, G_{1.0,0.0,384}, type=None
  Initialized transformer.h.5.mlp.c_fc.blocks.0.weight (1024, 1024) on G_{1.0,0.0,384}
  Initialized transformer.h.12.attn.c_attn.blocks.2.weight (1024, 1024) on G_{1.0,0.0,384}

Initializing transformer.h.5.mlp.c_fc.blocks.1.: k=1, G_{1.0,0.0,384}, type=None
  Initialized transformer.h.13.attn.c_attn.blocks.2.weight (1024, 1024) on G_{1.0,0.0,384}
  Initialized transformer.h.5.attn.c_attn.blocks.1.weight (1024, 1024) on G_{1.0,0.0,384}

Initializing transformer.h.5.attn.c_attn.blocks.2.: k=1, G_{1.0,0.0,384}, type=None
  Initialized transformer.h.5.mlp.c_fc.blocks.1.weight (1024, 1024) on G_{1.0,0.0,384}
  Initialized transformer.h.13.attn.c_attn.blocks.2.weight (1024, 1024) on G_{1.0,0.0,384}

Initializing transformer.h.5.mlp.c_fc.blocks.2.: k=1, G_{1.0,0.0,384}, type=None
  Initialized transformer.h.14.attn.c_attn.blocks.2.weight (1024, 1024) on G_{1.0,0.0,384}
  Initialized transformer.h.5.attn.c_attn.blocks.2.weight (1024, 1024) on G_{1.0,0.0,384}

Initializing transformer.h.5.mlp.c_fc.blocks.0.: k=1, G_{1.0,0.0,384}, type=None
  Initialized transformer.h.5.mlp.c_fc.blocks.2.weight (1024, 1024) on G_{1.0,0.0,384}
  Initialized transformer.h.14.attn.c_attn.blocks.2.weight (1024, 1024) on G_{1.0,0.0,384}

Initializing transformer.h.5.mlp.c_fc.blocks.3.: k=1, G_{1.0,0.0,384}, type=None
  Initialized transformer.h.15.attn.c_attn.blocks.2.weight (1024, 1024) on G_{1.0,0.0,384}
  Initialized transformer.h.5.mlp.c_fc.blocks.0.weight (1024, 1024) on G_{1.0,0.0,384}

Initializing transformer.h.5.mlp.c_fc.blocks.1.: k=1, G_{1.0,0.0,384}, type=None
  Initialized transformer.h.5.mlp.c_fc.blocks.3.weight (1024, 1024) on G_{1.0,0.0,384}
  Initialized transformer.h.15.attn.c_attn.blocks.2.weight (1024, 1024) on G_{1.0,0.0,384}

Initializing transformer.h.6.attn.c_attn.blocks.0.: k=1, G_{1.0,0.0,384}, type=None
  Initialized transformer.h.16.attn.c_attn.blocks.2.weight (1024, 1024) on G_{1.0,0.0,384}
  Initialized transformer.h.5.mlp.c_fc.blocks.1.weight (1024, 1024) on G_{1.0,0.0,384}

Initializing transformer.h.5.mlp.c_fc.blocks.2.: k=1, G_{1.0,0.0,384}, type=None
  Initialized transformer.h.6.attn.c_attn.blocks.0.weight (1024, 1024) on G_{1.0,0.0,384}

Initializing transformer.h.6.attn.c_attn.blocks.1.: k=1, G_{1.0,0.0,384}, type=None
  Initialized transformer.h.16.attn.c_attn.blocks.2.weight (1024, 1024) on G_{1.0,0.0,384}
  Initialized transformer.h.17.attn.c_attn.blocks.2.weight (1024, 1024) on G_{1.0,0.0,384}
  Initialized transformer.h.5.mlp.c_fc.blocks.2.weight (1024, 1024) on G_{1.0,0.0,384}

Initializing transformer.h.5.mlp.c_fc.blocks.3.: k=1, G_{1.0,0.0,384}, type=None
  Initialized transformer.h.6.attn.c_attn.blocks.1.weight (1024, 1024) on G_{1.0,0.0,384}

Initializing transformer.h.6.attn.c_attn.blocks.2.: k=1, G_{1.0,0.0,384}, type=None
  Initialized transformer.h.17.attn.c_attn.blocks.2.weight (1024, 1024) on G_{1.0,0.0,384}
  Initialized transformer.h.18.attn.c_attn.blocks.2.weight (1024, 1024) on G_{1.0,0.0,384}
  Initialized transformer.h.5.mlp.c_fc.blocks.3.weight (1024, 1024) on G_{1.0,0.0,384}

Initializing transformer.h.6.attn.c_attn.blocks.0.: k=1, G_{1.0,0.0,384}, type=None
  Initialized transformer.h.6.attn.c_attn.blocks.2.weight (1024, 1024) on G_{1.0,0.0,384}

Initializing transformer.h.6.mlp.c_fc.blocks.0.: k=1, G_{1.0,0.0,384}, type=None
  Initialized transformer.h.18.attn.c_attn.blocks.2.weight (1024, 1024) on G_{1.0,0.0,384}
  Initialized transformer.h.19.attn.c_attn.blocks.2.weight (1024, 1024) on G_{1.0,0.0,384}
  Initialized transformer.h.6.attn.c_attn.blocks.0.weight (1024, 1024) on G_{1.0,0.0,384}

Initializing transformer.h.6.attn.c_attn.blocks.1.: k=1, G_{1.0,0.0,384}, type=None
  Initialized transformer.h.6.mlp.c_fc.blocks.0.weight (1024, 1024) on G_{1.0,0.0,384}

Initializing transformer.h.6.mlp.c_fc.blocks.1.: k=1, G_{1.0,0.0,384}, type=None
  Initialized transformer.h.19.attn.c_attn.blocks.2.weight (1024, 1024) on G_{1.0,0.0,384}
  Initialized transformer.h.20.attn.c_attn.blocks.2.weight (1024, 1024) on G_{1.0,0.0,384}
  Initialized transformer.h.6.attn.c_attn.blocks.1.weight (1024, 1024) on G_{1.0,0.0,384}

Initializing transformer.h.6.attn.c_attn.blocks.2.: k=1, G_{1.0,0.0,384}, type=None
  Initialized transformer.h.6.mlp.c_fc.blocks.1.weight (1024, 1024) on G_{1.0,0.0,384}

Initializing transformer.h.6.mlp.c_fc.blocks.2.: k=1, G_{1.0,0.0,384}, type=None
  Initialized transformer.h.20.attn.c_attn.blocks.2.weight (1024, 1024) on G_{1.0,0.0,384}
  Initialized transformer.h.21.attn.c_attn.blocks.2.weight (1024, 1024) on G_{1.0,0.0,384}
  Initialized transformer.h.6.attn.c_attn.blocks.2.weight (1024, 1024) on G_{1.0,0.0,384}

Initializing transformer.h.6.mlp.c_fc.blocks.0.: k=1, G_{1.0,0.0,384}, type=None
  Initialized transformer.h.6.mlp.c_fc.blocks.2.weight (1024, 1024) on G_{1.0,0.0,384}

Initializing transformer.h.6.mlp.c_fc.blocks.3.: k=1, G_{1.0,0.0,384}, type=None
  Initialized transformer.h.21.attn.c_attn.blocks.2.weight (1024, 1024) on G_{1.0,0.0,384}
  Initialized transformer.h.22.attn.c_attn.blocks.2.weight (1024, 1024) on G_{1.0,0.0,384}
  Initialized transformer.h.6.mlp.c_fc.blocks.0.weight (1024, 1024) on G_{1.0,0.0,384}

Initializing transformer.h.6.mlp.c_fc.blocks.1.: k=1, G_{1.0,0.0,384}, type=None
  Initialized transformer.h.6.mlp.c_fc.blocks.3.weight (1024, 1024) on G_{1.0,0.0,384}

Initializing transformer.h.7.attn.c_attn.blocks.0.: k=1, G_{1.0,0.0,384}, type=None
  Initialized transformer.h.22.attn.c_attn.blocks.2.weight (1024, 1024) on G_{1.0,0.0,384}
  Initialized transformer.h.23.attn.c_attn.blocks.2.weight (1024, 1024) on G_{1.0,0.0,384}

Initializing mlp.c_fc.blocks.0.: k=1, G_{1.0,0.0,384}, type=None
  Initialized transformer.h.6.mlp.c_fc.blocks.1.weight (1024, 1024) on G_{1.0,0.0,384}

Initializing transformer.h.6.mlp.c_fc.blocks.2.: k=1, G_{1.0,0.0,384}, type=None
  Initialized transformer.h.7.attn.c_attn.blocks.0.weight (1024, 1024) on G_{1.0,0.0,384}

Initializing transformer.h.7.attn.c_attn.blocks.1.: k=1, G_{1.0,0.0,384}, type=None
  Initialized transformer.h.23.attn.c_attn.blocks.2.weight (1024, 1024) on G_{1.0,0.0,384}

Initializing mlp.c_fc.blocks.0.: k=1, G_{1.0,0.0,384}, type=None
  Initialized transformer.h.0.mlp.c_fc.blocks.0.weight (1024, 1024) on G_{1.0,0.0,384}
  Initialized transformer.h.6.mlp.c_fc.blocks.2.weight (1024, 1024) on G_{1.0,0.0,384}

Initializing transformer.h.6.mlp.c_fc.blocks.3.: k=1, G_{1.0,0.0,384}, type=None
  Initialized transformer.h.7.attn.c_attn.blocks.1.weight (1024, 1024) on G_{1.0,0.0,384}

Initializing transformer.h.7.attn.c_attn.blocks.2.: k=1, G_{1.0,0.0,384}, type=None
  Initialized transformer.h.0.mlp.c_fc.blocks.0.weight (1024, 1024) on G_{1.0,0.0,384}
  Initialized transformer.h.1.mlp.c_fc.blocks.0.weight (1024, 1024) on G_{1.0,0.0,384}
  Initialized transformer.h.6.mlp.c_fc.blocks.3.weight (1024, 1024) on G_{1.0,0.0,384}

Initializing transformer.h.7.attn.c_attn.blocks.0.: k=1, G_{1.0,0.0,384}, type=None
  Initialized transformer.h.7.attn.c_attn.blocks.2.weight (1024, 1024) on G_{1.0,0.0,384}

Initializing transformer.h.7.mlp.c_fc.blocks.0.: k=1, G_{1.0,0.0,384}, type=None
  Initialized transformer.h.1.mlp.c_fc.blocks.0.weight (1024, 1024) on G_{1.0,0.0,384}
  Initialized transformer.h.2.mlp.c_fc.blocks.0.weight (1024, 1024) on G_{1.0,0.0,384}
  Initialized transformer.h.7.attn.c_attn.blocks.0.weight (1024, 1024) on G_{1.0,0.0,384}

Initializing transformer.h.7.attn.c_attn.blocks.1.: k=1, G_{1.0,0.0,384}, type=None
  Initialized transformer.h.7.mlp.c_fc.blocks.0.weight (1024, 1024) on G_{1.0,0.0,384}

Initializing transformer.h.7.mlp.c_fc.blocks.1.: k=1, G_{1.0,0.0,384}, type=None
  Initialized transformer.h.2.mlp.c_fc.blocks.0.weight (1024, 1024) on G_{1.0,0.0,384}
  Initialized transformer.h.3.mlp.c_fc.blocks.0.weight (1024, 1024) on G_{1.0,0.0,384}
  Initialized transformer.h.7.attn.c_attn.blocks.1.weight (1024, 1024) on G_{1.0,0.0,384}

Initializing transformer.h.7.attn.c_attn.blocks.2.: k=1, G_{1.0,0.0,384}, type=None
  Initialized transformer.h.7.mlp.c_fc.blocks.1.weight (1024, 1024) on G_{1.0,0.0,384}

Initializing transformer.h.7.mlp.c_fc.blocks.2.: k=1, G_{1.0,0.0,384}, type=None
  Initialized transformer.h.3.mlp.c_fc.blocks.0.weight (1024, 1024) on G_{1.0,0.0,384}
  Initialized transformer.h.4.mlp.c_fc.blocks.0.weight (1024, 1024) on G_{1.0,0.0,384}
  Initialized transformer.h.7.attn.c_attn.blocks.2.weight (1024, 1024) on G_{1.0,0.0,384}

Initializing transformer.h.7.mlp.c_fc.blocks.0.: k=1, G_{1.0,0.0,384}, type=None
  Initialized transformer.h.7.mlp.c_fc.blocks.2.weight (1024, 1024) on G_{1.0,0.0,384}

Initializing transformer.h.7.mlp.c_fc.blocks.3.: k=1, G_{1.0,0.0,384}, type=None
  Initialized transformer.h.4.mlp.c_fc.blocks.0.weight (1024, 1024) on G_{1.0,0.0,384}
  Initialized transformer.h.5.mlp.c_fc.blocks.0.weight (1024, 1024) on G_{1.0,0.0,384}
  Initialized transformer.h.7.mlp.c_fc.blocks.0.weight (1024, 1024) on G_{1.0,0.0,384}
  Initialized transformer.h.7.mlp.c_fc.blocks.3.weight (1024, 1024) on G_{1.0,0.0,384}

Initializing transformer.h.7.mlp.c_fc.blocks.1.: k=1, G_{1.0,0.0,384}, type=None

Initializing transformer.h.8.attn.c_attn.blocks.0.: k=1, G_{1.0,0.0,384}, type=None
  Initialized transformer.h.5.mlp.c_fc.blocks.0.weight (1024, 1024) on G_{1.0,0.0,384}
  Initialized transformer.h.6.mlp.c_fc.blocks.0.weight (1024, 1024) on G_{1.0,0.0,384}
  Initialized transformer.h.7.mlp.c_fc.blocks.1.weight (1024, 1024) on G_{1.0,0.0,384}
  Initialized transformer.h.8.attn.c_attn.blocks.0.weight (1024, 1024) on G_{1.0,0.0,384}

Initializing transformer.h.7.mlp.c_fc.blocks.2.: k=1, G_{1.0,0.0,384}, type=None

Initializing transformer.h.8.attn.c_attn.blocks.1.: k=1, G_{1.0,0.0,384}, type=None
  Initialized transformer.h.6.mlp.c_fc.blocks.0.weight (1024, 1024) on G_{1.0,0.0,384}
  Initialized transformer.h.7.mlp.c_fc.blocks.0.weight (1024, 1024) on G_{1.0,0.0,384}
  Initialized transformer.h.7.mlp.c_fc.blocks.2.weight (1024, 1024) on G_{1.0,0.0,384}
  Initialized transformer.h.8.attn.c_attn.blocks.1.weight (1024, 1024) on G_{1.0,0.0,384}

Initializing transformer.h.7.mlp.c_fc.blocks.3.: k=1, G_{1.0,0.0,384}, type=None

Initializing transformer.h.8.attn.c_attn.blocks.2.: k=1, G_{1.0,0.0,384}, type=None
  Initialized transformer.h.7.mlp.c_fc.blocks.0.weight (1024, 1024) on G_{1.0,0.0,384}
  Initialized transformer.h.8.mlp.c_fc.blocks.0.weight (1024, 1024) on G_{1.0,0.0,384}
  Initialized transformer.h.7.mlp.c_fc.blocks.3.weight (1024, 1024) on G_{1.0,0.0,384}
  Initialized transformer.h.8.attn.c_attn.blocks.2.weight (1024, 1024) on G_{1.0,0.0,384}

Initializing transformer.h.8.attn.c_attn.blocks.0.: k=1, G_{1.0,0.0,384}, type=None

Initializing transformer.h.8.mlp.c_fc.blocks.0.: k=1, G_{1.0,0.0,384}, type=None
  Initialized transformer.h.8.mlp.c_fc.blocks.0.weight (1024, 1024) on G_{1.0,0.0,384}
  Initialized transformer.h.9.mlp.c_fc.blocks.0.weight (1024, 1024) on G_{1.0,0.0,384}
  Initialized transformer.h.8.attn.c_attn.blocks.0.weight (1024, 1024) on G_{1.0,0.0,384}
  Initialized transformer.h.8.mlp.c_fc.blocks.0.weight (1024, 1024) on G_{1.0,0.0,384}

Initializing transformer.h.8.attn.c_attn.blocks.1.: k=1, G_{1.0,0.0,384}, type=None

Initializing transformer.h.8.mlp.c_fc.blocks.1.: k=1, G_{1.0,0.0,384}, type=None
  Initialized transformer.h.9.mlp.c_fc.blocks.0.weight (1024, 1024) on G_{1.0,0.0,384}
  Initialized transformer.h.10.mlp.c_fc.blocks.0.weight (1024, 1024) on G_{1.0,0.0,384}
  Initialized transformer.h.8.attn.c_attn.blocks.1.weight (1024, 1024) on G_{1.0,0.0,384}
  Initialized transformer.h.8.mlp.c_fc.blocks.1.weight (1024, 1024) on G_{1.0,0.0,384}

Initializing transformer.h.8.attn.c_attn.blocks.2.: k=1, G_{1.0,0.0,384}, type=None

Initializing transformer.h.8.mlp.c_fc.blocks.2.: k=1, G_{1.0,0.0,384}, type=None
  Initialized transformer.h.10.mlp.c_fc.blocks.0.weight (1024, 1024) on G_{1.0,0.0,384}
  Initialized transformer.h.11.mlp.c_fc.blocks.0.weight (1024, 1024) on G_{1.0,0.0,384}
  Initialized transformer.h.8.mlp.c_fc.blocks.2.weight (1024, 1024) on G_{1.0,0.0,384}
  Initialized transformer.h.8.attn.c_attn.blocks.2.weight (1024, 1024) on G_{1.0,0.0,384}

Initializing transformer.h.8.mlp.c_fc.blocks.3.: k=1, G_{1.0,0.0,384}, type=None

Initializing transformer.h.8.mlp.c_fc.blocks.0.: k=1, G_{1.0,0.0,384}, type=None
  Initialized transformer.h.11.mlp.c_fc.blocks.0.weight (1024, 1024) on G_{1.0,0.0,384}
  Initialized transformer.h.12.mlp.c_fc.blocks.0.weight (1024, 1024) on G_{1.0,0.0,384}
  Initialized transformer.h.8.mlp.c_fc.blocks.3.weight (1024, 1024) on G_{1.0,0.0,384}
  Initialized transformer.h.8.mlp.c_fc.blocks.0.weight (1024, 1024) on G_{1.0,0.0,384}

Initializing transformer.h.9.attn.c_attn.blocks.0.: k=1, G_{1.0,0.0,384}, type=None

Initializing transformer.h.8.mlp.c_fc.blocks.1.: k=1, G_{1.0,0.0,384}, type=None
  Initialized transformer.h.12.mlp.c_fc.blocks.0.weight (1024, 1024) on G_{1.0,0.0,384}
  Initialized transformer.h.13.mlp.c_fc.blocks.0.weight (1024, 1024) on G_{1.0,0.0,384}
  Initialized transformer.h.9.attn.c_attn.blocks.0.weight (1024, 1024) on G_{1.0,0.0,384}
  Initialized transformer.h.8.mlp.c_fc.blocks.1.weight (1024, 1024) on G_{1.0,0.0,384}

Initializing transformer.h.9.attn.c_attn.blocks.1.: k=1, G_{1.0,0.0,384}, type=None

Initializing transformer.h.8.mlp.c_fc.blocks.2.: k=1, G_{1.0,0.0,384}, type=None
  Initialized transformer.h.13.mlp.c_fc.blocks.0.weight (1024, 1024) on G_{1.0,0.0,384}
  Initialized transformer.h.14.mlp.c_fc.blocks.0.weight (1024, 1024) on G_{1.0,0.0,384}
  Initialized transformer.h.9.attn.c_attn.blocks.1.weight (1024, 1024) on G_{1.0,0.0,384}
  Initialized transformer.h.8.mlp.c_fc.blocks.2.weight (1024, 1024) on G_{1.0,0.0,384}

Initializing transformer.h.9.attn.c_attn.blocks.2.: k=1, G_{1.0,0.0,384}, type=None

Initializing transformer.h.8.mlp.c_fc.blocks.3.: k=1, G_{1.0,0.0,384}, type=None
  Initialized transformer.h.14.mlp.c_fc.blocks.0.weight (1024, 1024) on G_{1.0,0.0,384}
  Initialized transformer.h.15.mlp.c_fc.blocks.0.weight (1024, 1024) on G_{1.0,0.0,384}
  Initialized transformer.h.9.attn.c_attn.blocks.2.weight (1024, 1024) on G_{1.0,0.0,384}
  Initialized transformer.h.8.mlp.c_fc.blocks.3.weight (1024, 1024) on G_{1.0,0.0,384}

Initializing transformer.h.9.mlp.c_fc.blocks.0.: k=1, G_{1.0,0.0,384}, type=None

Initializing transformer.h.9.attn.c_attn.blocks.0.: k=1, G_{1.0,0.0,384}, type=None
  Initialized transformer.h.15.mlp.c_fc.blocks.0.weight (1024, 1024) on G_{1.0,0.0,384}
  Initialized transformer.h.16.mlp.c_fc.blocks.0.weight (1024, 1024) on G_{1.0,0.0,384}
  Initialized transformer.h.9.mlp.c_fc.blocks.0.weight (1024, 1024) on G_{1.0,0.0,384}
  Initialized transformer.h.9.attn.c_attn.blocks.0.weight (1024, 1024) on G_{1.0,0.0,384}

Initializing transformer.h.9.mlp.c_fc.blocks.1.: k=1, G_{1.0,0.0,384}, type=None

Initializing transformer.h.9.attn.c_attn.blocks.1.: k=1, G_{1.0,0.0,384}, type=None
  Initialized transformer.h.16.mlp.c_fc.blocks.0.weight (1024, 1024) on G_{1.0,0.0,384}
  Initialized transformer.h.17.mlp.c_fc.blocks.0.weight (1024, 1024) on G_{1.0,0.0,384}
  Initialized transformer.h.9.mlp.c_fc.blocks.1.weight (1024, 1024) on G_{1.0,0.0,384}
  Initialized transformer.h.9.attn.c_attn.blocks.1.weight (1024, 1024) on G_{1.0,0.0,384}

Initializing transformer.h.9.mlp.c_fc.blocks.2.: k=1, G_{1.0,0.0,384}, type=None

Initializing transformer.h.9.attn.c_attn.blocks.2.: k=1, G_{1.0,0.0,384}, type=None
  Initialized transformer.h.17.mlp.c_fc.blocks.0.weight (1024, 1024) on G_{1.0,0.0,384}
  Initialized transformer.h.18.mlp.c_fc.blocks.0.weight (1024, 1024) on G_{1.0,0.0,384}
  Initialized transformer.h.9.mlp.c_fc.blocks.2.weight (1024, 1024) on G_{1.0,0.0,384}

Initializing transformer.h.9.mlp.c_fc.blocks.3.: k=1, G_{1.0,0.0,384}, type=None
  Initialized transformer.h.9.attn.c_attn.blocks.2.weight (1024, 1024) on G_{1.0,0.0,384}

Initializing transformer.h.9.mlp.c_fc.blocks.0.: k=1, G_{1.0,0.0,384}, type=None
  Initialized transformer.h.18.mlp.c_fc.blocks.0.weight (1024, 1024) on G_{1.0,0.0,384}
  Initialized transformer.h.19.mlp.c_fc.blocks.0.weight (1024, 1024) on G_{1.0,0.0,384}
  Initialized transformer.h.9.mlp.c_fc.blocks.3.weight (1024, 1024) on G_{1.0,0.0,384}

Initializing transformer.h.10.attn.c_attn.blocks.0.: k=1, G_{1.0,0.0,384}, type=None
  Initialized transformer.h.9.mlp.c_fc.blocks.0.weight (1024, 1024) on G_{1.0,0.0,384}

Initializing transformer.h.9.mlp.c_fc.blocks.1.: k=1, G_{1.0,0.0,384}, type=None
  Initialized transformer.h.19.mlp.c_fc.blocks.0.weight (1024, 1024) on G_{1.0,0.0,384}
  Initialized transformer.h.20.mlp.c_fc.blocks.0.weight (1024, 1024) on G_{1.0,0.0,384}
  Initialized transformer.h.10.attn.c_attn.blocks.0.weight (1024, 1024) on G_{1.0,0.0,384}

Initializing transformer.h.10.attn.c_attn.blocks.1.: k=1, G_{1.0,0.0,384}, type=None
  Initialized transformer.h.9.mlp.c_fc.blocks.1.weight (1024, 1024) on G_{1.0,0.0,384}

Initializing transformer.h.9.mlp.c_fc.blocks.2.: k=1, G_{1.0,0.0,384}, type=None
  Initialized transformer.h.20.mlp.c_fc.blocks.0.weight (1024, 1024) on G_{1.0,0.0,384}
  Initialized transformer.h.21.mlp.c_fc.blocks.0.weight (1024, 1024) on G_{1.0,0.0,384}
  Initialized transformer.h.10.attn.c_attn.blocks.1.weight (1024, 1024) on G_{1.0,0.0,384}

Initializing transformer.h.10.attn.c_attn.blocks.2.: k=1, G_{1.0,0.0,384}, type=None
  Initialized transformer.h.9.mlp.c_fc.blocks.2.weight (1024, 1024) on G_{1.0,0.0,384}

Initializing transformer.h.9.mlp.c_fc.blocks.3.: k=1, G_{1.0,0.0,384}, type=None
  Initialized transformer.h.21.mlp.c_fc.blocks.0.weight (1024, 1024) on G_{1.0,0.0,384}
  Initialized transformer.h.22.mlp.c_fc.blocks.0.weight (1024, 1024) on G_{1.0,0.0,384}
  Initialized transformer.h.10.attn.c_attn.blocks.2.weight (1024, 1024) on G_{1.0,0.0,384}

Initializing transformer.h.10.mlp.c_fc.blocks.0.: k=1, G_{1.0,0.0,384}, type=None
  Initialized transformer.h.9.mlp.c_fc.blocks.3.weight (1024, 1024) on G_{1.0,0.0,384}

Initializing transformer.h.10.attn.c_attn.blocks.0.: k=1, G_{1.0,0.0,384}, type=None
  Initialized transformer.h.22.mlp.c_fc.blocks.0.weight (1024, 1024) on G_{1.0,0.0,384}
  Initialized transformer.h.23.mlp.c_fc.blocks.0.weight (1024, 1024) on G_{1.0,0.0,384}

Initializing mlp.c_fc.blocks.1.: k=1, G_{1.0,0.0,384}, type=None
  Initialized transformer.h.10.mlp.c_fc.blocks.0.weight (1024, 1024) on G_{1.0,0.0,384}

Initializing transformer.h.10.mlp.c_fc.blocks.1.: k=1, G_{1.0,0.0,384}, type=None
  Initialized transformer.h.10.attn.c_attn.blocks.0.weight (1024, 1024) on G_{1.0,0.0,384}

Initializing transformer.h.10.attn.c_attn.blocks.1.: k=1, G_{1.0,0.0,384}, type=None
  Initialized transformer.h.23.mlp.c_fc.blocks.0.weight (1024, 1024) on G_{1.0,0.0,384}

Initializing mlp.c_fc.blocks.1.: k=1, G_{1.0,0.0,384}, type=None
  Initialized transformer.h.0.mlp.c_fc.blocks.1.weight (1024, 1024) on G_{1.0,0.0,384}
  Initialized transformer.h.10.mlp.c_fc.blocks.1.weight (1024, 1024) on G_{1.0,0.0,384}

Initializing transformer.h.10.mlp.c_fc.blocks.2.: k=1, G_{1.0,0.0,384}, type=None
  Initialized transformer.h.10.attn.c_attn.blocks.1.weight (1024, 1024) on G_{1.0,0.0,384}

Initializing transformer.h.10.attn.c_attn.blocks.2.: k=1, G_{1.0,0.0,384}, type=None
  Initialized transformer.h.0.mlp.c_fc.blocks.1.weight (1024, 1024) on G_{1.0,0.0,384}
  Initialized transformer.h.1.mlp.c_fc.blocks.1.weight (1024, 1024) on G_{1.0,0.0,384}
  Initialized transformer.h.10.mlp.c_fc.blocks.2.weight (1024, 1024) on G_{1.0,0.0,384}

Initializing transformer.h.10.mlp.c_fc.blocks.3.: k=1, G_{1.0,0.0,384}, type=None
  Initialized transformer.h.10.attn.c_attn.blocks.2.weight (1024, 1024) on G_{1.0,0.0,384}

Initializing transformer.h.10.mlp.c_fc.blocks.0.: k=1, G_{1.0,0.0,384}, type=None
  Initialized transformer.h.1.mlp.c_fc.blocks.1.weight (1024, 1024) on G_{1.0,0.0,384}
  Initialized transformer.h.2.mlp.c_fc.blocks.1.weight (1024, 1024) on G_{1.0,0.0,384}
  Initialized transformer.h.10.mlp.c_fc.blocks.3.weight (1024, 1024) on G_{1.0,0.0,384}

Initializing transformer.h.11.attn.c_attn.blocks.0.: k=1, G_{1.0,0.0,384}, type=None
  Initialized transformer.h.10.mlp.c_fc.blocks.0.weight (1024, 1024) on G_{1.0,0.0,384}

Initializing transformer.h.10.mlp.c_fc.blocks.1.: k=1, G_{1.0,0.0,384}, type=None
  Initialized transformer.h.2.mlp.c_fc.blocks.1.weight (1024, 1024) on G_{1.0,0.0,384}
  Initialized transformer.h.3.mlp.c_fc.blocks.1.weight (1024, 1024) on G_{1.0,0.0,384}
  Initialized transformer.h.11.attn.c_attn.blocks.0.weight (1024, 1024) on G_{1.0,0.0,384}

Initializing transformer.h.11.attn.c_attn.blocks.1.: k=1, G_{1.0,0.0,384}, type=None
  Initialized transformer.h.10.mlp.c_fc.blocks.1.weight (1024, 1024) on G_{1.0,0.0,384}

Initializing transformer.h.10.mlp.c_fc.blocks.2.: k=1, G_{1.0,0.0,384}, type=None
  Initialized transformer.h.3.mlp.c_fc.blocks.1.weight (1024, 1024) on G_{1.0,0.0,384}
  Initialized transformer.h.4.mlp.c_fc.blocks.1.weight (1024, 1024) on G_{1.0,0.0,384}
  Initialized transformer.h.11.attn.c_attn.blocks.1.weight (1024, 1024) on G_{1.0,0.0,384}

Initializing transformer.h.11.attn.c_attn.blocks.2.: k=1, G_{1.0,0.0,384}, type=None
  Initialized transformer.h.10.mlp.c_fc.blocks.2.weight (1024, 1024) on G_{1.0,0.0,384}

Initializing transformer.h.10.mlp.c_fc.blocks.3.: k=1, G_{1.0,0.0,384}, type=None
  Initialized transformer.h.4.mlp.c_fc.blocks.1.weight (1024, 1024) on G_{1.0,0.0,384}
  Initialized transformer.h.5.mlp.c_fc.blocks.1.weight (1024, 1024) on G_{1.0,0.0,384}
  Initialized transformer.h.11.attn.c_attn.blocks.2.weight (1024, 1024) on G_{1.0,0.0,384}

Initializing transformer.h.11.mlp.c_fc.blocks.0.: k=1, G_{1.0,0.0,384}, type=None
  Initialized transformer.h.10.mlp.c_fc.blocks.3.weight (1024, 1024) on G_{1.0,0.0,384}

Initializing transformer.h.11.attn.c_attn.blocks.0.: k=1, G_{1.0,0.0,384}, type=None
  Initialized transformer.h.5.mlp.c_fc.blocks.1.weight (1024, 1024) on G_{1.0,0.0,384}
  Initialized transformer.h.6.mlp.c_fc.blocks.1.weight (1024, 1024) on G_{1.0,0.0,384}
  Initialized transformer.h.11.mlp.c_fc.blocks.0.weight (1024, 1024) on G_{1.0,0.0,384}

Initializing transformer.h.11.mlp.c_fc.blocks.1.: k=1, G_{1.0,0.0,384}, type=None
  Initialized transformer.h.11.attn.c_attn.blocks.0.weight (1024, 1024) on G_{1.0,0.0,384}

Initializing transformer.h.11.attn.c_attn.blocks.1.: k=1, G_{1.0,0.0,384}, type=None
  Initialized transformer.h.6.mlp.c_fc.blocks.1.weight (1024, 1024) on G_{1.0,0.0,384}
  Initialized transformer.h.7.mlp.c_fc.blocks.1.weight (1024, 1024) on G_{1.0,0.0,384}
  Initialized transformer.h.11.mlp.c_fc.blocks.1.weight (1024, 1024) on G_{1.0,0.0,384}

Initializing transformer.h.11.mlp.c_fc.blocks.2.: k=1, G_{1.0,0.0,384}, type=None
  Initialized transformer.h.11.attn.c_attn.blocks.1.weight (1024, 1024) on G_{1.0,0.0,384}

Initializing transformer.h.11.attn.c_attn.blocks.2.: k=1, G_{1.0,0.0,384}, type=None
  Initialized transformer.h.7.mlp.c_fc.blocks.1.weight (1024, 1024) on G_{1.0,0.0,384}
  Initialized transformer.h.8.mlp.c_fc.blocks.1.weight (1024, 1024) on G_{1.0,0.0,384}
  Initialized transformer.h.11.mlp.c_fc.blocks.2.weight (1024, 1024) on G_{1.0,0.0,384}

Initializing transformer.h.11.mlp.c_fc.blocks.3.: k=1, G_{1.0,0.0,384}, type=None
  Initialized transformer.h.11.attn.c_attn.blocks.2.weight (1024, 1024) on G_{1.0,0.0,384}

Initializing transformer.h.11.mlp.c_fc.blocks.0.: k=1, G_{1.0,0.0,384}, type=None
  Initialized transformer.h.8.mlp.c_fc.blocks.1.weight (1024, 1024) on G_{1.0,0.0,384}
  Initialized transformer.h.9.mlp.c_fc.blocks.1.weight (1024, 1024) on G_{1.0,0.0,384}
  Initialized transformer.h.11.mlp.c_fc.blocks.3.weight (1024, 1024) on G_{1.0,0.0,384}

Initializing transformer.h.12.attn.c_attn.blocks.0.: k=1, G_{1.0,0.0,384}, type=None
  Initialized transformer.h.11.mlp.c_fc.blocks.0.weight (1024, 1024) on G_{1.0,0.0,384}

Initializing transformer.h.11.mlp.c_fc.blocks.1.: k=1, G_{1.0,0.0,384}, type=None
  Initialized transformer.h.9.mlp.c_fc.blocks.1.weight (1024, 1024) on G_{1.0,0.0,384}
  Initialized transformer.h.10.mlp.c_fc.blocks.1.weight (1024, 1024) on G_{1.0,0.0,384}
  Initialized transformer.h.12.attn.c_attn.blocks.0.weight (1024, 1024) on G_{1.0,0.0,384}

Initializing transformer.h.12.attn.c_attn.blocks.1.: k=1, G_{1.0,0.0,384}, type=None
  Initialized transformer.h.11.mlp.c_fc.blocks.1.weight (1024, 1024) on G_{1.0,0.0,384}

Initializing transformer.h.11.mlp.c_fc.blocks.2.: k=1, G_{1.0,0.0,384}, type=None
  Initialized transformer.h.10.mlp.c_fc.blocks.1.weight (1024, 1024) on G_{1.0,0.0,384}
  Initialized transformer.h.11.mlp.c_fc.blocks.1.weight (1024, 1024) on G_{1.0,0.0,384}
  Initialized transformer.h.12.attn.c_attn.blocks.1.weight (1024, 1024) on G_{1.0,0.0,384}

Initializing transformer.h.12.attn.c_attn.blocks.2.: k=1, G_{1.0,0.0,384}, type=None
  Initialized transformer.h.11.mlp.c_fc.blocks.2.weight (1024, 1024) on G_{1.0,0.0,384}

Initializing transformer.h.11.mlp.c_fc.blocks.3.: k=1, G_{1.0,0.0,384}, type=None
  Initialized transformer.h.11.mlp.c_fc.blocks.1.weight (1024, 1024) on G_{1.0,0.0,384}
  Initialized transformer.h.12.mlp.c_fc.blocks.1.weight (1024, 1024) on G_{1.0,0.0,384}
  Initialized transformer.h.12.attn.c_attn.blocks.2.weight (1024, 1024) on G_{1.0,0.0,384}

Initializing transformer.h.12.mlp.c_fc.blocks.0.: k=1, G_{1.0,0.0,384}, type=None
  Initialized transformer.h.11.mlp.c_fc.blocks.3.weight (1024, 1024) on G_{1.0,0.0,384}

Initializing transformer.h.12.attn.c_attn.blocks.0.: k=1, G_{1.0,0.0,384}, type=None
  Initialized transformer.h.12.mlp.c_fc.blocks.1.weight (1024, 1024) on G_{1.0,0.0,384}
  Initialized transformer.h.13.mlp.c_fc.blocks.1.weight (1024, 1024) on G_{1.0,0.0,384}
  Initialized transformer.h.12.mlp.c_fc.blocks.0.weight (1024, 1024) on G_{1.0,0.0,384}

Initializing transformer.h.12.mlp.c_fc.blocks.1.: k=1, G_{1.0,0.0,384}, type=None
  Initialized transformer.h.12.attn.c_attn.blocks.0.weight (1024, 1024) on G_{1.0,0.0,384}

Initializing transformer.h.12.attn.c_attn.blocks.1.: k=1, G_{1.0,0.0,384}, type=None
  Initialized transformer.h.13.mlp.c_fc.blocks.1.weight (1024, 1024) on G_{1.0,0.0,384}
  Initialized transformer.h.14.mlp.c_fc.blocks.1.weight (1024, 1024) on G_{1.0,0.0,384}
  Initialized transformer.h.12.mlp.c_fc.blocks.1.weight (1024, 1024) on G_{1.0,0.0,384}

Initializing transformer.h.12.mlp.c_fc.blocks.2.: k=1, G_{1.0,0.0,384}, type=None
  Initialized transformer.h.12.attn.c_attn.blocks.1.weight (1024, 1024) on G_{1.0,0.0,384}

Initializing transformer.h.12.attn.c_attn.blocks.2.: k=1, G_{1.0,0.0,384}, type=None
  Initialized transformer.h.14.mlp.c_fc.blocks.1.weight (1024, 1024) on G_{1.0,0.0,384}
  Initialized transformer.h.15.mlp.c_fc.blocks.1.weight (1024, 1024) on G_{1.0,0.0,384}
  Initialized transformer.h.12.mlp.c_fc.blocks.2.weight (1024, 1024) on G_{1.0,0.0,384}

Initializing transformer.h.12.mlp.c_fc.blocks.3.: k=1, G_{1.0,0.0,384}, type=None
  Initialized transformer.h.12.attn.c_attn.blocks.2.weight (1024, 1024) on G_{1.0,0.0,384}

Initializing transformer.h.12.mlp.c_fc.blocks.0.: k=1, G_{1.0,0.0,384}, type=None
  Initialized transformer.h.15.mlp.c_fc.blocks.1.weight (1024, 1024) on G_{1.0,0.0,384}
  Initialized transformer.h.16.mlp.c_fc.blocks.1.weight (1024, 1024) on G_{1.0,0.0,384}
  Initialized transformer.h.12.mlp.c_fc.blocks.3.weight (1024, 1024) on G_{1.0,0.0,384}

Initializing transformer.h.13.attn.c_attn.blocks.0.: k=1, G_{1.0,0.0,384}, type=None
  Initialized transformer.h.12.mlp.c_fc.blocks.0.weight (1024, 1024) on G_{1.0,0.0,384}

Initializing transformer.h.12.mlp.c_fc.blocks.1.: k=1, G_{1.0,0.0,384}, type=None
  Initialized transformer.h.16.mlp.c_fc.blocks.1.weight (1024, 1024) on G_{1.0,0.0,384}
  Initialized transformer.h.17.mlp.c_fc.blocks.1.weight (1024, 1024) on G_{1.0,0.0,384}
  Initialized transformer.h.13.attn.c_attn.blocks.0.weight (1024, 1024) on G_{1.0,0.0,384}

Initializing transformer.h.13.attn.c_attn.blocks.1.: k=1, G_{1.0,0.0,384}, type=None
  Initialized transformer.h.12.mlp.c_fc.blocks.1.weight (1024, 1024) on G_{1.0,0.0,384}

Initializing transformer.h.12.mlp.c_fc.blocks.2.: k=1, G_{1.0,0.0,384}, type=None
  Initialized transformer.h.17.mlp.c_fc.blocks.1.weight (1024, 1024) on G_{1.0,0.0,384}
  Initialized transformer.h.18.mlp.c_fc.blocks.1.weight (1024, 1024) on G_{1.0,0.0,384}
  Initialized transformer.h.13.attn.c_attn.blocks.1.weight (1024, 1024) on G_{1.0,0.0,384}

Initializing transformer.h.13.attn.c_attn.blocks.2.: k=1, G_{1.0,0.0,384}, type=None
  Initialized transformer.h.12.mlp.c_fc.blocks.2.weight (1024, 1024) on G_{1.0,0.0,384}

Initializing transformer.h.12.mlp.c_fc.blocks.3.: k=1, G_{1.0,0.0,384}, type=None
  Initialized transformer.h.18.mlp.c_fc.blocks.1.weight (1024, 1024) on G_{1.0,0.0,384}
  Initialized transformer.h.19.mlp.c_fc.blocks.1.weight (1024, 1024) on G_{1.0,0.0,384}
  Initialized transformer.h.13.attn.c_attn.blocks.2.weight (1024, 1024) on G_{1.0,0.0,384}

Initializing transformer.h.13.mlp.c_fc.blocks.0.: k=1, G_{1.0,0.0,384}, type=None
  Initialized transformer.h.12.mlp.c_fc.blocks.3.weight (1024, 1024) on G_{1.0,0.0,384}

Initializing transformer.h.13.attn.c_attn.blocks.0.: k=1, G_{1.0,0.0,384}, type=None
  Initialized transformer.h.19.mlp.c_fc.blocks.1.weight (1024, 1024) on G_{1.0,0.0,384}
  Initialized transformer.h.20.mlp.c_fc.blocks.1.weight (1024, 1024) on G_{1.0,0.0,384}
  Initialized transformer.h.13.mlp.c_fc.blocks.0.weight (1024, 1024) on G_{1.0,0.0,384}

Initializing transformer.h.13.mlp.c_fc.blocks.1.: k=1, G_{1.0,0.0,384}, type=None
  Initialized transformer.h.13.attn.c_attn.blocks.0.weight (1024, 1024) on G_{1.0,0.0,384}

Initializing transformer.h.13.attn.c_attn.blocks.1.: k=1, G_{1.0,0.0,384}, type=None
  Initialized transformer.h.20.mlp.c_fc.blocks.1.weight (1024, 1024) on G_{1.0,0.0,384}
  Initialized transformer.h.21.mlp.c_fc.blocks.1.weight (1024, 1024) on G_{1.0,0.0,384}
  Initialized transformer.h.13.mlp.c_fc.blocks.1.weight (1024, 1024) on G_{1.0,0.0,384}

Initializing transformer.h.13.mlp.c_fc.blocks.2.: k=1, G_{1.0,0.0,384}, type=None
  Initialized transformer.h.13.attn.c_attn.blocks.1.weight (1024, 1024) on G_{1.0,0.0,384}

Initializing transformer.h.13.attn.c_attn.blocks.2.: k=1, G_{1.0,0.0,384}, type=None
  Initialized transformer.h.21.mlp.c_fc.blocks.1.weight (1024, 1024) on G_{1.0,0.0,384}
  Initialized transformer.h.22.mlp.c_fc.blocks.1.weight (1024, 1024) on G_{1.0,0.0,384}
  Initialized transformer.h.13.mlp.c_fc.blocks.2.weight (1024, 1024) on G_{1.0,0.0,384}

Initializing transformer.h.13.mlp.c_fc.blocks.3.: k=1, G_{1.0,0.0,384}, type=None
  Initialized transformer.h.13.attn.c_attn.blocks.2.weight (1024, 1024) on G_{1.0,0.0,384}

Initializing transformer.h.13.mlp.c_fc.blocks.0.: k=1, G_{1.0,0.0,384}, type=None
  Initialized transformer.h.22.mlp.c_fc.blocks.1.weight (1024, 1024) on G_{1.0,0.0,384}
  Initialized transformer.h.23.mlp.c_fc.blocks.1.weight (1024, 1024) on G_{1.0,0.0,384}

Initializing mlp.c_fc.blocks.2.: k=1, G_{1.0,0.0,384}, type=None
  Initialized transformer.h.13.mlp.c_fc.blocks.3.weight (1024, 1024) on G_{1.0,0.0,384}

Initializing transformer.h.14.attn.c_attn.blocks.0.: k=1, G_{1.0,0.0,384}, type=None
  Initialized transformer.h.13.mlp.c_fc.blocks.0.weight (1024, 1024) on G_{1.0,0.0,384}

Initializing transformer.h.13.mlp.c_fc.blocks.1.: k=1, G_{1.0,0.0,384}, type=None
  Initialized transformer.h.23.mlp.c_fc.blocks.1.weight (1024, 1024) on G_{1.0,0.0,384}

Initializing mlp.c_fc.blocks.2.: k=1, G_{1.0,0.0,384}, type=None
  Initialized transformer.h.0.mlp.c_fc.blocks.2.weight (1024, 1024) on G_{1.0,0.0,384}
  Initialized transformer.h.14.attn.c_attn.blocks.0.weight (1024, 1024) on G_{1.0,0.0,384}

Initializing transformer.h.14.attn.c_attn.blocks.1.: k=1, G_{1.0,0.0,384}, type=None
  Initialized transformer.h.13.mlp.c_fc.blocks.1.weight (1024, 1024) on G_{1.0,0.0,384}

Initializing transformer.h.13.mlp.c_fc.blocks.2.: k=1, G_{1.0,0.0,384}, type=None
  Initialized transformer.h.0.mlp.c_fc.blocks.2.weight (1024, 1024) on G_{1.0,0.0,384}
  Initialized transformer.h.1.mlp.c_fc.blocks.2.weight (1024, 1024) on G_{1.0,0.0,384}
  Initialized transformer.h.14.attn.c_attn.blocks.1.weight (1024, 1024) on G_{1.0,0.0,384}

Initializing transformer.h.14.attn.c_attn.blocks.2.: k=1, G_{1.0,0.0,384}, type=None
  Initialized transformer.h.13.mlp.c_fc.blocks.2.weight (1024, 1024) on G_{1.0,0.0,384}

Initializing transformer.h.13.mlp.c_fc.blocks.3.: k=1, G_{1.0,0.0,384}, type=None
  Initialized transformer.h.1.mlp.c_fc.blocks.2.weight (1024, 1024) on G_{1.0,0.0,384}
  Initialized transformer.h.2.mlp.c_fc.blocks.2.weight (1024, 1024) on G_{1.0,0.0,384}
  Initialized transformer.h.14.attn.c_attn.blocks.2.weight (1024, 1024) on G_{1.0,0.0,384}

Initializing transformer.h.14.mlp.c_fc.blocks.0.: k=1, G_{1.0,0.0,384}, type=None
  Initialized transformer.h.13.mlp.c_fc.blocks.3.weight (1024, 1024) on G_{1.0,0.0,384}

Initializing transformer.h.14.attn.c_attn.blocks.0.: k=1, G_{1.0,0.0,384}, type=None
  Initialized transformer.h.2.mlp.c_fc.blocks.2.weight (1024, 1024) on G_{1.0,0.0,384}
  Initialized transformer.h.3.mlp.c_fc.blocks.2.weight (1024, 1024) on G_{1.0,0.0,384}
  Initialized transformer.h.14.mlp.c_fc.blocks.0.weight (1024, 1024) on G_{1.0,0.0,384}

Initializing transformer.h.14.mlp.c_fc.blocks.1.: k=1, G_{1.0,0.0,384}, type=None
  Initialized transformer.h.14.attn.c_attn.blocks.0.weight (1024, 1024) on G_{1.0,0.0,384}

Initializing transformer.h.14.attn.c_attn.blocks.1.: k=1, G_{1.0,0.0,384}, type=None
  Initialized transformer.h.3.mlp.c_fc.blocks.2.weight (1024, 1024) on G_{1.0,0.0,384}
  Initialized transformer.h.4.mlp.c_fc.blocks.2.weight (1024, 1024) on G_{1.0,0.0,384}
  Initialized transformer.h.14.mlp.c_fc.blocks.1.weight (1024, 1024) on G_{1.0,0.0,384}

Initializing transformer.h.14.mlp.c_fc.blocks.2.: k=1, G_{1.0,0.0,384}, type=None
  Initialized transformer.h.14.attn.c_attn.blocks.1.weight (1024, 1024) on G_{1.0,0.0,384}

Initializing transformer.h.14.attn.c_attn.blocks.2.: k=1, G_{1.0,0.0,384}, type=None
  Initialized transformer.h.4.mlp.c_fc.blocks.2.weight (1024, 1024) on G_{1.0,0.0,384}
  Initialized transformer.h.5.mlp.c_fc.blocks.2.weight (1024, 1024) on G_{1.0,0.0,384}
  Initialized transformer.h.14.mlp.c_fc.blocks.2.weight (1024, 1024) on G_{1.0,0.0,384}

Initializing transformer.h.14.mlp.c_fc.blocks.3.: k=1, G_{1.0,0.0,384}, type=None
  Initialized transformer.h.14.attn.c_attn.blocks.2.weight (1024, 1024) on G_{1.0,0.0,384}
  Initialized transformer.h.5.mlp.c_fc.blocks.2.weight (1024, 1024) on G_{1.0,0.0,384}

Initializing transformer.h.14.mlp.c_fc.blocks.0.: k=1, G_{1.0,0.0,384}, type=None
  Initialized transformer.h.6.mlp.c_fc.blocks.2.weight (1024, 1024) on G_{1.0,0.0,384}
  Initialized transformer.h.14.mlp.c_fc.blocks.3.weight (1024, 1024) on G_{1.0,0.0,384}

Initializing transformer.h.15.attn.c_attn.blocks.0.: k=1, G_{1.0,0.0,384}, type=None
  Initialized transformer.h.14.mlp.c_fc.blocks.0.weight (1024, 1024) on G_{1.0,0.0,384}

Initializing transformer.h.14.mlp.c_fc.blocks.1.: k=1, G_{1.0,0.0,384}, type=None
  Initialized transformer.h.6.mlp.c_fc.blocks.2.weight (1024, 1024) on G_{1.0,0.0,384}
  Initialized transformer.h.7.mlp.c_fc.blocks.2.weight (1024, 1024) on G_{1.0,0.0,384}
  Initialized transformer.h.15.attn.c_attn.blocks.0.weight (1024, 1024) on G_{1.0,0.0,384}

Initializing transformer.h.15.attn.c_attn.blocks.1.: k=1, G_{1.0,0.0,384}, type=None
  Initialized transformer.h.14.mlp.c_fc.blocks.1.weight (1024, 1024) on G_{1.0,0.0,384}

Initializing transformer.h.14.mlp.c_fc.blocks.2.: k=1, G_{1.0,0.0,384}, type=None
  Initialized transformer.h.7.mlp.c_fc.blocks.2.weight (1024, 1024) on G_{1.0,0.0,384}
  Initialized transformer.h.8.mlp.c_fc.blocks.2.weight (1024, 1024) on G_{1.0,0.0,384}
  Initialized transformer.h.15.attn.c_attn.blocks.1.weight (1024, 1024) on G_{1.0,0.0,384}

Initializing transformer.h.15.attn.c_attn.blocks.2.: k=1, G_{1.0,0.0,384}, type=None
  Initialized transformer.h.14.mlp.c_fc.blocks.2.weight (1024, 1024) on G_{1.0,0.0,384}

Initializing transformer.h.14.mlp.c_fc.blocks.3.: k=1, G_{1.0,0.0,384}, type=None
  Initialized transformer.h.8.mlp.c_fc.blocks.2.weight (1024, 1024) on G_{1.0,0.0,384}
  Initialized transformer.h.9.mlp.c_fc.blocks.2.weight (1024, 1024) on G_{1.0,0.0,384}
  Initialized transformer.h.15.attn.c_attn.blocks.2.weight (1024, 1024) on G_{1.0,0.0,384}

Initializing transformer.h.15.mlp.c_fc.blocks.0.: k=1, G_{1.0,0.0,384}, type=None
  Initialized transformer.h.14.mlp.c_fc.blocks.3.weight (1024, 1024) on G_{1.0,0.0,384}

Initializing transformer.h.15.attn.c_attn.blocks.0.: k=1, G_{1.0,0.0,384}, type=None
  Initialized transformer.h.9.mlp.c_fc.blocks.2.weight (1024, 1024) on G_{1.0,0.0,384}
  Initialized transformer.h.10.mlp.c_fc.blocks.2.weight (1024, 1024) on G_{1.0,0.0,384}
  Initialized transformer.h.15.mlp.c_fc.blocks.0.weight (1024, 1024) on G_{1.0,0.0,384}

Initializing transformer.h.15.mlp.c_fc.blocks.1.: k=1, G_{1.0,0.0,384}, type=None
  Initialized transformer.h.15.attn.c_attn.blocks.0.weight (1024, 1024) on G_{1.0,0.0,384}

Initializing transformer.h.15.attn.c_attn.blocks.1.: k=1, G_{1.0,0.0,384}, type=None
  Initialized transformer.h.10.mlp.c_fc.blocks.2.weight (1024, 1024) on G_{1.0,0.0,384}
  Initialized transformer.h.11.mlp.c_fc.blocks.2.weight (1024, 1024) on G_{1.0,0.0,384}
  Initialized transformer.h.15.mlp.c_fc.blocks.1.weight (1024, 1024) on G_{1.0,0.0,384}

Initializing transformer.h.15.mlp.c_fc.blocks.2.: k=1, G_{1.0,0.0,384}, type=None
  Initialized transformer.h.15.attn.c_attn.blocks.1.weight (1024, 1024) on G_{1.0,0.0,384}

Initializing transformer.h.15.attn.c_attn.blocks.2.: k=1, G_{1.0,0.0,384}, type=None
  Initialized transformer.h.11.mlp.c_fc.blocks.2.weight (1024, 1024) on G_{1.0,0.0,384}
  Initialized transformer.h.12.mlp.c_fc.blocks.2.weight (1024, 1024) on G_{1.0,0.0,384}
  Initialized transformer.h.15.mlp.c_fc.blocks.2.weight (1024, 1024) on G_{1.0,0.0,384}

Initializing transformer.h.15.mlp.c_fc.blocks.3.: k=1, G_{1.0,0.0,384}, type=None
  Initialized transformer.h.15.attn.c_attn.blocks.2.weight (1024, 1024) on G_{1.0,0.0,384}

Initializing transformer.h.15.mlp.c_fc.blocks.0.: k=1, G_{1.0,0.0,384}, type=None
  Initialized transformer.h.12.mlp.c_fc.blocks.2.weight (1024, 1024) on G_{1.0,0.0,384}
  Initialized transformer.h.13.mlp.c_fc.blocks.2.weight (1024, 1024) on G_{1.0,0.0,384}
  Initialized transformer.h.15.mlp.c_fc.blocks.3.weight (1024, 1024) on G_{1.0,0.0,384}

Initializing transformer.h.16.attn.c_attn.blocks.0.: k=1, G_{1.0,0.0,384}, type=None
  Initialized transformer.h.15.mlp.c_fc.blocks.0.weight (1024, 1024) on G_{1.0,0.0,384}

Initializing transformer.h.15.mlp.c_fc.blocks.1.: k=1, G_{1.0,0.0,384}, type=None
  Initialized transformer.h.13.mlp.c_fc.blocks.2.weight (1024, 1024) on G_{1.0,0.0,384}
  Initialized transformer.h.14.mlp.c_fc.blocks.2.weight (1024, 1024) on G_{1.0,0.0,384}
  Initialized transformer.h.16.attn.c_attn.blocks.0.weight (1024, 1024) on G_{1.0,0.0,384}

Initializing transformer.h.16.attn.c_attn.blocks.1.: k=1, G_{1.0,0.0,384}, type=None
  Initialized transformer.h.15.mlp.c_fc.blocks.1.weight (1024, 1024) on G_{1.0,0.0,384}

Initializing transformer.h.15.mlp.c_fc.blocks.2.: k=1, G_{1.0,0.0,384}, type=None
  Initialized transformer.h.14.mlp.c_fc.blocks.2.weight (1024, 1024) on G_{1.0,0.0,384}
  Initialized transformer.h.15.mlp.c_fc.blocks.2.weight (1024, 1024) on G_{1.0,0.0,384}
  Initialized transformer.h.16.attn.c_attn.blocks.1.weight (1024, 1024) on G_{1.0,0.0,384}

Initializing transformer.h.16.attn.c_attn.blocks.2.: k=1, G_{1.0,0.0,384}, type=None
  Initialized transformer.h.15.mlp.c_fc.blocks.2.weight (1024, 1024) on G_{1.0,0.0,384}

Initializing transformer.h.15.mlp.c_fc.blocks.3.: k=1, G_{1.0,0.0,384}, type=None
  Initialized transformer.h.15.mlp.c_fc.blocks.2.weight (1024, 1024) on G_{1.0,0.0,384}
  Initialized transformer.h.16.mlp.c_fc.blocks.2.weight (1024, 1024) on G_{1.0,0.0,384}  Initialized transformer.h.16.attn.c_attn.blocks.2.weight (1024, 1024) on G_{1.0,0.0,384}


Initializing transformer.h.16.mlp.c_fc.blocks.0.: k=1, G_{1.0,0.0,384}, type=None
  Initialized transformer.h.15.mlp.c_fc.blocks.3.weight (1024, 1024) on G_{1.0,0.0,384}

Initializing transformer.h.16.attn.c_attn.blocks.0.: k=1, G_{1.0,0.0,384}, type=None
  Initialized transformer.h.16.mlp.c_fc.blocks.2.weight (1024, 1024) on G_{1.0,0.0,384}
  Initialized transformer.h.16.mlp.c_fc.blocks.0.weight (1024, 1024) on G_{1.0,0.0,384}
  Initialized transformer.h.17.mlp.c_fc.blocks.2.weight (1024, 1024) on G_{1.0,0.0,384}

Initializing transformer.h.16.mlp.c_fc.blocks.1.: k=1, G_{1.0,0.0,384}, type=None
  Initialized transformer.h.16.attn.c_attn.blocks.0.weight (1024, 1024) on G_{1.0,0.0,384}

Initializing transformer.h.16.attn.c_attn.blocks.1.: k=1, G_{1.0,0.0,384}, type=None
  Initialized transformer.h.17.mlp.c_fc.blocks.2.weight (1024, 1024) on G_{1.0,0.0,384}
  Initialized transformer.h.16.mlp.c_fc.blocks.1.weight (1024, 1024) on G_{1.0,0.0,384}
  Initialized transformer.h.18.mlp.c_fc.blocks.2.weight (1024, 1024) on G_{1.0,0.0,384}

Initializing transformer.h.16.mlp.c_fc.blocks.2.: k=1, G_{1.0,0.0,384}, type=None
  Initialized transformer.h.16.attn.c_attn.blocks.1.weight (1024, 1024) on G_{1.0,0.0,384}

Initializing transformer.h.16.attn.c_attn.blocks.2.: k=1, G_{1.0,0.0,384}, type=None
  Initialized transformer.h.18.mlp.c_fc.blocks.2.weight (1024, 1024) on G_{1.0,0.0,384}
  Initialized transformer.h.16.mlp.c_fc.blocks.2.weight (1024, 1024) on G_{1.0,0.0,384}
  Initialized transformer.h.19.mlp.c_fc.blocks.2.weight (1024, 1024) on G_{1.0,0.0,384}

Initializing transformer.h.16.mlp.c_fc.blocks.3.: k=1, G_{1.0,0.0,384}, type=None
  Initialized transformer.h.16.attn.c_attn.blocks.2.weight (1024, 1024) on G_{1.0,0.0,384}

Initializing transformer.h.16.mlp.c_fc.blocks.0.: k=1, G_{1.0,0.0,384}, type=None
  Initialized transformer.h.19.mlp.c_fc.blocks.2.weight (1024, 1024) on G_{1.0,0.0,384}
  Initialized transformer.h.16.mlp.c_fc.blocks.3.weight (1024, 1024) on G_{1.0,0.0,384}
  Initialized transformer.h.20.mlp.c_fc.blocks.2.weight (1024, 1024) on G_{1.0,0.0,384}

Initializing transformer.h.17.attn.c_attn.blocks.0.: k=1, G_{1.0,0.0,384}, type=None
  Initialized transformer.h.16.mlp.c_fc.blocks.0.weight (1024, 1024) on G_{1.0,0.0,384}

Initializing transformer.h.16.mlp.c_fc.blocks.1.: k=1, G_{1.0,0.0,384}, type=None
  Initialized transformer.h.20.mlp.c_fc.blocks.2.weight (1024, 1024) on G_{1.0,0.0,384}
  Initialized transformer.h.17.attn.c_attn.blocks.0.weight (1024, 1024) on G_{1.0,0.0,384}

Initializing transformer.h.17.attn.c_attn.blocks.1.: k=1, G_{1.0,0.0,384}, type=None
  Initialized transformer.h.21.mlp.c_fc.blocks.2.weight (1024, 1024) on G_{1.0,0.0,384}
  Initialized transformer.h.16.mlp.c_fc.blocks.1.weight (1024, 1024) on G_{1.0,0.0,384}

Initializing transformer.h.16.mlp.c_fc.blocks.2.: k=1, G_{1.0,0.0,384}, type=None
  Initialized transformer.h.21.mlp.c_fc.blocks.2.weight (1024, 1024) on G_{1.0,0.0,384}
  Initialized transformer.h.17.attn.c_attn.blocks.1.weight (1024, 1024) on G_{1.0,0.0,384}

Initializing transformer.h.17.attn.c_attn.blocks.2.: k=1, G_{1.0,0.0,384}, type=None
  Initialized transformer.h.22.mlp.c_fc.blocks.2.weight (1024, 1024) on G_{1.0,0.0,384}
  Initialized transformer.h.16.mlp.c_fc.blocks.2.weight (1024, 1024) on G_{1.0,0.0,384}

Initializing transformer.h.16.mlp.c_fc.blocks.3.: k=1, G_{1.0,0.0,384}, type=None
  Initialized transformer.h.22.mlp.c_fc.blocks.2.weight (1024, 1024) on G_{1.0,0.0,384}
  Initialized transformer.h.17.attn.c_attn.blocks.2.weight (1024, 1024) on G_{1.0,0.0,384}

Initializing transformer.h.17.mlp.c_fc.blocks.0.: k=1, G_{1.0,0.0,384}, type=None
  Initialized transformer.h.23.mlp.c_fc.blocks.2.weight (1024, 1024) on G_{1.0,0.0,384}

Initializing mlp.c_fc.blocks.3.: k=1, G_{1.0,0.0,384}, type=None
  Initialized transformer.h.16.mlp.c_fc.blocks.3.weight (1024, 1024) on G_{1.0,0.0,384}

Initializing transformer.h.17.attn.c_attn.blocks.0.: k=1, G_{1.0,0.0,384}, type=None
  Initialized transformer.h.23.mlp.c_fc.blocks.2.weight (1024, 1024) on G_{1.0,0.0,384}

Initializing mlp.c_fc.blocks.3.: k=1, G_{1.0,0.0,384}, type=None
  Initialized transformer.h.17.mlp.c_fc.blocks.0.weight (1024, 1024) on G_{1.0,0.0,384}

Initializing transformer.h.17.mlp.c_fc.blocks.1.: k=1, G_{1.0,0.0,384}, type=None
  Initialized transformer.h.0.mlp.c_fc.blocks.3.weight (1024, 1024) on G_{1.0,0.0,384}
  Initialized transformer.h.17.attn.c_attn.blocks.0.weight (1024, 1024) on G_{1.0,0.0,384}

Initializing transformer.h.17.attn.c_attn.blocks.1.: k=1, G_{1.0,0.0,384}, type=None
  Initialized transformer.h.0.mlp.c_fc.blocks.3.weight (1024, 1024) on G_{1.0,0.0,384}
  Initialized transformer.h.17.mlp.c_fc.blocks.1.weight (1024, 1024) on G_{1.0,0.0,384}

Initializing transformer.h.17.mlp.c_fc.blocks.2.: k=1, G_{1.0,0.0,384}, type=None
  Initialized transformer.h.1.mlp.c_fc.blocks.3.weight (1024, 1024) on G_{1.0,0.0,384}
  Initialized transformer.h.17.attn.c_attn.blocks.1.weight (1024, 1024) on G_{1.0,0.0,384}

Initializing transformer.h.17.attn.c_attn.blocks.2.: k=1, G_{1.0,0.0,384}, type=None
  Initialized transformer.h.1.mlp.c_fc.blocks.3.weight (1024, 1024) on G_{1.0,0.0,384}
  Initialized transformer.h.17.mlp.c_fc.blocks.2.weight (1024, 1024) on G_{1.0,0.0,384}

Initializing transformer.h.17.mlp.c_fc.blocks.3.: k=1, G_{1.0,0.0,384}, type=None
  Initialized transformer.h.2.mlp.c_fc.blocks.3.weight (1024, 1024) on G_{1.0,0.0,384}
  Initialized transformer.h.17.attn.c_attn.blocks.2.weight (1024, 1024) on G_{1.0,0.0,384}

Initializing transformer.h.17.mlp.c_fc.blocks.0.: k=1, G_{1.0,0.0,384}, type=None
  Initialized transformer.h.2.mlp.c_fc.blocks.3.weight (1024, 1024) on G_{1.0,0.0,384}
  Initialized transformer.h.17.mlp.c_fc.blocks.3.weight (1024, 1024) on G_{1.0,0.0,384}

Initializing transformer.h.18.attn.c_attn.blocks.0.: k=1, G_{1.0,0.0,384}, type=None
  Initialized transformer.h.3.mlp.c_fc.blocks.3.weight (1024, 1024) on G_{1.0,0.0,384}
  Initialized transformer.h.17.mlp.c_fc.blocks.0.weight (1024, 1024) on G_{1.0,0.0,384}

Initializing transformer.h.17.mlp.c_fc.blocks.1.: k=1, G_{1.0,0.0,384}, type=None
  Initialized transformer.h.3.mlp.c_fc.blocks.3.weight (1024, 1024) on G_{1.0,0.0,384}
  Initialized transformer.h.18.attn.c_attn.blocks.0.weight (1024, 1024) on G_{1.0,0.0,384}

Initializing transformer.h.18.attn.c_attn.blocks.1.: k=1, G_{1.0,0.0,384}, type=None
  Initialized transformer.h.4.mlp.c_fc.blocks.3.weight (1024, 1024) on G_{1.0,0.0,384}
  Initialized transformer.h.17.mlp.c_fc.blocks.1.weight (1024, 1024) on G_{1.0,0.0,384}

Initializing transformer.h.17.mlp.c_fc.blocks.2.: k=1, G_{1.0,0.0,384}, type=None
  Initialized transformer.h.4.mlp.c_fc.blocks.3.weight (1024, 1024) on G_{1.0,0.0,384}
  Initialized transformer.h.18.attn.c_attn.blocks.1.weight (1024, 1024) on G_{1.0,0.0,384}

Initializing transformer.h.18.attn.c_attn.blocks.2.: k=1, G_{1.0,0.0,384}, type=None
  Initialized transformer.h.5.mlp.c_fc.blocks.3.weight (1024, 1024) on G_{1.0,0.0,384}
  Initialized transformer.h.17.mlp.c_fc.blocks.2.weight (1024, 1024) on G_{1.0,0.0,384}

Initializing transformer.h.17.mlp.c_fc.blocks.3.: k=1, G_{1.0,0.0,384}, type=None
  Initialized transformer.h.5.mlp.c_fc.blocks.3.weight (1024, 1024) on G_{1.0,0.0,384}
  Initialized transformer.h.18.attn.c_attn.blocks.2.weight (1024, 1024) on G_{1.0,0.0,384}

Initializing transformer.h.18.mlp.c_fc.blocks.0.: k=1, G_{1.0,0.0,384}, type=None
  Initialized transformer.h.6.mlp.c_fc.blocks.3.weight (1024, 1024) on G_{1.0,0.0,384}
  Initialized transformer.h.17.mlp.c_fc.blocks.3.weight (1024, 1024) on G_{1.0,0.0,384}

Initializing transformer.h.18.attn.c_attn.blocks.0.: k=1, G_{1.0,0.0,384}, type=None
  Initialized transformer.h.6.mlp.c_fc.blocks.3.weight (1024, 1024) on G_{1.0,0.0,384}
  Initialized transformer.h.18.mlp.c_fc.blocks.0.weight (1024, 1024) on G_{1.0,0.0,384}

Initializing transformer.h.18.mlp.c_fc.blocks.1.: k=1, G_{1.0,0.0,384}, type=None
  Initialized transformer.h.7.mlp.c_fc.blocks.3.weight (1024, 1024) on G_{1.0,0.0,384}
  Initialized transformer.h.18.attn.c_attn.blocks.0.weight (1024, 1024) on G_{1.0,0.0,384}

Initializing transformer.h.18.attn.c_attn.blocks.1.: k=1, G_{1.0,0.0,384}, type=None
  Initialized transformer.h.7.mlp.c_fc.blocks.3.weight (1024, 1024) on G_{1.0,0.0,384}
  Initialized transformer.h.18.mlp.c_fc.blocks.1.weight (1024, 1024) on G_{1.0,0.0,384}

Initializing transformer.h.18.mlp.c_fc.blocks.2.: k=1, G_{1.0,0.0,384}, type=None
  Initialized transformer.h.8.mlp.c_fc.blocks.3.weight (1024, 1024) on G_{1.0,0.0,384}
  Initialized transformer.h.18.attn.c_attn.blocks.1.weight (1024, 1024) on G_{1.0,0.0,384}

Initializing transformer.h.18.attn.c_attn.blocks.2.: k=1, G_{1.0,0.0,384}, type=None
  Initialized transformer.h.8.mlp.c_fc.blocks.3.weight (1024, 1024) on G_{1.0,0.0,384}
  Initialized transformer.h.18.mlp.c_fc.blocks.2.weight (1024, 1024) on G_{1.0,0.0,384}

Initializing transformer.h.18.mlp.c_fc.blocks.3.: k=1, G_{1.0,0.0,384}, type=None
  Initialized transformer.h.9.mlp.c_fc.blocks.3.weight (1024, 1024) on G_{1.0,0.0,384}
  Initialized transformer.h.18.attn.c_attn.blocks.2.weight (1024, 1024) on G_{1.0,0.0,384}

Initializing transformer.h.18.mlp.c_fc.blocks.0.: k=1, G_{1.0,0.0,384}, type=None
  Initialized transformer.h.9.mlp.c_fc.blocks.3.weight (1024, 1024) on G_{1.0,0.0,384}
  Initialized transformer.h.18.mlp.c_fc.blocks.3.weight (1024, 1024) on G_{1.0,0.0,384}

Initializing transformer.h.19.attn.c_attn.blocks.0.: k=1, G_{1.0,0.0,384}, type=None
  Initialized transformer.h.10.mlp.c_fc.blocks.3.weight (1024, 1024) on G_{1.0,0.0,384}
  Initialized transformer.h.18.mlp.c_fc.blocks.0.weight (1024, 1024) on G_{1.0,0.0,384}

Initializing transformer.h.18.mlp.c_fc.blocks.1.: k=1, G_{1.0,0.0,384}, type=None
  Initialized transformer.h.10.mlp.c_fc.blocks.3.weight (1024, 1024) on G_{1.0,0.0,384}
  Initialized transformer.h.19.attn.c_attn.blocks.0.weight (1024, 1024) on G_{1.0,0.0,384}

Initializing transformer.h.19.attn.c_attn.blocks.1.: k=1, G_{1.0,0.0,384}, type=None
  Initialized transformer.h.11.mlp.c_fc.blocks.3.weight (1024, 1024) on G_{1.0,0.0,384}
  Initialized transformer.h.18.mlp.c_fc.blocks.1.weight (1024, 1024) on G_{1.0,0.0,384}

Initializing transformer.h.18.mlp.c_fc.blocks.2.: k=1, G_{1.0,0.0,384}, type=None
  Initialized transformer.h.11.mlp.c_fc.blocks.3.weight (1024, 1024) on G_{1.0,0.0,384}
  Initialized transformer.h.19.attn.c_attn.blocks.1.weight (1024, 1024) on G_{1.0,0.0,384}

Initializing transformer.h.19.attn.c_attn.blocks.2.: k=1, G_{1.0,0.0,384}, type=None
  Initialized transformer.h.12.mlp.c_fc.blocks.3.weight (1024, 1024) on G_{1.0,0.0,384}
  Initialized transformer.h.18.mlp.c_fc.blocks.2.weight (1024, 1024) on G_{1.0,0.0,384}

Initializing transformer.h.18.mlp.c_fc.blocks.3.: k=1, G_{1.0,0.0,384}, type=None
  Initialized transformer.h.12.mlp.c_fc.blocks.3.weight (1024, 1024) on G_{1.0,0.0,384}
  Initialized transformer.h.19.attn.c_attn.blocks.2.weight (1024, 1024) on G_{1.0,0.0,384}

Initializing transformer.h.19.mlp.c_fc.blocks.0.: k=1, G_{1.0,0.0,384}, type=None
  Initialized transformer.h.13.mlp.c_fc.blocks.3.weight (1024, 1024) on G_{1.0,0.0,384}
  Initialized transformer.h.18.mlp.c_fc.blocks.3.weight (1024, 1024) on G_{1.0,0.0,384}

Initializing transformer.h.19.attn.c_attn.blocks.0.: k=1, G_{1.0,0.0,384}, type=None
  Initialized transformer.h.13.mlp.c_fc.blocks.3.weight (1024, 1024) on G_{1.0,0.0,384}
  Initialized transformer.h.19.mlp.c_fc.blocks.0.weight (1024, 1024) on G_{1.0,0.0,384}

Initializing transformer.h.19.mlp.c_fc.blocks.1.: k=1, G_{1.0,0.0,384}, type=None
  Initialized transformer.h.14.mlp.c_fc.blocks.3.weight (1024, 1024) on G_{1.0,0.0,384}
  Initialized transformer.h.19.attn.c_attn.blocks.0.weight (1024, 1024) on G_{1.0,0.0,384}

Initializing transformer.h.19.attn.c_attn.blocks.1.: k=1, G_{1.0,0.0,384}, type=None
  Initialized transformer.h.14.mlp.c_fc.blocks.3.weight (1024, 1024) on G_{1.0,0.0,384}
  Initialized transformer.h.19.mlp.c_fc.blocks.1.weight (1024, 1024) on G_{1.0,0.0,384}

Initializing transformer.h.19.mlp.c_fc.blocks.2.: k=1, G_{1.0,0.0,384}, type=None
  Initialized transformer.h.15.mlp.c_fc.blocks.3.weight (1024, 1024) on G_{1.0,0.0,384}
  Initialized transformer.h.19.attn.c_attn.blocks.1.weight (1024, 1024) on G_{1.0,0.0,384}

Initializing transformer.h.19.attn.c_attn.blocks.2.: k=1, G_{1.0,0.0,384}, type=None
  Initialized transformer.h.15.mlp.c_fc.blocks.3.weight (1024, 1024) on G_{1.0,0.0,384}
  Initialized transformer.h.19.mlp.c_fc.blocks.2.weight (1024, 1024) on G_{1.0,0.0,384}

Initializing transformer.h.19.mlp.c_fc.blocks.3.: k=1, G_{1.0,0.0,384}, type=None
  Initialized transformer.h.16.mlp.c_fc.blocks.3.weight (1024, 1024) on G_{1.0,0.0,384}
  Initialized transformer.h.19.attn.c_attn.blocks.2.weight (1024, 1024) on G_{1.0,0.0,384}

Initializing transformer.h.19.mlp.c_fc.blocks.0.: k=1, G_{1.0,0.0,384}, type=None
  Initialized transformer.h.16.mlp.c_fc.blocks.3.weight (1024, 1024) on G_{1.0,0.0,384}
  Initialized transformer.h.19.mlp.c_fc.blocks.3.weight (1024, 1024) on G_{1.0,0.0,384}

Initializing transformer.h.20.attn.c_attn.blocks.0.: k=1, G_{1.0,0.0,384}, type=None
  Initialized transformer.h.17.mlp.c_fc.blocks.3.weight (1024, 1024) on G_{1.0,0.0,384}
  Initialized transformer.h.19.mlp.c_fc.blocks.0.weight (1024, 1024) on G_{1.0,0.0,384}

Initializing transformer.h.19.mlp.c_fc.blocks.1.: k=1, G_{1.0,0.0,384}, type=None
  Initialized transformer.h.17.mlp.c_fc.blocks.3.weight (1024, 1024) on G_{1.0,0.0,384}
  Initialized transformer.h.20.attn.c_attn.blocks.0.weight (1024, 1024) on G_{1.0,0.0,384}

Initializing transformer.h.20.attn.c_attn.blocks.1.: k=1, G_{1.0,0.0,384}, type=None
  Initialized transformer.h.18.mlp.c_fc.blocks.3.weight (1024, 1024) on G_{1.0,0.0,384}
  Initialized transformer.h.19.mlp.c_fc.blocks.1.weight (1024, 1024) on G_{1.0,0.0,384}

Initializing transformer.h.19.mlp.c_fc.blocks.2.: k=1, G_{1.0,0.0,384}, type=None
  Initialized transformer.h.18.mlp.c_fc.blocks.3.weight (1024, 1024) on G_{1.0,0.0,384}
  Initialized transformer.h.20.attn.c_attn.blocks.1.weight (1024, 1024) on G_{1.0,0.0,384}

Initializing transformer.h.20.attn.c_attn.blocks.2.: k=1, G_{1.0,0.0,384}, type=None
  Initialized transformer.h.19.mlp.c_fc.blocks.3.weight (1024, 1024) on G_{1.0,0.0,384}
  Initialized transformer.h.19.mlp.c_fc.blocks.2.weight (1024, 1024) on G_{1.0,0.0,384}

Initializing transformer.h.19.mlp.c_fc.blocks.3.: k=1, G_{1.0,0.0,384}, type=None
  Initialized transformer.h.19.mlp.c_fc.blocks.3.weight (1024, 1024) on G_{1.0,0.0,384}
  Initialized transformer.h.20.attn.c_attn.blocks.2.weight (1024, 1024) on G_{1.0,0.0,384}

Initializing transformer.h.20.mlp.c_fc.blocks.0.: k=1, G_{1.0,0.0,384}, type=None
  Initialized transformer.h.20.mlp.c_fc.blocks.3.weight (1024, 1024) on G_{1.0,0.0,384}
  Initialized transformer.h.19.mlp.c_fc.blocks.3.weight (1024, 1024) on G_{1.0,0.0,384}

Initializing transformer.h.20.attn.c_attn.blocks.0.: k=1, G_{1.0,0.0,384}, type=None
  Initialized transformer.h.20.mlp.c_fc.blocks.3.weight (1024, 1024) on G_{1.0,0.0,384}
  Initialized transformer.h.20.mlp.c_fc.blocks.0.weight (1024, 1024) on G_{1.0,0.0,384}

Initializing transformer.h.20.mlp.c_fc.blocks.1.: k=1, G_{1.0,0.0,384}, type=None
  Initialized transformer.h.21.mlp.c_fc.blocks.3.weight (1024, 1024) on G_{1.0,0.0,384}
  Initialized transformer.h.20.attn.c_attn.blocks.0.weight (1024, 1024) on G_{1.0,0.0,384}

Initializing transformer.h.20.attn.c_attn.blocks.1.: k=1, G_{1.0,0.0,384}, type=None
  Initialized transformer.h.21.mlp.c_fc.blocks.3.weight (1024, 1024) on G_{1.0,0.0,384}
  Initialized transformer.h.20.mlp.c_fc.blocks.1.weight (1024, 1024) on G_{1.0,0.0,384}

Initializing transformer.h.20.mlp.c_fc.blocks.2.: k=1, G_{1.0,0.0,384}, type=None
  Initialized transformer.h.22.mlp.c_fc.blocks.3.weight (1024, 1024) on G_{1.0,0.0,384}
  Initialized transformer.h.20.attn.c_attn.blocks.1.weight (1024, 1024) on G_{1.0,0.0,384}

Initializing transformer.h.20.attn.c_attn.blocks.2.: k=1, G_{1.0,0.0,384}, type=None
  Initialized transformer.h.22.mlp.c_fc.blocks.3.weight (1024, 1024) on G_{1.0,0.0,384}
  Initialized transformer.h.20.mlp.c_fc.blocks.2.weight (1024, 1024) on G_{1.0,0.0,384}

Initializing transformer.h.20.mlp.c_fc.blocks.3.: k=1, G_{1.0,0.0,384}, type=None
  Initialized transformer.h.23.mlp.c_fc.blocks.3.weight (1024, 1024) on G_{1.0,0.0,384}

Initializing transformer.h.1.attn.c_attn.blocks.0.: k=1, G_{1.0,0.0,384}, type=None
  Initialized transformer.h.20.attn.c_attn.blocks.2.weight (1024, 1024) on G_{1.0,0.0,384}

Initializing transformer.h.20.mlp.c_fc.blocks.0.: k=1, G_{1.0,0.0,384}, type=None
  Initialized transformer.h.23.mlp.c_fc.blocks.3.weight (1024, 1024) on G_{1.0,0.0,384}

Initializing transformer.h.1.attn.c_attn.blocks.0.: k=1, G_{1.0,0.0,384}, type=None
  Initialized transformer.h.20.mlp.c_fc.blocks.3.weight (1024, 1024) on G_{1.0,0.0,384}

Initializing transformer.h.21.attn.c_attn.blocks.0.: k=1, G_{1.0,0.0,384}, type=None
  Initialized transformer.h.1.attn.c_attn.blocks.0.weight (1024, 1024) on G_{1.0,0.0,384}

Initializing transformer.h.1.attn.c_attn.blocks.1.: k=1, G_{1.0,0.0,384}, type=None
  Initialized transformer.h.20.mlp.c_fc.blocks.0.weight (1024, 1024) on G_{1.0,0.0,384}

Initializing transformer.h.20.mlp.c_fc.blocks.1.: k=1, G_{1.0,0.0,384}, type=None
  Initialized transformer.h.1.attn.c_attn.blocks.0.weight (1024, 1024) on G_{1.0,0.0,384}
  Initialized transformer.h.21.attn.c_attn.blocks.0.weight (1024, 1024) on G_{1.0,0.0,384}

Initializing transformer.h.21.attn.c_attn.blocks.1.: k=1, G_{1.0,0.0,384}, type=None

Initializing transformer.h.1.attn.c_attn.blocks.1.: k=1, G_{1.0,0.0,384}, type=None
  Initialized transformer.h.1.attn.c_attn.blocks.1.weight (1024, 1024) on G_{1.0,0.0,384}

Initializing transformer.h.1.attn.c_attn.blocks.2.: k=1, G_{1.0,0.0,384}, type=None
  Initialized transformer.h.20.mlp.c_fc.blocks.1.weight (1024, 1024) on G_{1.0,0.0,384}

Initializing transformer.h.20.mlp.c_fc.blocks.2.: k=1, G_{1.0,0.0,384}, type=None
  Initialized transformer.h.1.attn.c_attn.blocks.1.weight (1024, 1024) on G_{1.0,0.0,384}
  Initialized transformer.h.21.attn.c_attn.blocks.1.weight (1024, 1024) on G_{1.0,0.0,384}

Initializing transformer.h.21.attn.c_attn.blocks.2.: k=1, G_{1.0,0.0,384}, type=None

Initializing transformer.h.1.attn.c_attn.blocks.2.: k=1, G_{1.0,0.0,384}, type=None
  Initialized transformer.h.1.attn.c_attn.blocks.2.weight (1024, 1024) on G_{1.0,0.0,384}

Initializing transformer.h.1.mlp.c_fc.blocks.0.: k=1, G_{1.0,0.0,384}, type=None
  Initialized transformer.h.20.mlp.c_fc.blocks.2.weight (1024, 1024) on G_{1.0,0.0,384}

Initializing transformer.h.20.mlp.c_fc.blocks.3.: k=1, G_{1.0,0.0,384}, type=None
  Initialized transformer.h.1.attn.c_attn.blocks.2.weight (1024, 1024) on G_{1.0,0.0,384}
  Initialized transformer.h.21.attn.c_attn.blocks.2.weight (1024, 1024) on G_{1.0,0.0,384}

Initializing transformer.h.21.mlp.c_fc.blocks.0.: k=1, G_{1.0,0.0,384}, type=None

Initializing transformer.h.1.mlp.c_fc.blocks.0.: k=1, G_{1.0,0.0,384}, type=None
  Initialized transformer.h.1.mlp.c_fc.blocks.0.weight (1024, 1024) on G_{1.0,0.0,384}

Initializing transformer.h.1.mlp.c_fc.blocks.1.: k=1, G_{1.0,0.0,384}, type=None
  Initialized transformer.h.20.mlp.c_fc.blocks.3.weight (1024, 1024) on G_{1.0,0.0,384}

Initializing transformer.h.21.attn.c_attn.blocks.0.: k=1, G_{1.0,0.0,384}, type=None
  Initialized transformer.h.1.mlp.c_fc.blocks.0.weight (1024, 1024) on G_{1.0,0.0,384}
  Initialized transformer.h.21.mlp.c_fc.blocks.0.weight (1024, 1024) on G_{1.0,0.0,384}

Initializing transformer.h.21.mlp.c_fc.blocks.1.: k=1, G_{1.0,0.0,384}, type=None

Initializing transformer.h.1.mlp.c_fc.blocks.1.: k=1, G_{1.0,0.0,384}, type=None
  Initialized transformer.h.1.mlp.c_fc.blocks.1.weight (1024, 1024) on G_{1.0,0.0,384}

Initializing transformer.h.1.mlp.c_fc.blocks.2.: k=1, G_{1.0,0.0,384}, type=None
  Initialized transformer.h.21.attn.c_attn.blocks.0.weight (1024, 1024) on G_{1.0,0.0,384}

Initializing transformer.h.21.attn.c_attn.blocks.1.: k=1, G_{1.0,0.0,384}, type=None
  Initialized transformer.h.1.mlp.c_fc.blocks.1.weight (1024, 1024) on G_{1.0,0.0,384}
  Initialized transformer.h.21.mlp.c_fc.blocks.1.weight (1024, 1024) on G_{1.0,0.0,384}

Initializing transformer.h.21.mlp.c_fc.blocks.2.: k=1, G_{1.0,0.0,384}, type=None

Initializing transformer.h.1.mlp.c_fc.blocks.2.: k=1, G_{1.0,0.0,384}, type=None
  Initialized transformer.h.1.mlp.c_fc.blocks.2.weight (1024, 1024) on G_{1.0,0.0,384}

Initializing transformer.h.1.mlp.c_fc.blocks.3.: k=1, G_{1.0,0.0,384}, type=None
  Initialized transformer.h.21.attn.c_attn.blocks.1.weight (1024, 1024) on G_{1.0,0.0,384}

Initializing transformer.h.21.attn.c_attn.blocks.2.: k=1, G_{1.0,0.0,384}, type=None
  Initialized transformer.h.1.mlp.c_fc.blocks.2.weight (1024, 1024) on G_{1.0,0.0,384}
  Initialized transformer.h.21.mlp.c_fc.blocks.2.weight (1024, 1024) on G_{1.0,0.0,384}

Initializing transformer.h.21.mlp.c_fc.blocks.3.: k=1, G_{1.0,0.0,384}, type=None

Initializing transformer.h.1.mlp.c_fc.blocks.3.: k=1, G_{1.0,0.0,384}, type=None
  Initialized transformer.h.1.mlp.c_fc.blocks.3.weight (1024, 1024) on G_{1.0,0.0,384}

Initializing transformer.h.2.attn.c_attn.blocks.0.: k=1, G_{1.0,0.0,384}, type=None
  Initialized transformer.h.21.attn.c_attn.blocks.2.weight (1024, 1024) on G_{1.0,0.0,384}

Initializing transformer.h.21.mlp.c_fc.blocks.0.: k=1, G_{1.0,0.0,384}, type=None
  Initialized transformer.h.1.mlp.c_fc.blocks.3.weight (1024, 1024) on G_{1.0,0.0,384}
  Initialized transformer.h.21.mlp.c_fc.blocks.3.weight (1024, 1024) on G_{1.0,0.0,384}

Initializing transformer.h.22.attn.c_attn.blocks.0.: k=1, G_{1.0,0.0,384}, type=None

Initializing transformer.h.2.attn.c_attn.blocks.0.: k=1, G_{1.0,0.0,384}, type=None
  Initialized transformer.h.2.attn.c_attn.blocks.0.weight (1024, 1024) on G_{1.0,0.0,384}

Initializing transformer.h.2.attn.c_attn.blocks.1.: k=1, G_{1.0,0.0,384}, type=None
  Initialized transformer.h.21.mlp.c_fc.blocks.0.weight (1024, 1024) on G_{1.0,0.0,384}

Initializing transformer.h.21.mlp.c_fc.blocks.1.: k=1, G_{1.0,0.0,384}, type=None
  Initialized transformer.h.2.attn.c_attn.blocks.0.weight (1024, 1024) on G_{1.0,0.0,384}
  Initialized transformer.h.22.attn.c_attn.blocks.0.weight (1024, 1024) on G_{1.0,0.0,384}

Initializing transformer.h.22.attn.c_attn.blocks.1.: k=1, G_{1.0,0.0,384}, type=None

Initializing transformer.h.2.attn.c_attn.blocks.1.: k=1, G_{1.0,0.0,384}, type=None
  Initialized transformer.h.2.attn.c_attn.blocks.1.weight (1024, 1024) on G_{1.0,0.0,384}

Initializing transformer.h.2.attn.c_attn.blocks.2.: k=1, G_{1.0,0.0,384}, type=None
  Initialized transformer.h.21.mlp.c_fc.blocks.1.weight (1024, 1024) on G_{1.0,0.0,384}

Initializing transformer.h.21.mlp.c_fc.blocks.2.: k=1, G_{1.0,0.0,384}, type=None
  Initialized transformer.h.2.attn.c_attn.blocks.1.weight (1024, 1024) on G_{1.0,0.0,384}
  Initialized transformer.h.22.attn.c_attn.blocks.1.weight (1024, 1024) on G_{1.0,0.0,384}

Initializing transformer.h.22.attn.c_attn.blocks.2.: k=1, G_{1.0,0.0,384}, type=None

Initializing transformer.h.2.attn.c_attn.blocks.2.: k=1, G_{1.0,0.0,384}, type=None
  Initialized transformer.h.2.attn.c_attn.blocks.2.weight (1024, 1024) on G_{1.0,0.0,384}

Initializing transformer.h.2.mlp.c_fc.blocks.0.: k=1, G_{1.0,0.0,384}, type=None
  Initialized transformer.h.21.mlp.c_fc.blocks.2.weight (1024, 1024) on G_{1.0,0.0,384}

Initializing transformer.h.21.mlp.c_fc.blocks.3.: k=1, G_{1.0,0.0,384}, type=None
  Initialized transformer.h.2.attn.c_attn.blocks.2.weight (1024, 1024) on G_{1.0,0.0,384}
  Initialized transformer.h.22.attn.c_attn.blocks.2.weight (1024, 1024) on G_{1.0,0.0,384}

Initializing transformer.h.22.mlp.c_fc.blocks.0.: k=1, G_{1.0,0.0,384}, type=None

Initializing transformer.h.2.mlp.c_fc.blocks.0.: k=1, G_{1.0,0.0,384}, type=None
  Initialized transformer.h.2.mlp.c_fc.blocks.0.weight (1024, 1024) on G_{1.0,0.0,384}

Initializing transformer.h.2.mlp.c_fc.blocks.1.: k=1, G_{1.0,0.0,384}, type=None
  Initialized transformer.h.21.mlp.c_fc.blocks.3.weight (1024, 1024) on G_{1.0,0.0,384}

Initializing transformer.h.22.attn.c_attn.blocks.0.: k=1, G_{1.0,0.0,384}, type=None
  Initialized transformer.h.2.mlp.c_fc.blocks.0.weight (1024, 1024) on G_{1.0,0.0,384}
  Initialized transformer.h.22.mlp.c_fc.blocks.0.weight (1024, 1024) on G_{1.0,0.0,384}

Initializing transformer.h.22.mlp.c_fc.blocks.1.: k=1, G_{1.0,0.0,384}, type=None

Initializing transformer.h.2.mlp.c_fc.blocks.1.: k=1, G_{1.0,0.0,384}, type=None
  Initialized transformer.h.2.mlp.c_fc.blocks.1.weight (1024, 1024) on G_{1.0,0.0,384}

Initializing transformer.h.2.mlp.c_fc.blocks.2.: k=1, G_{1.0,0.0,384}, type=None
  Initialized transformer.h.22.attn.c_attn.blocks.0.weight (1024, 1024) on G_{1.0,0.0,384}

Initializing transformer.h.22.attn.c_attn.blocks.1.: k=1, G_{1.0,0.0,384}, type=None
  Initialized transformer.h.2.mlp.c_fc.blocks.1.weight (1024, 1024) on G_{1.0,0.0,384}
  Initialized transformer.h.22.mlp.c_fc.blocks.1.weight (1024, 1024) on G_{1.0,0.0,384}

Initializing transformer.h.22.mlp.c_fc.blocks.2.: k=1, G_{1.0,0.0,384}, type=None

Initializing transformer.h.2.mlp.c_fc.blocks.2.: k=1, G_{1.0,0.0,384}, type=None
  Initialized transformer.h.2.mlp.c_fc.blocks.2.weight (1024, 1024) on G_{1.0,0.0,384}

Initializing transformer.h.2.mlp.c_fc.blocks.3.: k=1, G_{1.0,0.0,384}, type=None
  Initialized transformer.h.22.attn.c_attn.blocks.1.weight (1024, 1024) on G_{1.0,0.0,384}

Initializing transformer.h.22.attn.c_attn.blocks.2.: k=1, G_{1.0,0.0,384}, type=None
  Initialized transformer.h.2.mlp.c_fc.blocks.2.weight (1024, 1024) on G_{1.0,0.0,384}
  Initialized transformer.h.22.mlp.c_fc.blocks.2.weight (1024, 1024) on G_{1.0,0.0,384}

Initializing transformer.h.22.mlp.c_fc.blocks.3.: k=1, G_{1.0,0.0,384}, type=None

Initializing transformer.h.2.mlp.c_fc.blocks.3.: k=1, G_{1.0,0.0,384}, type=None
  Initialized transformer.h.2.mlp.c_fc.blocks.3.weight (1024, 1024) on G_{1.0,0.0,384}

Initializing transformer.h.3.attn.c_attn.blocks.0.: k=1, G_{1.0,0.0,384}, type=None
  Initialized transformer.h.22.attn.c_attn.blocks.2.weight (1024, 1024) on G_{1.0,0.0,384}

Initializing transformer.h.22.mlp.c_fc.blocks.0.: k=1, G_{1.0,0.0,384}, type=None
  Initialized transformer.h.2.mlp.c_fc.blocks.3.weight (1024, 1024) on G_{1.0,0.0,384}
  Initialized transformer.h.22.mlp.c_fc.blocks.3.weight (1024, 1024) on G_{1.0,0.0,384}

Initializing transformer.h.23.attn.c_attn.blocks.0.: k=1, G_{1.0,0.0,384}, type=None

Initializing transformer.h.3.attn.c_attn.blocks.0.: k=1, G_{1.0,0.0,384}, type=None
  Initialized transformer.h.3.attn.c_attn.blocks.0.weight (1024, 1024) on G_{1.0,0.0,384}

Initializing transformer.h.3.attn.c_attn.blocks.1.: k=1, G_{1.0,0.0,384}, type=None
  Initialized transformer.h.22.mlp.c_fc.blocks.0.weight (1024, 1024) on G_{1.0,0.0,384}

Initializing transformer.h.22.mlp.c_fc.blocks.1.: k=1, G_{1.0,0.0,384}, type=None
  Initialized transformer.h.3.attn.c_attn.blocks.0.weight (1024, 1024) on G_{1.0,0.0,384}
  Initialized transformer.h.23.attn.c_attn.blocks.0.weight (1024, 1024) on G_{1.0,0.0,384}

Initializing transformer.h.23.attn.c_attn.blocks.1.: k=1, G_{1.0,0.0,384}, type=None

Initializing transformer.h.3.attn.c_attn.blocks.1.: k=1, G_{1.0,0.0,384}, type=None
  Initialized transformer.h.3.attn.c_attn.blocks.1.weight (1024, 1024) on G_{1.0,0.0,384}

Initializing transformer.h.3.attn.c_attn.blocks.2.: k=1, G_{1.0,0.0,384}, type=None
  Initialized transformer.h.22.mlp.c_fc.blocks.1.weight (1024, 1024) on G_{1.0,0.0,384}

Initializing transformer.h.22.mlp.c_fc.blocks.2.: k=1, G_{1.0,0.0,384}, type=None
  Initialized transformer.h.3.attn.c_attn.blocks.1.weight (1024, 1024) on G_{1.0,0.0,384}
  Initialized transformer.h.23.attn.c_attn.blocks.1.weight (1024, 1024) on G_{1.0,0.0,384}

Initializing transformer.h.23.attn.c_attn.blocks.2.: k=1, G_{1.0,0.0,384}, type=None

Initializing transformer.h.3.attn.c_attn.blocks.2.: k=1, G_{1.0,0.0,384}, type=None
  Initialized transformer.h.3.attn.c_attn.blocks.2.weight (1024, 1024) on G_{1.0,0.0,384}

Initializing transformer.h.3.mlp.c_fc.blocks.0.: k=1, G_{1.0,0.0,384}, type=None
  Initialized transformer.h.22.mlp.c_fc.blocks.2.weight (1024, 1024) on G_{1.0,0.0,384}

Initializing transformer.h.22.mlp.c_fc.blocks.3.: k=1, G_{1.0,0.0,384}, type=None
  Initialized transformer.h.3.attn.c_attn.blocks.2.weight (1024, 1024) on G_{1.0,0.0,384}
  Initialized transformer.h.23.attn.c_attn.blocks.2.weight (1024, 1024) on G_{1.0,0.0,384}

Initializing transformer.h.23.mlp.c_fc.blocks.0.: k=1, G_{1.0,0.0,384}, type=None

Initializing transformer.h.3.mlp.c_fc.blocks.0.: k=1, G_{1.0,0.0,384}, type=None
  Initialized transformer.h.3.mlp.c_fc.blocks.0.weight (1024, 1024) on G_{1.0,0.0,384}

Initializing transformer.h.3.mlp.c_fc.blocks.1.: k=1, G_{1.0,0.0,384}, type=None
  Initialized transformer.h.22.mlp.c_fc.blocks.3.weight (1024, 1024) on G_{1.0,0.0,384}

Initializing transformer.h.23.attn.c_attn.blocks.0.: k=1, G_{1.0,0.0,384}, type=None
  Initialized transformer.h.3.mlp.c_fc.blocks.0.weight (1024, 1024) on G_{1.0,0.0,384}
  Initialized transformer.h.23.mlp.c_fc.blocks.0.weight (1024, 1024) on G_{1.0,0.0,384}

Initializing transformer.h.23.mlp.c_fc.blocks.1.: k=1, G_{1.0,0.0,384}, type=None

Initializing transformer.h.3.mlp.c_fc.blocks.1.: k=1, G_{1.0,0.0,384}, type=None
  Initialized transformer.h.3.mlp.c_fc.blocks.1.weight (1024, 1024) on G_{1.0,0.0,384}

Initializing transformer.h.3.mlp.c_fc.blocks.2.: k=1, G_{1.0,0.0,384}, type=None
  Initialized transformer.h.23.attn.c_attn.blocks.0.weight (1024, 1024) on G_{1.0,0.0,384}

Initializing transformer.h.23.attn.c_attn.blocks.1.: k=1, G_{1.0,0.0,384}, type=None
  Initialized transformer.h.23.mlp.c_fc.blocks.1.weight (1024, 1024) on G_{1.0,0.0,384}

Initializing transformer.h.23.mlp.c_fc.blocks.2.: k=1, G_{1.0,0.0,384}, type=None
  Initialized transformer.h.3.mlp.c_fc.blocks.1.weight (1024, 1024) on G_{1.0,0.0,384}

Initializing transformer.h.3.mlp.c_fc.blocks.2.: k=1, G_{1.0,0.0,384}, type=None
  Initialized transformer.h.3.mlp.c_fc.blocks.2.weight (1024, 1024) on G_{1.0,0.0,384}

Initializing transformer.h.3.mlp.c_fc.blocks.3.: k=1, G_{1.0,0.0,384}, type=None
  Initialized transformer.h.23.attn.c_attn.blocks.1.weight (1024, 1024) on G_{1.0,0.0,384}

Initializing transformer.h.23.attn.c_attn.blocks.2.: k=1, G_{1.0,0.0,384}, type=None
  Initialized transformer.h.23.mlp.c_fc.blocks.2.weight (1024, 1024) on G_{1.0,0.0,384}

Initializing transformer.h.23.mlp.c_fc.blocks.3.: k=1, G_{1.0,0.0,384}, type=None
  Initialized transformer.h.3.mlp.c_fc.blocks.2.weight (1024, 1024) on G_{1.0,0.0,384}

Initializing transformer.h.3.mlp.c_fc.blocks.3.: k=1, G_{1.0,0.0,384}, type=None
  Initialized transformer.h.3.mlp.c_fc.blocks.3.weight (1024, 1024) on G_{1.0,0.0,384}

Initializing transformer.h.4.attn.c_attn.blocks.0.: k=1, G_{1.0,0.0,384}, type=None
  Initialized transformer.h.23.attn.c_attn.blocks.2.weight (1024, 1024) on G_{1.0,0.0,384}

Initializing transformer.h.23.mlp.c_fc.blocks.0.: k=1, G_{1.0,0.0,384}, type=None
  Initialized transformer.h.23.mlp.c_fc.blocks.3.weight (1024, 1024) on G_{1.0,0.0,384}

Grassmann block initialization complete.

=== Setting up component-specific dropout ===
AdamW components: dropout = 0.1
Grassmann components: dropout = 0.05
  Initialized transformer.h.3.mlp.c_fc.blocks.3.weight (1024, 1024) on G_{1.0,0.0,384}
Component-specific dropout setup complete.

=== Setting up norm-preserving scaling (Phase phase3) ===

Initializing transformer.h.4.attn.c_attn.blocks.0.: k=1, G_{1.0,0.0,384}, type=None
  Initialized transformer.h.4.attn.c_attn.blocks.0.weight (1024, 1024) on G_{1.0,0.0,384}

Initializing transformer.h.4.attn.c_attn.blocks.1.: k=1, G_{1.0,0.0,384}, type=None
  Initialized transformer.h.23.mlp.c_fc.blocks.0.weight (1024, 1024) on G_{1.0,0.0,384}

Initializing transformer.h.23.mlp.c_fc.blocks.1.: k=1, G_{1.0,0.0,384}, type=None
  Initialized transformer.h.4.attn.c_attn.blocks.0.weight (1024, 1024) on G_{1.0,0.0,384}

Initializing transformer.h.4.attn.c_attn.blocks.1.: k=1, G_{1.0,0.0,384}, type=None
  Initialized transformer.h.4.attn.c_attn.blocks.1.weight (1024, 1024) on G_{1.0,0.0,384}

Initializing transformer.h.4.attn.c_attn.blocks.2.: k=1, G_{1.0,0.0,384}, type=None
  Initialized transformer.h.23.mlp.c_fc.blocks.1.weight (1024, 1024) on G_{1.0,0.0,384}

Initializing transformer.h.23.mlp.c_fc.blocks.2.: k=1, G_{1.0,0.0,384}, type=None
  Initialized transformer.h.4.attn.c_attn.blocks.1.weight (1024, 1024) on G_{1.0,0.0,384}

Initializing transformer.h.4.attn.c_attn.blocks.2.: k=1, G_{1.0,0.0,384}, type=None
  Initialized transformer.h.4.attn.c_attn.blocks.2.weight (1024, 1024) on G_{1.0,0.0,384}

Initializing transformer.h.4.mlp.c_fc.blocks.0.: k=1, G_{1.0,0.0,384}, type=None
  Initialized transformer.h.23.mlp.c_fc.blocks.2.weight (1024, 1024) on G_{1.0,0.0,384}

Initializing transformer.h.23.mlp.c_fc.blocks.3.: k=1, G_{1.0,0.0,384}, type=None
  Initialized transformer.h.4.attn.c_attn.blocks.2.weight (1024, 1024) on G_{1.0,0.0,384}

Initializing transformer.h.4.mlp.c_fc.blocks.0.: k=1, G_{1.0,0.0,384}, type=None
  Initialized transformer.h.4.mlp.c_fc.blocks.0.weight (1024, 1024) on G_{1.0,0.0,384}

Initializing transformer.h.4.mlp.c_fc.blocks.1.: k=1, G_{1.0,0.0,384}, type=None
  Initialized transformer.h.23.mlp.c_fc.blocks.3.weight (1024, 1024) on G_{1.0,0.0,384}

Grassmann block initialization complete.

=== Setting up component-specific dropout ===
AdamW components: dropout = 0.1
Grassmann components: dropout = 0.05
  Initialized transformer.h.4.mlp.c_fc.blocks.0.weight (1024, 1024) on G_{1.0,0.0,384}
Component-specific dropout setup complete.

=== Setting up norm-preserving scaling (Phase phase3) ===

Initializing transformer.h.4.mlp.c_fc.blocks.1.: k=1, G_{1.0,0.0,384}, type=None
  Initialized transformer.h.4.mlp.c_fc.blocks.1.weight (1024, 1024) on G_{1.0,0.0,384}

Initializing transformer.h.4.mlp.c_fc.blocks.2.: k=1, G_{1.0,0.0,384}, type=None
  Initialized transformer.h.4.mlp.c_fc.blocks.1.weight (1024, 1024) on G_{1.0,0.0,384}

Initializing transformer.h.4.mlp.c_fc.blocks.2.: k=1, G_{1.0,0.0,384}, type=None
  Initialized transformer.h.4.mlp.c_fc.blocks.2.weight (1024, 1024) on G_{1.0,0.0,384}

Initializing transformer.h.4.mlp.c_fc.blocks.3.: k=1, G_{1.0,0.0,384}, type=None
  Initialized transformer.h.4.mlp.c_fc.blocks.2.weight (1024, 1024) on G_{1.0,0.0,384}

Initializing transformer.h.4.mlp.c_fc.blocks.3.: k=1, G_{1.0,0.0,384}, type=None
  Initialized transformer.h.4.mlp.c_fc.blocks.3.weight (1024, 1024) on G_{1.0,0.0,384}

Initializing transformer.h.5.attn.c_attn.blocks.0.: k=1, G_{1.0,0.0,384}, type=None
  Initialized transformer.h.4.mlp.c_fc.blocks.3.weight (1024, 1024) on G_{1.0,0.0,384}

Initializing transformer.h.5.attn.c_attn.blocks.0.: k=1, G_{1.0,0.0,384}, type=None
  Initialized transformer.h.5.attn.c_attn.blocks.0.weight (1024, 1024) on G_{1.0,0.0,384}

Initializing transformer.h.5.attn.c_attn.blocks.1.: k=1, G_{1.0,0.0,384}, type=None
  Initialized transformer.h.5.attn.c_attn.blocks.0.weight (1024, 1024) on G_{1.0,0.0,384}

Initializing transformer.h.5.attn.c_attn.blocks.1.: k=1, G_{1.0,0.0,384}, type=None
  Initialized transformer.h.5.attn.c_attn.blocks.1.weight (1024, 1024) on G_{1.0,0.0,384}

Initializing transformer.h.5.attn.c_attn.blocks.2.: k=1, G_{1.0,0.0,384}, type=None
  Initialized transformer.h.5.attn.c_attn.blocks.1.weight (1024, 1024) on G_{1.0,0.0,384}

Initializing transformer.h.5.attn.c_attn.blocks.2.: k=1, G_{1.0,0.0,384}, type=None
  Initialized transformer.h.5.attn.c_attn.blocks.2.weight (1024, 1024) on G_{1.0,0.0,384}

Initializing transformer.h.5.mlp.c_fc.blocks.0.: k=1, G_{1.0,0.0,384}, type=None
  Initialized transformer.h.5.attn.c_attn.blocks.2.weight (1024, 1024) on G_{1.0,0.0,384}

Initializing transformer.h.5.mlp.c_fc.blocks.0.: k=1, G_{1.0,0.0,384}, type=None
  Initialized transformer.h.5.mlp.c_fc.blocks.0.weight (1024, 1024) on G_{1.0,0.0,384}

Initializing transformer.h.5.mlp.c_fc.blocks.1.: k=1, G_{1.0,0.0,384}, type=None
  Initialized transformer.h.5.mlp.c_fc.blocks.0.weight (1024, 1024) on G_{1.0,0.0,384}

Initializing transformer.h.5.mlp.c_fc.blocks.1.: k=1, G_{1.0,0.0,384}, type=None
  Initialized transformer.h.5.mlp.c_fc.blocks.1.weight (1024, 1024) on G_{1.0,0.0,384}

Initializing transformer.h.5.mlp.c_fc.blocks.2.: k=1, G_{1.0,0.0,384}, type=None
  Initialized transformer.h.5.mlp.c_fc.blocks.1.weight (1024, 1024) on G_{1.0,0.0,384}

Initializing transformer.h.5.mlp.c_fc.blocks.2.: k=1, G_{1.0,0.0,384}, type=None
  Initialized transformer.h.5.mlp.c_fc.blocks.2.weight (1024, 1024) on G_{1.0,0.0,384}

Initializing transformer.h.5.mlp.c_fc.blocks.3.: k=1, G_{1.0,0.0,384}, type=None
  Initialized transformer.h.5.mlp.c_fc.blocks.2.weight (1024, 1024) on G_{1.0,0.0,384}

Initializing transformer.h.5.mlp.c_fc.blocks.3.: k=1, G_{1.0,0.0,384}, type=None
  Initialized transformer.h.5.mlp.c_fc.blocks.3.weight (1024, 1024) on G_{1.0,0.0,384}

Initializing transformer.h.6.attn.c_attn.blocks.0.: k=1, G_{1.0,0.0,384}, type=None
  Initialized transformer.h.5.mlp.c_fc.blocks.3.weight (1024, 1024) on G_{1.0,0.0,384}

Initializing transformer.h.6.attn.c_attn.blocks.0.: k=1, G_{1.0,0.0,384}, type=None
  Initialized transformer.h.6.attn.c_attn.blocks.0.weight (1024, 1024) on G_{1.0,0.0,384}

Initializing transformer.h.6.attn.c_attn.blocks.1.: k=1, G_{1.0,0.0,384}, type=None
  Initialized transformer.h.6.attn.c_attn.blocks.0.weight (1024, 1024) on G_{1.0,0.0,384}

Initializing transformer.h.6.attn.c_attn.blocks.1.: k=1, G_{1.0,0.0,384}, type=None
  Initialized transformer.h.6.attn.c_attn.blocks.1.weight (1024, 1024) on G_{1.0,0.0,384}

Initializing transformer.h.6.attn.c_attn.blocks.2.: k=1, G_{1.0,0.0,384}, type=None
  Initialized transformer.h.6.attn.c_attn.blocks.1.weight (1024, 1024) on G_{1.0,0.0,384}

Initializing transformer.h.6.attn.c_attn.blocks.2.: k=1, G_{1.0,0.0,384}, type=None
  Initialized transformer.h.6.attn.c_attn.blocks.2.weight (1024, 1024) on G_{1.0,0.0,384}

Initializing transformer.h.6.mlp.c_fc.blocks.0.: k=1, G_{1.0,0.0,384}, type=None
  Initialized transformer.h.6.attn.c_attn.blocks.2.weight (1024, 1024) on G_{1.0,0.0,384}

Initializing transformer.h.6.mlp.c_fc.blocks.0.: k=1, G_{1.0,0.0,384}, type=None
  Initialized transformer.h.6.mlp.c_fc.blocks.0.weight (1024, 1024) on G_{1.0,0.0,384}

Initializing transformer.h.6.mlp.c_fc.blocks.1.: k=1, G_{1.0,0.0,384}, type=None
  Initialized transformer.h.6.mlp.c_fc.blocks.0.weight (1024, 1024) on G_{1.0,0.0,384}

Initializing transformer.h.6.mlp.c_fc.blocks.1.: k=1, G_{1.0,0.0,384}, type=None
  Initialized transformer.h.6.mlp.c_fc.blocks.1.weight (1024, 1024) on G_{1.0,0.0,384}

Initializing transformer.h.6.mlp.c_fc.blocks.2.: k=1, G_{1.0,0.0,384}, type=None
  Initialized transformer.h.6.mlp.c_fc.blocks.1.weight (1024, 1024) on G_{1.0,0.0,384}

Initializing transformer.h.6.mlp.c_fc.blocks.2.: k=1, G_{1.0,0.0,384}, type=None
  Initialized transformer.h.6.mlp.c_fc.blocks.2.weight (1024, 1024) on G_{1.0,0.0,384}

Initializing transformer.h.6.mlp.c_fc.blocks.3.: k=1, G_{1.0,0.0,384}, type=None
  Initialized transformer.h.6.mlp.c_fc.blocks.2.weight (1024, 1024) on G_{1.0,0.0,384}

Initializing transformer.h.6.mlp.c_fc.blocks.3.: k=1, G_{1.0,0.0,384}, type=None
  Initialized transformer.h.6.mlp.c_fc.blocks.3.weight (1024, 1024) on G_{1.0,0.0,384}

Initializing transformer.h.7.attn.c_attn.blocks.0.: k=1, G_{1.0,0.0,384}, type=None
  Initialized transformer.h.6.mlp.c_fc.blocks.3.weight (1024, 1024) on G_{1.0,0.0,384}

Initializing transformer.h.7.attn.c_attn.blocks.0.: k=1, G_{1.0,0.0,384}, type=None
  Initialized transformer.h.7.attn.c_attn.blocks.0.weight (1024, 1024) on G_{1.0,0.0,384}

Initializing transformer.h.7.attn.c_attn.blocks.1.: k=1, G_{1.0,0.0,384}, type=None
  Initialized transformer.h.7.attn.c_attn.blocks.0.weight (1024, 1024) on G_{1.0,0.0,384}

Initializing transformer.h.7.attn.c_attn.blocks.1.: k=1, G_{1.0,0.0,384}, type=None
  Initialized transformer.h.7.attn.c_attn.blocks.1.weight (1024, 1024) on G_{1.0,0.0,384}

Initializing transformer.h.7.attn.c_attn.blocks.2.: k=1, G_{1.0,0.0,384}, type=None
  Initialized transformer.h.7.attn.c_attn.blocks.1.weight (1024, 1024) on G_{1.0,0.0,384}

Initializing transformer.h.7.attn.c_attn.blocks.2.: k=1, G_{1.0,0.0,384}, type=None
  Initialized transformer.h.7.attn.c_attn.blocks.2.weight (1024, 1024) on G_{1.0,0.0,384}

Initializing transformer.h.7.mlp.c_fc.blocks.0.: k=1, G_{1.0,0.0,384}, type=None
  Initialized transformer.h.7.attn.c_attn.blocks.2.weight (1024, 1024) on G_{1.0,0.0,384}

Initializing transformer.h.7.mlp.c_fc.blocks.0.: k=1, G_{1.0,0.0,384}, type=None
  Initialized transformer.h.7.mlp.c_fc.blocks.0.weight (1024, 1024) on G_{1.0,0.0,384}

Initializing transformer.h.7.mlp.c_fc.blocks.1.: k=1, G_{1.0,0.0,384}, type=None
  Initialized transformer.h.7.mlp.c_fc.blocks.0.weight (1024, 1024) on G_{1.0,0.0,384}

Initializing transformer.h.7.mlp.c_fc.blocks.1.: k=1, G_{1.0,0.0,384}, type=None
  Initialized transformer.h.7.mlp.c_fc.blocks.1.weight (1024, 1024) on G_{1.0,0.0,384}

Initializing transformer.h.7.mlp.c_fc.blocks.2.: k=1, G_{1.0,0.0,384}, type=None
  Initialized transformer.h.7.mlp.c_fc.blocks.1.weight (1024, 1024) on G_{1.0,0.0,384}

Initializing transformer.h.7.mlp.c_fc.blocks.2.: k=1, G_{1.0,0.0,384}, type=None
  Initialized transformer.h.7.mlp.c_fc.blocks.2.weight (1024, 1024) on G_{1.0,0.0,384}

Initializing transformer.h.7.mlp.c_fc.blocks.3.: k=1, G_{1.0,0.0,384}, type=None
  Added frozen 0.5×I scaling after mlp.c_fc (device=cuda:2)
  Initialized transformer.h.7.mlp.c_fc.blocks.2.weight (1024, 1024) on G_{1.0,0.0,384}

Initializing transformer.h.7.mlp.c_fc.blocks.3.: k=1, G_{1.0,0.0,384}, type=None
  Initialized transformer.h.7.mlp.c_fc.blocks.3.weight (1024, 1024) on G_{1.0,0.0,384}

Initializing transformer.h.8.attn.c_attn.blocks.0.: k=1, G_{1.0,0.0,384}, type=None
  Initialized transformer.h.7.mlp.c_fc.blocks.3.weight (1024, 1024) on G_{1.0,0.0,384}

Initializing transformer.h.8.attn.c_attn.blocks.0.: k=1, G_{1.0,0.0,384}, type=None
  Initialized transformer.h.8.attn.c_attn.blocks.0.weight (1024, 1024) on G_{1.0,0.0,384}

Initializing transformer.h.8.attn.c_attn.blocks.1.: k=1, G_{1.0,0.0,384}, type=None
  Initialized transformer.h.8.attn.c_attn.blocks.0.weight (1024, 1024) on G_{1.0,0.0,384}

Initializing transformer.h.8.attn.c_attn.blocks.1.: k=1, G_{1.0,0.0,384}, type=None
  Initialized transformer.h.8.attn.c_attn.blocks.1.weight (1024, 1024) on G_{1.0,0.0,384}

Initializing transformer.h.8.attn.c_attn.blocks.2.: k=1, G_{1.0,0.0,384}, type=None
  Initialized transformer.h.8.attn.c_attn.blocks.1.weight (1024, 1024) on G_{1.0,0.0,384}

Initializing transformer.h.8.attn.c_attn.blocks.2.: k=1, G_{1.0,0.0,384}, type=None
  Initialized transformer.h.8.attn.c_attn.blocks.2.weight (1024, 1024) on G_{1.0,0.0,384}

Initializing transformer.h.8.mlp.c_fc.blocks.0.: k=1, G_{1.0,0.0,384}, type=None
  Added frozen 0.5×I scaling after mlp.c_fc (device=cuda:0)
  Initialized transformer.h.8.attn.c_attn.blocks.2.weight (1024, 1024) on G_{1.0,0.0,384}

Initializing transformer.h.8.mlp.c_fc.blocks.0.: k=1, G_{1.0,0.0,384}, type=None
  Initialized transformer.h.8.mlp.c_fc.blocks.0.weight (1024, 1024) on G_{1.0,0.0,384}

Initializing transformer.h.8.mlp.c_fc.blocks.1.: k=1, G_{1.0,0.0,384}, type=None
  Initialized transformer.h.8.mlp.c_fc.blocks.0.weight (1024, 1024) on G_{1.0,0.0,384}

Initializing transformer.h.8.mlp.c_fc.blocks.1.: k=1, G_{1.0,0.0,384}, type=None
  Initialized transformer.h.8.mlp.c_fc.blocks.1.weight (1024, 1024) on G_{1.0,0.0,384}

Initializing transformer.h.8.mlp.c_fc.blocks.2.: k=1, G_{1.0,0.0,384}, type=None
  Initialized transformer.h.8.mlp.c_fc.blocks.1.weight (1024, 1024) on G_{1.0,0.0,384}

Initializing transformer.h.8.mlp.c_fc.blocks.2.: k=1, G_{1.0,0.0,384}, type=None
  Initialized transformer.h.8.mlp.c_fc.blocks.2.weight (1024, 1024) on G_{1.0,0.0,384}

Initializing transformer.h.8.mlp.c_fc.blocks.3.: k=1, G_{1.0,0.0,384}, type=None
  Initialized transformer.h.8.mlp.c_fc.blocks.2.weight (1024, 1024) on G_{1.0,0.0,384}

Initializing transformer.h.8.mlp.c_fc.blocks.3.: k=1, G_{1.0,0.0,384}, type=None
  Initialized transformer.h.8.mlp.c_fc.blocks.3.weight (1024, 1024) on G_{1.0,0.0,384}

Initializing transformer.h.9.attn.c_attn.blocks.0.: k=1, G_{1.0,0.0,384}, type=None
  Initialized transformer.h.8.mlp.c_fc.blocks.3.weight (1024, 1024) on G_{1.0,0.0,384}

Initializing transformer.h.9.attn.c_attn.blocks.0.: k=1, G_{1.0,0.0,384}, type=None
  Initialized transformer.h.9.attn.c_attn.blocks.0.weight (1024, 1024) on G_{1.0,0.0,384}

Initializing transformer.h.9.attn.c_attn.blocks.1.: k=1, G_{1.0,0.0,384}, type=None
  Initialized transformer.h.9.attn.c_attn.blocks.0.weight (1024, 1024) on G_{1.0,0.0,384}

Initializing transformer.h.9.attn.c_attn.blocks.1.: k=1, G_{1.0,0.0,384}, type=None
  Initialized transformer.h.9.attn.c_attn.blocks.1.weight (1024, 1024) on G_{1.0,0.0,384}

Initializing transformer.h.9.attn.c_attn.blocks.2.: k=1, G_{1.0,0.0,384}, type=None
  Initialized transformer.h.9.attn.c_attn.blocks.1.weight (1024, 1024) on G_{1.0,0.0,384}

Initializing transformer.h.9.attn.c_attn.blocks.2.: k=1, G_{1.0,0.0,384}, type=None
  Initialized transformer.h.9.attn.c_attn.blocks.2.weight (1024, 1024) on G_{1.0,0.0,384}

Initializing transformer.h.9.mlp.c_fc.blocks.0.: k=1, G_{1.0,0.0,384}, type=None
  Initialized transformer.h.9.attn.c_attn.blocks.2.weight (1024, 1024) on G_{1.0,0.0,384}

Initializing transformer.h.9.mlp.c_fc.blocks.0.: k=1, G_{1.0,0.0,384}, type=None
  Initialized transformer.h.9.mlp.c_fc.blocks.0.weight (1024, 1024) on G_{1.0,0.0,384}

Initializing transformer.h.9.mlp.c_fc.blocks.1.: k=1, G_{1.0,0.0,384}, type=None
  Initialized transformer.h.9.mlp.c_fc.blocks.0.weight (1024, 1024) on G_{1.0,0.0,384}

Initializing transformer.h.9.mlp.c_fc.blocks.1.: k=1, G_{1.0,0.0,384}, type=None
  Initialized transformer.h.9.mlp.c_fc.blocks.1.weight (1024, 1024) on G_{1.0,0.0,384}

Initializing transformer.h.9.mlp.c_fc.blocks.2.: k=1, G_{1.0,0.0,384}, type=None
  Initialized transformer.h.9.mlp.c_fc.blocks.1.weight (1024, 1024) on G_{1.0,0.0,384}

Initializing transformer.h.9.mlp.c_fc.blocks.2.: k=1, G_{1.0,0.0,384}, type=None
  Initialized transformer.h.9.mlp.c_fc.blocks.2.weight (1024, 1024) on G_{1.0,0.0,384}

Initializing transformer.h.9.mlp.c_fc.blocks.3.: k=1, G_{1.0,0.0,384}, type=None
  Initialized transformer.h.9.mlp.c_fc.blocks.2.weight (1024, 1024) on G_{1.0,0.0,384}

Initializing transformer.h.9.mlp.c_fc.blocks.3.: k=1, G_{1.0,0.0,384}, type=None
  Initialized transformer.h.9.mlp.c_fc.blocks.3.weight (1024, 1024) on G_{1.0,0.0,384}

Initializing transformer.h.10.attn.c_attn.blocks.0.: k=1, G_{1.0,0.0,384}, type=None
  Initialized transformer.h.9.mlp.c_fc.blocks.3.weight (1024, 1024) on G_{1.0,0.0,384}

Initializing transformer.h.10.attn.c_attn.blocks.0.: k=1, G_{1.0,0.0,384}, type=None
  Initialized transformer.h.10.attn.c_attn.blocks.0.weight (1024, 1024) on G_{1.0,0.0,384}

Initializing transformer.h.10.attn.c_attn.blocks.1.: k=1, G_{1.0,0.0,384}, type=None
  Initialized transformer.h.10.attn.c_attn.blocks.0.weight (1024, 1024) on G_{1.0,0.0,384}

Initializing transformer.h.10.attn.c_attn.blocks.1.: k=1, G_{1.0,0.0,384}, type=None
  Initialized transformer.h.10.attn.c_attn.blocks.1.weight (1024, 1024) on G_{1.0,0.0,384}

Initializing transformer.h.10.attn.c_attn.blocks.2.: k=1, G_{1.0,0.0,384}, type=None
  Initialized transformer.h.10.attn.c_attn.blocks.1.weight (1024, 1024) on G_{1.0,0.0,384}

Initializing transformer.h.10.attn.c_attn.blocks.2.: k=1, G_{1.0,0.0,384}, type=None
  Initialized transformer.h.10.attn.c_attn.blocks.2.weight (1024, 1024) on G_{1.0,0.0,384}

Initializing transformer.h.10.mlp.c_fc.blocks.0.: k=1, G_{1.0,0.0,384}, type=None
  Initialized transformer.h.10.attn.c_attn.blocks.2.weight (1024, 1024) on G_{1.0,0.0,384}

Initializing transformer.h.10.mlp.c_fc.blocks.0.: k=1, G_{1.0,0.0,384}, type=None
  Initialized transformer.h.10.mlp.c_fc.blocks.0.weight (1024, 1024) on G_{1.0,0.0,384}

Initializing transformer.h.10.mlp.c_fc.blocks.1.: k=1, G_{1.0,0.0,384}, type=None
  Initialized transformer.h.10.mlp.c_fc.blocks.0.weight (1024, 1024) on G_{1.0,0.0,384}

Initializing transformer.h.10.mlp.c_fc.blocks.1.: k=1, G_{1.0,0.0,384}, type=None
  Initialized transformer.h.10.mlp.c_fc.blocks.1.weight (1024, 1024) on G_{1.0,0.0,384}

Initializing transformer.h.10.mlp.c_fc.blocks.2.: k=1, G_{1.0,0.0,384}, type=None
  Initialized transformer.h.10.mlp.c_fc.blocks.1.weight (1024, 1024) on G_{1.0,0.0,384}

Initializing transformer.h.10.mlp.c_fc.blocks.2.: k=1, G_{1.0,0.0,384}, type=None
  Initialized transformer.h.10.mlp.c_fc.blocks.2.weight (1024, 1024) on G_{1.0,0.0,384}

Initializing transformer.h.10.mlp.c_fc.blocks.3.: k=1, G_{1.0,0.0,384}, type=None
  Initialized transformer.h.10.mlp.c_fc.blocks.2.weight (1024, 1024) on G_{1.0,0.0,384}

Initializing transformer.h.10.mlp.c_fc.blocks.3.: k=1, G_{1.0,0.0,384}, type=None
  Initialized transformer.h.10.mlp.c_fc.blocks.3.weight (1024, 1024) on G_{1.0,0.0,384}

Initializing transformer.h.11.attn.c_attn.blocks.0.: k=1, G_{1.0,0.0,384}, type=None
  Initialized transformer.h.10.mlp.c_fc.blocks.3.weight (1024, 1024) on G_{1.0,0.0,384}

Initializing transformer.h.11.attn.c_attn.blocks.0.: k=1, G_{1.0,0.0,384}, type=None
  Initialized transformer.h.11.attn.c_attn.blocks.0.weight (1024, 1024) on G_{1.0,0.0,384}

Initializing transformer.h.11.attn.c_attn.blocks.1.: k=1, G_{1.0,0.0,384}, type=None
  Initialized transformer.h.11.attn.c_attn.blocks.0.weight (1024, 1024) on G_{1.0,0.0,384}

Initializing transformer.h.11.attn.c_attn.blocks.1.: k=1, G_{1.0,0.0,384}, type=None
  Initialized transformer.h.11.attn.c_attn.blocks.1.weight (1024, 1024) on G_{1.0,0.0,384}

Initializing transformer.h.11.attn.c_attn.blocks.2.: k=1, G_{1.0,0.0,384}, type=None
  Initialized transformer.h.11.attn.c_attn.blocks.1.weight (1024, 1024) on G_{1.0,0.0,384}

Initializing transformer.h.11.attn.c_attn.blocks.2.: k=1, G_{1.0,0.0,384}, type=None
  Initialized transformer.h.11.attn.c_attn.blocks.2.weight (1024, 1024) on G_{1.0,0.0,384}

Initializing transformer.h.11.mlp.c_fc.blocks.0.: k=1, G_{1.0,0.0,384}, type=None
  Initialized transformer.h.11.attn.c_attn.blocks.2.weight (1024, 1024) on G_{1.0,0.0,384}

Initializing transformer.h.11.mlp.c_fc.blocks.0.: k=1, G_{1.0,0.0,384}, type=None
  Initialized transformer.h.11.mlp.c_fc.blocks.0.weight (1024, 1024) on G_{1.0,0.0,384}

Initializing transformer.h.11.mlp.c_fc.blocks.1.: k=1, G_{1.0,0.0,384}, type=None
  Added frozen 0.5×I scaling after mlp.c_fc (device=cuda:2)
  Initialized transformer.h.11.mlp.c_fc.blocks.0.weight (1024, 1024) on G_{1.0,0.0,384}

Initializing transformer.h.11.mlp.c_fc.blocks.1.: k=1, G_{1.0,0.0,384}, type=None
  Initialized transformer.h.11.mlp.c_fc.blocks.1.weight (1024, 1024) on G_{1.0,0.0,384}

Initializing transformer.h.11.mlp.c_fc.blocks.2.: k=1, G_{1.0,0.0,384}, type=None
  Initialized transformer.h.11.mlp.c_fc.blocks.1.weight (1024, 1024) on G_{1.0,0.0,384}

Initializing transformer.h.11.mlp.c_fc.blocks.2.: k=1, G_{1.0,0.0,384}, type=None
  Initialized transformer.h.11.mlp.c_fc.blocks.2.weight (1024, 1024) on G_{1.0,0.0,384}

Initializing transformer.h.11.mlp.c_fc.blocks.3.: k=1, G_{1.0,0.0,384}, type=None
  Initialized transformer.h.11.mlp.c_fc.blocks.2.weight (1024, 1024) on G_{1.0,0.0,384}

Initializing transformer.h.11.mlp.c_fc.blocks.3.: k=1, G_{1.0,0.0,384}, type=None
  Initialized transformer.h.11.mlp.c_fc.blocks.3.weight (1024, 1024) on G_{1.0,0.0,384}

Initializing transformer.h.12.attn.c_attn.blocks.0.: k=1, G_{1.0,0.0,384}, type=None
  Initialized transformer.h.11.mlp.c_fc.blocks.3.weight (1024, 1024) on G_{1.0,0.0,384}

Initializing transformer.h.12.attn.c_attn.blocks.0.: k=1, G_{1.0,0.0,384}, type=None
  Initialized transformer.h.12.attn.c_attn.blocks.0.weight (1024, 1024) on G_{1.0,0.0,384}

Initializing transformer.h.12.attn.c_attn.blocks.1.: k=1, G_{1.0,0.0,384}, type=None
  Added frozen 0.5×I scaling after mlp.c_fc (device=cuda:0)
  Initialized transformer.h.12.attn.c_attn.blocks.0.weight (1024, 1024) on G_{1.0,0.0,384}

Initializing transformer.h.12.attn.c_attn.blocks.1.: k=1, G_{1.0,0.0,384}, type=None
  Initialized transformer.h.12.attn.c_attn.blocks.1.weight (1024, 1024) on G_{1.0,0.0,384}

Initializing transformer.h.12.attn.c_attn.blocks.2.: k=1, G_{1.0,0.0,384}, type=None
  Initialized transformer.h.12.attn.c_attn.blocks.1.weight (1024, 1024) on G_{1.0,0.0,384}

Initializing transformer.h.12.attn.c_attn.blocks.2.: k=1, G_{1.0,0.0,384}, type=None
  Initialized transformer.h.12.attn.c_attn.blocks.2.weight (1024, 1024) on G_{1.0,0.0,384}

Initializing transformer.h.12.mlp.c_fc.blocks.0.: k=1, G_{1.0,0.0,384}, type=None
  Initialized transformer.h.12.attn.c_attn.blocks.2.weight (1024, 1024) on G_{1.0,0.0,384}

Initializing transformer.h.12.mlp.c_fc.blocks.0.: k=1, G_{1.0,0.0,384}, type=None
  Initialized transformer.h.12.mlp.c_fc.blocks.0.weight (1024, 1024) on G_{1.0,0.0,384}

Initializing transformer.h.12.mlp.c_fc.blocks.1.: k=1, G_{1.0,0.0,384}, type=None
  Initialized transformer.h.12.mlp.c_fc.blocks.0.weight (1024, 1024) on G_{1.0,0.0,384}

Initializing transformer.h.12.mlp.c_fc.blocks.1.: k=1, G_{1.0,0.0,384}, type=None
  Initialized transformer.h.12.mlp.c_fc.blocks.1.weight (1024, 1024) on G_{1.0,0.0,384}

Initializing transformer.h.12.mlp.c_fc.blocks.2.: k=1, G_{1.0,0.0,384}, type=None
  Initialized transformer.h.12.mlp.c_fc.blocks.1.weight (1024, 1024) on G_{1.0,0.0,384}

Initializing transformer.h.12.mlp.c_fc.blocks.2.: k=1, G_{1.0,0.0,384}, type=None
  Initialized transformer.h.12.mlp.c_fc.blocks.2.weight (1024, 1024) on G_{1.0,0.0,384}

Initializing transformer.h.12.mlp.c_fc.blocks.3.: k=1, G_{1.0,0.0,384}, type=None
  Initialized transformer.h.12.mlp.c_fc.blocks.2.weight (1024, 1024) on G_{1.0,0.0,384}

Initializing transformer.h.12.mlp.c_fc.blocks.3.: k=1, G_{1.0,0.0,384}, type=None
  Initialized transformer.h.12.mlp.c_fc.blocks.3.weight (1024, 1024) on G_{1.0,0.0,384}

Initializing transformer.h.13.attn.c_attn.blocks.0.: k=1, G_{1.0,0.0,384}, type=None
  Initialized transformer.h.12.mlp.c_fc.blocks.3.weight (1024, 1024) on G_{1.0,0.0,384}

Initializing transformer.h.13.attn.c_attn.blocks.0.: k=1, G_{1.0,0.0,384}, type=None
  Initialized transformer.h.13.attn.c_attn.blocks.0.weight (1024, 1024) on G_{1.0,0.0,384}

Initializing transformer.h.13.attn.c_attn.blocks.1.: k=1, G_{1.0,0.0,384}, type=None
  Initialized transformer.h.13.attn.c_attn.blocks.0.weight (1024, 1024) on G_{1.0,0.0,384}

Initializing transformer.h.13.attn.c_attn.blocks.1.: k=1, G_{1.0,0.0,384}, type=None
  Initialized transformer.h.13.attn.c_attn.blocks.1.weight (1024, 1024) on G_{1.0,0.0,384}

Initializing transformer.h.13.attn.c_attn.blocks.2.: k=1, G_{1.0,0.0,384}, type=None
  Initialized transformer.h.13.attn.c_attn.blocks.1.weight (1024, 1024) on G_{1.0,0.0,384}

Initializing transformer.h.13.attn.c_attn.blocks.2.: k=1, G_{1.0,0.0,384}, type=None
  Initialized transformer.h.13.attn.c_attn.blocks.2.weight (1024, 1024) on G_{1.0,0.0,384}

Initializing transformer.h.13.mlp.c_fc.blocks.0.: k=1, G_{1.0,0.0,384}, type=None
  Initialized transformer.h.13.attn.c_attn.blocks.2.weight (1024, 1024) on G_{1.0,0.0,384}

Initializing transformer.h.13.mlp.c_fc.blocks.0.: k=1, G_{1.0,0.0,384}, type=None
  Initialized transformer.h.13.mlp.c_fc.blocks.0.weight (1024, 1024) on G_{1.0,0.0,384}

Initializing transformer.h.13.mlp.c_fc.blocks.1.: k=1, G_{1.0,0.0,384}, type=None
  Initialized transformer.h.13.mlp.c_fc.blocks.0.weight (1024, 1024) on G_{1.0,0.0,384}

Initializing transformer.h.13.mlp.c_fc.blocks.1.: k=1, G_{1.0,0.0,384}, type=None
  Initialized transformer.h.13.mlp.c_fc.blocks.1.weight (1024, 1024) on G_{1.0,0.0,384}

Initializing transformer.h.13.mlp.c_fc.blocks.2.: k=1, G_{1.0,0.0,384}, type=None
  Initialized transformer.h.13.mlp.c_fc.blocks.1.weight (1024, 1024) on G_{1.0,0.0,384}

Initializing transformer.h.13.mlp.c_fc.blocks.2.: k=1, G_{1.0,0.0,384}, type=None
  Initialized transformer.h.13.mlp.c_fc.blocks.2.weight (1024, 1024) on G_{1.0,0.0,384}

Initializing transformer.h.13.mlp.c_fc.blocks.3.: k=1, G_{1.0,0.0,384}, type=None
  Initialized transformer.h.13.mlp.c_fc.blocks.2.weight (1024, 1024) on G_{1.0,0.0,384}

Initializing transformer.h.13.mlp.c_fc.blocks.3.: k=1, G_{1.0,0.0,384}, type=None
  Initialized transformer.h.13.mlp.c_fc.blocks.3.weight (1024, 1024) on G_{1.0,0.0,384}

Initializing transformer.h.14.attn.c_attn.blocks.0.: k=1, G_{1.0,0.0,384}, type=None
  Initialized transformer.h.13.mlp.c_fc.blocks.3.weight (1024, 1024) on G_{1.0,0.0,384}

Initializing transformer.h.14.attn.c_attn.blocks.0.: k=1, G_{1.0,0.0,384}, type=None
  Initialized transformer.h.14.attn.c_attn.blocks.0.weight (1024, 1024) on G_{1.0,0.0,384}

Initializing transformer.h.14.attn.c_attn.blocks.1.: k=1, G_{1.0,0.0,384}, type=None
  Initialized transformer.h.14.attn.c_attn.blocks.0.weight (1024, 1024) on G_{1.0,0.0,384}

Initializing transformer.h.14.attn.c_attn.blocks.1.: k=1, G_{1.0,0.0,384}, type=None
  Initialized transformer.h.14.attn.c_attn.blocks.1.weight (1024, 1024) on G_{1.0,0.0,384}

Initializing transformer.h.14.attn.c_attn.blocks.2.: k=1, G_{1.0,0.0,384}, type=None
  Initialized transformer.h.14.attn.c_attn.blocks.1.weight (1024, 1024) on G_{1.0,0.0,384}

Initializing transformer.h.14.attn.c_attn.blocks.2.: k=1, G_{1.0,0.0,384}, type=None
  Initialized transformer.h.14.attn.c_attn.blocks.2.weight (1024, 1024) on G_{1.0,0.0,384}

Initializing transformer.h.14.mlp.c_fc.blocks.0.: k=1, G_{1.0,0.0,384}, type=None
  Initialized transformer.h.14.attn.c_attn.blocks.2.weight (1024, 1024) on G_{1.0,0.0,384}

Initializing transformer.h.14.mlp.c_fc.blocks.0.: k=1, G_{1.0,0.0,384}, type=None
  Initialized transformer.h.14.mlp.c_fc.blocks.0.weight (1024, 1024) on G_{1.0,0.0,384}

Initializing transformer.h.14.mlp.c_fc.blocks.1.: k=1, G_{1.0,0.0,384}, type=None
  Initialized transformer.h.14.mlp.c_fc.blocks.0.weight (1024, 1024) on G_{1.0,0.0,384}

Initializing transformer.h.14.mlp.c_fc.blocks.1.: k=1, G_{1.0,0.0,384}, type=None
  Initialized transformer.h.14.mlp.c_fc.blocks.1.weight (1024, 1024) on G_{1.0,0.0,384}

Initializing transformer.h.14.mlp.c_fc.blocks.2.: k=1, G_{1.0,0.0,384}, type=None
  Initialized transformer.h.14.mlp.c_fc.blocks.1.weight (1024, 1024) on G_{1.0,0.0,384}

Initializing transformer.h.14.mlp.c_fc.blocks.2.: k=1, G_{1.0,0.0,384}, type=None
  Initialized transformer.h.14.mlp.c_fc.blocks.2.weight (1024, 1024) on G_{1.0,0.0,384}

Initializing transformer.h.14.mlp.c_fc.blocks.3.: k=1, G_{1.0,0.0,384}, type=None
  Initialized transformer.h.14.mlp.c_fc.blocks.2.weight (1024, 1024) on G_{1.0,0.0,384}

Initializing transformer.h.14.mlp.c_fc.blocks.3.: k=1, G_{1.0,0.0,384}, type=None
  Initialized transformer.h.14.mlp.c_fc.blocks.3.weight (1024, 1024) on G_{1.0,0.0,384}

Initializing transformer.h.15.attn.c_attn.blocks.0.: k=1, G_{1.0,0.0,384}, type=None
  Initialized transformer.h.14.mlp.c_fc.blocks.3.weight (1024, 1024) on G_{1.0,0.0,384}

Initializing transformer.h.15.attn.c_attn.blocks.0.: k=1, G_{1.0,0.0,384}, type=None
  Initialized transformer.h.15.attn.c_attn.blocks.0.weight (1024, 1024) on G_{1.0,0.0,384}

Initializing transformer.h.15.attn.c_attn.blocks.1.: k=1, G_{1.0,0.0,384}, type=None
  Initialized transformer.h.15.attn.c_attn.blocks.0.weight (1024, 1024) on G_{1.0,0.0,384}

Initializing transformer.h.15.attn.c_attn.blocks.1.: k=1, G_{1.0,0.0,384}, type=None
  Initialized transformer.h.15.attn.c_attn.blocks.1.weight (1024, 1024) on G_{1.0,0.0,384}

Initializing transformer.h.15.attn.c_attn.blocks.2.: k=1, G_{1.0,0.0,384}, type=None
  Initialized transformer.h.15.attn.c_attn.blocks.1.weight (1024, 1024) on G_{1.0,0.0,384}

Initializing transformer.h.15.attn.c_attn.blocks.2.: k=1, G_{1.0,0.0,384}, type=None
  Added frozen 0.5×I scaling after mlp.c_fc (device=cuda:2)
  Initialized transformer.h.15.attn.c_attn.blocks.2.weight (1024, 1024) on G_{1.0,0.0,384}

Initializing transformer.h.15.mlp.c_fc.blocks.0.: k=1, G_{1.0,0.0,384}, type=None
  Initialized transformer.h.15.attn.c_attn.blocks.2.weight (1024, 1024) on G_{1.0,0.0,384}

Initializing transformer.h.15.mlp.c_fc.blocks.0.: k=1, G_{1.0,0.0,384}, type=None
  Initialized transformer.h.15.mlp.c_fc.blocks.0.weight (1024, 1024) on G_{1.0,0.0,384}

Initializing transformer.h.15.mlp.c_fc.blocks.1.: k=1, G_{1.0,0.0,384}, type=None
  Initialized transformer.h.15.mlp.c_fc.blocks.0.weight (1024, 1024) on G_{1.0,0.0,384}

Initializing transformer.h.15.mlp.c_fc.blocks.1.: k=1, G_{1.0,0.0,384}, type=None
  Initialized transformer.h.15.mlp.c_fc.blocks.1.weight (1024, 1024) on G_{1.0,0.0,384}

Initializing transformer.h.15.mlp.c_fc.blocks.2.: k=1, G_{1.0,0.0,384}, type=None
  Initialized transformer.h.15.mlp.c_fc.blocks.1.weight (1024, 1024) on G_{1.0,0.0,384}

Initializing transformer.h.15.mlp.c_fc.blocks.2.: k=1, G_{1.0,0.0,384}, type=None
  Initialized transformer.h.15.mlp.c_fc.blocks.2.weight (1024, 1024) on G_{1.0,0.0,384}

Initializing transformer.h.15.mlp.c_fc.blocks.3.: k=1, G_{1.0,0.0,384}, type=None
  Added frozen 0.5×I scaling after mlp.c_fc (device=cuda:0)
  Initialized transformer.h.15.mlp.c_fc.blocks.2.weight (1024, 1024) on G_{1.0,0.0,384}

Initializing transformer.h.15.mlp.c_fc.blocks.3.: k=1, G_{1.0,0.0,384}, type=None
  Initialized transformer.h.15.mlp.c_fc.blocks.3.weight (1024, 1024) on G_{1.0,0.0,384}

Initializing transformer.h.16.attn.c_attn.blocks.0.: k=1, G_{1.0,0.0,384}, type=None
  Initialized transformer.h.15.mlp.c_fc.blocks.3.weight (1024, 1024) on G_{1.0,0.0,384}

Initializing transformer.h.16.attn.c_attn.blocks.0.: k=1, G_{1.0,0.0,384}, type=None
  Initialized transformer.h.16.attn.c_attn.blocks.0.weight (1024, 1024) on G_{1.0,0.0,384}

Initializing transformer.h.16.attn.c_attn.blocks.1.: k=1, G_{1.0,0.0,384}, type=None
  Initialized transformer.h.16.attn.c_attn.blocks.0.weight (1024, 1024) on G_{1.0,0.0,384}

Initializing transformer.h.16.attn.c_attn.blocks.1.: k=1, G_{1.0,0.0,384}, type=None
  Initialized transformer.h.16.attn.c_attn.blocks.1.weight (1024, 1024) on G_{1.0,0.0,384}

Initializing transformer.h.16.attn.c_attn.blocks.2.: k=1, G_{1.0,0.0,384}, type=None
  Initialized transformer.h.16.attn.c_attn.blocks.1.weight (1024, 1024) on G_{1.0,0.0,384}

Initializing transformer.h.16.attn.c_attn.blocks.2.: k=1, G_{1.0,0.0,384}, type=None
  Initialized transformer.h.16.attn.c_attn.blocks.2.weight (1024, 1024) on G_{1.0,0.0,384}

Initializing transformer.h.16.mlp.c_fc.blocks.0.: k=1, G_{1.0,0.0,384}, type=None
  Initialized transformer.h.16.attn.c_attn.blocks.2.weight (1024, 1024) on G_{1.0,0.0,384}

Initializing transformer.h.16.mlp.c_fc.blocks.0.: k=1, G_{1.0,0.0,384}, type=None
  Initialized transformer.h.16.mlp.c_fc.blocks.0.weight (1024, 1024) on G_{1.0,0.0,384}

Initializing transformer.h.16.mlp.c_fc.blocks.1.: k=1, G_{1.0,0.0,384}, type=None
  Initialized transformer.h.16.mlp.c_fc.blocks.0.weight (1024, 1024) on G_{1.0,0.0,384}

Initializing transformer.h.16.mlp.c_fc.blocks.1.: k=1, G_{1.0,0.0,384}, type=None
  Initialized transformer.h.16.mlp.c_fc.blocks.1.weight (1024, 1024) on G_{1.0,0.0,384}

Initializing transformer.h.16.mlp.c_fc.blocks.2.: k=1, G_{1.0,0.0,384}, type=None
  Initialized transformer.h.16.mlp.c_fc.blocks.1.weight (1024, 1024) on G_{1.0,0.0,384}

Initializing transformer.h.16.mlp.c_fc.blocks.2.: k=1, G_{1.0,0.0,384}, type=None
  Initialized transformer.h.16.mlp.c_fc.blocks.2.weight (1024, 1024) on G_{1.0,0.0,384}

Initializing transformer.h.16.mlp.c_fc.blocks.3.: k=1, G_{1.0,0.0,384}, type=None
  Initialized transformer.h.16.mlp.c_fc.blocks.2.weight (1024, 1024) on G_{1.0,0.0,384}

Initializing transformer.h.16.mlp.c_fc.blocks.3.: k=1, G_{1.0,0.0,384}, type=None
  Initialized transformer.h.16.mlp.c_fc.blocks.3.weight (1024, 1024) on G_{1.0,0.0,384}

Initializing transformer.h.17.attn.c_attn.blocks.0.: k=1, G_{1.0,0.0,384}, type=None
  Initialized transformer.h.16.mlp.c_fc.blocks.3.weight (1024, 1024) on G_{1.0,0.0,384}

Initializing transformer.h.17.attn.c_attn.blocks.0.: k=1, G_{1.0,0.0,384}, type=None
  Initialized transformer.h.17.attn.c_attn.blocks.0.weight (1024, 1024) on G_{1.0,0.0,384}

Initializing transformer.h.17.attn.c_attn.blocks.1.: k=1, G_{1.0,0.0,384}, type=None
  Initialized transformer.h.17.attn.c_attn.blocks.0.weight (1024, 1024) on G_{1.0,0.0,384}

Initializing transformer.h.17.attn.c_attn.blocks.1.: k=1, G_{1.0,0.0,384}, type=None
  Initialized transformer.h.17.attn.c_attn.blocks.1.weight (1024, 1024) on G_{1.0,0.0,384}

Initializing transformer.h.17.attn.c_attn.blocks.2.: k=1, G_{1.0,0.0,384}, type=None
  Initialized transformer.h.17.attn.c_attn.blocks.1.weight (1024, 1024) on G_{1.0,0.0,384}

Initializing transformer.h.17.attn.c_attn.blocks.2.: k=1, G_{1.0,0.0,384}, type=None
  Initialized transformer.h.17.attn.c_attn.blocks.2.weight (1024, 1024) on G_{1.0,0.0,384}

Initializing transformer.h.17.mlp.c_fc.blocks.0.: k=1, G_{1.0,0.0,384}, type=None
  Initialized transformer.h.17.attn.c_attn.blocks.2.weight (1024, 1024) on G_{1.0,0.0,384}

Initializing transformer.h.17.mlp.c_fc.blocks.0.: k=1, G_{1.0,0.0,384}, type=None
  Initialized transformer.h.17.mlp.c_fc.blocks.0.weight (1024, 1024) on G_{1.0,0.0,384}

Initializing transformer.h.17.mlp.c_fc.blocks.1.: k=1, G_{1.0,0.0,384}, type=None
  Initialized transformer.h.17.mlp.c_fc.blocks.0.weight (1024, 1024) on G_{1.0,0.0,384}

Initializing transformer.h.17.mlp.c_fc.blocks.1.: k=1, G_{1.0,0.0,384}, type=None
  Initialized transformer.h.17.mlp.c_fc.blocks.1.weight (1024, 1024) on G_{1.0,0.0,384}

Initializing transformer.h.17.mlp.c_fc.blocks.2.: k=1, G_{1.0,0.0,384}, type=None
  Initialized transformer.h.17.mlp.c_fc.blocks.1.weight (1024, 1024) on G_{1.0,0.0,384}

Initializing transformer.h.17.mlp.c_fc.blocks.2.: k=1, G_{1.0,0.0,384}, type=None
  Initialized transformer.h.17.mlp.c_fc.blocks.2.weight (1024, 1024) on G_{1.0,0.0,384}

Initializing transformer.h.17.mlp.c_fc.blocks.3.: k=1, G_{1.0,0.0,384}, type=None
  Initialized transformer.h.17.mlp.c_fc.blocks.2.weight (1024, 1024) on G_{1.0,0.0,384}

Initializing transformer.h.17.mlp.c_fc.blocks.3.: k=1, G_{1.0,0.0,384}, type=None
  Initialized transformer.h.17.mlp.c_fc.blocks.3.weight (1024, 1024) on G_{1.0,0.0,384}

Initializing transformer.h.18.attn.c_attn.blocks.0.: k=1, G_{1.0,0.0,384}, type=None
  Initialized transformer.h.17.mlp.c_fc.blocks.3.weight (1024, 1024) on G_{1.0,0.0,384}

Initializing transformer.h.18.attn.c_attn.blocks.0.: k=1, G_{1.0,0.0,384}, type=None
  Initialized transformer.h.18.attn.c_attn.blocks.0.weight (1024, 1024) on G_{1.0,0.0,384}

Initializing transformer.h.18.attn.c_attn.blocks.1.: k=1, G_{1.0,0.0,384}, type=None
  Initialized transformer.h.18.attn.c_attn.blocks.0.weight (1024, 1024) on G_{1.0,0.0,384}

Initializing transformer.h.18.attn.c_attn.blocks.1.: k=1, G_{1.0,0.0,384}, type=None
  Initialized transformer.h.18.attn.c_attn.blocks.1.weight (1024, 1024) on G_{1.0,0.0,384}

Initializing transformer.h.18.attn.c_attn.blocks.2.: k=1, G_{1.0,0.0,384}, type=None
  Initialized transformer.h.18.attn.c_attn.blocks.1.weight (1024, 1024) on G_{1.0,0.0,384}

Initializing transformer.h.18.attn.c_attn.blocks.2.: k=1, G_{1.0,0.0,384}, type=None
  Initialized transformer.h.18.attn.c_attn.blocks.2.weight (1024, 1024) on G_{1.0,0.0,384}

Initializing transformer.h.18.mlp.c_fc.blocks.0.: k=1, G_{1.0,0.0,384}, type=None
  Initialized transformer.h.18.attn.c_attn.blocks.2.weight (1024, 1024) on G_{1.0,0.0,384}

Initializing transformer.h.18.mlp.c_fc.blocks.0.: k=1, G_{1.0,0.0,384}, type=None
  Initialized transformer.h.18.mlp.c_fc.blocks.0.weight (1024, 1024) on G_{1.0,0.0,384}

Initializing transformer.h.18.mlp.c_fc.blocks.1.: k=1, G_{1.0,0.0,384}, type=None
  Initialized transformer.h.18.mlp.c_fc.blocks.0.weight (1024, 1024) on G_{1.0,0.0,384}

Initializing transformer.h.18.mlp.c_fc.blocks.1.: k=1, G_{1.0,0.0,384}, type=None
  Initialized transformer.h.18.mlp.c_fc.blocks.1.weight (1024, 1024) on G_{1.0,0.0,384}

Initializing transformer.h.18.mlp.c_fc.blocks.2.: k=1, G_{1.0,0.0,384}, type=None
  Initialized transformer.h.18.mlp.c_fc.blocks.1.weight (1024, 1024) on G_{1.0,0.0,384}

Initializing transformer.h.18.mlp.c_fc.blocks.2.: k=1, G_{1.0,0.0,384}, type=None
  Initialized transformer.h.18.mlp.c_fc.blocks.2.weight (1024, 1024) on G_{1.0,0.0,384}

Initializing transformer.h.18.mlp.c_fc.blocks.3.: k=1, G_{1.0,0.0,384}, type=None
  Initialized transformer.h.18.mlp.c_fc.blocks.2.weight (1024, 1024) on G_{1.0,0.0,384}

Initializing transformer.h.18.mlp.c_fc.blocks.3.: k=1, G_{1.0,0.0,384}, type=None
  Initialized transformer.h.18.mlp.c_fc.blocks.3.weight (1024, 1024) on G_{1.0,0.0,384}

Initializing transformer.h.19.attn.c_attn.blocks.0.: k=1, G_{1.0,0.0,384}, type=None
  Initialized transformer.h.18.mlp.c_fc.blocks.3.weight (1024, 1024) on G_{1.0,0.0,384}

Initializing transformer.h.19.attn.c_attn.blocks.0.: k=1, G_{1.0,0.0,384}, type=None
  Added frozen 0.5×I scaling after mlp.c_fc (device=cuda:2)
  Initialized transformer.h.19.attn.c_attn.blocks.0.weight (1024, 1024) on G_{1.0,0.0,384}

Initializing transformer.h.19.attn.c_attn.blocks.1.: k=1, G_{1.0,0.0,384}, type=None
  Initialized transformer.h.19.attn.c_attn.blocks.0.weight (1024, 1024) on G_{1.0,0.0,384}

Initializing transformer.h.19.attn.c_attn.blocks.1.: k=1, G_{1.0,0.0,384}, type=None
  Initialized transformer.h.19.attn.c_attn.blocks.1.weight (1024, 1024) on G_{1.0,0.0,384}

Initializing transformer.h.19.attn.c_attn.blocks.2.: k=1, G_{1.0,0.0,384}, type=None
  Initialized transformer.h.19.attn.c_attn.blocks.1.weight (1024, 1024) on G_{1.0,0.0,384}

Initializing transformer.h.19.attn.c_attn.blocks.2.: k=1, G_{1.0,0.0,384}, type=None
  Initialized transformer.h.19.attn.c_attn.blocks.2.weight (1024, 1024) on G_{1.0,0.0,384}

Initializing transformer.h.19.mlp.c_fc.blocks.0.: k=1, G_{1.0,0.0,384}, type=None
  Initialized transformer.h.19.attn.c_attn.blocks.2.weight (1024, 1024) on G_{1.0,0.0,384}

Initializing transformer.h.19.mlp.c_fc.blocks.0.: k=1, G_{1.0,0.0,384}, type=None
  Initialized transformer.h.19.mlp.c_fc.blocks.0.weight (1024, 1024) on G_{1.0,0.0,384}

Initializing transformer.h.19.mlp.c_fc.blocks.1.: k=1, G_{1.0,0.0,384}, type=None
  Initialized transformer.h.19.mlp.c_fc.blocks.0.weight (1024, 1024) on G_{1.0,0.0,384}

Initializing transformer.h.19.mlp.c_fc.blocks.1.: k=1, G_{1.0,0.0,384}, type=None
  Added frozen 0.5×I scaling after mlp.c_fc (device=cuda:0)
  Initialized transformer.h.19.mlp.c_fc.blocks.1.weight (1024, 1024) on G_{1.0,0.0,384}

Initializing transformer.h.19.mlp.c_fc.blocks.2.: k=1, G_{1.0,0.0,384}, type=None
  Initialized transformer.h.19.mlp.c_fc.blocks.1.weight (1024, 1024) on G_{1.0,0.0,384}

Initializing transformer.h.19.mlp.c_fc.blocks.2.: k=1, G_{1.0,0.0,384}, type=None
  Initialized transformer.h.19.mlp.c_fc.blocks.2.weight (1024, 1024) on G_{1.0,0.0,384}

Initializing transformer.h.19.mlp.c_fc.blocks.3.: k=1, G_{1.0,0.0,384}, type=None
  Initialized transformer.h.19.mlp.c_fc.blocks.2.weight (1024, 1024) on G_{1.0,0.0,384}

Initializing transformer.h.19.mlp.c_fc.blocks.3.: k=1, G_{1.0,0.0,384}, type=None
  Initialized transformer.h.19.mlp.c_fc.blocks.3.weight (1024, 1024) on G_{1.0,0.0,384}

Initializing transformer.h.20.attn.c_attn.blocks.0.: k=1, G_{1.0,0.0,384}, type=None
  Initialized transformer.h.19.mlp.c_fc.blocks.3.weight (1024, 1024) on G_{1.0,0.0,384}

Initializing transformer.h.20.attn.c_attn.blocks.0.: k=1, G_{1.0,0.0,384}, type=None
  Initialized transformer.h.20.attn.c_attn.blocks.0.weight (1024, 1024) on G_{1.0,0.0,384}

Initializing transformer.h.20.attn.c_attn.blocks.1.: k=1, G_{1.0,0.0,384}, type=None
  Initialized transformer.h.20.attn.c_attn.blocks.0.weight (1024, 1024) on G_{1.0,0.0,384}

Initializing transformer.h.20.attn.c_attn.blocks.1.: k=1, G_{1.0,0.0,384}, type=None
  Initialized transformer.h.20.attn.c_attn.blocks.1.weight (1024, 1024) on G_{1.0,0.0,384}

Initializing transformer.h.20.attn.c_attn.blocks.2.: k=1, G_{1.0,0.0,384}, type=None
  Initialized transformer.h.20.attn.c_attn.blocks.1.weight (1024, 1024) on G_{1.0,0.0,384}

Initializing transformer.h.20.attn.c_attn.blocks.2.: k=1, G_{1.0,0.0,384}, type=None
  Initialized transformer.h.20.attn.c_attn.blocks.2.weight (1024, 1024) on G_{1.0,0.0,384}

Initializing transformer.h.20.mlp.c_fc.blocks.0.: k=1, G_{1.0,0.0,384}, type=None
  Initialized transformer.h.20.attn.c_attn.blocks.2.weight (1024, 1024) on G_{1.0,0.0,384}

Initializing transformer.h.20.mlp.c_fc.blocks.0.: k=1, G_{1.0,0.0,384}, type=None
  Initialized transformer.h.20.mlp.c_fc.blocks.0.weight (1024, 1024) on G_{1.0,0.0,384}

Initializing transformer.h.20.mlp.c_fc.blocks.1.: k=1, G_{1.0,0.0,384}, type=None
  Initialized transformer.h.20.mlp.c_fc.blocks.0.weight (1024, 1024) on G_{1.0,0.0,384}

Initializing transformer.h.20.mlp.c_fc.blocks.1.: k=1, G_{1.0,0.0,384}, type=None
  Initialized transformer.h.20.mlp.c_fc.blocks.1.weight (1024, 1024) on G_{1.0,0.0,384}

Initializing transformer.h.20.mlp.c_fc.blocks.2.: k=1, G_{1.0,0.0,384}, type=None
  Initialized transformer.h.20.mlp.c_fc.blocks.1.weight (1024, 1024) on G_{1.0,0.0,384}

Initializing transformer.h.20.mlp.c_fc.blocks.2.: k=1, G_{1.0,0.0,384}, type=None
  Initialized transformer.h.20.mlp.c_fc.blocks.2.weight (1024, 1024) on G_{1.0,0.0,384}

Initializing transformer.h.20.mlp.c_fc.blocks.3.: k=1, G_{1.0,0.0,384}, type=None
  Initialized transformer.h.20.mlp.c_fc.blocks.2.weight (1024, 1024) on G_{1.0,0.0,384}

Initializing transformer.h.20.mlp.c_fc.blocks.3.: k=1, G_{1.0,0.0,384}, type=None
  Initialized transformer.h.20.mlp.c_fc.blocks.3.weight (1024, 1024) on G_{1.0,0.0,384}

Initializing transformer.h.21.attn.c_attn.blocks.0.: k=1, G_{1.0,0.0,384}, type=None
  Initialized transformer.h.20.mlp.c_fc.blocks.3.weight (1024, 1024) on G_{1.0,0.0,384}

Initializing transformer.h.21.attn.c_attn.blocks.0.: k=1, G_{1.0,0.0,384}, type=None
  Initialized transformer.h.21.attn.c_attn.blocks.0.weight (1024, 1024) on G_{1.0,0.0,384}

Initializing transformer.h.21.attn.c_attn.blocks.1.: k=1, G_{1.0,0.0,384}, type=None
  Initialized transformer.h.21.attn.c_attn.blocks.0.weight (1024, 1024) on G_{1.0,0.0,384}

Initializing transformer.h.21.attn.c_attn.blocks.1.: k=1, G_{1.0,0.0,384}, type=None
  Initialized transformer.h.21.attn.c_attn.blocks.1.weight (1024, 1024) on G_{1.0,0.0,384}

Initializing transformer.h.21.attn.c_attn.blocks.2.: k=1, G_{1.0,0.0,384}, type=None
  Initialized transformer.h.21.attn.c_attn.blocks.1.weight (1024, 1024) on G_{1.0,0.0,384}

Initializing transformer.h.21.attn.c_attn.blocks.2.: k=1, G_{1.0,0.0,384}, type=None
  Initialized transformer.h.21.attn.c_attn.blocks.2.weight (1024, 1024) on G_{1.0,0.0,384}

Initializing transformer.h.21.mlp.c_fc.blocks.0.: k=1, G_{1.0,0.0,384}, type=None
  Initialized transformer.h.21.attn.c_attn.blocks.2.weight (1024, 1024) on G_{1.0,0.0,384}

Initializing transformer.h.21.mlp.c_fc.blocks.0.: k=1, G_{1.0,0.0,384}, type=None
  Initialized transformer.h.21.mlp.c_fc.blocks.0.weight (1024, 1024) on G_{1.0,0.0,384}

Initializing transformer.h.21.mlp.c_fc.blocks.1.: k=1, G_{1.0,0.0,384}, type=None
  Initialized transformer.h.21.mlp.c_fc.blocks.0.weight (1024, 1024) on G_{1.0,0.0,384}

Initializing transformer.h.21.mlp.c_fc.blocks.1.: k=1, G_{1.0,0.0,384}, type=None
  Initialized transformer.h.21.mlp.c_fc.blocks.1.weight (1024, 1024) on G_{1.0,0.0,384}

Initializing transformer.h.21.mlp.c_fc.blocks.2.: k=1, G_{1.0,0.0,384}, type=None
  Initialized transformer.h.21.mlp.c_fc.blocks.1.weight (1024, 1024) on G_{1.0,0.0,384}

Initializing transformer.h.21.mlp.c_fc.blocks.2.: k=1, G_{1.0,0.0,384}, type=None
  Initialized transformer.h.21.mlp.c_fc.blocks.2.weight (1024, 1024) on G_{1.0,0.0,384}

Initializing transformer.h.21.mlp.c_fc.blocks.3.: k=1, G_{1.0,0.0,384}, type=None
  Initialized transformer.h.21.mlp.c_fc.blocks.2.weight (1024, 1024) on G_{1.0,0.0,384}

Initializing transformer.h.21.mlp.c_fc.blocks.3.: k=1, G_{1.0,0.0,384}, type=None
  Initialized transformer.h.21.mlp.c_fc.blocks.3.weight (1024, 1024) on G_{1.0,0.0,384}

Initializing transformer.h.22.attn.c_attn.blocks.0.: k=1, G_{1.0,0.0,384}, type=None
  Initialized transformer.h.21.mlp.c_fc.blocks.3.weight (1024, 1024) on G_{1.0,0.0,384}

Initializing transformer.h.22.attn.c_attn.blocks.0.: k=1, G_{1.0,0.0,384}, type=None
  Initialized transformer.h.22.attn.c_attn.blocks.0.weight (1024, 1024) on G_{1.0,0.0,384}

Initializing transformer.h.22.attn.c_attn.blocks.1.: k=1, G_{1.0,0.0,384}, type=None
  Initialized transformer.h.22.attn.c_attn.blocks.0.weight (1024, 1024) on G_{1.0,0.0,384}

Initializing transformer.h.22.attn.c_attn.blocks.1.: k=1, G_{1.0,0.0,384}, type=None
  Initialized transformer.h.22.attn.c_attn.blocks.1.weight (1024, 1024) on G_{1.0,0.0,384}

Initializing transformer.h.22.attn.c_attn.blocks.2.: k=1, G_{1.0,0.0,384}, type=None
  Initialized transformer.h.22.attn.c_attn.blocks.1.weight (1024, 1024) on G_{1.0,0.0,384}

Initializing transformer.h.22.attn.c_attn.blocks.2.: k=1, G_{1.0,0.0,384}, type=None
  Initialized transformer.h.22.attn.c_attn.blocks.2.weight (1024, 1024) on G_{1.0,0.0,384}

Initializing transformer.h.22.mlp.c_fc.blocks.0.: k=1, G_{1.0,0.0,384}, type=None
  Initialized transformer.h.22.attn.c_attn.blocks.2.weight (1024, 1024) on G_{1.0,0.0,384}

Initializing transformer.h.22.mlp.c_fc.blocks.0.: k=1, G_{1.0,0.0,384}, type=None
  Initialized transformer.h.22.mlp.c_fc.blocks.0.weight (1024, 1024) on G_{1.0,0.0,384}

Initializing transformer.h.22.mlp.c_fc.blocks.1.: k=1, G_{1.0,0.0,384}, type=None
  Initialized transformer.h.22.mlp.c_fc.blocks.0.weight (1024, 1024) on G_{1.0,0.0,384}

Initializing transformer.h.22.mlp.c_fc.blocks.1.: k=1, G_{1.0,0.0,384}, type=None
  Initialized transformer.h.22.mlp.c_fc.blocks.1.weight (1024, 1024) on G_{1.0,0.0,384}

Initializing transformer.h.22.mlp.c_fc.blocks.2.: k=1, G_{1.0,0.0,384}, type=None
  Initialized transformer.h.22.mlp.c_fc.blocks.1.weight (1024, 1024) on G_{1.0,0.0,384}

Initializing transformer.h.22.mlp.c_fc.blocks.2.: k=1, G_{1.0,0.0,384}, type=None
  Initialized transformer.h.22.mlp.c_fc.blocks.2.weight (1024, 1024) on G_{1.0,0.0,384}

Initializing transformer.h.22.mlp.c_fc.blocks.3.: k=1, G_{1.0,0.0,384}, type=None
  Added frozen 0.5×I scaling after mlp.c_fc (device=cuda:2)
  Initialized transformer.h.22.mlp.c_fc.blocks.2.weight (1024, 1024) on G_{1.0,0.0,384}

Initializing transformer.h.22.mlp.c_fc.blocks.3.: k=1, G_{1.0,0.0,384}, type=None
  Initialized transformer.h.22.mlp.c_fc.blocks.3.weight (1024, 1024) on G_{1.0,0.0,384}

Initializing transformer.h.23.attn.c_attn.blocks.0.: k=1, G_{1.0,0.0,384}, type=None
  Initialized transformer.h.22.mlp.c_fc.blocks.3.weight (1024, 1024) on G_{1.0,0.0,384}

Initializing transformer.h.23.attn.c_attn.blocks.0.: k=1, G_{1.0,0.0,384}, type=None
  Initialized transformer.h.23.attn.c_attn.blocks.0.weight (1024, 1024) on G_{1.0,0.0,384}

Initializing transformer.h.23.attn.c_attn.blocks.1.: k=1, G_{1.0,0.0,384}, type=None
  Initialized transformer.h.23.attn.c_attn.blocks.0.weight (1024, 1024) on G_{1.0,0.0,384}

Initializing transformer.h.23.attn.c_attn.blocks.1.: k=1, G_{1.0,0.0,384}, type=None
  Initialized transformer.h.23.attn.c_attn.blocks.1.weight (1024, 1024) on G_{1.0,0.0,384}

Initializing transformer.h.23.attn.c_attn.blocks.2.: k=1, G_{1.0,0.0,384}, type=None
  Initialized transformer.h.23.attn.c_attn.blocks.1.weight (1024, 1024) on G_{1.0,0.0,384}

Initializing transformer.h.23.attn.c_attn.blocks.2.: k=1, G_{1.0,0.0,384}, type=None
  Added frozen 0.5×I scaling after mlp.c_fc (device=cuda:0)
  Initialized transformer.h.23.attn.c_attn.blocks.2.weight (1024, 1024) on G_{1.0,0.0,384}

Initializing transformer.h.23.mlp.c_fc.blocks.0.: k=1, G_{1.0,0.0,384}, type=None
  Initialized transformer.h.23.attn.c_attn.blocks.2.weight (1024, 1024) on G_{1.0,0.0,384}

Initializing transformer.h.23.mlp.c_fc.blocks.0.: k=1, G_{1.0,0.0,384}, type=None
  Initialized transformer.h.23.mlp.c_fc.blocks.0.weight (1024, 1024) on G_{1.0,0.0,384}

Initializing transformer.h.23.mlp.c_fc.blocks.1.: k=1, G_{1.0,0.0,384}, type=None
  Initialized transformer.h.23.mlp.c_fc.blocks.0.weight (1024, 1024) on G_{1.0,0.0,384}

Initializing transformer.h.23.mlp.c_fc.blocks.1.: k=1, G_{1.0,0.0,384}, type=None
  Initialized transformer.h.23.mlp.c_fc.blocks.1.weight (1024, 1024) on G_{1.0,0.0,384}

Initializing transformer.h.23.mlp.c_fc.blocks.2.: k=1, G_{1.0,0.0,384}, type=None
  Initialized transformer.h.23.mlp.c_fc.blocks.1.weight (1024, 1024) on G_{1.0,0.0,384}

Initializing transformer.h.23.mlp.c_fc.blocks.2.: k=1, G_{1.0,0.0,384}, type=None
  Initialized transformer.h.23.mlp.c_fc.blocks.2.weight (1024, 1024) on G_{1.0,0.0,384}

Initializing transformer.h.23.mlp.c_fc.blocks.3.: k=1, G_{1.0,0.0,384}, type=None
  Initialized transformer.h.23.mlp.c_fc.blocks.2.weight (1024, 1024) on G_{1.0,0.0,384}

Initializing transformer.h.23.mlp.c_fc.blocks.3.: k=1, G_{1.0,0.0,384}, type=None
  Initialized transformer.h.23.mlp.c_fc.blocks.3.weight (1024, 1024) on G_{1.0,0.0,384}

Grassmann block initialization complete.

=== Setting up component-specific dropout ===
AdamW components: dropout = 0.1
Grassmann components: dropout = 0.05
Component-specific dropout setup complete.

=== Setting up norm-preserving scaling (Phase phase3) ===
  Initialized transformer.h.23.mlp.c_fc.blocks.3.weight (1024, 1024) on G_{1.0,0.0,384}

Grassmann block initialization complete.

=== Setting up component-specific dropout ===
AdamW components: dropout = 0.1
Grassmann components: dropout = 0.05
Component-specific dropout setup complete.

=== Setting up norm-preserving scaling (Phase phase3) ===
  Added frozen 0.5×I scaling after mlp.c_fc (device=cuda:2)
  Added frozen 0.5×I scaling after mlp.c_fc (device=cuda:0)
  Added frozen 0.5×I scaling after mlp.c_fc (device=cuda:1)
  Added frozen 0.5×I scaling after mlp.c_fc (device=cuda:3)
  Added frozen 0.5×I scaling after mlp.c_fc (device=cuda:2)
  Added frozen 0.5×I scaling after mlp.c_fc (device=cuda:0)
  Added frozen 0.5×I scaling after mlp.c_fc (device=cuda:1)
  Added frozen 0.5×I scaling after mlp.c_fc (device=cuda:3)
  Added frozen 0.5×I scaling after mlp.c_fc (device=cuda:2)
  Added frozen 0.5×I scaling after mlp.c_fc (device=cuda:0)
  Added frozen 0.5×I scaling after mlp.c_fc (device=cuda:3)
  Added frozen 0.5×I scaling after mlp.c_fc (device=cuda:1)
  Added frozen 0.5×I scaling after mlp.c_fc (device=cuda:2)
  Added frozen 0.5×I scaling after mlp.c_fc (device=cuda:0)
  Added frozen 0.5×I scaling after mlp.c_fc (device=cuda:3)
  Added frozen 0.5×I scaling after mlp.c_fc (device=cuda:1)
  Added frozen 0.5×I scaling after mlp.c_fc (device=cuda:2)
  Added frozen 0.5×I scaling after mlp.c_fc (device=cuda:0)
  Added frozen 0.5×I scaling after mlp.c_fc (device=cuda:3)
  Added frozen 0.5×I scaling after mlp.c_fc (device=cuda:1)
  Added frozen 0.5×I scaling after mlp.c_fc (device=cuda:2)
  Added frozen 0.5×I scaling after mlp.c_fc (device=cuda:0)
  Added frozen 0.5×I scaling after mlp.c_fc (device=cuda:3)
  Added frozen 0.5×I scaling after mlp.c_fc (device=cuda:1)
  Added frozen 0.5×I scaling after mlp.c_fc (device=cuda:2)
  Added frozen 0.5×I scaling after mlp.c_fc (device=cuda:0)
  Added frozen 0.5×I scaling after mlp.c_fc (device=cuda:3)
  Added frozen 0.5×I scaling after mlp.c_fc (device=cuda:1)
  Added frozen 0.5×I scaling after mlp.c_fc (device=cuda:2)
  Added frozen 0.5×I scaling after mlp.c_fc (device=cuda:0)
  Added frozen 0.5×I scaling after mlp.c_fc (device=cuda:3)
  Added frozen 0.5×I scaling after mlp.c_fc (device=cuda:1)
  Added frozen 0.5×I scaling after mlp.c_fc (device=cuda:2)
  Added frozen 0.5×I scaling after mlp.c_fc (device=cuda:0)
  Added frozen 0.5×I scaling after mlp.c_fc (device=cuda:3)
  Added frozen 0.5×I scaling after mlp.c_fc (device=cuda:1)
  Added frozen 0.5×I scaling after mlp.c_fc (device=cuda:2)
  Added frozen 0.5×I scaling after mlp.c_fc (device=cuda:0)
  Added frozen 0.5×I scaling after mlp.c_fc (device=cuda:3)
  Added frozen 0.5×I scaling after mlp.c_fc (device=cuda:1)
  Added frozen 0.5×I scaling after mlp.c_fc (device=cuda:2)
  Added frozen 0.5×I scaling after mlp.c_fc (device=cuda:0)
  Added frozen 0.5×I scaling after mlp.c_fc (device=cuda:3)
  Added frozen 0.5×I scaling after mlp.c_fc (device=cuda:1)
  Added frozen 0.5×I scaling after mlp.c_fc (device=cuda:2)
  Added frozen 0.5×I scaling after mlp.c_fc (device=cuda:0)
  Added frozen 0.5×I scaling after mlp.c_fc (device=cuda:3)
  Added frozen 0.5×I scaling after mlp.c_fc (device=cuda:1)
  Added frozen 0.5×I scaling after mlp.c_fc (device=cuda:2)
  Added frozen 0.5×I scaling after mlp.c_fc (device=cuda:0)
  Added frozen 0.5×I scaling after mlp.c_fc (device=cuda:3)
  Added frozen 0.5×I scaling after mlp.c_fc (device=cuda:1)
  Added frozen 0.5×I scaling after mlp.c_fc (device=cuda:2)
  Added frozen 0.5×I scaling after mlp.c_fc (device=cuda:0)
  Added frozen 0.5×I scaling after mlp.c_fc (device=cuda:3)
  Added frozen 0.5×I scaling after mlp.c_fc (device=cuda:1)
  Added frozen 0.5×I scaling after mlp.c_fc (device=cuda:2)
  Added frozen 0.5×I scaling after mlp.c_fc (device=cuda:0)
  Added frozen 0.5×I scaling after mlp.c_fc (device=cuda:3)
  Added frozen 0.5×I scaling after mlp.c_fc (device=cuda:1)
  Added frozen 0.5×I scaling after mlp.c_fc (device=cuda:2)
  Added frozen 0.5×I scaling after mlp.c_fc (device=cuda:0)
  Added frozen 0.5×I scaling after mlp.c_fc (device=cuda:3)
  Added frozen 0.5×I scaling after mlp.c_fc (device=cuda:1)
  Added frozen 0.5×I scaling after mlp.c_fc (device=cuda:2)
  Added frozen 0.5×I scaling after mlp.c_fc (device=cuda:0)
  Added frozen 0.5×I scaling after mlp.c_fc (device=cuda:3)
  Added frozen 0.5×I scaling after mlp.c_fc (device=cuda:1)
  Added frozen 0.5×I scaling after mlp.c_fc (device=cuda:2)
  Added frozen 0.5×I scaling after mlp.c_fc (device=cuda:0)
  Added frozen 0.5×I scaling after mlp.c_fc (device=cuda:3)
  Added frozen 0.5×I scaling after mlp.c_fc (device=cuda:1)
  Added frozen 0.5×I scaling after mlp.c_fc (device=cuda:2)
Norm-preserving scaling setup complete.
compiling the model... (takes a ~minute)
  Added frozen 0.5×I scaling after mlp.c_fc (device=cuda:0)
Norm-preserving scaling setup complete.
compiling the model... (takes a ~minute)
  Added frozen 0.5×I scaling after mlp.c_fc (device=cuda:3)
  Added frozen 0.5×I scaling after mlp.c_fc (device=cuda:1)
  Added frozen 0.5×I scaling after mlp.c_fc (device=cuda:3)
  Added frozen 0.5×I scaling after mlp.c_fc (device=cuda:1)
  Added frozen 0.5×I scaling after mlp.c_fc (device=cuda:3)
  Added frozen 0.5×I scaling after mlp.c_fc (device=cuda:1)
  Added frozen 0.5×I scaling after mlp.c_fc (device=cuda:3)
  Added frozen 0.5×I scaling after mlp.c_fc (device=cuda:1)
  Added frozen 0.5×I scaling after mlp.c_fc (device=cuda:3)
  Added frozen 0.5×I scaling after mlp.c_fc (device=cuda:1)
  Added frozen 0.5×I scaling after mlp.c_fc (device=cuda:3)
Norm-preserving scaling setup complete.
compiling the model... (takes a ~minute)
  Added frozen 0.5×I scaling after mlp.c_fc (device=cuda:1)
Norm-preserving scaling setup complete.
compiling the model... (takes a ~minute)
step 0: train loss 10.9889, val loss 10.9892
iter 0: loss 11.0041, time 111100.44ms, mfu -100.00%
iter 10: loss 10.2632, time 4864.79ms, mfu 31.39%
iter 20: loss 9.4683, time 4822.59ms, mfu 31.42%
iter 30: loss 9.3163, time 4878.68ms, mfu 31.41%
iter 40: loss 9.3214, time 4909.62ms, mfu 31.38%
iter 50: loss 9.1901, time 4917.90ms, mfu 31.34%
iter 60: loss 8.8697, time 4951.22ms, mfu 31.29%
iter 70: loss 8.7264, time 4962.33ms, mfu 31.24%
iter 80: loss 8.4068, time 4944.54ms, mfu 31.21%
iter 90: loss 8.2133, time 4991.84ms, mfu 31.15%
iter 100: loss 8.0383, time 4895.14ms, mfu 31.15%
iter 110: loss 7.6169, time 4973.73ms, mfu 31.11%
iter 120: loss 7.5186, time 4978.81ms, mfu 31.06%
iter 130: loss 7.3130, time 5010.00ms, mfu 31.00%
iter 140: loss 7.4119, time 5029.54ms, mfu 30.94%
iter 150: loss 7.1190, time 4995.60ms, mfu 30.90%
iter 160: loss 7.2673, time 4936.80ms, mfu 30.91%
iter 170: loss 7.0357, time 5001.18ms, mfu 30.87%
iter 180: loss 6.9537, time 4979.58ms, mfu 30.85%
iter 190: loss 6.8497, time 4973.38ms, mfu 30.83%
iter 200: loss 6.7886, time 5033.42ms, mfu 30.79%
iter 210: loss 6.7005, time 5010.55ms, mfu 30.75%
iter 220: loss 6.7493, time 4962.75ms, mfu 30.76%
iter 230: loss 6.5581, time 4951.14ms, mfu 30.77%
iter 240: loss 6.5877, time 4977.56ms, mfu 30.76%
iter 250: loss 6.5058, time 4953.02ms, mfu 30.76%
iter 260: loss 6.5119, time 5112.13ms, mfu 30.68%
iter 270: loss 6.4427, time 4965.61ms, mfu 30.68%
iter 280: loss 6.5501, time 4946.63ms, mfu 30.70%
iter 290: loss 6.4565, time 4945.03ms, mfu 30.72%
iter 300: loss 6.2724, time 4969.67ms, mfu 30.72%
iter 310: loss 6.2629, time 4947.65ms, mfu 30.74%
iter 320: loss 6.4116, time 4930.00ms, mfu 30.76%
iter 330: loss 6.2783, time 4963.02ms, mfu 30.76%
iter 340: loss 6.3449, time 4955.59ms, mfu 30.77%
iter 350: loss 6.1917, time 4944.44ms, mfu 30.78%
iter 360: loss 6.1055, time 4922.03ms, mfu 30.80%
iter 370: loss 6.1716, time 4942.47ms, mfu 30.81%
iter 380: loss 6.3538, time 4930.69ms, mfu 30.83%
iter 390: loss 6.0842, time 4977.52ms, mfu 30.81%
iter 400: loss 5.8873, time 4942.42ms, mfu 30.82%
iter 410: loss 5.9459, time 5049.00ms, mfu 30.76%
iter 420: loss 6.0336, time 4914.78ms, mfu 30.80%
iter 430: loss 5.9580, time 4961.05ms, mfu 30.79%
iter 440: loss 5.9768, time 4950.28ms, mfu 30.80%
iter 450: loss 5.9384, time 4935.78ms, mfu 30.81%
iter 460: loss 5.6567, time 4947.13ms, mfu 30.82%
iter 470: loss 5.8355, time 4964.04ms, mfu 30.81%
iter 480: loss 5.7352, time 4895.79ms, mfu 30.85%
iter 490: loss 5.8824, time 4917.95ms, mfu 30.87%
iter 500: loss 5.6006, time 4923.25ms, mfu 30.89%
iter 510: loss 5.6831, time 4936.24ms, mfu 30.89%
iter 520: loss 5.8163, time 4914.24ms, mfu 30.91%
iter 530: loss 5.7012, time 4934.83ms, mfu 30.91%
iter 540: loss 5.6708, time 4942.37ms, mfu 30.91%
iter 550: loss 5.5144, time 4911.57ms, mfu 30.93%
iter 560: loss 5.6467, time 4918.28ms, mfu 30.94%
iter 570: loss 5.5995, time 4899.45ms, mfu 30.96%
iter 580: loss 5.5917, time 4937.68ms, mfu 30.96%
iter 590: loss 5.5509, time 4919.36ms, mfu 30.97%
iter 600: loss 5.4593, time 4891.47ms, mfu 30.99%
iter 610: loss 5.6731, time 4929.82ms, mfu 30.99%
iter 620: loss 5.4706, time 4940.10ms, mfu 30.98%
iter 630: loss 5.5325, time 4911.65ms, mfu 31.00%
iter 640: loss 5.4600, time 4925.69ms, mfu 31.00%
iter 650: loss 5.3848, time 4919.80ms, mfu 31.00%
iter 660: loss 5.3208, time 4928.41ms, mfu 31.00%
iter 670: loss 5.3390, time 4895.30ms, mfu 31.02%
iter 680: loss 5.2138, time 4935.63ms, mfu 31.01%
iter 690: loss 5.2663, time 4927.12ms, mfu 31.01%
iter 700: loss 5.2137, time 4908.27ms, mfu 31.02%
iter 710: loss 5.1628, time 4905.50ms, mfu 31.03%
iter 720: loss 5.2070, time 4911.30ms, mfu 31.04%
iter 730: loss 5.2491, time 4945.98ms, mfu 31.02%
iter 740: loss 5.1989, time 4935.17ms, mfu 31.01%
iter 750: loss 5.1614, time 4905.39ms, mfu 31.03%
iter 760: loss 5.1064, time 4899.87ms, mfu 31.04%
iter 770: loss 5.1017, time 4932.88ms, mfu 31.03%
iter 780: loss 4.9391, time 4925.46ms, mfu 31.03%
iter 790: loss 5.1278, time 4932.37ms, mfu 31.02%
iter 800: loss 5.0461, time 4934.05ms, mfu 31.02%
iter 810: loss 5.0336, time 4892.37ms, mfu 31.04%
iter 820: loss 4.9305, time 4932.36ms, mfu 31.03%
iter 830: loss 5.0111, time 4922.50ms, mfu 31.03%
iter 840: loss 5.0139, time 4904.22ms, mfu 31.04%
iter 850: loss 4.8552, time 4917.42ms, mfu 31.04%
iter 860: loss 5.1578, time 4917.71ms, mfu 31.04%
iter 870: loss 5.0050, time 4925.76ms, mfu 31.04%
iter 880: loss 4.8088, time 4967.67ms, mfu 31.01%
iter 890: loss 4.8408, time 4920.56ms, mfu 31.01%
iter 900: loss 4.9208, time 4901.15ms, mfu 31.03%
iter 910: loss 4.8231, time 4910.52ms, mfu 31.03%
iter 920: loss 4.7973, time 4950.79ms, mfu 31.01%
iter 930: loss 4.8598, time 4910.85ms, mfu 31.02%
iter 940: loss 4.7485, time 4941.22ms, mfu 31.01%
iter 950: loss 4.7260, time 4896.15ms, mfu 31.03%
iter 960: loss 4.6665, time 4939.22ms, mfu 31.02%
iter 970: loss 4.7233, time 4923.59ms, mfu 31.02%
iter 980: loss 4.7646, time 4920.77ms, mfu 31.02%
iter 990: loss 4.7802, time 4921.41ms, mfu 31.02%
step 1000: train loss 4.5811, val loss 4.5953
saving checkpoint to /net/scratch2/junyuren/nanoGPT-manifold/out-gpt2m-grass-hybridgate-r384
iter 1000: loss 4.6768, time 56843.68ms, mfu 28.19%
iter 1010: loss 4.6337, time 4903.17ms, mfu 28.48%
iter 1020: loss 4.5718, time 4934.47ms, mfu 28.73%
iter 1030: loss 4.5369, time 4933.01ms, mfu 28.95%
iter 1040: loss 4.6677, time 4934.34ms, mfu 29.15%
iter 1050: loss 4.5199, time 4908.91ms, mfu 29.35%
iter 1060: loss 4.5370, time 4908.22ms, mfu 29.52%
iter 1070: loss 4.6186, time 4923.01ms, mfu 29.67%
iter 1080: loss 4.3842, time 4902.29ms, mfu 29.82%
iter 1090: loss 4.4521, time 4922.67ms, mfu 29.94%
iter 1100: loss 4.3655, time 4898.66ms, mfu 30.07%
iter 1110: loss 4.3637, time 4916.70ms, mfu 30.16%
iter 1120: loss 4.3808, time 4924.45ms, mfu 30.25%
iter 1130: loss 4.5262, time 4911.16ms, mfu 30.33%
iter 1140: loss 4.3968, time 4940.53ms, mfu 30.39%
iter 1150: loss 4.3815, time 4906.58ms, mfu 30.46%
iter 1160: loss 4.4291, time 5082.40ms, mfu 30.42%
iter 1170: loss 4.4275, time 4942.08ms, mfu 30.47%
iter 1180: loss 4.3523, time 4889.94ms, mfu 30.55%
iter 1190: loss 4.4858, time 4944.28ms, mfu 30.58%
iter 1200: loss 4.3806, time 4920.02ms, mfu 30.63%
iter 1210: loss 4.3504, time 4923.05ms, mfu 30.67%
iter 1220: loss 4.2900, time 4894.81ms, mfu 30.72%
iter 1230: loss 4.3897, time 4905.05ms, mfu 30.76%
iter 1240: loss 4.3731, time 4921.26ms, mfu 30.79%
iter 1250: loss 4.3533, time 4911.99ms, mfu 30.82%
iter 1260: loss 4.2757, time 4911.04ms, mfu 30.85%
iter 1270: loss 4.2629, time 4917.95ms, mfu 30.87%
iter 1280: loss 4.2955, time 4971.35ms, mfu 30.85%
iter 1290: loss 4.3773, time 4915.02ms, mfu 30.87%
iter 1300: loss 4.2903, time 4925.10ms, mfu 30.89%
iter 1310: loss 4.2388, time 4928.52ms, mfu 30.90%
iter 1320: loss 4.2313, time 4945.51ms, mfu 30.90%
iter 1330: loss 4.2526, time 4938.80ms, mfu 30.90%
iter 1340: loss 4.3704, time 4922.90ms, mfu 30.91%
iter 1350: loss 4.3088, time 4931.24ms, mfu 30.92%
iter 1360: loss 4.2127, time 4896.15ms, mfu 30.94%
iter 1370: loss 4.1248, time 4945.17ms, mfu 30.94%
iter 1380: loss 4.1335, time 4932.31ms, mfu 30.94%
iter 1390: loss 4.1519, time 4924.39ms, mfu 30.95%
iter 1400: loss 4.0671, time 4930.93ms, mfu 30.95%
iter 1410: loss 4.1398, time 4885.01ms, mfu 30.98%
iter 1420: loss 4.0872, time 4947.51ms, mfu 30.97%
iter 1430: loss 4.1887, time 4924.18ms, mfu 30.97%
iter 1440: loss 4.1550, time 4936.24ms, mfu 30.97%
iter 1450: loss 4.1672, time 4916.75ms, mfu 30.98%
iter 1460: loss 4.1193, time 4941.16ms, mfu 30.97%
iter 1470: loss 4.1667, time 4938.66ms, mfu 30.97%
iter 1480: loss 4.1096, time 4931.17ms, mfu 30.97%
iter 1490: loss 4.1563, time 4931.38ms, mfu 30.97%
iter 1500: loss 4.1658, time 4916.27ms, mfu 30.98%
iter 1510: loss 4.1208, time 4933.57ms, mfu 30.97%
iter 1520: loss 4.1626, time 4947.11ms, mfu 30.96%
iter 1530: loss 4.2092, time 4917.51ms, mfu 30.97%
iter 1540: loss 4.1212, time 4952.57ms, mfu 30.96%
iter 1550: loss 4.1042, time 4918.60ms, mfu 30.97%
iter 1560: loss 3.9405, time 4927.57ms, mfu 30.97%
iter 1570: loss 4.0621, time 4917.59ms, mfu 30.98%
iter 1580: loss 4.1369, time 4962.81ms, mfu 30.96%
iter 1590: loss 4.0905, time 4930.97ms, mfu 30.96%
iter 1600: loss 4.1440, time 4960.28ms, mfu 30.94%
iter 1610: loss 3.9456, time 4906.34ms, mfu 30.96%
iter 1620: loss 3.9773, time 4936.94ms, mfu 30.96%
iter 1630: loss 4.1721, time 4941.86ms, mfu 30.95%
iter 1640: loss 4.1682, time 4929.41ms, mfu 30.96%
iter 1650: loss 3.9453, time 4931.27ms, mfu 30.96%
iter 1660: loss 4.0126, time 4924.27ms, mfu 30.96%
iter 1670: loss 4.0671, time 4930.15ms, mfu 30.96%
iter 1680: loss 4.0461, time 4918.55ms, mfu 30.97%
iter 1690: loss 3.9288, time 4954.84ms, mfu 30.96%
iter 1700: loss 3.9430, time 4916.66ms, mfu 30.97%
iter 1710: loss 4.0738, time 4937.32ms, mfu 30.96%
iter 1720: loss 4.0263, time 4942.67ms, mfu 30.96%
iter 1730: loss 3.9587, time 5045.34ms, mfu 30.89%
iter 1740: loss 4.0811, time 4927.33ms, mfu 30.90%
iter 1750: loss 3.8595, time 4913.96ms, mfu 30.92%
iter 1760: loss 3.9538, time 4930.52ms, mfu 30.92%
iter 1770: loss 4.0406, time 4947.25ms, mfu 30.92%
iter 1780: loss 3.9097, time 4925.73ms, mfu 30.93%
iter 1790: loss 4.0072, time 4948.09ms, mfu 30.92%
iter 1800: loss 3.9470, time 4952.24ms, mfu 30.91%
iter 1810: loss 4.0468, time 4977.46ms, mfu 30.89%
iter 1820: loss 3.8568, time 4911.39ms, mfu 30.91%
iter 1830: loss 3.8899, time 4923.12ms, mfu 30.92%
iter 1840: loss 3.9045, time 4966.48ms, mfu 30.90%
iter 1850: loss 3.9725, time 4948.18ms, mfu 30.90%
iter 1860: loss 3.9044, time 4943.73ms, mfu 30.90%
iter 1870: loss 3.8724, time 4912.11ms, mfu 30.92%
iter 1880: loss 3.9064, time 4934.74ms, mfu 30.92%
iter 1890: loss 3.8907, time 4915.32ms, mfu 30.93%
iter 1900: loss 3.9725, time 4943.00ms, mfu 30.93%
iter 1910: loss 3.7932, time 4912.20ms, mfu 30.95%
iter 1920: loss 3.9721, time 4954.54ms, mfu 30.93%
iter 1930: loss 3.9812, time 4967.73ms, mfu 30.92%
iter 1940: loss 3.8963, time 4961.37ms, mfu 30.90%
iter 1950: loss 3.9437, time 4913.01ms, mfu 30.92%
iter 1960: loss 3.8870, time 4956.07ms, mfu 30.91%
iter 1970: loss 3.9518, time 4919.87ms, mfu 30.92%
iter 1980: loss 3.7620, time 4923.59ms, mfu 30.93%
iter 1990: loss 3.8367, time 4953.72ms, mfu 30.92%
step 2000: train loss 3.8237, val loss 3.8367
saving checkpoint to /net/scratch2/junyuren/nanoGPT-manifold/out-gpt2m-grass-hybridgate-r384
iter 2000: loss 3.9049, time 58180.07ms, mfu 28.09%
iter 2010: loss 3.8984, time 4923.72ms, mfu 28.38%
iter 2020: loss 3.8566, time 4925.54ms, mfu 28.65%
iter 2030: loss 3.9745, time 4932.06ms, mfu 28.88%
iter 2040: loss 3.7594, time 4959.75ms, mfu 29.07%
iter 2050: loss 3.8995, time 4913.48ms, mfu 29.27%
iter 2060: loss 3.8755, time 4952.07ms, mfu 29.43%
iter 2070: loss 3.8980, time 4938.61ms, mfu 29.58%
iter 2080: loss 3.8600, time 4951.49ms, mfu 29.70%
iter 2090: loss 3.9166, time 4936.70ms, mfu 29.83%
iter 2100: loss 3.9305, time 4936.25ms, mfu 29.94%
iter 2110: loss 4.0051, time 4952.43ms, mfu 30.03%
iter 2120: loss 3.8195, time 4945.54ms, mfu 30.11%
iter 2130: loss 3.9366, time 4948.52ms, mfu 30.19%
iter 2140: loss 3.8775, time 4933.22ms, mfu 30.26%
iter 2150: loss 3.8486, time 4906.33ms, mfu 30.35%
iter 2160: loss 3.8435, time 4946.59ms, mfu 30.40%
iter 2170: loss 3.8887, time 4956.37ms, mfu 30.44%
iter 2180: loss 3.8836, time 4953.38ms, mfu 30.48%
iter 2190: loss 3.8885, time 4961.33ms, mfu 30.51%
iter 2200: loss 3.7389, time 4953.86ms, mfu 30.54%
iter 2210: loss 3.7566, time 4957.10ms, mfu 30.57%
iter 2220: loss 3.7995, time 4928.77ms, mfu 30.61%
iter 2230: loss 3.8750, time 4948.95ms, mfu 30.64%
iter 2240: loss 3.8043, time 4945.55ms, mfu 30.66%
iter 2250: loss 3.9196, time 4969.37ms, mfu 30.67%
iter 2260: loss 3.8660, time 4936.79ms, mfu 30.69%
iter 2270: loss 3.9146, time 4943.75ms, mfu 30.71%
iter 2280: loss 3.8050, time 4938.09ms, mfu 30.73%
iter 2290: loss 3.7287, time 4928.66ms, mfu 30.76%
iter 2300: loss 3.7753, time 4957.56ms, mfu 30.76%
iter 2310: loss 3.8514, time 4902.72ms, mfu 30.80%
iter 2320: loss 3.7542, time 4939.81ms, mfu 30.81%
iter 2330: loss 3.7766, time 4917.10ms, mfu 30.84%
iter 2340: loss 3.8519, time 4893.82ms, mfu 30.88%
iter 2350: loss 3.7426, time 4916.07ms, mfu 30.89%
iter 2360: loss 3.7001, time 4957.58ms, mfu 30.89%
iter 2370: loss 3.8194, time 4944.98ms, mfu 30.88%
iter 2380: loss 3.7648, time 4936.44ms, mfu 30.89%
iter 2390: loss 3.8624, time 4930.66ms, mfu 30.90%
iter 2400: loss 3.8294, time 4951.56ms, mfu 30.89%
iter 2410: loss 3.7797, time 4931.36ms, mfu 30.90%
iter 2420: loss 3.8544, time 4931.18ms, mfu 30.91%
iter 2430: loss 3.7785, time 4940.34ms, mfu 30.91%
iter 2440: loss 3.7724, time 4918.43ms, mfu 30.92%
iter 2450: loss 3.6702, time 4936.11ms, mfu 30.92%
iter 2460: loss 3.7375, time 4937.36ms, mfu 30.92%
iter 2470: loss 3.7732, time 4933.90ms, mfu 30.93%
iter 2480: loss 3.8632, time 4939.14ms, mfu 30.93%
iter 2490: loss 3.8079, time 4947.01ms, mfu 30.92%
iter 2500: loss 3.7972, time 4954.82ms, mfu 30.91%
iter 2510: loss 3.6152, time 4965.54ms, mfu 30.89%
iter 2520: loss 3.5954, time 4912.75ms, mfu 30.91%
iter 2530: loss 3.6537, time 4921.21ms, mfu 30.93%
iter 2540: loss 3.8781, time 4915.03ms, mfu 30.94%
iter 2550: loss 3.6742, time 4940.84ms, mfu 30.94%
iter 2560: loss 3.7431, time 4938.14ms, mfu 30.94%
iter 2570: loss 3.7631, time 4913.45ms, mfu 30.95%
iter 2580: loss 3.7809, time 4929.38ms, mfu 30.95%
iter 2590: loss 3.7706, time 4907.80ms, mfu 30.97%
iter 2600: loss 3.7779, time 4926.87ms, mfu 30.97%
iter 2610: loss 3.6931, time 4969.92ms, mfu 30.95%
iter 2620: loss 3.7307, time 4933.38ms, mfu 30.95%
iter 2630: loss 3.5961, time 4930.58ms, mfu 30.95%
iter 2640: loss 3.7938, time 4914.97ms, mfu 30.96%
iter 2650: loss 3.8079, time 4953.09ms, mfu 30.95%
iter 2660: loss 3.7161, time 4963.36ms, mfu 30.93%
iter 2670: loss 3.7384, time 4930.63ms, mfu 30.94%
iter 2680: loss 3.6918, time 4959.57ms, mfu 30.92%
iter 2690: loss 3.7583, time 4908.25ms, mfu 30.94%
iter 2700: loss 3.7452, time 4949.02ms, mfu 30.93%
iter 2710: loss 3.6128, time 4939.22ms, mfu 30.93%
iter 2720: loss 3.7673, time 4937.29ms, mfu 30.93%
iter 2730: loss 3.7469, time 4954.99ms, mfu 30.92%
iter 2740: loss 3.7580, time 4937.88ms, mfu 30.92%
iter 2750: loss 3.7546, time 4935.46ms, mfu 30.92%
iter 2760: loss 3.8295, time 4941.82ms, mfu 30.92%
iter 2770: loss 3.6318, time 4948.78ms, mfu 30.91%
iter 2780: loss 3.8267, time 4953.43ms, mfu 30.91%
iter 2790: loss 3.6057, time 4944.97ms, mfu 30.90%
iter 2800: loss 3.5717, time 4968.41ms, mfu 30.89%
iter 2810: loss 3.6165, time 4943.13ms, mfu 30.89%
iter 2820: loss 3.7098, time 4929.10ms, mfu 30.90%
iter 2830: loss 3.8225, time 4953.06ms, mfu 30.89%
iter 2840: loss 3.6829, time 4948.56ms, mfu 30.89%
iter 2850: loss 3.6988, time 4975.62ms, mfu 30.87%
iter 2860: loss 3.6591, time 4941.69ms, mfu 30.87%
iter 2870: loss 3.7113, time 4969.12ms, mfu 30.86%
iter 2880: loss 3.6834, time 4946.84ms, mfu 30.86%
iter 2890: loss 3.7682, time 4925.40ms, mfu 30.87%
iter 2900: loss 3.5725, time 4927.84ms, mfu 30.89%
iter 2910: loss 3.6204, time 4918.10ms, mfu 30.90%
iter 2920: loss 3.7597, time 4925.07ms, mfu 30.91%
iter 2930: loss 3.7433, time 4931.98ms, mfu 30.92%
iter 2940: loss 3.8196, time 4953.28ms, mfu 30.91%
iter 2950: loss 3.5969, time 4924.92ms, mfu 30.92%
iter 2960: loss 3.6821, time 4908.34ms, mfu 30.94%
iter 2970: loss 3.7131, time 4957.95ms, mfu 30.92%
iter 2980: loss 3.6418, time 4930.01ms, mfu 30.93%
iter 2990: loss 3.6806, time 4918.17ms, mfu 30.94%
step 3000: train loss 3.5828, val loss 3.6043
saving checkpoint to /net/scratch2/junyuren/nanoGPT-manifold/out-gpt2m-grass-hybridgate-r384
iter 3000: loss 3.6642, time 56398.94ms, mfu 28.12%
iter 3010: loss 3.6666, time 4908.29ms, mfu 28.42%
iter 3020: loss 3.6599, time 4941.98ms, mfu 28.67%
iter 3030: loss 3.6653, time 4928.72ms, mfu 28.90%
iter 3040: loss 3.6458, time 4921.11ms, mfu 29.11%
iter 3050: loss 3.6690, time 4929.01ms, mfu 29.30%
iter 3060: loss 3.5406, time 4947.05ms, mfu 29.46%
iter 3070: loss 3.6073, time 4917.21ms, mfu 29.62%
iter 3080: loss 3.6382, time 4916.75ms, mfu 29.76%
iter 3090: loss 3.4340, time 4917.01ms, mfu 29.89%
iter 3100: loss 3.6120, time 4912.76ms, mfu 30.01%
iter 3110: loss 3.7575, time 4936.05ms, mfu 30.10%
iter 3120: loss 3.6932, time 4958.73ms, mfu 30.17%
iter 3130: loss 3.5618, time 4927.23ms, mfu 30.25%
iter 3140: loss 3.6459, time 4945.20ms, mfu 30.32%
iter 3150: loss 3.5772, time 4922.26ms, mfu 30.39%
iter 3160: loss 3.5884, time 4924.75ms, mfu 30.45%
iter 3170: loss 3.6547, time 4942.27ms, mfu 30.49%
iter 3180: loss 3.5855, time 4925.65ms, mfu 30.55%
iter 3190: loss 3.6921, time 4926.56ms, mfu 30.59%
iter 3200: loss 3.6478, time 4948.51ms, mfu 30.62%
iter 3210: loss 3.5371, time 4953.22ms, mfu 30.64%
iter 3220: loss 3.6274, time 4927.16ms, mfu 30.67%
iter 3230: loss 3.6862, time 4954.76ms, mfu 30.69%
iter 3240: loss 3.6599, time 4933.38ms, mfu 30.72%
iter 3250: loss 3.5780, time 4916.65ms, mfu 30.75%
iter 3260: loss 3.6730, time 4936.39ms, mfu 30.77%
iter 3270: loss 3.6562, time 4929.07ms, mfu 30.79%
iter 3280: loss 3.6320, time 4954.02ms, mfu 30.79%
iter 3290: loss 3.5415, time 4899.77ms, mfu 30.83%
iter 3300: loss 3.5853, time 4936.27ms, mfu 30.84%
iter 3310: loss 3.6611, time 4944.16ms, mfu 30.85%
iter 3320: loss 3.5881, time 4908.65ms, mfu 30.87%
iter 3330: loss 3.5751, time 4903.41ms, mfu 30.90%
iter 3340: loss 3.5658, time 4908.93ms, mfu 30.92%
iter 3350: loss 3.7380, time 4936.58ms, mfu 30.92%
iter 3360: loss 3.5964, time 4946.29ms, mfu 30.92%
iter 3370: loss 3.4742, time 4941.54ms, mfu 30.92%
iter 3380: loss 3.6831, time 4943.15ms, mfu 30.91%
iter 3390: loss 3.4937, time 4922.29ms, mfu 30.93%
iter 3400: loss 3.5756, time 4928.18ms, mfu 30.93%
iter 3410: loss 3.5030, time 4956.62ms, mfu 30.92%
iter 3420: loss 3.5472, time 4944.11ms, mfu 30.92%
iter 3430: loss 3.6062, time 4926.75ms, mfu 30.92%
iter 3440: loss 3.5795, time 4933.33ms, mfu 30.93%
iter 3450: loss 3.5552, time 4934.37ms, mfu 30.93%
iter 3460: loss 3.5585, time 4933.99ms, mfu 30.93%
iter 3470: loss 3.5784, time 4949.06ms, mfu 30.92%
iter 3480: loss 3.7198, time 4952.14ms, mfu 30.92%
iter 3490: loss 3.6424, time 4949.86ms, mfu 30.91%
iter 3500: loss 3.5787, time 4974.43ms, mfu 30.89%
iter 3510: loss 3.6612, time 4916.98ms, mfu 30.91%
iter 3520: loss 3.4172, time 4926.92ms, mfu 30.91%
iter 3530: loss 3.4852, time 4935.71ms, mfu 30.92%
iter 3540: loss 3.5008, time 4923.57ms, mfu 30.93%
iter 3550: loss 3.5500, time 4928.98ms, mfu 30.93%
iter 3560: loss 3.6713, time 4935.49ms, mfu 30.93%
iter 3570: loss 3.5194, time 4929.19ms, mfu 30.94%
iter 3580: loss 3.6474, time 4969.69ms, mfu 30.92%
iter 3590: loss 3.6624, time 4944.73ms, mfu 30.91%
iter 3600: loss 3.5172, time 4935.46ms, mfu 30.92%
iter 3610: loss 3.4858, time 4927.04ms, mfu 30.92%
iter 3620: loss 3.6288, time 4935.33ms, mfu 30.93%
iter 3630: loss 3.5719, time 4910.19ms, mfu 30.94%
iter 3640: loss 3.6134, time 4933.79ms, mfu 30.94%
iter 3650: loss 3.5572, time 4928.29ms, mfu 30.95%
iter 3660: loss 3.5684, time 4921.49ms, mfu 30.96%
iter 3670: loss 3.5710, time 4941.11ms, mfu 30.95%
iter 3680: loss 3.5910, time 4940.02ms, mfu 30.95%
iter 3690: loss 3.6541, time 4928.82ms, mfu 30.95%
iter 3700: loss 3.5213, time 4919.79ms, mfu 30.96%
iter 3710: loss 3.6414, time 4906.88ms, mfu 30.98%
iter 3720: loss 3.5601, time 4974.16ms, mfu 30.95%
iter 3730: loss 3.5911, time 4914.29ms, mfu 30.96%
iter 3740: loss 3.6238, time 4923.94ms, mfu 30.97%
iter 3750: loss 3.5326, time 4924.23ms, mfu 30.97%
iter 3760: loss 3.7136, time 4939.73ms, mfu 30.97%
iter 3770: loss 3.5829, time 4923.59ms, mfu 30.97%
iter 3780: loss 3.5469, time 4957.99ms, mfu 30.95%
iter 3790: loss 3.6706, time 4914.87ms, mfu 30.97%
iter 3800: loss 3.6150, time 4953.14ms, mfu 30.95%
iter 3810: loss 3.5781, time 4940.71ms, mfu 30.95%
iter 3820: loss 3.5497, time 4962.30ms, mfu 30.93%
iter 3830: loss 3.5398, time 4948.41ms, mfu 30.92%
iter 3840: loss 3.5706, time 4928.64ms, mfu 30.93%
iter 3850: loss 3.4962, time 4955.71ms, mfu 30.92%
