=== TIER 1 EXPERIMENT 1: 36L, r=384, Hybrid Gating ===
Job ID: 610883
Node: m001
GPUs: 
Start time: Fri Jan  2 11:12:16 AM CST 2026

=== Configuration ===
Architecture: 36 layers, d=1024, 16 heads (~660M params)
Grassmann rank: r=384 (37.5% of width) ← INCREASED from r=256
Gating: Hybrid (48 head-level + 4 block-level = 52 gates/layer)
Training: 168k iters (100 tokens/param)

KEY COMPARISON:
  Previous 36L r=256: Slow convergence, val ~3.26 @ 14.2B tokens
  This 36L r=384: Should converge faster if rank was bottleneck

=== Starting Training ===
Overriding config with config/train_gpt2_large_grassmann_hybridgate_r384.py:
# TIER 1 EXPERIMENT 1: 36L, r=384, hybrid gating
# Question: Is 36L slow because of depth or low rank?
# Hypothesis: If r=384 converges faster than r=256, rank was the bottleneck

# GPT-2 Large-ish architecture
n_layer = 36  # Deep network
n_head = 16
n_embd = 1024
block_size = 1024
dropout = 0.05  # Reduced from 0.1 (manifold provides regularization)
bias = False  # Grassmann requires no bias

# Enable Grassmann with hybrid gating
use_grassmann = True
use_full_block_decomp = False  # Hybrid gating (not full block decomp)

# Grassmann configuration
# INCREASED rank from 256 → 384 (37.5% of n_embd, matching 24L experiments)
grass_rank = 384  # CRITICAL: Higher rank to test expressivity hypothesis
grass_scale = 10.0  # Uniform x=10 scaling
grass_a = 1.0  # Identity-centered for non-skip layers
grass_b = 0.0
grass_lr = 3e-3  # Conservative for deeper network

# Hybrid gating architecture:
# - c_attn: 48 head-level gates (16 heads × 3 QKV), linear + sigmoid
# - mlp.c_fc: 4 block-level gates (4 MLP blocks), linear + sigmoid
gate_lr = 1.5e-3  # 2.5× learning_rate for gates
embed_lr = 3e-4   # 0.5× learning_rate for embeddings

# Training hyperparameters - TARGET: 100 tokens/param
# Total params: ~660M → 66B tokens → 168k iters @ 393K tokens/iter
learning_rate = 6e-4  # Base LR for AdamW components
max_iters = 168000  # 100 tokens/param
warmup_iters = 6000  # Longer for deeper network
lr_decay_iters = 150000  # CRITICAL: < max_iters for fine-tuning region!
min_lr = 6e-5  # 0.1 × learning_rate

# Multi-GPU batch configuration
# Same as before: 32 × 12 × 4 GPUs = 1536 sequences × 1024 seq_len = 1,572,864 tokens
# grad_accum MUST be divisible by 4 GPUs (DDP requirement)
batch_size = 32  # Per GPU
gradient_accumulation_steps = 12  # Total 384 sequences per GPU, 393K tokens/iter

# Regularization
weight_decay = 1e-1  # Standard for GPT-2 (applies to AdamW params only)

# Optimizer
beta1 = 0.9
beta2 = 0.95
grad_clip = 1.0

# Evaluation
eval_interval = 1000
eval_iters = 200
log_interval = 10

# Dataset
dataset = 'openwebtext'
data_dir = '/net/scratch2/junyuren/nanoGPT-manifold/data/openwebtext'
always_save_checkpoint = True

# CRITICAL: Save to scratch (home has strict disk quota!)
out_dir = '/net/scratch2/junyuren/nanoGPT-manifold/out-gpt2large-grass-hybridgate-r384'

# Compile for performance
compile = True

# System
dtype = 'bfloat16'  # More stable than float16 for Grassmann
device = 'cuda'

# Phase identifier (for configure_optimizers_grassmann_phases)
grassmann_phase = 'phase3'  # c_attn + mlp.c_fc (non-skip-facing only)

Overriding config with config/train_gpt2_large_grassmann_hybridgate_r384.py:
# TIER 1 EXPERIMENT 1: 36L, r=384, hybrid gating
# Question: Is 36L slow because of depth or low rank?
# Hypothesis: If r=384 converges faster than r=256, rank was the bottleneck

# GPT-2 Large-ish architecture
n_layer = 36  # Deep network
n_head = 16
n_embd = 1024
block_size = 1024
dropout = 0.05  # Reduced from 0.1 (manifold provides regularization)
bias = False  # Grassmann requires no bias

# Enable Grassmann with hybrid gating
use_grassmann = True
use_full_block_decomp = False  # Hybrid gating (not full block decomp)

# Grassmann configuration
# INCREASED rank from 256 → 384 (37.5% of n_embd, matching 24L experiments)
grass_rank = 384  # CRITICAL: Higher rank to test expressivity hypothesis
grass_scale = 10.0  # Uniform x=10 scaling
grass_a = 1.0  # Identity-centered for non-skip layers
grass_b = 0.0
grass_lr = 3e-3  # Conservative for deeper network

# Hybrid gating architecture:
# - c_attn: 48 head-level gates (16 heads × 3 QKV), linear + sigmoid
# - mlp.c_fc: 4 block-level gates (4 MLP blocks), linear + sigmoid
gate_lr = 1.5e-3  # 2.5× learning_rate for gates
embed_lr = 3e-4   # 0.5× learning_rate for embeddings

# Training hyperparameters - TARGET: 100 tokens/param
# Total params: ~660M → 66B tokens → 168k iters @ 393K tokens/iter
learning_rate = 6e-4  # Base LR for AdamW components
max_iters = 168000  # 100 tokens/param
warmup_iters = 6000  # Longer for deeper network
lr_decay_iters = 150000  # CRITICAL: < max_iters for fine-tuning region!
min_lr = 6e-5  # 0.1 × learning_rate

# Multi-GPU batch configuration
# Same as before: 32 × 12 × 4 GPUs = 1536 sequences × 1024 seq_len = 1,572,864 tokens
# grad_accum MUST be divisible by 4 GPUs (DDP requirement)
batch_size = 32  # Per GPU
gradient_accumulation_steps = 12  # Total 384 sequences per GPU, 393K tokens/iter

# Regularization
weight_decay = 1e-1  # Standard for GPT-2 (applies to AdamW params only)

# Optimizer
beta1 = 0.9
beta2 = 0.95
grad_clip = 1.0

# Evaluation
eval_interval = 1000
eval_iters = 200
log_interval = 10

# Dataset
dataset = 'openwebtext'
data_dir = '/net/scratch2/junyuren/nanoGPT-manifold/data/openwebtext'
always_save_checkpoint = True

# CRITICAL: Save to scratch (home has strict disk quota!)
out_dir = '/net/scratch2/junyuren/nanoGPT-manifold/out-gpt2large-grass-hybridgate-r384'

# Compile for performance
compile = True

# System
dtype = 'bfloat16'  # More stable than float16 for Grassmann
device = 'cuda'

# Phase identifier (for configure_optimizers_grassmann_phases)
grassmann_phase = 'phase3'  # c_attn + mlp.c_fc (non-skip-facing only)

Overriding config with config/train_gpt2_large_grassmann_hybridgate_r384.py:
# TIER 1 EXPERIMENT 1: 36L, r=384, hybrid gating
# Question: Is 36L slow because of depth or low rank?
# Hypothesis: If r=384 converges faster than r=256, rank was the bottleneck

# GPT-2 Large-ish architecture
n_layer = 36  # Deep network
n_head = 16
n_embd = 1024
block_size = 1024
dropout = 0.05  # Reduced from 0.1 (manifold provides regularization)
bias = False  # Grassmann requires no bias

# Enable Grassmann with hybrid gating
use_grassmann = True
use_full_block_decomp = False  # Hybrid gating (not full block decomp)

# Grassmann configuration
# INCREASED rank from 256 → 384 (37.5% of n_embd, matching 24L experiments)
grass_rank = 384  # CRITICAL: Higher rank to test expressivity hypothesis
grass_scale = 10.0  # Uniform x=10 scaling
grass_a = 1.0  # Identity-centered for non-skip layers
grass_b = 0.0
grass_lr = 3e-3  # Conservative for deeper network

# Hybrid gating architecture:
# - c_attn: 48 head-level gates (16 heads × 3 QKV), linear + sigmoid
# - mlp.c_fc: 4 block-level gates (4 MLP blocks), linear + sigmoid
gate_lr = 1.5e-3  # 2.5× learning_rate for gates
embed_lr = 3e-4   # 0.5× learning_rate for embeddings

# Training hyperparameters - TARGET: 100 tokens/param
# Total params: ~660M → 66B tokens → 168k iters @ 393K tokens/iter
learning_rate = 6e-4  # Base LR for AdamW components
max_iters = 168000  # 100 tokens/param
warmup_iters = 6000  # Longer for deeper network
lr_decay_iters = 150000  # CRITICAL: < max_iters for fine-tuning region!
min_lr = 6e-5  # 0.1 × learning_rate

# Multi-GPU batch configuration
# Same as before: 32 × 12 × 4 GPUs = 1536 sequences × 1024 seq_len = 1,572,864 tokens
# grad_accum MUST be divisible by 4 GPUs (DDP requirement)
batch_size = 32  # Per GPU
gradient_accumulation_steps = 12  # Total 384 sequences per GPU, 393K tokens/iter

# Regularization
weight_decay = 1e-1  # Standard for GPT-2 (applies to AdamW params only)

# Optimizer
beta1 = 0.9
beta2 = 0.95
grad_clip = 1.0

# Evaluation
eval_interval = 1000
eval_iters = 200
log_interval = 10

# Dataset
dataset = 'openwebtext'
data_dir = '/net/scratch2/junyuren/nanoGPT-manifold/data/openwebtext'
always_save_checkpoint = True

# CRITICAL: Save to scratch (home has strict disk quota!)
out_dir = '/net/scratch2/junyuren/nanoGPT-manifold/out-gpt2large-grass-hybridgate-r384'

# Compile for performance
compile = True

# System
dtype = 'bfloat16'  # More stable than float16 for Grassmann
device = 'cuda'

# Phase identifier (for configure_optimizers_grassmann_phases)
grassmann_phase = 'phase3'  # c_attn + mlp.c_fc (non-skip-facing only)

Overriding config with config/train_gpt2_large_grassmann_hybridgate_r384.py:
# TIER 1 EXPERIMENT 1: 36L, r=384, hybrid gating
# Question: Is 36L slow because of depth or low rank?
# Hypothesis: If r=384 converges faster than r=256, rank was the bottleneck

# GPT-2 Large-ish architecture
n_layer = 36  # Deep network
n_head = 16
n_embd = 1024
block_size = 1024
dropout = 0.05  # Reduced from 0.1 (manifold provides regularization)
bias = False  # Grassmann requires no bias

# Enable Grassmann with hybrid gating
use_grassmann = True
use_full_block_decomp = False  # Hybrid gating (not full block decomp)

# Grassmann configuration
# INCREASED rank from 256 → 384 (37.5% of n_embd, matching 24L experiments)
grass_rank = 384  # CRITICAL: Higher rank to test expressivity hypothesis
grass_scale = 10.0  # Uniform x=10 scaling
grass_a = 1.0  # Identity-centered for non-skip layers
grass_b = 0.0
grass_lr = 3e-3  # Conservative for deeper network

# Hybrid gating architecture:
# - c_attn: 48 head-level gates (16 heads × 3 QKV), linear + sigmoid
# - mlp.c_fc: 4 block-level gates (4 MLP blocks), linear + sigmoid
gate_lr = 1.5e-3  # 2.5× learning_rate for gates
embed_lr = 3e-4   # 0.5× learning_rate for embeddings

# Training hyperparameters - TARGET: 100 tokens/param
# Total params: ~660M → 66B tokens → 168k iters @ 393K tokens/iter
learning_rate = 6e-4  # Base LR for AdamW components
max_iters = 168000  # 100 tokens/param
warmup_iters = 6000  # Longer for deeper network
lr_decay_iters = 150000  # CRITICAL: < max_iters for fine-tuning region!
min_lr = 6e-5  # 0.1 × learning_rate

# Multi-GPU batch configuration
# Same as before: 32 × 12 × 4 GPUs = 1536 sequences × 1024 seq_len = 1,572,864 tokens
# grad_accum MUST be divisible by 4 GPUs (DDP requirement)
batch_size = 32  # Per GPU
gradient_accumulation_steps = 12  # Total 384 sequences per GPU, 393K tokens/iter

# Regularization
weight_decay = 1e-1  # Standard for GPT-2 (applies to AdamW params only)

# Optimizer
beta1 = 0.9
beta2 = 0.95
grad_clip = 1.0

# Evaluation
eval_interval = 1000
eval_iters = 200
log_interval = 10

# Dataset
dataset = 'openwebtext'
data_dir = '/net/scratch2/junyuren/nanoGPT-manifold/data/openwebtext'
always_save_checkpoint = True

# CRITICAL: Save to scratch (home has strict disk quota!)
out_dir = '/net/scratch2/junyuren/nanoGPT-manifold/out-gpt2large-grass-hybridgate-r384'

# Compile for performance
compile = True

# System
dtype = 'bfloat16'  # More stable than float16 for Grassmann
device = 'cuda'

# Phase identifier (for configure_optimizers_grassmann_phases)
grassmann_phase = 'phase3'  # c_attn + mlp.c_fc (non-skip-facing only)

tokens per iteration will be: 393,216
Initializing a new model from scratch
defaulting to vocab_size of GPT-2 to 50304 (50257 rounded up for efficiency)
tokens per iteration will be: 393,216
Initializing a new model from scratch
defaulting to vocab_size of GPT-2 to 50304 (50257 rounded up for efficiency)
tokens per iteration will be: 393,216
Initializing a new model from scratch
defaulting to vocab_size of GPT-2 to 50304 (50257 rounded up for efficiency)
tokens per iteration will be: 393,216
Initializing a new model from scratch
defaulting to vocab_size of GPT-2 to 50304 (50257 rounded up for efficiency)
number of parameters: 506.49M
number of parameters: 506.49M
number of parameters: 506.49M
number of parameters: 506.49M

=== Phase phase3 Grassmann Configuration ===

Per-block configuration (36 blocks):
  c_attn ranks:       [384, 384, 384, 384, 384, 384, 384, 384, 384, 384, 384, 384, 384, 384, 384, 384, 384, 384, 384, 384, 384, 384, 384, 384, 384, 384, 384, 384, 384, 384, 384, 384, 384, 384, 384, 384]
  c_attn scales:      ['1.00', '1.00', '1.00', '1.00', '1.00', '1.00', '1.00', '1.00', '1.00', '1.00', '1.00', '1.00', '1.00', '1.00', '1.00', '1.00', '1.00', '1.00', '1.00', '1.00', '1.00', '1.00', '1.00', '1.00', '1.00', '1.00', '1.00', '1.00', '1.00', '1.00', '1.00', '1.00', '1.00', '1.00', '1.00', '1.00']
  mlp.c_fc ranks:     [384, 384, 384, 384, 384, 384, 384, 384, 384, 384, 384, 384, 384, 384, 384, 384, 384, 384, 384, 384, 384, 384, 384, 384, 384, 384, 384, 384, 384, 384, 384, 384, 384, 384, 384, 384]
  mlp.c_fc scales:    ['1.00', '1.00', '1.00', '1.00', '1.00', '1.00', '1.00', '1.00', '1.00', '1.00', '1.00', '1.00', '1.00', '1.00', '1.00', '1.00', '1.00', '1.00', '1.00', '1.00', '1.00', '1.00', '1.00', '1.00', '1.00', '1.00', '1.00', '1.00', '1.00', '1.00', '1.00', '1.00', '1.00', '1.00', '1.00', '1.00']
Grassmann Muon parameters: 252 weight matrices, 264,241,152 params
AdamW optimizer groups:
  Gates:      180 tensors, 1,916,928 params, lr=1.50e-03, wd=0.1
  Projections: 72 tensors, 188,743,680 params, lr=6.00e-04, wd=0.1
  Embeddings: 2 tensors, 52,559,872 params, lr=3.00e-04, wd=0.0
  No decay:   73 tensors, 74,752 params, lr=6.00e-04, wd=0.0
  transformer.h.0.attn.c_attn.blocks.0.weight: k=1, G_{1.0,0.0,384}, lr=0.008, scale=1.0, type=None
  transformer.h.0.attn.c_attn.blocks.1.weight: k=1, G_{1.0,0.0,384}, lr=0.008, scale=1.0, type=None
  transformer.h.0.attn.c_attn.blocks.2.weight: k=1, G_{1.0,0.0,384}, lr=0.008, scale=1.0, type=None
  transformer.h.0.mlp.c_fc.blocks.0.weight: k=1, G_{1.0,0.0,384}, lr=0.008, scale=1.0, type=None
  transformer.h.0.mlp.c_fc.blocks.1.weight: k=1, G_{1.0,0.0,384}, lr=0.008, scale=1.0, type=None
  transformer.h.0.mlp.c_fc.blocks.2.weight: k=1, G_{1.0,0.0,384}, lr=0.008, scale=1.0, type=None
  transformer.h.0.mlp.c_fc.blocks.3.weight: k=1, G_{1.0,0.0,384}, lr=0.008, scale=1.0, type=None
  transformer.h.1.attn.c_attn.blocks.0.weight: k=1, G_{1.0,0.0,384}, lr=0.008, scale=1.0, type=None
  transformer.h.1.attn.c_attn.blocks.1.weight: k=1, G_{1.0,0.0,384}, lr=0.008, scale=1.0, type=None
  transformer.h.1.attn.c_attn.blocks.2.weight: k=1, G_{1.0,0.0,384}, lr=0.008, scale=1.0, type=None
  transformer.h.1.mlp.c_fc.blocks.0.weight: k=1, G_{1.0,0.0,384}, lr=0.008, scale=1.0, type=None
  transformer.h.1.mlp.c_fc.blocks.1.weight: k=1, G_{1.0,0.0,384}, lr=0.008, scale=1.0, type=None
  transformer.h.1.mlp.c_fc.blocks.2.weight: k=1, G_{1.0,0.0,384}, lr=0.008, scale=1.0, type=None
  transformer.h.1.mlp.c_fc.blocks.3.weight: k=1, G_{1.0,0.0,384}, lr=0.008, scale=1.0, type=None
  transformer.h.2.attn.c_attn.blocks.0.weight: k=1, G_{1.0,0.0,384}, lr=0.008, scale=1.0, type=None
  transformer.h.2.attn.c_attn.blocks.1.weight: k=1, G_{1.0,0.0,384}, lr=0.008, scale=1.0, type=None
  transformer.h.2.attn.c_attn.blocks.2.weight: k=1, G_{1.0,0.0,384}, lr=0.008, scale=1.0, type=None
  transformer.h.2.mlp.c_fc.blocks.0.weight: k=1, G_{1.0,0.0,384}, lr=0.008, scale=1.0, type=None
  transformer.h.2.mlp.c_fc.blocks.1.weight: k=1, G_{1.0,0.0,384}, lr=0.008, scale=1.0, type=None
  transformer.h.2.mlp.c_fc.blocks.2.weight: k=1, G_{1.0,0.0,384}, lr=0.008, scale=1.0, type=None
  transformer.h.2.mlp.c_fc.blocks.3.weight: k=1, G_{1.0,0.0,384}, lr=0.008, scale=1.0, type=None
  transformer.h.3.attn.c_attn.blocks.0.weight: k=1, G_{1.0,0.0,384}, lr=0.008, scale=1.0, type=None
  transformer.h.3.attn.c_attn.blocks.1.weight: k=1, G_{1.0,0.0,384}, lr=0.008, scale=1.0, type=None
  transformer.h.3.attn.c_attn.blocks.2.weight: k=1, G_{1.0,0.0,384}, lr=0.008, scale=1.0, type=None
  transformer.h.3.mlp.c_fc.blocks.0.weight: k=1, G_{1.0,0.0,384}, lr=0.008, scale=1.0, type=None
  transformer.h.3.mlp.c_fc.blocks.1.weight: k=1, G_{1.0,0.0,384}, lr=0.008, scale=1.0, type=None
  transformer.h.3.mlp.c_fc.blocks.2.weight: k=1, G_{1.0,0.0,384}, lr=0.008, scale=1.0, type=None
  transformer.h.3.mlp.c_fc.blocks.3.weight: k=1, G_{1.0,0.0,384}, lr=0.008, scale=1.0, type=None
  transformer.h.4.attn.c_attn.blocks.0.weight: k=1, G_{1.0,0.0,384}, lr=0.008, scale=1.0, type=None
  transformer.h.4.attn.c_attn.blocks.1.weight: k=1, G_{1.0,0.0,384}, lr=0.008, scale=1.0, type=None
  transformer.h.4.attn.c_attn.blocks.2.weight: k=1, G_{1.0,0.0,384}, lr=0.008, scale=1.0, type=None
  transformer.h.4.mlp.c_fc.blocks.0.weight: k=1, G_{1.0,0.0,384}, lr=0.008, scale=1.0, type=None
  transformer.h.4.mlp.c_fc.blocks.1.weight: k=1, G_{1.0,0.0,384}, lr=0.008, scale=1.0, type=None
  transformer.h.4.mlp.c_fc.blocks.2.weight: k=1, G_{1.0,0.0,384}, lr=0.008, scale=1.0, type=None
  transformer.h.4.mlp.c_fc.blocks.3.weight: k=1, G_{1.0,0.0,384}, lr=0.008, scale=1.0, type=None
  transformer.h.5.attn.c_attn.blocks.0.weight: k=1, G_{1.0,0.0,384}, lr=0.008, scale=1.0, type=None
  transformer.h.5.attn.c_attn.blocks.1.weight: k=1, G_{1.0,0.0,384}, lr=0.008, scale=1.0, type=None
  transformer.h.5.attn.c_attn.blocks.2.weight: k=1, G_{1.0,0.0,384}, lr=0.008, scale=1.0, type=None
  transformer.h.5.mlp.c_fc.blocks.0.weight: k=1, G_{1.0,0.0,384}, lr=0.008, scale=1.0, type=None
  transformer.h.5.mlp.c_fc.blocks.1.weight: k=1, G_{1.0,0.0,384}, lr=0.008, scale=1.0, type=None
  transformer.h.5.mlp.c_fc.blocks.2.weight: k=1, G_{1.0,0.0,384}, lr=0.008, scale=1.0, type=None
  transformer.h.5.mlp.c_fc.blocks.3.weight: k=1, G_{1.0,0.0,384}, lr=0.008, scale=1.0, type=None
  transformer.h.6.attn.c_attn.blocks.0.weight: k=1, G_{1.0,0.0,384}, lr=0.008, scale=1.0, type=None
  transformer.h.6.attn.c_attn.blocks.1.weight: k=1, G_{1.0,0.0,384}, lr=0.008, scale=1.0, type=None
  transformer.h.6.attn.c_attn.blocks.2.weight: k=1, G_{1.0,0.0,384}, lr=0.008, scale=1.0, type=None
  transformer.h.6.mlp.c_fc.blocks.0.weight: k=1, G_{1.0,0.0,384}, lr=0.008, scale=1.0, type=None
  transformer.h.6.mlp.c_fc.blocks.1.weight: k=1, G_{1.0,0.0,384}, lr=0.008, scale=1.0, type=None
  transformer.h.6.mlp.c_fc.blocks.2.weight: k=1, G_{1.0,0.0,384}, lr=0.008, scale=1.0, type=None
  transformer.h.6.mlp.c_fc.blocks.3.weight: k=1, G_{1.0,0.0,384}, lr=0.008, scale=1.0, type=None
  transformer.h.7.attn.c_attn.blocks.0.weight: k=1, G_{1.0,0.0,384}, lr=0.008, scale=1.0, type=None
  transformer.h.7.attn.c_attn.blocks.1.weight: k=1, G_{1.0,0.0,384}, lr=0.008, scale=1.0, type=None
  transformer.h.7.attn.c_attn.blocks.2.weight: k=1, G_{1.0,0.0,384}, lr=0.008, scale=1.0, type=None
  transformer.h.7.mlp.c_fc.blocks.0.weight: k=1, G_{1.0,0.0,384}, lr=0.008, scale=1.0, type=None
  transformer.h.7.mlp.c_fc.blocks.1.weight: k=1, G_{1.0,0.0,384}, lr=0.008, scale=1.0, type=None
  transformer.h.7.mlp.c_fc.blocks.2.weight: k=1, G_{1.0,0.0,384}, lr=0.008, scale=1.0, type=None
  transformer.h.7.mlp.c_fc.blocks.3.weight: k=1, G_{1.0,0.0,384}, lr=0.008, scale=1.0, type=None
  transformer.h.8.attn.c_attn.blocks.0.weight: k=1, G_{1.0,0.0,384}, lr=0.008, scale=1.0, type=None
  transformer.h.8.attn.c_attn.blocks.1.weight: k=1, G_{1.0,0.0,384}, lr=0.008, scale=1.0, type=None
  transformer.h.8.attn.c_attn.blocks.2.weight: k=1, G_{1.0,0.0,384}, lr=0.008, scale=1.0, type=None
  transformer.h.8.mlp.c_fc.blocks.0.weight: k=1, G_{1.0,0.0,384}, lr=0.008, scale=1.0, type=None
  transformer.h.8.mlp.c_fc.blocks.1.weight: k=1, G_{1.0,0.0,384}, lr=0.008, scale=1.0, type=None
  transformer.h.8.mlp.c_fc.blocks.2.weight: k=1, G_{1.0,0.0,384}, lr=0.008, scale=1.0, type=None
  transformer.h.8.mlp.c_fc.blocks.3.weight: k=1, G_{1.0,0.0,384}, lr=0.008, scale=1.0, type=None
  transformer.h.9.attn.c_attn.blocks.0.weight: k=1, G_{1.0,0.0,384}, lr=0.008, scale=1.0, type=None
  transformer.h.9.attn.c_attn.blocks.1.weight: k=1, G_{1.0,0.0,384}, lr=0.008, scale=1.0, type=None
  transformer.h.9.attn.c_attn.blocks.2.weight: k=1, G_{1.0,0.0,384}, lr=0.008, scale=1.0, type=None
  transformer.h.9.mlp.c_fc.blocks.0.weight: k=1, G_{1.0,0.0,384}, lr=0.008, scale=1.0, type=None
  transformer.h.9.mlp.c_fc.blocks.1.weight: k=1, G_{1.0,0.0,384}, lr=0.008, scale=1.0, type=None
  transformer.h.9.mlp.c_fc.blocks.2.weight: k=1, G_{1.0,0.0,384}, lr=0.008, scale=1.0, type=None
  transformer.h.9.mlp.c_fc.blocks.3.weight: k=1, G_{1.0,0.0,384}, lr=0.008, scale=1.0, type=None
  transformer.h.10.attn.c_attn.blocks.0.weight: k=1, G_{1.0,0.0,384}, lr=0.008, scale=1.0, type=None
  transformer.h.10.attn.c_attn.blocks.1.weight: k=1, G_{1.0,0.0,384}, lr=0.008, scale=1.0, type=None
  transformer.h.10.attn.c_attn.blocks.2.weight: k=1, G_{1.0,0.0,384}, lr=0.008, scale=1.0, type=None
  transformer.h.10.mlp.c_fc.blocks.0.weight: k=1, G_{1.0,0.0,384}, lr=0.008, scale=1.0, type=None
  transformer.h.10.mlp.c_fc.blocks.1.weight: k=1, G_{1.0,0.0,384}, lr=0.008, scale=1.0, type=None
  transformer.h.10.mlp.c_fc.blocks.2.weight: k=1, G_{1.0,0.0,384}, lr=0.008, scale=1.0, type=None
  transformer.h.10.mlp.c_fc.blocks.3.weight: k=1, G_{1.0,0.0,384}, lr=0.008, scale=1.0, type=None
  transformer.h.11.attn.c_attn.blocks.0.weight: k=1, G_{1.0,0.0,384}, lr=0.008, scale=1.0, type=None
  transformer.h.11.attn.c_attn.blocks.1.weight: k=1, G_{1.0,0.0,384}, lr=0.008, scale=1.0, type=None
  transformer.h.11.attn.c_attn.blocks.2.weight: k=1, G_{1.0,0.0,384}, lr=0.008, scale=1.0, type=None
  transformer.h.11.mlp.c_fc.blocks.0.weight: k=1, G_{1.0,0.0,384}, lr=0.008, scale=1.0, type=None
  transformer.h.11.mlp.c_fc.blocks.1.weight: k=1, G_{1.0,0.0,384}, lr=0.008, scale=1.0, type=None
  transformer.h.11.mlp.c_fc.blocks.2.weight: k=1, G_{1.0,0.0,384}, lr=0.008, scale=1.0, type=None
  transformer.h.11.mlp.c_fc.blocks.3.weight: k=1, G_{1.0,0.0,384}, lr=0.008, scale=1.0, type=None
  transformer.h.12.attn.c_attn.blocks.0.weight: k=1, G_{1.0,0.0,384}, lr=0.008, scale=1.0, type=None
  transformer.h.12.attn.c_attn.blocks.1.weight: k=1, G_{1.0,0.0,384}, lr=0.008, scale=1.0, type=None
  transformer.h.12.attn.c_attn.blocks.2.weight: k=1, G_{1.0,0.0,384}, lr=0.008, scale=1.0, type=None
  transformer.h.12.mlp.c_fc.blocks.0.weight: k=1, G_{1.0,0.0,384}, lr=0.008, scale=1.0, type=None
  transformer.h.12.mlp.c_fc.blocks.1.weight: k=1, G_{1.0,0.0,384}, lr=0.008, scale=1.0, type=None
  transformer.h.12.mlp.c_fc.blocks.2.weight: k=1, G_{1.0,0.0,384}, lr=0.008, scale=1.0, type=None
  transformer.h.12.mlp.c_fc.blocks.3.weight: k=1, G_{1.0,0.0,384}, lr=0.008, scale=1.0, type=None
  transformer.h.13.attn.c_attn.blocks.0.weight: k=1, G_{1.0,0.0,384}, lr=0.008, scale=1.0, type=None
  transformer.h.13.attn.c_attn.blocks.1.weight: k=1, G_{1.0,0.0,384}, lr=0.008, scale=1.0, type=None
  transformer.h.13.attn.c_attn.blocks.2.weight: k=1, G_{1.0,0.0,384}, lr=0.008, scale=1.0, type=None
  transformer.h.13.mlp.c_fc.blocks.0.weight: k=1, G_{1.0,0.0,384}, lr=0.008, scale=1.0, type=None
  transformer.h.13.mlp.c_fc.blocks.1.weight: k=1, G_{1.0,0.0,384}, lr=0.008, scale=1.0, type=None
  transformer.h.13.mlp.c_fc.blocks.2.weight: k=1, G_{1.0,0.0,384}, lr=0.008, scale=1.0, type=None
  transformer.h.13.mlp.c_fc.blocks.3.weight: k=1, G_{1.0,0.0,384}, lr=0.008, scale=1.0, type=None
  transformer.h.14.attn.c_attn.blocks.0.weight: k=1, G_{1.0,0.0,384}, lr=0.008, scale=1.0, type=None
  transformer.h.14.attn.c_attn.blocks.1.weight: k=1, G_{1.0,0.0,384}, lr=0.008, scale=1.0, type=None
  transformer.h.14.attn.c_attn.blocks.2.weight: k=1, G_{1.0,0.0,384}, lr=0.008, scale=1.0, type=None
  transformer.h.14.mlp.c_fc.blocks.0.weight: k=1, G_{1.0,0.0,384}, lr=0.008, scale=1.0, type=None
  transformer.h.14.mlp.c_fc.blocks.1.weight: k=1, G_{1.0,0.0,384}, lr=0.008, scale=1.0, type=None
  transformer.h.14.mlp.c_fc.blocks.2.weight: k=1, G_{1.0,0.0,384}, lr=0.008, scale=1.0, type=None
  transformer.h.14.mlp.c_fc.blocks.3.weight: k=1, G_{1.0,0.0,384}, lr=0.008, scale=1.0, type=None
  transformer.h.15.attn.c_attn.blocks.0.weight: k=1, G_{1.0,0.0,384}, lr=0.008, scale=1.0, type=None
  transformer.h.15.attn.c_attn.blocks.1.weight: k=1, G_{1.0,0.0,384}, lr=0.008, scale=1.0, type=None
  transformer.h.15.attn.c_attn.blocks.2.weight: k=1, G_{1.0,0.0,384}, lr=0.008, scale=1.0, type=None
  transformer.h.15.mlp.c_fc.blocks.0.weight: k=1, G_{1.0,0.0,384}, lr=0.008, scale=1.0, type=None
  transformer.h.15.mlp.c_fc.blocks.1.weight: k=1, G_{1.0,0.0,384}, lr=0.008, scale=1.0, type=None
  transformer.h.15.mlp.c_fc.blocks.2.weight: k=1, G_{1.0,0.0,384}, lr=0.008, scale=1.0, type=None
  transformer.h.15.mlp.c_fc.blocks.3.weight: k=1, G_{1.0,0.0,384}, lr=0.008, scale=1.0, type=None
  transformer.h.16.attn.c_attn.blocks.0.weight: k=1, G_{1.0,0.0,384}, lr=0.008, scale=1.0, type=None
  transformer.h.16.attn.c_attn.blocks.1.weight: k=1, G_{1.0,0.0,384}, lr=0.008, scale=1.0, type=None
  transformer.h.16.attn.c_attn.blocks.2.weight: k=1, G_{1.0,0.0,384}, lr=0.008, scale=1.0, type=None
  transformer.h.16.mlp.c_fc.blocks.0.weight: k=1, G_{1.0,0.0,384}, lr=0.008, scale=1.0, type=None
  transformer.h.16.mlp.c_fc.blocks.1.weight: k=1, G_{1.0,0.0,384}, lr=0.008, scale=1.0, type=None
  transformer.h.16.mlp.c_fc.blocks.2.weight: k=1, G_{1.0,0.0,384}, lr=0.008, scale=1.0, type=None
  transformer.h.16.mlp.c_fc.blocks.3.weight: k=1, G_{1.0,0.0,384}, lr=0.008, scale=1.0, type=None
  transformer.h.17.attn.c_attn.blocks.0.weight: k=1, G_{1.0,0.0,384}, lr=0.008, scale=1.0, type=None
  transformer.h.17.attn.c_attn.blocks.1.weight: k=1, G_{1.0,0.0,384}, lr=0.008, scale=1.0, type=None
  transformer.h.17.attn.c_attn.blocks.2.weight: k=1, G_{1.0,0.0,384}, lr=0.008, scale=1.0, type=None
  transformer.h.17.mlp.c_fc.blocks.0.weight: k=1, G_{1.0,0.0,384}, lr=0.008, scale=1.0, type=None
  transformer.h.17.mlp.c_fc.blocks.1.weight: k=1, G_{1.0,0.0,384}, lr=0.008, scale=1.0, type=None
  transformer.h.17.mlp.c_fc.blocks.2.weight: k=1, G_{1.0,0.0,384}, lr=0.008, scale=1.0, type=None
  transformer.h.17.mlp.c_fc.blocks.3.weight: k=1, G_{1.0,0.0,384}, lr=0.008, scale=1.0, type=None
  transformer.h.18.attn.c_attn.blocks.0.weight: k=1, G_{1.0,0.0,384}, lr=0.008, scale=1.0, type=None
  transformer.h.18.attn.c_attn.blocks.1.weight: k=1, G_{1.0,0.0,384}, lr=0.008, scale=1.0, type=None
  transformer.h.18.attn.c_attn.blocks.2.weight: k=1, G_{1.0,0.0,384}, lr=0.008, scale=1.0, type=None
  transformer.h.18.mlp.c_fc.blocks.0.weight: k=1, G_{1.0,0.0,384}, lr=0.008, scale=1.0, type=None
  transformer.h.18.mlp.c_fc.blocks.1.weight: k=1, G_{1.0,0.0,384}, lr=0.008, scale=1.0, type=None
  transformer.h.18.mlp.c_fc.blocks.2.weight: k=1, G_{1.0,0.0,384}, lr=0.008, scale=1.0, type=None
  transformer.h.18.mlp.c_fc.blocks.3.weight: k=1, G_{1.0,0.0,384}, lr=0.008, scale=1.0, type=None
  transformer.h.19.attn.c_attn.blocks.0.weight: k=1, G_{1.0,0.0,384}, lr=0.008, scale=1.0, type=None
  transformer.h.19.attn.c_attn.blocks.1.weight: k=1, G_{1.0,0.0,384}, lr=0.008, scale=1.0, type=None
  transformer.h.19.attn.c_attn.blocks.2.weight: k=1, G_{1.0,0.0,384}, lr=0.008, scale=1.0, type=None
  transformer.h.19.mlp.c_fc.blocks.0.weight: k=1, G_{1.0,0.0,384}, lr=0.008, scale=1.0, type=None
  transformer.h.19.mlp.c_fc.blocks.1.weight: k=1, G_{1.0,0.0,384}, lr=0.008, scale=1.0, type=None
  transformer.h.19.mlp.c_fc.blocks.2.weight: k=1, G_{1.0,0.0,384}, lr=0.008, scale=1.0, type=None
  transformer.h.19.mlp.c_fc.blocks.3.weight: k=1, G_{1.0,0.0,384}, lr=0.008, scale=1.0, type=None
  transformer.h.20.attn.c_attn.blocks.0.weight: k=1, G_{1.0,0.0,384}, lr=0.008, scale=1.0, type=None
  transformer.h.20.attn.c_attn.blocks.1.weight: k=1, G_{1.0,0.0,384}, lr=0.008, scale=1.0, type=None
  transformer.h.20.attn.c_attn.blocks.2.weight: k=1, G_{1.0,0.0,384}, lr=0.008, scale=1.0, type=None
  transformer.h.20.mlp.c_fc.blocks.0.weight: k=1, G_{1.0,0.0,384}, lr=0.008, scale=1.0, type=None
  transformer.h.20.mlp.c_fc.blocks.1.weight: k=1, G_{1.0,0.0,384}, lr=0.008, scale=1.0, type=None
  transformer.h.20.mlp.c_fc.blocks.2.weight: k=1, G_{1.0,0.0,384}, lr=0.008, scale=1.0, type=None
  transformer.h.20.mlp.c_fc.blocks.3.weight: k=1, G_{1.0,0.0,384}, lr=0.008, scale=1.0, type=None
  transformer.h.21.attn.c_attn.blocks.0.weight: k=1, G_{1.0,0.0,384}, lr=0.008, scale=1.0, type=None
  transformer.h.21.attn.c_attn.blocks.1.weight: k=1, G_{1.0,0.0,384}, lr=0.008, scale=1.0, type=None
  transformer.h.21.attn.c_attn.blocks.2.weight: k=1, G_{1.0,0.0,384}, lr=0.008, scale=1.0, type=None
  transformer.h.21.mlp.c_fc.blocks.0.weight: k=1, G_{1.0,0.0,384}, lr=0.008, scale=1.0, type=None
  transformer.h.21.mlp.c_fc.blocks.1.weight: k=1, G_{1.0,0.0,384}, lr=0.008, scale=1.0, type=None
  transformer.h.21.mlp.c_fc.blocks.2.weight: k=1, G_{1.0,0.0,384}, lr=0.008, scale=1.0, type=None
  transformer.h.21.mlp.c_fc.blocks.3.weight: k=1, G_{1.0,0.0,384}, lr=0.008, scale=1.0, type=None
  transformer.h.22.attn.c_attn.blocks.0.weight: k=1, G_{1.0,0.0,384}, lr=0.008, scale=1.0, type=None
  transformer.h.22.attn.c_attn.blocks.1.weight: k=1, G_{1.0,0.0,384}, lr=0.008, scale=1.0, type=None
  transformer.h.22.attn.c_attn.blocks.2.weight: k=1, G_{1.0,0.0,384}, lr=0.008, scale=1.0, type=None
  transformer.h.22.mlp.c_fc.blocks.0.weight: k=1, G_{1.0,0.0,384}, lr=0.008, scale=1.0, type=None
  transformer.h.22.mlp.c_fc.blocks.1.weight: k=1, G_{1.0,0.0,384}, lr=0.008, scale=1.0, type=None
  transformer.h.22.mlp.c_fc.blocks.2.weight: k=1, G_{1.0,0.0,384}, lr=0.008, scale=1.0, type=None
  transformer.h.22.mlp.c_fc.blocks.3.weight: k=1, G_{1.0,0.0,384}, lr=0.008, scale=1.0, type=None
  transformer.h.23.attn.c_attn.blocks.0.weight: k=1, G_{1.0,0.0,384}, lr=0.008, scale=1.0, type=None
  transformer.h.23.attn.c_attn.blocks.1.weight: k=1, G_{1.0,0.0,384}, lr=0.008, scale=1.0, type=None
  transformer.h.23.attn.c_attn.blocks.2.weight: k=1, G_{1.0,0.0,384}, lr=0.008, scale=1.0, type=None
  transformer.h.23.mlp.c_fc.blocks.0.weight: k=1, G_{1.0,0.0,384}, lr=0.008, scale=1.0, type=None
  transformer.h.23.mlp.c_fc.blocks.1.weight: k=1, G_{1.0,0.0,384}, lr=0.008, scale=1.0, type=None
  transformer.h.23.mlp.c_fc.blocks.2.weight: k=1, G_{1.0,0.0,384}, lr=0.008, scale=1.0, type=None
  transformer.h.23.mlp.c_fc.blocks.3.weight: k=1, G_{1.0,0.0,384}, lr=0.008, scale=1.0, type=None
  transformer.h.24.attn.c_attn.blocks.0.weight: k=1, G_{1.0,0.0,384}, lr=0.008, scale=1.0, type=None
  transformer.h.24.attn.c_attn.blocks.1.weight: k=1, G_{1.0,0.0,384}, lr=0.008, scale=1.0, type=None
  transformer.h.24.attn.c_attn.blocks.2.weight: k=1, G_{1.0,0.0,384}, lr=0.008, scale=1.0, type=None
  transformer.h.24.mlp.c_fc.blocks.0.weight: k=1, G_{1.0,0.0,384}, lr=0.008, scale=1.0, type=None
  transformer.h.24.mlp.c_fc.blocks.1.weight: k=1, G_{1.0,0.0,384}, lr=0.008, scale=1.0, type=None
  transformer.h.24.mlp.c_fc.blocks.2.weight: k=1, G_{1.0,0.0,384}, lr=0.008, scale=1.0, type=None
  transformer.h.24.mlp.c_fc.blocks.3.weight: k=1, G_{1.0,0.0,384}, lr=0.008, scale=1.0, type=None
  transformer.h.25.attn.c_attn.blocks.0.weight: k=1, G_{1.0,0.0,384}, lr=0.008, scale=1.0, type=None
  transformer.h.25.attn.c_attn.blocks.1.weight: k=1, G_{1.0,0.0,384}, lr=0.008, scale=1.0, type=None
  transformer.h.25.attn.c_attn.blocks.2.weight: k=1, G_{1.0,0.0,384}, lr=0.008, scale=1.0, type=None
  transformer.h.25.mlp.c_fc.blocks.0.weight: k=1, G_{1.0,0.0,384}, lr=0.008, scale=1.0, type=None
  transformer.h.25.mlp.c_fc.blocks.1.weight: k=1, G_{1.0,0.0,384}, lr=0.008, scale=1.0, type=None
  transformer.h.25.mlp.c_fc.blocks.2.weight: k=1, G_{1.0,0.0,384}, lr=0.008, scale=1.0, type=None
  transformer.h.25.mlp.c_fc.blocks.3.weight: k=1, G_{1.0,0.0,384}, lr=0.008, scale=1.0, type=None
  transformer.h.26.attn.c_attn.blocks.0.weight: k=1, G_{1.0,0.0,384}, lr=0.008, scale=1.0, type=None
  transformer.h.26.attn.c_attn.blocks.1.weight: k=1, G_{1.0,0.0,384}, lr=0.008, scale=1.0, type=None
  transformer.h.26.attn.c_attn.blocks.2.weight: k=1, G_{1.0,0.0,384}, lr=0.008, scale=1.0, type=None
  transformer.h.26.mlp.c_fc.blocks.0.weight: k=1, G_{1.0,0.0,384}, lr=0.008, scale=1.0, type=None
  transformer.h.26.mlp.c_fc.blocks.1.weight: k=1, G_{1.0,0.0,384}, lr=0.008, scale=1.0, type=None
  transformer.h.26.mlp.c_fc.blocks.2.weight: k=1, G_{1.0,0.0,384}, lr=0.008, scale=1.0, type=None
  transformer.h.26.mlp.c_fc.blocks.3.weight: k=1, G_{1.0,0.0,384}, lr=0.008, scale=1.0, type=None
  transformer.h.27.attn.c_attn.blocks.0.weight: k=1, G_{1.0,0.0,384}, lr=0.008, scale=1.0, type=None
  transformer.h.27.attn.c_attn.blocks.1.weight: k=1, G_{1.0,0.0,384}, lr=0.008, scale=1.0, type=None
  transformer.h.27.attn.c_attn.blocks.2.weight: k=1, G_{1.0,0.0,384}, lr=0.008, scale=1.0, type=None
  transformer.h.27.mlp.c_fc.blocks.0.weight: k=1, G_{1.0,0.0,384}, lr=0.008, scale=1.0, type=None
  transformer.h.27.mlp.c_fc.blocks.1.weight: k=1, G_{1.0,0.0,384}, lr=0.008, scale=1.0, type=None
  transformer.h.27.mlp.c_fc.blocks.2.weight: k=1, G_{1.0,0.0,384}, lr=0.008, scale=1.0, type=None
  transformer.h.27.mlp.c_fc.blocks.3.weight: k=1, G_{1.0,0.0,384}, lr=0.008, scale=1.0, type=None
  transformer.h.28.attn.c_attn.blocks.0.weight: k=1, G_{1.0,0.0,384}, lr=0.008, scale=1.0, type=None
  transformer.h.28.attn.c_attn.blocks.1.weight: k=1, G_{1.0,0.0,384}, lr=0.008, scale=1.0, type=None
  transformer.h.28.attn.c_attn.blocks.2.weight: k=1, G_{1.0,0.0,384}, lr=0.008, scale=1.0, type=None
  transformer.h.28.mlp.c_fc.blocks.0.weight: k=1, G_{1.0,0.0,384}, lr=0.008, scale=1.0, type=None
  transformer.h.28.mlp.c_fc.blocks.1.weight: k=1, G_{1.0,0.0,384}, lr=0.008, scale=1.0, type=None
  transformer.h.28.mlp.c_fc.blocks.2.weight: k=1, G_{1.0,0.0,384}, lr=0.008, scale=1.0, type=None
  transformer.h.28.mlp.c_fc.blocks.3.weight: k=1, G_{1.0,0.0,384}, lr=0.008, scale=1.0, type=None
  transformer.h.29.attn.c_attn.blocks.0.weight: k=1, G_{1.0,0.0,384}, lr=0.008, scale=1.0, type=None
  transformer.h.29.attn.c_attn.blocks.1.weight: k=1, G_{1.0,0.0,384}, lr=0.008, scale=1.0, type=None
  transformer.h.29.attn.c_attn.blocks.2.weight: k=1, G_{1.0,0.0,384}, lr=0.008, scale=1.0, type=None
  transformer.h.29.mlp.c_fc.blocks.0.weight: k=1, G_{1.0,0.0,384}, lr=0.008, scale=1.0, type=None
  transformer.h.29.mlp.c_fc.blocks.1.weight: k=1, G_{1.0,0.0,384}, lr=0.008, scale=1.0, type=None
  transformer.h.29.mlp.c_fc.blocks.2.weight: k=1, G_{1.0,0.0,384}, lr=0.008, scale=1.0, type=None
  transformer.h.29.mlp.c_fc.blocks.3.weight: k=1, G_{1.0,0.0,384}, lr=0.008, scale=1.0, type=None
  transformer.h.30.attn.c_attn.blocks.0.weight: k=1, G_{1.0,0.0,384}, lr=0.008, scale=1.0, type=None
  transformer.h.30.attn.c_attn.blocks.1.weight: k=1, G_{1.0,0.0,384}, lr=0.008, scale=1.0, type=None
  transformer.h.30.attn.c_attn.blocks.2.weight: k=1, G_{1.0,0.0,384}, lr=0.008, scale=1.0, type=None
  transformer.h.30.mlp.c_fc.blocks.0.weight: k=1, G_{1.0,0.0,384}, lr=0.008, scale=1.0, type=None
  transformer.h.30.mlp.c_fc.blocks.1.weight: k=1, G_{1.0,0.0,384}, lr=0.008, scale=1.0, type=None
  transformer.h.30.mlp.c_fc.blocks.2.weight: k=1, G_{1.0,0.0,384}, lr=0.008, scale=1.0, type=None
  transformer.h.30.mlp.c_fc.blocks.3.weight: k=1, G_{1.0,0.0,384}, lr=0.008, scale=1.0, type=None
  transformer.h.31.attn.c_attn.blocks.0.weight: k=1, G_{1.0,0.0,384}, lr=0.008, scale=1.0, type=None
  transformer.h.31.attn.c_attn.blocks.1.weight: k=1, G_{1.0,0.0,384}, lr=0.008, scale=1.0, type=None
  transformer.h.31.attn.c_attn.blocks.2.weight: k=1, G_{1.0,0.0,384}, lr=0.008, scale=1.0, type=None
  transformer.h.31.mlp.c_fc.blocks.0.weight: k=1, G_{1.0,0.0,384}, lr=0.008, scale=1.0, type=None
  transformer.h.31.mlp.c_fc.blocks.1.weight: k=1, G_{1.0,0.0,384}, lr=0.008, scale=1.0, type=None
  transformer.h.31.mlp.c_fc.blocks.2.weight: k=1, G_{1.0,0.0,384}, lr=0.008, scale=1.0, type=None
  transformer.h.31.mlp.c_fc.blocks.3.weight: k=1, G_{1.0,0.0,384}, lr=0.008, scale=1.0, type=None
  transformer.h.32.attn.c_attn.blocks.0.weight: k=1, G_{1.0,0.0,384}, lr=0.008, scale=1.0, type=None
  transformer.h.32.attn.c_attn.blocks.1.weight: k=1, G_{1.0,0.0,384}, lr=0.008, scale=1.0, type=None
  transformer.h.32.attn.c_attn.blocks.2.weight: k=1, G_{1.0,0.0,384}, lr=0.008, scale=1.0, type=None
  transformer.h.32.mlp.c_fc.blocks.0.weight: k=1, G_{1.0,0.0,384}, lr=0.008, scale=1.0, type=None
  transformer.h.32.mlp.c_fc.blocks.1.weight: k=1, G_{1.0,0.0,384}, lr=0.008, scale=1.0, type=None
  transformer.h.32.mlp.c_fc.blocks.2.weight: k=1, G_{1.0,0.0,384}, lr=0.008, scale=1.0, type=None
  transformer.h.32.mlp.c_fc.blocks.3.weight: k=1, G_{1.0,0.0,384}, lr=0.008, scale=1.0, type=None
  transformer.h.33.attn.c_attn.blocks.0.weight: k=1, G_{1.0,0.0,384}, lr=0.008, scale=1.0, type=None
  transformer.h.33.attn.c_attn.blocks.1.weight: k=1, G_{1.0,0.0,384}, lr=0.008, scale=1.0, type=None
  transformer.h.33.attn.c_attn.blocks.2.weight: k=1, G_{1.0,0.0,384}, lr=0.008, scale=1.0, type=None
  transformer.h.33.mlp.c_fc.blocks.0.weight: k=1, G_{1.0,0.0,384}, lr=0.008, scale=1.0, type=None
  transformer.h.33.mlp.c_fc.blocks.1.weight: k=1, G_{1.0,0.0,384}, lr=0.008, scale=1.0, type=None
  transformer.h.33.mlp.c_fc.blocks.2.weight: k=1, G_{1.0,0.0,384}, lr=0.008, scale=1.0, type=None
  transformer.h.33.mlp.c_fc.blocks.3.weight: k=1, G_{1.0,0.0,384}, lr=0.008, scale=1.0, type=None
  transformer.h.34.attn.c_attn.blocks.0.weight: k=1, G_{1.0,0.0,384}, lr=0.008, scale=1.0, type=None
  transformer.h.34.attn.c_attn.blocks.1.weight: k=1, G_{1.0,0.0,384}, lr=0.008, scale=1.0, type=None
  transformer.h.34.attn.c_attn.blocks.2.weight: k=1, G_{1.0,0.0,384}, lr=0.008, scale=1.0, type=None
  transformer.h.34.mlp.c_fc.blocks.0.weight: k=1, G_{1.0,0.0,384}, lr=0.008, scale=1.0, type=None
  transformer.h.34.mlp.c_fc.blocks.1.weight: k=1, G_{1.0,0.0,384}, lr=0.008, scale=1.0, type=None
  transformer.h.34.mlp.c_fc.blocks.2.weight: k=1, G_{1.0,0.0,384}, lr=0.008, scale=1.0, type=None
  transformer.h.34.mlp.c_fc.blocks.3.weight: k=1, G_{1.0,0.0,384}, lr=0.008, scale=1.0, type=None
  transformer.h.35.attn.c_attn.blocks.0.weight: k=1, G_{1.0,0.0,384}, lr=0.008, scale=1.0, type=None
  transformer.h.35.attn.c_attn.blocks.1.weight: k=1, G_{1.0,0.0,384}, lr=0.008, scale=1.0, type=None
  transformer.h.35.attn.c_attn.blocks.2.weight: k=1, G_{1.0,0.0,384}, lr=0.008, scale=1.0, type=None
  transformer.h.35.mlp.c_fc.blocks.0.weight: k=1, G_{1.0,0.0,384}, lr=0.008, scale=1.0, type=None
  transformer.h.35.mlp.c_fc.blocks.1.weight: k=1, G_{1.0,0.0,384}, lr=0.008, scale=1.0, type=None
  transformer.h.35.mlp.c_fc.blocks.2.weight: k=1, G_{1.0,0.0,384}, lr=0.008, scale=1.0, type=None
  transformer.h.35.mlp.c_fc.blocks.3.weight: k=1, G_{1.0,0.0,384}, lr=0.008, scale=1.0, type=None

=== Phase phase3 Grassmann Configuration ===

Per-block configuration (36 blocks):
  c_attn ranks:       [384, 384, 384, 384, 384, 384, 384, 384, 384, 384, 384, 384, 384, 384, 384, 384, 384, 384, 384, 384, 384, 384, 384, 384, 384, 384, 384, 384, 384, 384, 384, 384, 384, 384, 384, 384]
  c_attn scales:      ['1.00', '1.00', '1.00', '1.00', '1.00', '1.00', '1.00', '1.00', '1.00', '1.00', '1.00', '1.00', '1.00', '1.00', '1.00', '1.00', '1.00', '1.00', '1.00', '1.00', '1.00', '1.00', '1.00', '1.00', '1.00', '1.00', '1.00', '1.00', '1.00', '1.00', '1.00', '1.00', '1.00', '1.00', '1.00', '1.00']
  mlp.c_fc ranks:     [384, 384, 384, 384, 384, 384, 384, 384, 384, 384, 384, 384, 384, 384, 384, 384, 384, 384, 384, 384, 384, 384, 384, 384, 384, 384, 384, 384, 384, 384, 384, 384, 384, 384, 384, 384]
  mlp.c_fc scales:    ['1.00', '1.00', '1.00', '1.00', '1.00', '1.00', '1.00', '1.00', '1.00', '1.00', '1.00', '1.00', '1.00', '1.00', '1.00', '1.00', '1.00', '1.00', '1.00', '1.00', '1.00', '1.00', '1.00', '1.00', '1.00', '1.00', '1.00', '1.00', '1.00', '1.00', '1.00', '1.00', '1.00', '1.00', '1.00', '1.00']
Grassmann Muon parameters: 252 weight matrices, 264,241,152 params
AdamW optimizer groups:
  Gates:      180 tensors, 1,916,928 params, lr=1.50e-03, wd=0.1
  Projections: 72 tensors, 188,743,680 params, lr=6.00e-04, wd=0.1
  Embeddings: 2 tensors, 52,559,872 params, lr=3.00e-04, wd=0.0
  No decay:   73 tensors, 74,752 params, lr=6.00e-04, wd=0.0
  transformer.h.0.attn.c_attn.blocks.0.weight: k=1, G_{1.0,0.0,384}, lr=0.008, scale=1.0, type=None
  transformer.h.0.attn.c_attn.blocks.1.weight: k=1, G_{1.0,0.0,384}, lr=0.008, scale=1.0, type=None
  transformer.h.0.attn.c_attn.blocks.2.weight: k=1, G_{1.0,0.0,384}, lr=0.008, scale=1.0, type=None
  transformer.h.0.mlp.c_fc.blocks.0.weight: k=1, G_{1.0,0.0,384}, lr=0.008, scale=1.0, type=None
  transformer.h.0.mlp.c_fc.blocks.1.weight: k=1, G_{1.0,0.0,384}, lr=0.008, scale=1.0, type=None
  transformer.h.0.mlp.c_fc.blocks.2.weight: k=1, G_{1.0,0.0,384}, lr=0.008, scale=1.0, type=None
  transformer.h.0.mlp.c_fc.blocks.3.weight: k=1, G_{1.0,0.0,384}, lr=0.008, scale=1.0, type=None
  transformer.h.1.attn.c_attn.blocks.0.weight: k=1, G_{1.0,0.0,384}, lr=0.008, scale=1.0, type=None
  transformer.h.1.attn.c_attn.blocks.1.weight: k=1, G_{1.0,0.0,384}, lr=0.008, scale=1.0, type=None
  transformer.h.1.attn.c_attn.blocks.2.weight: k=1, G_{1.0,0.0,384}, lr=0.008, scale=1.0, type=None
  transformer.h.1.mlp.c_fc.blocks.0.weight: k=1, G_{1.0,0.0,384}, lr=0.008, scale=1.0, type=None
  transformer.h.1.mlp.c_fc.blocks.1.weight: k=1, G_{1.0,0.0,384}, lr=0.008, scale=1.0, type=None
  transformer.h.1.mlp.c_fc.blocks.2.weight: k=1, G_{1.0,0.0,384}, lr=0.008, scale=1.0, type=None
  transformer.h.1.mlp.c_fc.blocks.3.weight: k=1, G_{1.0,0.0,384}, lr=0.008, scale=1.0, type=None
  transformer.h.2.attn.c_attn.blocks.0.weight: k=1, G_{1.0,0.0,384}, lr=0.008, scale=1.0, type=None
  transformer.h.2.attn.c_attn.blocks.1.weight: k=1, G_{1.0,0.0,384}, lr=0.008, scale=1.0, type=None
  transformer.h.2.attn.c_attn.blocks.2.weight: k=1, G_{1.0,0.0,384}, lr=0.008, scale=1.0, type=None
  transformer.h.2.mlp.c_fc.blocks.0.weight: k=1, G_{1.0,0.0,384}, lr=0.008, scale=1.0, type=None
  transformer.h.2.mlp.c_fc.blocks.1.weight: k=1, G_{1.0,0.0,384}, lr=0.008, scale=1.0, type=None
  transformer.h.2.mlp.c_fc.blocks.2.weight: k=1, G_{1.0,0.0,384}, lr=0.008, scale=1.0, type=None
  transformer.h.2.mlp.c_fc.blocks.3.weight: k=1, G_{1.0,0.0,384}, lr=0.008, scale=1.0, type=None
  transformer.h.3.attn.c_attn.blocks.0.weight: k=1, G_{1.0,0.0,384}, lr=0.008, scale=1.0, type=None
  transformer.h.3.attn.c_attn.blocks.1.weight: k=1, G_{1.0,0.0,384}, lr=0.008, scale=1.0, type=None
  transformer.h.3.attn.c_attn.blocks.2.weight: k=1, G_{1.0,0.0,384}, lr=0.008, scale=1.0, type=None
  transformer.h.3.mlp.c_fc.blocks.0.weight: k=1, G_{1.0,0.0,384}, lr=0.008, scale=1.0, type=None
  transformer.h.3.mlp.c_fc.blocks.1.weight: k=1, G_{1.0,0.0,384}, lr=0.008, scale=1.0, type=None
  transformer.h.3.mlp.c_fc.blocks.2.weight: k=1, G_{1.0,0.0,384}, lr=0.008, scale=1.0, type=None
  transformer.h.3.mlp.c_fc.blocks.3.weight: k=1, G_{1.0,0.0,384}, lr=0.008, scale=1.0, type=None
  transformer.h.4.attn.c_attn.blocks.0.weight: k=1, G_{1.0,0.0,384}, lr=0.008, scale=1.0, type=None
  transformer.h.4.attn.c_attn.blocks.1.weight: k=1, G_{1.0,0.0,384}, lr=0.008, scale=1.0, type=None
  transformer.h.4.attn.c_attn.blocks.2.weight: k=1, G_{1.0,0.0,384}, lr=0.008, scale=1.0, type=None
  transformer.h.4.mlp.c_fc.blocks.0.weight: k=1, G_{1.0,0.0,384}, lr=0.008, scale=1.0, type=None
  transformer.h.4.mlp.c_fc.blocks.1.weight: k=1, G_{1.0,0.0,384}, lr=0.008, scale=1.0, type=None
  transformer.h.4.mlp.c_fc.blocks.2.weight: k=1, G_{1.0,0.0,384}, lr=0.008, scale=1.0, type=None
  transformer.h.4.mlp.c_fc.blocks.3.weight: k=1, G_{1.0,0.0,384}, lr=0.008, scale=1.0, type=None
  transformer.h.5.attn.c_attn.blocks.0.weight: k=1, G_{1.0,0.0,384}, lr=0.008, scale=1.0, type=None
  transformer.h.5.attn.c_attn.blocks.1.weight: k=1, G_{1.0,0.0,384}, lr=0.008, scale=1.0, type=None
  transformer.h.5.attn.c_attn.blocks.2.weight: k=1, G_{1.0,0.0,384}, lr=0.008, scale=1.0, type=None
  transformer.h.5.mlp.c_fc.blocks.0.weight: k=1, G_{1.0,0.0,384}, lr=0.008, scale=1.0, type=None
  transformer.h.5.mlp.c_fc.blocks.1.weight: k=1, G_{1.0,0.0,384}, lr=0.008, scale=1.0, type=None
  transformer.h.5.mlp.c_fc.blocks.2.weight: k=1, G_{1.0,0.0,384}, lr=0.008, scale=1.0, type=None
  transformer.h.5.mlp.c_fc.blocks.3.weight: k=1, G_{1.0,0.0,384}, lr=0.008, scale=1.0, type=None
  transformer.h.6.attn.c_attn.blocks.0.weight: k=1, G_{1.0,0.0,384}, lr=0.008, scale=1.0, type=None
  transformer.h.6.attn.c_attn.blocks.1.weight: k=1, G_{1.0,0.0,384}, lr=0.008, scale=1.0, type=None
  transformer.h.6.attn.c_attn.blocks.2.weight: k=1, G_{1.0,0.0,384}, lr=0.008, scale=1.0, type=None
  transformer.h.6.mlp.c_fc.blocks.0.weight: k=1, G_{1.0,0.0,384}, lr=0.008, scale=1.0, type=None
  transformer.h.6.mlp.c_fc.blocks.1.weight: k=1, G_{1.0,0.0,384}, lr=0.008, scale=1.0, type=None
  transformer.h.6.mlp.c_fc.blocks.2.weight: k=1, G_{1.0,0.0,384}, lr=0.008, scale=1.0, type=None
  transformer.h.6.mlp.c_fc.blocks.3.weight: k=1, G_{1.0,0.0,384}, lr=0.008, scale=1.0, type=None
  transformer.h.7.attn.c_attn.blocks.0.weight: k=1, G_{1.0,0.0,384}, lr=0.008, scale=1.0, type=None
  transformer.h.7.attn.c_attn.blocks.1.weight: k=1, G_{1.0,0.0,384}, lr=0.008, scale=1.0, type=None
  transformer.h.7.attn.c_attn.blocks.2.weight: k=1, G_{1.0,0.0,384}, lr=0.008, scale=1.0, type=None
  transformer.h.7.mlp.c_fc.blocks.0.weight: k=1, G_{1.0,0.0,384}, lr=0.008, scale=1.0, type=None
  transformer.h.7.mlp.c_fc.blocks.1.weight: k=1, G_{1.0,0.0,384}, lr=0.008, scale=1.0, type=None
  transformer.h.7.mlp.c_fc.blocks.2.weight: k=1, G_{1.0,0.0,384}, lr=0.008, scale=1.0, type=None
  transformer.h.7.mlp.c_fc.blocks.3.weight: k=1, G_{1.0,0.0,384}, lr=0.008, scale=1.0, type=None
  transformer.h.8.attn.c_attn.blocks.0.weight: k=1, G_{1.0,0.0,384}, lr=0.008, scale=1.0, type=None
  transformer.h.8.attn.c_attn.blocks.1.weight: k=1, G_{1.0,0.0,384}, lr=0.008, scale=1.0, type=None
  transformer.h.8.attn.c_attn.blocks.2.weight: k=1, G_{1.0,0.0,384}, lr=0.008, scale=1.0, type=None
  transformer.h.8.mlp.c_fc.blocks.0.weight: k=1, G_{1.0,0.0,384}, lr=0.008, scale=1.0, type=None
  transformer.h.8.mlp.c_fc.blocks.1.weight: k=1, G_{1.0,0.0,384}, lr=0.008, scale=1.0, type=None
  transformer.h.8.mlp.c_fc.blocks.2.weight: k=1, G_{1.0,0.0,384}, lr=0.008, scale=1.0, type=None
  transformer.h.8.mlp.c_fc.blocks.3.weight: k=1, G_{1.0,0.0,384}, lr=0.008, scale=1.0, type=None
  transformer.h.9.attn.c_attn.blocks.0.weight: k=1, G_{1.0,0.0,384}, lr=0.008, scale=1.0, type=None
  transformer.h.9.attn.c_attn.blocks.1.weight: k=1, G_{1.0,0.0,384}, lr=0.008, scale=1.0, type=None
  transformer.h.9.attn.c_attn.blocks.2.weight: k=1, G_{1.0,0.0,384}, lr=0.008, scale=1.0, type=None
  transformer.h.9.mlp.c_fc.blocks.0.weight: k=1, G_{1.0,0.0,384}, lr=0.008, scale=1.0, type=None
  transformer.h.9.mlp.c_fc.blocks.1.weight: k=1, G_{1.0,0.0,384}, lr=0.008, scale=1.0, type=None
  transformer.h.9.mlp.c_fc.blocks.2.weight: k=1, G_{1.0,0.0,384}, lr=0.008, scale=1.0, type=None
  transformer.h.9.mlp.c_fc.blocks.3.weight: k=1, G_{1.0,0.0,384}, lr=0.008, scale=1.0, type=None
  transformer.h.10.attn.c_attn.blocks.0.weight: k=1, G_{1.0,0.0,384}, lr=0.008, scale=1.0, type=None
  transformer.h.10.attn.c_attn.blocks.1.weight: k=1, G_{1.0,0.0,384}, lr=0.008, scale=1.0, type=None
  transformer.h.10.attn.c_attn.blocks.2.weight: k=1, G_{1.0,0.0,384}, lr=0.008, scale=1.0, type=None
  transformer.h.10.mlp.c_fc.blocks.0.weight: k=1, G_{1.0,0.0,384}, lr=0.008, scale=1.0, type=None
  transformer.h.10.mlp.c_fc.blocks.1.weight: k=1, G_{1.0,0.0,384}, lr=0.008, scale=1.0, type=None
  transformer.h.10.mlp.c_fc.blocks.2.weight: k=1, G_{1.0,0.0,384}, lr=0.008, scale=1.0, type=None
  transformer.h.10.mlp.c_fc.blocks.3.weight: k=1, G_{1.0,0.0,384}, lr=0.008, scale=1.0, type=None
  transformer.h.11.attn.c_attn.blocks.0.weight: k=1, G_{1.0,0.0,384}, lr=0.008, scale=1.0, type=None
  transformer.h.11.attn.c_attn.blocks.1.weight: k=1, G_{1.0,0.0,384}, lr=0.008, scale=1.0, type=None
  transformer.h.11.attn.c_attn.blocks.2.weight: k=1, G_{1.0,0.0,384}, lr=0.008, scale=1.0, type=None
  transformer.h.11.mlp.c_fc.blocks.0.weight: k=1, G_{1.0,0.0,384}, lr=0.008, scale=1.0, type=None
  transformer.h.11.mlp.c_fc.blocks.1.weight: k=1, G_{1.0,0.0,384}, lr=0.008, scale=1.0, type=None
  transformer.h.11.mlp.c_fc.blocks.2.weight: k=1, G_{1.0,0.0,384}, lr=0.008, scale=1.0, type=None
  transformer.h.11.mlp.c_fc.blocks.3.weight: k=1, G_{1.0,0.0,384}, lr=0.008, scale=1.0, type=None
  transformer.h.12.attn.c_attn.blocks.0.weight: k=1, G_{1.0,0.0,384}, lr=0.008, scale=1.0, type=None
  transformer.h.12.attn.c_attn.blocks.1.weight: k=1, G_{1.0,0.0,384}, lr=0.008, scale=1.0, type=None
  transformer.h.12.attn.c_attn.blocks.2.weight: k=1, G_{1.0,0.0,384}, lr=0.008, scale=1.0, type=None
  transformer.h.12.mlp.c_fc.blocks.0.weight: k=1, G_{1.0,0.0,384}, lr=0.008, scale=1.0, type=None
  transformer.h.12.mlp.c_fc.blocks.1.weight: k=1, G_{1.0,0.0,384}, lr=0.008, scale=1.0, type=None
  transformer.h.12.mlp.c_fc.blocks.2.weight: k=1, G_{1.0,0.0,384}, lr=0.008, scale=1.0, type=None
  transformer.h.12.mlp.c_fc.blocks.3.weight: k=1, G_{1.0,0.0,384}, lr=0.008, scale=1.0, type=None
  transformer.h.13.attn.c_attn.blocks.0.weight: k=1, G_{1.0,0.0,384}, lr=0.008, scale=1.0, type=None
  transformer.h.13.attn.c_attn.blocks.1.weight: k=1, G_{1.0,0.0,384}, lr=0.008, scale=1.0, type=None
  transformer.h.13.attn.c_attn.blocks.2.weight: k=1, G_{1.0,0.0,384}, lr=0.008, scale=1.0, type=None
  transformer.h.13.mlp.c_fc.blocks.0.weight: k=1, G_{1.0,0.0,384}, lr=0.008, scale=1.0, type=None
  transformer.h.13.mlp.c_fc.blocks.1.weight: k=1, G_{1.0,0.0,384}, lr=0.008, scale=1.0, type=None
  transformer.h.13.mlp.c_fc.blocks.2.weight: k=1, G_{1.0,0.0,384}, lr=0.008, scale=1.0, type=None
  transformer.h.13.mlp.c_fc.blocks.3.weight: k=1, G_{1.0,0.0,384}, lr=0.008, scale=1.0, type=None
  transformer.h.14.attn.c_attn.blocks.0.weight: k=1, G_{1.0,0.0,384}, lr=0.008, scale=1.0, type=None
  transformer.h.14.attn.c_attn.blocks.1.weight: k=1, G_{1.0,0.0,384}, lr=0.008, scale=1.0, type=None
  transformer.h.14.attn.c_attn.blocks.2.weight: k=1, G_{1.0,0.0,384}, lr=0.008, scale=1.0, type=None
  transformer.h.14.mlp.c_fc.blocks.0.weight: k=1, G_{1.0,0.0,384}, lr=0.008, scale=1.0, type=None
  transformer.h.14.mlp.c_fc.blocks.1.weight: k=1, G_{1.0,0.0,384}, lr=0.008, scale=1.0, type=None
  transformer.h.14.mlp.c_fc.blocks.2.weight: k=1, G_{1.0,0.0,384}, lr=0.008, scale=1.0, type=None
  transformer.h.14.mlp.c_fc.blocks.3.weight: k=1, G_{1.0,0.0,384}, lr=0.008, scale=1.0, type=None
  transformer.h.15.attn.c_attn.blocks.0.weight: k=1, G_{1.0,0.0,384}, lr=0.008, scale=1.0, type=None
  transformer.h.15.attn.c_attn.blocks.1.weight: k=1, G_{1.0,0.0,384}, lr=0.008, scale=1.0, type=None
  transformer.h.15.attn.c_attn.blocks.2.weight: k=1, G_{1.0,0.0,384}, lr=0.008, scale=1.0, type=None
  transformer.h.15.mlp.c_fc.blocks.0.weight: k=1, G_{1.0,0.0,384}, lr=0.008, scale=1.0, type=None
  transformer.h.15.mlp.c_fc.blocks.1.weight: k=1, G_{1.0,0.0,384}, lr=0.008, scale=1.0, type=None
  transformer.h.15.mlp.c_fc.blocks.2.weight: k=1, G_{1.0,0.0,384}, lr=0.008, scale=1.0, type=None
  transformer.h.15.mlp.c_fc.blocks.3.weight: k=1, G_{1.0,0.0,384}, lr=0.008, scale=1.0, type=None
  transformer.h.16.attn.c_attn.blocks.0.weight: k=1, G_{1.0,0.0,384}, lr=0.008, scale=1.0, type=None
  transformer.h.16.attn.c_attn.blocks.1.weight: k=1, G_{1.0,0.0,384}, lr=0.008, scale=1.0, type=None
  transformer.h.16.attn.c_attn.blocks.2.weight: k=1, G_{1.0,0.0,384}, lr=0.008, scale=1.0, type=None
  transformer.h.16.mlp.c_fc.blocks.0.weight: k=1, G_{1.0,0.0,384}, lr=0.008, scale=1.0, type=None
  transformer.h.16.mlp.c_fc.blocks.1.weight: k=1, G_{1.0,0.0,384}, lr=0.008, scale=1.0, type=None
  transformer.h.16.mlp.c_fc.blocks.2.weight: k=1, G_{1.0,0.0,384}, lr=0.008, scale=1.0, type=None
  transformer.h.16.mlp.c_fc.blocks.3.weight: k=1, G_{1.0,0.0,384}, lr=0.008, scale=1.0, type=None
  transformer.h.17.attn.c_attn.blocks.0.weight: k=1, G_{1.0,0.0,384}, lr=0.008, scale=1.0, type=None
  transformer.h.17.attn.c_attn.blocks.1.weight: k=1, G_{1.0,0.0,384}, lr=0.008, scale=1.0, type=None
  transformer.h.17.attn.c_attn.blocks.2.weight: k=1, G_{1.0,0.0,384}, lr=0.008, scale=1.0, type=None
  transformer.h.17.mlp.c_fc.blocks.0.weight: k=1, G_{1.0,0.0,384}, lr=0.008, scale=1.0, type=None
  transformer.h.17.mlp.c_fc.blocks.1.weight: k=1, G_{1.0,0.0,384}, lr=0.008, scale=1.0, type=None
  transformer.h.17.mlp.c_fc.blocks.2.weight: k=1, G_{1.0,0.0,384}, lr=0.008, scale=1.0, type=None
  transformer.h.17.mlp.c_fc.blocks.3.weight: k=1, G_{1.0,0.0,384}, lr=0.008, scale=1.0, type=None
  transformer.h.18.attn.c_attn.blocks.0.weight: k=1, G_{1.0,0.0,384}, lr=0.008, scale=1.0, type=None
  transformer.h.18.attn.c_attn.blocks.1.weight: k=1, G_{1.0,0.0,384}, lr=0.008, scale=1.0, type=None
  transformer.h.18.attn.c_attn.blocks.2.weight: k=1, G_{1.0,0.0,384}, lr=0.008, scale=1.0, type=None
  transformer.h.18.mlp.c_fc.blocks.0.weight: k=1, G_{1.0,0.0,384}, lr=0.008, scale=1.0, type=None
  transformer.h.18.mlp.c_fc.blocks.1.weight: k=1, G_{1.0,0.0,384}, lr=0.008, scale=1.0, type=None
  transformer.h.18.mlp.c_fc.blocks.2.weight: k=1, G_{1.0,0.0,384}, lr=0.008, scale=1.0, type=None
  transformer.h.18.mlp.c_fc.blocks.3.weight: k=1, G_{1.0,0.0,384}, lr=0.008, scale=1.0, type=None
  transformer.h.19.attn.c_attn.blocks.0.weight: k=1, G_{1.0,0.0,384}, lr=0.008, scale=1.0, type=None
  transformer.h.19.attn.c_attn.blocks.1.weight: k=1, G_{1.0,0.0,384}, lr=0.008, scale=1.0, type=None
  transformer.h.19.attn.c_attn.blocks.2.weight: k=1, G_{1.0,0.0,384}, lr=0.008, scale=1.0, type=None
  transformer.h.19.mlp.c_fc.blocks.0.weight: k=1, G_{1.0,0.0,384}, lr=0.008, scale=1.0, type=None
  transformer.h.19.mlp.c_fc.blocks.1.weight: k=1, G_{1.0,0.0,384}, lr=0.008, scale=1.0, type=None
  transformer.h.19.mlp.c_fc.blocks.2.weight: k=1, G_{1.0,0.0,384}, lr=0.008, scale=1.0, type=None
  transformer.h.19.mlp.c_fc.blocks.3.weight: k=1, G_{1.0,0.0,384}, lr=0.008, scale=1.0, type=None
  transformer.h.20.attn.c_attn.blocks.0.weight: k=1, G_{1.0,0.0,384}, lr=0.008, scale=1.0, type=None
  transformer.h.20.attn.c_attn.blocks.1.weight: k=1, G_{1.0,0.0,384}, lr=0.008, scale=1.0, type=None
  transformer.h.20.attn.c_attn.blocks.2.weight: k=1, G_{1.0,0.0,384}, lr=0.008, scale=1.0, type=None
  transformer.h.20.mlp.c_fc.blocks.0.weight: k=1, G_{1.0,0.0,384}, lr=0.008, scale=1.0, type=None
  transformer.h.20.mlp.c_fc.blocks.1.weight: k=1, G_{1.0,0.0,384}, lr=0.008, scale=1.0, type=None
  transformer.h.20.mlp.c_fc.blocks.2.weight: k=1, G_{1.0,0.0,384}, lr=0.008, scale=1.0, type=None
  transformer.h.20.mlp.c_fc.blocks.3.weight: k=1, G_{1.0,0.0,384}, lr=0.008, scale=1.0, type=None
  transformer.h.21.attn.c_attn.blocks.0.weight: k=1, G_{1.0,0.0,384}, lr=0.008, scale=1.0, type=None
  transformer.h.21.attn.c_attn.blocks.1.weight: k=1, G_{1.0,0.0,384}, lr=0.008, scale=1.0, type=None
  transformer.h.21.attn.c_attn.blocks.2.weight: k=1, G_{1.0,0.0,384}, lr=0.008, scale=1.0, type=None
  transformer.h.21.mlp.c_fc.blocks.0.weight: k=1, G_{1.0,0.0,384}, lr=0.008, scale=1.0, type=None
  transformer.h.21.mlp.c_fc.blocks.1.weight: k=1, G_{1.0,0.0,384}, lr=0.008, scale=1.0, type=None
  transformer.h.21.mlp.c_fc.blocks.2.weight: k=1, G_{1.0,0.0,384}, lr=0.008, scale=1.0, type=None
  transformer.h.21.mlp.c_fc.blocks.3.weight: k=1, G_{1.0,0.0,384}, lr=0.008, scale=1.0, type=None
  transformer.h.22.attn.c_attn.blocks.0.weight: k=1, G_{1.0,0.0,384}, lr=0.008, scale=1.0, type=None
  transformer.h.22.attn.c_attn.blocks.1.weight: k=1, G_{1.0,0.0,384}, lr=0.008, scale=1.0, type=None
  transformer.h.22.attn.c_attn.blocks.2.weight: k=1, G_{1.0,0.0,384}, lr=0.008, scale=1.0, type=None
  transformer.h.22.mlp.c_fc.blocks.0.weight: k=1, G_{1.0,0.0,384}, lr=0.008, scale=1.0, type=None
  transformer.h.22.mlp.c_fc.blocks.1.weight: k=1, G_{1.0,0.0,384}, lr=0.008, scale=1.0, type=None
  transformer.h.22.mlp.c_fc.blocks.2.weight: k=1, G_{1.0,0.0,384}, lr=0.008, scale=1.0, type=None
  transformer.h.22.mlp.c_fc.blocks.3.weight: k=1, G_{1.0,0.0,384}, lr=0.008, scale=1.0, type=None
  transformer.h.23.attn.c_attn.blocks.0.weight: k=1, G_{1.0,0.0,384}, lr=0.008, scale=1.0, type=None
  transformer.h.23.attn.c_attn.blocks.1.weight: k=1, G_{1.0,0.0,384}, lr=0.008, scale=1.0, type=None
  transformer.h.23.attn.c_attn.blocks.2.weight: k=1, G_{1.0,0.0,384}, lr=0.008, scale=1.0, type=None
  transformer.h.23.mlp.c_fc.blocks.0.weight: k=1, G_{1.0,0.0,384}, lr=0.008, scale=1.0, type=None
  transformer.h.23.mlp.c_fc.blocks.1.weight: k=1, G_{1.0,0.0,384}, lr=0.008, scale=1.0, type=None
  transformer.h.23.mlp.c_fc.blocks.2.weight: k=1, G_{1.0,0.0,384}, lr=0.008, scale=1.0, type=None
  transformer.h.23.mlp.c_fc.blocks.3.weight: k=1, G_{1.0,0.0,384}, lr=0.008, scale=1.0, type=None
  transformer.h.24.attn.c_attn.blocks.0.weight: k=1, G_{1.0,0.0,384}, lr=0.008, scale=1.0, type=None
  transformer.h.24.attn.c_attn.blocks.1.weight: k=1, G_{1.0,0.0,384}, lr=0.008, scale=1.0, type=None
  transformer.h.24.attn.c_attn.blocks.2.weight: k=1, G_{1.0,0.0,384}, lr=0.008, scale=1.0, type=None
  transformer.h.24.mlp.c_fc.blocks.0.weight: k=1, G_{1.0,0.0,384}, lr=0.008, scale=1.0, type=None
  transformer.h.24.mlp.c_fc.blocks.1.weight: k=1, G_{1.0,0.0,384}, lr=0.008, scale=1.0, type=None
  transformer.h.24.mlp.c_fc.blocks.2.weight: k=1, G_{1.0,0.0,384}, lr=0.008, scale=1.0, type=None
  transformer.h.24.mlp.c_fc.blocks.3.weight: k=1, G_{1.0,0.0,384}, lr=0.008, scale=1.0, type=None
  transformer.h.25.attn.c_attn.blocks.0.weight: k=1, G_{1.0,0.0,384}, lr=0.008, scale=1.0, type=None
  transformer.h.25.attn.c_attn.blocks.1.weight: k=1, G_{1.0,0.0,384}, lr=0.008, scale=1.0, type=None
  transformer.h.25.attn.c_attn.blocks.2.weight: k=1, G_{1.0,0.0,384}, lr=0.008, scale=1.0, type=None
  transformer.h.25.mlp.c_fc.blocks.0.weight: k=1, G_{1.0,0.0,384}, lr=0.008, scale=1.0, type=None
  transformer.h.25.mlp.c_fc.blocks.1.weight: k=1, G_{1.0,0.0,384}, lr=0.008, scale=1.0, type=None
  transformer.h.25.mlp.c_fc.blocks.2.weight: k=1, G_{1.0,0.0,384}, lr=0.008, scale=1.0, type=None
  transformer.h.25.mlp.c_fc.blocks.3.weight: k=1, G_{1.0,0.0,384}, lr=0.008, scale=1.0, type=None
  transformer.h.26.attn.c_attn.blocks.0.weight: k=1, G_{1.0,0.0,384}, lr=0.008, scale=1.0, type=None
  transformer.h.26.attn.c_attn.blocks.1.weight: k=1, G_{1.0,0.0,384}, lr=0.008, scale=1.0, type=None
  transformer.h.26.attn.c_attn.blocks.2.weight: k=1, G_{1.0,0.0,384}, lr=0.008, scale=1.0, type=None
  transformer.h.26.mlp.c_fc.blocks.0.weight: k=1, G_{1.0,0.0,384}, lr=0.008, scale=1.0, type=None
  transformer.h.26.mlp.c_fc.blocks.1.weight: k=1, G_{1.0,0.0,384}, lr=0.008, scale=1.0, type=None
  transformer.h.26.mlp.c_fc.blocks.2.weight: k=1, G_{1.0,0.0,384}, lr=0.008, scale=1.0, type=None
  transformer.h.26.mlp.c_fc.blocks.3.weight: k=1, G_{1.0,0.0,384}, lr=0.008, scale=1.0, type=None
  transformer.h.27.attn.c_attn.blocks.0.weight: k=1, G_{1.0,0.0,384}, lr=0.008, scale=1.0, type=None
  transformer.h.27.attn.c_attn.blocks.1.weight: k=1, G_{1.0,0.0,384}, lr=0.008, scale=1.0, type=None
  transformer.h.27.attn.c_attn.blocks.2.weight: k=1, G_{1.0,0.0,384}, lr=0.008, scale=1.0, type=None
  transformer.h.27.mlp.c_fc.blocks.0.weight: k=1, G_{1.0,0.0,384}, lr=0.008, scale=1.0, type=None
  transformer.h.27.mlp.c_fc.blocks.1.weight: k=1, G_{1.0,0.0,384}, lr=0.008, scale=1.0, type=None
  transformer.h.27.mlp.c_fc.blocks.2.weight: k=1, G_{1.0,0.0,384}, lr=0.008, scale=1.0, type=None
  transformer.h.27.mlp.c_fc.blocks.3.weight: k=1, G_{1.0,0.0,384}, lr=0.008, scale=1.0, type=None
  transformer.h.28.attn.c_attn.blocks.0.weight: k=1, G_{1.0,0.0,384}, lr=0.008, scale=1.0, type=None
  transformer.h.28.attn.c_attn.blocks.1.weight: k=1, G_{1.0,0.0,384}, lr=0.008, scale=1.0, type=None
  transformer.h.28.attn.c_attn.blocks.2.weight: k=1, G_{1.0,0.0,384}, lr=0.008, scale=1.0, type=None
  transformer.h.28.mlp.c_fc.blocks.0.weight: k=1, G_{1.0,0.0,384}, lr=0.008, scale=1.0, type=None
  transformer.h.28.mlp.c_fc.blocks.1.weight: k=1, G_{1.0,0.0,384}, lr=0.008, scale=1.0, type=None
  transformer.h.28.mlp.c_fc.blocks.2.weight: k=1, G_{1.0,0.0,384}, lr=0.008, scale=1.0, type=None
  transformer.h.28.mlp.c_fc.blocks.3.weight: k=1, G_{1.0,0.0,384}, lr=0.008, scale=1.0, type=None
  transformer.h.29.attn.c_attn.blocks.0.weight: k=1, G_{1.0,0.0,384}, lr=0.008, scale=1.0, type=None
  transformer.h.29.attn.c_attn.blocks.1.weight: k=1, G_{1.0,0.0,384}, lr=0.008, scale=1.0, type=None
  transformer.h.29.attn.c_attn.blocks.2.weight: k=1, G_{1.0,0.0,384}, lr=0.008, scale=1.0, type=None
  transformer.h.29.mlp.c_fc.blocks.0.weight: k=1, G_{1.0,0.0,384}, lr=0.008, scale=1.0, type=None
  transformer.h.29.mlp.c_fc.blocks.1.weight: k=1, G_{1.0,0.0,384}, lr=0.008, scale=1.0, type=None
  transformer.h.29.mlp.c_fc.blocks.2.weight: k=1, G_{1.0,0.0,384}, lr=0.008, scale=1.0, type=None
  transformer.h.29.mlp.c_fc.blocks.3.weight: k=1, G_{1.0,0.0,384}, lr=0.008, scale=1.0, type=None
  transformer.h.30.attn.c_attn.blocks.0.weight: k=1, G_{1.0,0.0,384}, lr=0.008, scale=1.0, type=None
  transformer.h.30.attn.c_attn.blocks.1.weight: k=1, G_{1.0,0.0,384}, lr=0.008, scale=1.0, type=None
  transformer.h.30.attn.c_attn.blocks.2.weight: k=1, G_{1.0,0.0,384}, lr=0.008, scale=1.0, type=None
  transformer.h.30.mlp.c_fc.blocks.0.weight: k=1, G_{1.0,0.0,384}, lr=0.008, scale=1.0, type=None
  transformer.h.30.mlp.c_fc.blocks.1.weight: k=1, G_{1.0,0.0,384}, lr=0.008, scale=1.0, type=None
  transformer.h.30.mlp.c_fc.blocks.2.weight: k=1, G_{1.0,0.0,384}, lr=0.008, scale=1.0, type=None
  transformer.h.30.mlp.c_fc.blocks.3.weight: k=1, G_{1.0,0.0,384}, lr=0.008, scale=1.0, type=None
  transformer.h.31.attn.c_attn.blocks.0.weight: k=1, G_{1.0,0.0,384}, lr=0.008, scale=1.0, type=None
  transformer.h.31.attn.c_attn.blocks.1.weight: k=1, G_{1.0,0.0,384}, lr=0.008, scale=1.0, type=None
  transformer.h.31.attn.c_attn.blocks.2.weight: k=1, G_{1.0,0.0,384}, lr=0.008, scale=1.0, type=None
  transformer.h.31.mlp.c_fc.blocks.0.weight: k=1, G_{1.0,0.0,384}, lr=0.008, scale=1.0, type=None
  transformer.h.31.mlp.c_fc.blocks.1.weight: k=1, G_{1.0,0.0,384}, lr=0.008, scale=1.0, type=None
  transformer.h.31.mlp.c_fc.blocks.2.weight: k=1, G_{1.0,0.0,384}, lr=0.008, scale=1.0, type=None
  transformer.h.31.mlp.c_fc.blocks.3.weight: k=1, G_{1.0,0.0,384}, lr=0.008, scale=1.0, type=None
  transformer.h.32.attn.c_attn.blocks.0.weight: k=1, G_{1.0,0.0,384}, lr=0.008, scale=1.0, type=None
  transformer.h.32.attn.c_attn.blocks.1.weight: k=1, G_{1.0,0.0,384}, lr=0.008, scale=1.0, type=None
  transformer.h.32.attn.c_attn.blocks.2.weight: k=1, G_{1.0,0.0,384}, lr=0.008, scale=1.0, type=None
  transformer.h.32.mlp.c_fc.blocks.0.weight: k=1, G_{1.0,0.0,384}, lr=0.008, scale=1.0, type=None
  transformer.h.32.mlp.c_fc.blocks.1.weight: k=1, G_{1.0,0.0,384}, lr=0.008, scale=1.0, type=None
  transformer.h.32.mlp.c_fc.blocks.2.weight: k=1, G_{1.0,0.0,384}, lr=0.008, scale=1.0, type=None
  transformer.h.32.mlp.c_fc.blocks.3.weight: k=1, G_{1.0,0.0,384}, lr=0.008, scale=1.0, type=None
  transformer.h.33.attn.c_attn.blocks.0.weight: k=1, G_{1.0,0.0,384}, lr=0.008, scale=1.0, type=None
  transformer.h.33.attn.c_attn.blocks.1.weight: k=1, G_{1.0,0.0,384}, lr=0.008, scale=1.0, type=None
  transformer.h.33.attn.c_attn.blocks.2.weight: k=1, G_{1.0,0.0,384}, lr=0.008, scale=1.0, type=None
  transformer.h.33.mlp.c_fc.blocks.0.weight: k=1, G_{1.0,0.0,384}, lr=0.008, scale=1.0, type=None
  transformer.h.33.mlp.c_fc.blocks.1.weight: k=1, G_{1.0,0.0,384}, lr=0.008, scale=1.0, type=None
  transformer.h.33.mlp.c_fc.blocks.2.weight: k=1, G_{1.0,0.0,384}, lr=0.008, scale=1.0, type=None
  transformer.h.33.mlp.c_fc.blocks.3.weight: k=1, G_{1.0,0.0,384}, lr=0.008, scale=1.0, type=None
  transformer.h.34.attn.c_attn.blocks.0.weight: k=1, G_{1.0,0.0,384}, lr=0.008, scale=1.0, type=None
  transformer.h.34.attn.c_attn.blocks.1.weight: k=1, G_{1.0,0.0,384}, lr=0.008, scale=1.0, type=None
  transformer.h.34.attn.c_attn.blocks.2.weight: k=1, G_{1.0,0.0,384}, lr=0.008, scale=1.0, type=None
  transformer.h.34.mlp.c_fc.blocks.0.weight: k=1, G_{1.0,0.0,384}, lr=0.008, scale=1.0, type=None
  transformer.h.34.mlp.c_fc.blocks.1.weight: k=1, G_{1.0,0.0,384}, lr=0.008, scale=1.0, type=None
  transformer.h.34.mlp.c_fc.blocks.2.weight: k=1, G_{1.0,0.0,384}, lr=0.008, scale=1.0, type=None
  transformer.h.34.mlp.c_fc.blocks.3.weight: k=1, G_{1.0,0.0,384}, lr=0.008, scale=1.0, type=None
  transformer.h.35.attn.c_attn.blocks.0.weight: k=1, G_{1.0,0.0,384}, lr=0.008, scale=1.0, type=None
  transformer.h.35.attn.c_attn.blocks.1.weight: k=1, G_{1.0,0.0,384}, lr=0.008, scale=1.0, type=None
  transformer.h.35.attn.c_attn.blocks.2.weight: k=1, G_{1.0,0.0,384}, lr=0.008, scale=1.0, type=None
  transformer.h.35.mlp.c_fc.blocks.0.weight: k=1, G_{1.0,0.0,384}, lr=0.008, scale=1.0, type=None
  transformer.h.35.mlp.c_fc.blocks.1.weight: k=1, G_{1.0,0.0,384}, lr=0.008, scale=1.0, type=None
  transformer.h.35.mlp.c_fc.blocks.2.weight: k=1, G_{1.0,0.0,384}, lr=0.008, scale=1.0, type=None
  transformer.h.35.mlp.c_fc.blocks.3.weight: k=1, G_{1.0,0.0,384}, lr=0.008, scale=1.0, type=None

=== Phase phase3 Grassmann Configuration ===

Per-block configuration (36 blocks):
  c_attn ranks:       [384, 384, 384, 384, 384, 384, 384, 384, 384, 384, 384, 384, 384, 384, 384, 384, 384, 384, 384, 384, 384, 384, 384, 384, 384, 384, 384, 384, 384, 384, 384, 384, 384, 384, 384, 384]
  c_attn scales:      ['1.00', '1.00', '1.00', '1.00', '1.00', '1.00', '1.00', '1.00', '1.00', '1.00', '1.00', '1.00', '1.00', '1.00', '1.00', '1.00', '1.00', '1.00', '1.00', '1.00', '1.00', '1.00', '1.00', '1.00', '1.00', '1.00', '1.00', '1.00', '1.00', '1.00', '1.00', '1.00', '1.00', '1.00', '1.00', '1.00']
  mlp.c_fc ranks:     [384, 384, 384, 384, 384, 384, 384, 384, 384, 384, 384, 384, 384, 384, 384, 384, 384, 384, 384, 384, 384, 384, 384, 384, 384, 384, 384, 384, 384, 384, 384, 384, 384, 384, 384, 384]
  mlp.c_fc scales:    ['1.00', '1.00', '1.00', '1.00', '1.00', '1.00', '1.00', '1.00', '1.00', '1.00', '1.00', '1.00', '1.00', '1.00', '1.00', '1.00', '1.00', '1.00', '1.00', '1.00', '1.00', '1.00', '1.00', '1.00', '1.00', '1.00', '1.00', '1.00', '1.00', '1.00', '1.00', '1.00', '1.00', '1.00', '1.00', '1.00']
Grassmann Muon parameters: 252 weight matrices, 264,241,152 params
AdamW optimizer groups:
  Gates:      180 tensors, 1,916,928 params, lr=1.50e-03, wd=0.1
  Projections: 72 tensors, 188,743,680 params, lr=6.00e-04, wd=0.1
  Embeddings: 2 tensors, 52,559,872 params, lr=3.00e-04, wd=0.0
  No decay:   73 tensors, 74,752 params, lr=6.00e-04, wd=0.0
  transformer.h.0.attn.c_attn.blocks.0.weight: k=1, G_{1.0,0.0,384}, lr=0.008, scale=1.0, type=None
  transformer.h.0.attn.c_attn.blocks.1.weight: k=1, G_{1.0,0.0,384}, lr=0.008, scale=1.0, type=None
  transformer.h.0.attn.c_attn.blocks.2.weight: k=1, G_{1.0,0.0,384}, lr=0.008, scale=1.0, type=None
  transformer.h.0.mlp.c_fc.blocks.0.weight: k=1, G_{1.0,0.0,384}, lr=0.008, scale=1.0, type=None
  transformer.h.0.mlp.c_fc.blocks.1.weight: k=1, G_{1.0,0.0,384}, lr=0.008, scale=1.0, type=None
  transformer.h.0.mlp.c_fc.blocks.2.weight: k=1, G_{1.0,0.0,384}, lr=0.008, scale=1.0, type=None
  transformer.h.0.mlp.c_fc.blocks.3.weight: k=1, G_{1.0,0.0,384}, lr=0.008, scale=1.0, type=None
  transformer.h.1.attn.c_attn.blocks.0.weight: k=1, G_{1.0,0.0,384}, lr=0.008, scale=1.0, type=None
  transformer.h.1.attn.c_attn.blocks.1.weight: k=1, G_{1.0,0.0,384}, lr=0.008, scale=1.0, type=None
  transformer.h.1.attn.c_attn.blocks.2.weight: k=1, G_{1.0,0.0,384}, lr=0.008, scale=1.0, type=None
  transformer.h.1.mlp.c_fc.blocks.0.weight: k=1, G_{1.0,0.0,384}, lr=0.008, scale=1.0, type=None
  transformer.h.1.mlp.c_fc.blocks.1.weight: k=1, G_{1.0,0.0,384}, lr=0.008, scale=1.0, type=None
  transformer.h.1.mlp.c_fc.blocks.2.weight: k=1, G_{1.0,0.0,384}, lr=0.008, scale=1.0, type=None
  transformer.h.1.mlp.c_fc.blocks.3.weight: k=1, G_{1.0,0.0,384}, lr=0.008, scale=1.0, type=None
  transformer.h.2.attn.c_attn.blocks.0.weight: k=1, G_{1.0,0.0,384}, lr=0.008, scale=1.0, type=None
  transformer.h.2.attn.c_attn.blocks.1.weight: k=1, G_{1.0,0.0,384}, lr=0.008, scale=1.0, type=None
  transformer.h.2.attn.c_attn.blocks.2.weight: k=1, G_{1.0,0.0,384}, lr=0.008, scale=1.0, type=None
  transformer.h.2.mlp.c_fc.blocks.0.weight: k=1, G_{1.0,0.0,384}, lr=0.008, scale=1.0, type=None
  transformer.h.2.mlp.c_fc.blocks.1.weight: k=1, G_{1.0,0.0,384}, lr=0.008, scale=1.0, type=None
  transformer.h.2.mlp.c_fc.blocks.2.weight: k=1, G_{1.0,0.0,384}, lr=0.008, scale=1.0, type=None
  transformer.h.2.mlp.c_fc.blocks.3.weight: k=1, G_{1.0,0.0,384}, lr=0.008, scale=1.0, type=None
  transformer.h.3.attn.c_attn.blocks.0.weight: k=1, G_{1.0,0.0,384}, lr=0.008, scale=1.0, type=None
  transformer.h.3.attn.c_attn.blocks.1.weight: k=1, G_{1.0,0.0,384}, lr=0.008, scale=1.0, type=None
  transformer.h.3.attn.c_attn.blocks.2.weight: k=1, G_{1.0,0.0,384}, lr=0.008, scale=1.0, type=None
  transformer.h.3.mlp.c_fc.blocks.0.weight: k=1, G_{1.0,0.0,384}, lr=0.008, scale=1.0, type=None
  transformer.h.3.mlp.c_fc.blocks.1.weight: k=1, G_{1.0,0.0,384}, lr=0.008, scale=1.0, type=None
  transformer.h.3.mlp.c_fc.blocks.2.weight: k=1, G_{1.0,0.0,384}, lr=0.008, scale=1.0, type=None
  transformer.h.3.mlp.c_fc.blocks.3.weight: k=1, G_{1.0,0.0,384}, lr=0.008, scale=1.0, type=None
  transformer.h.4.attn.c_attn.blocks.0.weight: k=1, G_{1.0,0.0,384}, lr=0.008, scale=1.0, type=None
  transformer.h.4.attn.c_attn.blocks.1.weight: k=1, G_{1.0,0.0,384}, lr=0.008, scale=1.0, type=None
  transformer.h.4.attn.c_attn.blocks.2.weight: k=1, G_{1.0,0.0,384}, lr=0.008, scale=1.0, type=None
  transformer.h.4.mlp.c_fc.blocks.0.weight: k=1, G_{1.0,0.0,384}, lr=0.008, scale=1.0, type=None
  transformer.h.4.mlp.c_fc.blocks.1.weight: k=1, G_{1.0,0.0,384}, lr=0.008, scale=1.0, type=None
  transformer.h.4.mlp.c_fc.blocks.2.weight: k=1, G_{1.0,0.0,384}, lr=0.008, scale=1.0, type=None
  transformer.h.4.mlp.c_fc.blocks.3.weight: k=1, G_{1.0,0.0,384}, lr=0.008, scale=1.0, type=None
  transformer.h.5.attn.c_attn.blocks.0.weight: k=1, G_{1.0,0.0,384}, lr=0.008, scale=1.0, type=None
  transformer.h.5.attn.c_attn.blocks.1.weight: k=1, G_{1.0,0.0,384}, lr=0.008, scale=1.0, type=None
  transformer.h.5.attn.c_attn.blocks.2.weight: k=1, G_{1.0,0.0,384}, lr=0.008, scale=1.0, type=None
  transformer.h.5.mlp.c_fc.blocks.0.weight: k=1, G_{1.0,0.0,384}, lr=0.008, scale=1.0, type=None
  transformer.h.5.mlp.c_fc.blocks.1.weight: k=1, G_{1.0,0.0,384}, lr=0.008, scale=1.0, type=None
  transformer.h.5.mlp.c_fc.blocks.2.weight: k=1, G_{1.0,0.0,384}, lr=0.008, scale=1.0, type=None
  transformer.h.5.mlp.c_fc.blocks.3.weight: k=1, G_{1.0,0.0,384}, lr=0.008, scale=1.0, type=None
  transformer.h.6.attn.c_attn.blocks.0.weight: k=1, G_{1.0,0.0,384}, lr=0.008, scale=1.0, type=None
  transformer.h.6.attn.c_attn.blocks.1.weight: k=1, G_{1.0,0.0,384}, lr=0.008, scale=1.0, type=None
  transformer.h.6.attn.c_attn.blocks.2.weight: k=1, G_{1.0,0.0,384}, lr=0.008, scale=1.0, type=None
  transformer.h.6.mlp.c_fc.blocks.0.weight: k=1, G_{1.0,0.0,384}, lr=0.008, scale=1.0, type=None
  transformer.h.6.mlp.c_fc.blocks.1.weight: k=1, G_{1.0,0.0,384}, lr=0.008, scale=1.0, type=None
  transformer.h.6.mlp.c_fc.blocks.2.weight: k=1, G_{1.0,0.0,384}, lr=0.008, scale=1.0, type=None
  transformer.h.6.mlp.c_fc.blocks.3.weight: k=1, G_{1.0,0.0,384}, lr=0.008, scale=1.0, type=None
  transformer.h.7.attn.c_attn.blocks.0.weight: k=1, G_{1.0,0.0,384}, lr=0.008, scale=1.0, type=None
  transformer.h.7.attn.c_attn.blocks.1.weight: k=1, G_{1.0,0.0,384}, lr=0.008, scale=1.0, type=None
  transformer.h.7.attn.c_attn.blocks.2.weight: k=1, G_{1.0,0.0,384}, lr=0.008, scale=1.0, type=None
  transformer.h.7.mlp.c_fc.blocks.0.weight: k=1, G_{1.0,0.0,384}, lr=0.008, scale=1.0, type=None
  transformer.h.7.mlp.c_fc.blocks.1.weight: k=1, G_{1.0,0.0,384}, lr=0.008, scale=1.0, type=None
  transformer.h.7.mlp.c_fc.blocks.2.weight: k=1, G_{1.0,0.0,384}, lr=0.008, scale=1.0, type=None
  transformer.h.7.mlp.c_fc.blocks.3.weight: k=1, G_{1.0,0.0,384}, lr=0.008, scale=1.0, type=None
  transformer.h.8.attn.c_attn.blocks.0.weight: k=1, G_{1.0,0.0,384}, lr=0.008, scale=1.0, type=None
  transformer.h.8.attn.c_attn.blocks.1.weight: k=1, G_{1.0,0.0,384}, lr=0.008, scale=1.0, type=None
  transformer.h.8.attn.c_attn.blocks.2.weight: k=1, G_{1.0,0.0,384}, lr=0.008, scale=1.0, type=None
  transformer.h.8.mlp.c_fc.blocks.0.weight: k=1, G_{1.0,0.0,384}, lr=0.008, scale=1.0, type=None
  transformer.h.8.mlp.c_fc.blocks.1.weight: k=1, G_{1.0,0.0,384}, lr=0.008, scale=1.0, type=None
  transformer.h.8.mlp.c_fc.blocks.2.weight: k=1, G_{1.0,0.0,384}, lr=0.008, scale=1.0, type=None
  transformer.h.8.mlp.c_fc.blocks.3.weight: k=1, G_{1.0,0.0,384}, lr=0.008, scale=1.0, type=None
  transformer.h.9.attn.c_attn.blocks.0.weight: k=1, G_{1.0,0.0,384}, lr=0.008, scale=1.0, type=None
  transformer.h.9.attn.c_attn.blocks.1.weight: k=1, G_{1.0,0.0,384}, lr=0.008, scale=1.0, type=None
  transformer.h.9.attn.c_attn.blocks.2.weight: k=1, G_{1.0,0.0,384}, lr=0.008, scale=1.0, type=None
  transformer.h.9.mlp.c_fc.blocks.0.weight: k=1, G_{1.0,0.0,384}, lr=0.008, scale=1.0, type=None
  transformer.h.9.mlp.c_fc.blocks.1.weight: k=1, G_{1.0,0.0,384}, lr=0.008, scale=1.0, type=None
  transformer.h.9.mlp.c_fc.blocks.2.weight: k=1, G_{1.0,0.0,384}, lr=0.008, scale=1.0, type=None
  transformer.h.9.mlp.c_fc.blocks.3.weight: k=1, G_{1.0,0.0,384}, lr=0.008, scale=1.0, type=None
  transformer.h.10.attn.c_attn.blocks.0.weight: k=1, G_{1.0,0.0,384}, lr=0.008, scale=1.0, type=None
  transformer.h.10.attn.c_attn.blocks.1.weight: k=1, G_{1.0,0.0,384}, lr=0.008, scale=1.0, type=None
  transformer.h.10.attn.c_attn.blocks.2.weight: k=1, G_{1.0,0.0,384}, lr=0.008, scale=1.0, type=None
  transformer.h.10.mlp.c_fc.blocks.0.weight: k=1, G_{1.0,0.0,384}, lr=0.008, scale=1.0, type=None
  transformer.h.10.mlp.c_fc.blocks.1.weight: k=1, G_{1.0,0.0,384}, lr=0.008, scale=1.0, type=None
  transformer.h.10.mlp.c_fc.blocks.2.weight: k=1, G_{1.0,0.0,384}, lr=0.008, scale=1.0, type=None
  transformer.h.10.mlp.c_fc.blocks.3.weight: k=1, G_{1.0,0.0,384}, lr=0.008, scale=1.0, type=None
  transformer.h.11.attn.c_attn.blocks.0.weight: k=1, G_{1.0,0.0,384}, lr=0.008, scale=1.0, type=None
  transformer.h.11.attn.c_attn.blocks.1.weight: k=1, G_{1.0,0.0,384}, lr=0.008, scale=1.0, type=None
  transformer.h.11.attn.c_attn.blocks.2.weight: k=1, G_{1.0,0.0,384}, lr=0.008, scale=1.0, type=None
  transformer.h.11.mlp.c_fc.blocks.0.weight: k=1, G_{1.0,0.0,384}, lr=0.008, scale=1.0, type=None
  transformer.h.11.mlp.c_fc.blocks.1.weight: k=1, G_{1.0,0.0,384}, lr=0.008, scale=1.0, type=None
  transformer.h.11.mlp.c_fc.blocks.2.weight: k=1, G_{1.0,0.0,384}, lr=0.008, scale=1.0, type=None
  transformer.h.11.mlp.c_fc.blocks.3.weight: k=1, G_{1.0,0.0,384}, lr=0.008, scale=1.0, type=None
  transformer.h.12.attn.c_attn.blocks.0.weight: k=1, G_{1.0,0.0,384}, lr=0.008, scale=1.0, type=None
  transformer.h.12.attn.c_attn.blocks.1.weight: k=1, G_{1.0,0.0,384}, lr=0.008, scale=1.0, type=None
  transformer.h.12.attn.c_attn.blocks.2.weight: k=1, G_{1.0,0.0,384}, lr=0.008, scale=1.0, type=None
  transformer.h.12.mlp.c_fc.blocks.0.weight: k=1, G_{1.0,0.0,384}, lr=0.008, scale=1.0, type=None
  transformer.h.12.mlp.c_fc.blocks.1.weight: k=1, G_{1.0,0.0,384}, lr=0.008, scale=1.0, type=None
  transformer.h.12.mlp.c_fc.blocks.2.weight: k=1, G_{1.0,0.0,384}, lr=0.008, scale=1.0, type=None
  transformer.h.12.mlp.c_fc.blocks.3.weight: k=1, G_{1.0,0.0,384}, lr=0.008, scale=1.0, type=None
  transformer.h.13.attn.c_attn.blocks.0.weight: k=1, G_{1.0,0.0,384}, lr=0.008, scale=1.0, type=None
  transformer.h.13.attn.c_attn.blocks.1.weight: k=1, G_{1.0,0.0,384}, lr=0.008, scale=1.0, type=None
  transformer.h.13.attn.c_attn.blocks.2.weight: k=1, G_{1.0,0.0,384}, lr=0.008, scale=1.0, type=None
  transformer.h.13.mlp.c_fc.blocks.0.weight: k=1, G_{1.0,0.0,384}, lr=0.008, scale=1.0, type=None
  transformer.h.13.mlp.c_fc.blocks.1.weight: k=1, G_{1.0,0.0,384}, lr=0.008, scale=1.0, type=None
  transformer.h.13.mlp.c_fc.blocks.2.weight: k=1, G_{1.0,0.0,384}, lr=0.008, scale=1.0, type=None
  transformer.h.13.mlp.c_fc.blocks.3.weight: k=1, G_{1.0,0.0,384}, lr=0.008, scale=1.0, type=None
  transformer.h.14.attn.c_attn.blocks.0.weight: k=1, G_{1.0,0.0,384}, lr=0.008, scale=1.0, type=None
  transformer.h.14.attn.c_attn.blocks.1.weight: k=1, G_{1.0,0.0,384}, lr=0.008, scale=1.0, type=None
  transformer.h.14.attn.c_attn.blocks.2.weight: k=1, G_{1.0,0.0,384}, lr=0.008, scale=1.0, type=None
  transformer.h.14.mlp.c_fc.blocks.0.weight: k=1, G_{1.0,0.0,384}, lr=0.008, scale=1.0, type=None
  transformer.h.14.mlp.c_fc.blocks.1.weight: k=1, G_{1.0,0.0,384}, lr=0.008, scale=1.0, type=None
  transformer.h.14.mlp.c_fc.blocks.2.weight: k=1, G_{1.0,0.0,384}, lr=0.008, scale=1.0, type=None
  transformer.h.14.mlp.c_fc.blocks.3.weight: k=1, G_{1.0,0.0,384}, lr=0.008, scale=1.0, type=None
  transformer.h.15.attn.c_attn.blocks.0.weight: k=1, G_{1.0,0.0,384}, lr=0.008, scale=1.0, type=None
  transformer.h.15.attn.c_attn.blocks.1.weight: k=1, G_{1.0,0.0,384}, lr=0.008, scale=1.0, type=None
  transformer.h.15.attn.c_attn.blocks.2.weight: k=1, G_{1.0,0.0,384}, lr=0.008, scale=1.0, type=None
  transformer.h.15.mlp.c_fc.blocks.0.weight: k=1, G_{1.0,0.0,384}, lr=0.008, scale=1.0, type=None
  transformer.h.15.mlp.c_fc.blocks.1.weight: k=1, G_{1.0,0.0,384}, lr=0.008, scale=1.0, type=None
  transformer.h.15.mlp.c_fc.blocks.2.weight: k=1, G_{1.0,0.0,384}, lr=0.008, scale=1.0, type=None
  transformer.h.15.mlp.c_fc.blocks.3.weight: k=1, G_{1.0,0.0,384}, lr=0.008, scale=1.0, type=None
  transformer.h.16.attn.c_attn.blocks.0.weight: k=1, G_{1.0,0.0,384}, lr=0.008, scale=1.0, type=None
  transformer.h.16.attn.c_attn.blocks.1.weight: k=1, G_{1.0,0.0,384}, lr=0.008, scale=1.0, type=None
  transformer.h.16.attn.c_attn.blocks.2.weight: k=1, G_{1.0,0.0,384}, lr=0.008, scale=1.0, type=None
  transformer.h.16.mlp.c_fc.blocks.0.weight: k=1, G_{1.0,0.0,384}, lr=0.008, scale=1.0, type=None
  transformer.h.16.mlp.c_fc.blocks.1.weight: k=1, G_{1.0,0.0,384}, lr=0.008, scale=1.0, type=None
  transformer.h.16.mlp.c_fc.blocks.2.weight: k=1, G_{1.0,0.0,384}, lr=0.008, scale=1.0, type=None
  transformer.h.16.mlp.c_fc.blocks.3.weight: k=1, G_{1.0,0.0,384}, lr=0.008, scale=1.0, type=None
  transformer.h.17.attn.c_attn.blocks.0.weight: k=1, G_{1.0,0.0,384}, lr=0.008, scale=1.0, type=None
  transformer.h.17.attn.c_attn.blocks.1.weight: k=1, G_{1.0,0.0,384}, lr=0.008, scale=1.0, type=None
  transformer.h.17.attn.c_attn.blocks.2.weight: k=1, G_{1.0,0.0,384}, lr=0.008, scale=1.0, type=None
  transformer.h.17.mlp.c_fc.blocks.0.weight: k=1, G_{1.0,0.0,384}, lr=0.008, scale=1.0, type=None
  transformer.h.17.mlp.c_fc.blocks.1.weight: k=1, G_{1.0,0.0,384}, lr=0.008, scale=1.0, type=None
  transformer.h.17.mlp.c_fc.blocks.2.weight: k=1, G_{1.0,0.0,384}, lr=0.008, scale=1.0, type=None
  transformer.h.17.mlp.c_fc.blocks.3.weight: k=1, G_{1.0,0.0,384}, lr=0.008, scale=1.0, type=None
  transformer.h.18.attn.c_attn.blocks.0.weight: k=1, G_{1.0,0.0,384}, lr=0.008, scale=1.0, type=None
  transformer.h.18.attn.c_attn.blocks.1.weight: k=1, G_{1.0,0.0,384}, lr=0.008, scale=1.0, type=None
  transformer.h.18.attn.c_attn.blocks.2.weight: k=1, G_{1.0,0.0,384}, lr=0.008, scale=1.0, type=None
  transformer.h.18.mlp.c_fc.blocks.0.weight: k=1, G_{1.0,0.0,384}, lr=0.008, scale=1.0, type=None
  transformer.h.18.mlp.c_fc.blocks.1.weight: k=1, G_{1.0,0.0,384}, lr=0.008, scale=1.0, type=None
  transformer.h.18.mlp.c_fc.blocks.2.weight: k=1, G_{1.0,0.0,384}, lr=0.008, scale=1.0, type=None
  transformer.h.18.mlp.c_fc.blocks.3.weight: k=1, G_{1.0,0.0,384}, lr=0.008, scale=1.0, type=None
  transformer.h.19.attn.c_attn.blocks.0.weight: k=1, G_{1.0,0.0,384}, lr=0.008, scale=1.0, type=None
  transformer.h.19.attn.c_attn.blocks.1.weight: k=1, G_{1.0,0.0,384}, lr=0.008, scale=1.0, type=None
  transformer.h.19.attn.c_attn.blocks.2.weight: k=1, G_{1.0,0.0,384}, lr=0.008, scale=1.0, type=None
  transformer.h.19.mlp.c_fc.blocks.0.weight: k=1, G_{1.0,0.0,384}, lr=0.008, scale=1.0, type=None
  transformer.h.19.mlp.c_fc.blocks.1.weight: k=1, G_{1.0,0.0,384}, lr=0.008, scale=1.0, type=None
  transformer.h.19.mlp.c_fc.blocks.2.weight: k=1, G_{1.0,0.0,384}, lr=0.008, scale=1.0, type=None
  transformer.h.19.mlp.c_fc.blocks.3.weight: k=1, G_{1.0,0.0,384}, lr=0.008, scale=1.0, type=None
  transformer.h.20.attn.c_attn.blocks.0.weight: k=1, G_{1.0,0.0,384}, lr=0.008, scale=1.0, type=None
  transformer.h.20.attn.c_attn.blocks.1.weight: k=1, G_{1.0,0.0,384}, lr=0.008, scale=1.0, type=None
  transformer.h.20.attn.c_attn.blocks.2.weight: k=1, G_{1.0,0.0,384}, lr=0.008, scale=1.0, type=None
  transformer.h.20.mlp.c_fc.blocks.0.weight: k=1, G_{1.0,0.0,384}, lr=0.008, scale=1.0, type=None
  transformer.h.20.mlp.c_fc.blocks.1.weight: k=1, G_{1.0,0.0,384}, lr=0.008, scale=1.0, type=None
  transformer.h.20.mlp.c_fc.blocks.2.weight: k=1, G_{1.0,0.0,384}, lr=0.008, scale=1.0, type=None
  transformer.h.20.mlp.c_fc.blocks.3.weight: k=1, G_{1.0,0.0,384}, lr=0.008, scale=1.0, type=None
  transformer.h.21.attn.c_attn.blocks.0.weight: k=1, G_{1.0,0.0,384}, lr=0.008, scale=1.0, type=None
  transformer.h.21.attn.c_attn.blocks.1.weight: k=1, G_{1.0,0.0,384}, lr=0.008, scale=1.0, type=None
  transformer.h.21.attn.c_attn.blocks.2.weight: k=1, G_{1.0,0.0,384}, lr=0.008, scale=1.0, type=None
  transformer.h.21.mlp.c_fc.blocks.0.weight: k=1, G_{1.0,0.0,384}, lr=0.008, scale=1.0, type=None
  transformer.h.21.mlp.c_fc.blocks.1.weight: k=1, G_{1.0,0.0,384}, lr=0.008, scale=1.0, type=None
  transformer.h.21.mlp.c_fc.blocks.2.weight: k=1, G_{1.0,0.0,384}, lr=0.008, scale=1.0, type=None
  transformer.h.21.mlp.c_fc.blocks.3.weight: k=1, G_{1.0,0.0,384}, lr=0.008, scale=1.0, type=None
  transformer.h.22.attn.c_attn.blocks.0.weight: k=1, G_{1.0,0.0,384}, lr=0.008, scale=1.0, type=None
  transformer.h.22.attn.c_attn.blocks.1.weight: k=1, G_{1.0,0.0,384}, lr=0.008, scale=1.0, type=None
  transformer.h.22.attn.c_attn.blocks.2.weight: k=1, G_{1.0,0.0,384}, lr=0.008, scale=1.0, type=None
  transformer.h.22.mlp.c_fc.blocks.0.weight: k=1, G_{1.0,0.0,384}, lr=0.008, scale=1.0, type=None
  transformer.h.22.mlp.c_fc.blocks.1.weight: k=1, G_{1.0,0.0,384}, lr=0.008, scale=1.0, type=None
  transformer.h.22.mlp.c_fc.blocks.2.weight: k=1, G_{1.0,0.0,384}, lr=0.008, scale=1.0, type=None
  transformer.h.22.mlp.c_fc.blocks.3.weight: k=1, G_{1.0,0.0,384}, lr=0.008, scale=1.0, type=None
  transformer.h.23.attn.c_attn.blocks.0.weight: k=1, G_{1.0,0.0,384}, lr=0.008, scale=1.0, type=None
  transformer.h.23.attn.c_attn.blocks.1.weight: k=1, G_{1.0,0.0,384}, lr=0.008, scale=1.0, type=None
  transformer.h.23.attn.c_attn.blocks.2.weight: k=1, G_{1.0,0.0,384}, lr=0.008, scale=1.0, type=None
  transformer.h.23.mlp.c_fc.blocks.0.weight: k=1, G_{1.0,0.0,384}, lr=0.008, scale=1.0, type=None
  transformer.h.23.mlp.c_fc.blocks.1.weight: k=1, G_{1.0,0.0,384}, lr=0.008, scale=1.0, type=None
  transformer.h.23.mlp.c_fc.blocks.2.weight: k=1, G_{1.0,0.0,384}, lr=0.008, scale=1.0, type=None
  transformer.h.23.mlp.c_fc.blocks.3.weight: k=1, G_{1.0,0.0,384}, lr=0.008, scale=1.0, type=None
  transformer.h.24.attn.c_attn.blocks.0.weight: k=1, G_{1.0,0.0,384}, lr=0.008, scale=1.0, type=None
  transformer.h.24.attn.c_attn.blocks.1.weight: k=1, G_{1.0,0.0,384}, lr=0.008, scale=1.0, type=None
  transformer.h.24.attn.c_attn.blocks.2.weight: k=1, G_{1.0,0.0,384}, lr=0.008, scale=1.0, type=None
  transformer.h.24.mlp.c_fc.blocks.0.weight: k=1, G_{1.0,0.0,384}, lr=0.008, scale=1.0, type=None
  transformer.h.24.mlp.c_fc.blocks.1.weight: k=1, G_{1.0,0.0,384}, lr=0.008, scale=1.0, type=None
  transformer.h.24.mlp.c_fc.blocks.2.weight: k=1, G_{1.0,0.0,384}, lr=0.008, scale=1.0, type=None
  transformer.h.24.mlp.c_fc.blocks.3.weight: k=1, G_{1.0,0.0,384}, lr=0.008, scale=1.0, type=None
  transformer.h.25.attn.c_attn.blocks.0.weight: k=1, G_{1.0,0.0,384}, lr=0.008, scale=1.0, type=None
  transformer.h.25.attn.c_attn.blocks.1.weight: k=1, G_{1.0,0.0,384}, lr=0.008, scale=1.0, type=None
  transformer.h.25.attn.c_attn.blocks.2.weight: k=1, G_{1.0,0.0,384}, lr=0.008, scale=1.0, type=None
  transformer.h.25.mlp.c_fc.blocks.0.weight: k=1, G_{1.0,0.0,384}, lr=0.008, scale=1.0, type=None
  transformer.h.25.mlp.c_fc.blocks.1.weight: k=1, G_{1.0,0.0,384}, lr=0.008, scale=1.0, type=None
  transformer.h.25.mlp.c_fc.blocks.2.weight: k=1, G_{1.0,0.0,384}, lr=0.008, scale=1.0, type=None
  transformer.h.25.mlp.c_fc.blocks.3.weight: k=1, G_{1.0,0.0,384}, lr=0.008, scale=1.0, type=None
  transformer.h.26.attn.c_attn.blocks.0.weight: k=1, G_{1.0,0.0,384}, lr=0.008, scale=1.0, type=None
  transformer.h.26.attn.c_attn.blocks.1.weight: k=1, G_{1.0,0.0,384}, lr=0.008, scale=1.0, type=None
  transformer.h.26.attn.c_attn.blocks.2.weight: k=1, G_{1.0,0.0,384}, lr=0.008, scale=1.0, type=None
  transformer.h.26.mlp.c_fc.blocks.0.weight: k=1, G_{1.0,0.0,384}, lr=0.008, scale=1.0, type=None
  transformer.h.26.mlp.c_fc.blocks.1.weight: k=1, G_{1.0,0.0,384}, lr=0.008, scale=1.0, type=None
  transformer.h.26.mlp.c_fc.blocks.2.weight: k=1, G_{1.0,0.0,384}, lr=0.008, scale=1.0, type=None
  transformer.h.26.mlp.c_fc.blocks.3.weight: k=1, G_{1.0,0.0,384}, lr=0.008, scale=1.0, type=None
  transformer.h.27.attn.c_attn.blocks.0.weight: k=1, G_{1.0,0.0,384}, lr=0.008, scale=1.0, type=None
  transformer.h.27.attn.c_attn.blocks.1.weight: k=1, G_{1.0,0.0,384}, lr=0.008, scale=1.0, type=None
  transformer.h.27.attn.c_attn.blocks.2.weight: k=1, G_{1.0,0.0,384}, lr=0.008, scale=1.0, type=None
  transformer.h.27.mlp.c_fc.blocks.0.weight: k=1, G_{1.0,0.0,384}, lr=0.008, scale=1.0, type=None
  transformer.h.27.mlp.c_fc.blocks.1.weight: k=1, G_{1.0,0.0,384}, lr=0.008, scale=1.0, type=None
  transformer.h.27.mlp.c_fc.blocks.2.weight: k=1, G_{1.0,0.0,384}, lr=0.008, scale=1.0, type=None
  transformer.h.27.mlp.c_fc.blocks.3.weight: k=1, G_{1.0,0.0,384}, lr=0.008, scale=1.0, type=None
  transformer.h.28.attn.c_attn.blocks.0.weight: k=1, G_{1.0,0.0,384}, lr=0.008, scale=1.0, type=None
  transformer.h.28.attn.c_attn.blocks.1.weight: k=1, G_{1.0,0.0,384}, lr=0.008, scale=1.0, type=None
  transformer.h.28.attn.c_attn.blocks.2.weight: k=1, G_{1.0,0.0,384}, lr=0.008, scale=1.0, type=None
  transformer.h.28.mlp.c_fc.blocks.0.weight: k=1, G_{1.0,0.0,384}, lr=0.008, scale=1.0, type=None
  transformer.h.28.mlp.c_fc.blocks.1.weight: k=1, G_{1.0,0.0,384}, lr=0.008, scale=1.0, type=None
  transformer.h.28.mlp.c_fc.blocks.2.weight: k=1, G_{1.0,0.0,384}, lr=0.008, scale=1.0, type=None
  transformer.h.28.mlp.c_fc.blocks.3.weight: k=1, G_{1.0,0.0,384}, lr=0.008, scale=1.0, type=None
  transformer.h.29.attn.c_attn.blocks.0.weight: k=1, G_{1.0,0.0,384}, lr=0.008, scale=1.0, type=None
  transformer.h.29.attn.c_attn.blocks.1.weight: k=1, G_{1.0,0.0,384}, lr=0.008, scale=1.0, type=None
  transformer.h.29.attn.c_attn.blocks.2.weight: k=1, G_{1.0,0.0,384}, lr=0.008, scale=1.0, type=None
  transformer.h.29.mlp.c_fc.blocks.0.weight: k=1, G_{1.0,0.0,384}, lr=0.008, scale=1.0, type=None
  transformer.h.29.mlp.c_fc.blocks.1.weight: k=1, G_{1.0,0.0,384}, lr=0.008, scale=1.0, type=None
  transformer.h.29.mlp.c_fc.blocks.2.weight: k=1, G_{1.0,0.0,384}, lr=0.008, scale=1.0, type=None
  transformer.h.29.mlp.c_fc.blocks.3.weight: k=1, G_{1.0,0.0,384}, lr=0.008, scale=1.0, type=None
  transformer.h.30.attn.c_attn.blocks.0.weight: k=1, G_{1.0,0.0,384}, lr=0.008, scale=1.0, type=None
  transformer.h.30.attn.c_attn.blocks.1.weight: k=1, G_{1.0,0.0,384}, lr=0.008, scale=1.0, type=None
  transformer.h.30.attn.c_attn.blocks.2.weight: k=1, G_{1.0,0.0,384}, lr=0.008, scale=1.0, type=None
  transformer.h.30.mlp.c_fc.blocks.0.weight: k=1, G_{1.0,0.0,384}, lr=0.008, scale=1.0, type=None
  transformer.h.30.mlp.c_fc.blocks.1.weight: k=1, G_{1.0,0.0,384}, lr=0.008, scale=1.0, type=None
  transformer.h.30.mlp.c_fc.blocks.2.weight: k=1, G_{1.0,0.0,384}, lr=0.008, scale=1.0, type=None
  transformer.h.30.mlp.c_fc.blocks.3.weight: k=1, G_{1.0,0.0,384}, lr=0.008, scale=1.0, type=None
  transformer.h.31.attn.c_attn.blocks.0.weight: k=1, G_{1.0,0.0,384}, lr=0.008, scale=1.0, type=None
  transformer.h.31.attn.c_attn.blocks.1.weight: k=1, G_{1.0,0.0,384}, lr=0.008, scale=1.0, type=None
  transformer.h.31.attn.c_attn.blocks.2.weight: k=1, G_{1.0,0.0,384}, lr=0.008, scale=1.0, type=None
  transformer.h.31.mlp.c_fc.blocks.0.weight: k=1, G_{1.0,0.0,384}, lr=0.008, scale=1.0, type=None
  transformer.h.31.mlp.c_fc.blocks.1.weight: k=1, G_{1.0,0.0,384}, lr=0.008, scale=1.0, type=None
  transformer.h.31.mlp.c_fc.blocks.2.weight: k=1, G_{1.0,0.0,384}, lr=0.008, scale=1.0, type=None
  transformer.h.31.mlp.c_fc.blocks.3.weight: k=1, G_{1.0,0.0,384}, lr=0.008, scale=1.0, type=None
  transformer.h.32.attn.c_attn.blocks.0.weight: k=1, G_{1.0,0.0,384}, lr=0.008, scale=1.0, type=None
  transformer.h.32.attn.c_attn.blocks.1.weight: k=1, G_{1.0,0.0,384}, lr=0.008, scale=1.0, type=None
  transformer.h.32.attn.c_attn.blocks.2.weight: k=1, G_{1.0,0.0,384}, lr=0.008, scale=1.0, type=None
  transformer.h.32.mlp.c_fc.blocks.0.weight: k=1, G_{1.0,0.0,384}, lr=0.008, scale=1.0, type=None
  transformer.h.32.mlp.c_fc.blocks.1.weight: k=1, G_{1.0,0.0,384}, lr=0.008, scale=1.0, type=None
  transformer.h.32.mlp.c_fc.blocks.2.weight: k=1, G_{1.0,0.0,384}, lr=0.008, scale=1.0, type=None
  transformer.h.32.mlp.c_fc.blocks.3.weight: k=1, G_{1.0,0.0,384}, lr=0.008, scale=1.0, type=None
  transformer.h.33.attn.c_attn.blocks.0.weight: k=1, G_{1.0,0.0,384}, lr=0.008, scale=1.0, type=None
  transformer.h.33.attn.c_attn.blocks.1.weight: k=1, G_{1.0,0.0,384}, lr=0.008, scale=1.0, type=None
  transformer.h.33.attn.c_attn.blocks.2.weight: k=1, G_{1.0,0.0,384}, lr=0.008, scale=1.0, type=None
  transformer.h.33.mlp.c_fc.blocks.0.weight: k=1, G_{1.0,0.0,384}, lr=0.008, scale=1.0, type=None
  transformer.h.33.mlp.c_fc.blocks.1.weight: k=1, G_{1.0,0.0,384}, lr=0.008, scale=1.0, type=None
  transformer.h.33.mlp.c_fc.blocks.2.weight: k=1, G_{1.0,0.0,384}, lr=0.008, scale=1.0, type=None
  transformer.h.33.mlp.c_fc.blocks.3.weight: k=1, G_{1.0,0.0,384}, lr=0.008, scale=1.0, type=None
  transformer.h.34.attn.c_attn.blocks.0.weight: k=1, G_{1.0,0.0,384}, lr=0.008, scale=1.0, type=None
  transformer.h.34.attn.c_attn.blocks.1.weight: k=1, G_{1.0,0.0,384}, lr=0.008, scale=1.0, type=None
  transformer.h.34.attn.c_attn.blocks.2.weight: k=1, G_{1.0,0.0,384}, lr=0.008, scale=1.0, type=None
  transformer.h.34.mlp.c_fc.blocks.0.weight: k=1, G_{1.0,0.0,384}, lr=0.008, scale=1.0, type=None
  transformer.h.34.mlp.c_fc.blocks.1.weight: k=1, G_{1.0,0.0,384}, lr=0.008, scale=1.0, type=None
  transformer.h.34.mlp.c_fc.blocks.2.weight: k=1, G_{1.0,0.0,384}, lr=0.008, scale=1.0, type=None
  transformer.h.34.mlp.c_fc.blocks.3.weight: k=1, G_{1.0,0.0,384}, lr=0.008, scale=1.0, type=None
  transformer.h.35.attn.c_attn.blocks.0.weight: k=1, G_{1.0,0.0,384}, lr=0.008, scale=1.0, type=None
  transformer.h.35.attn.c_attn.blocks.1.weight: k=1, G_{1.0,0.0,384}, lr=0.008, scale=1.0, type=None
  transformer.h.35.attn.c_attn.blocks.2.weight: k=1, G_{1.0,0.0,384}, lr=0.008, scale=1.0, type=None
  transformer.h.35.mlp.c_fc.blocks.0.weight: k=1, G_{1.0,0.0,384}, lr=0.008, scale=1.0, type=None
  transformer.h.35.mlp.c_fc.blocks.1.weight: k=1, G_{1.0,0.0,384}, lr=0.008, scale=1.0, type=None
  transformer.h.35.mlp.c_fc.blocks.2.weight: k=1, G_{1.0,0.0,384}, lr=0.008, scale=1.0, type=None
  transformer.h.35.mlp.c_fc.blocks.3.weight: k=1, G_{1.0,0.0,384}, lr=0.008, scale=1.0, type=None

=== Phase phase3 Grassmann Configuration ===

Per-block configuration (36 blocks):
  c_attn ranks:       [384, 384, 384, 384, 384, 384, 384, 384, 384, 384, 384, 384, 384, 384, 384, 384, 384, 384, 384, 384, 384, 384, 384, 384, 384, 384, 384, 384, 384, 384, 384, 384, 384, 384, 384, 384]
  c_attn scales:      ['1.00', '1.00', '1.00', '1.00', '1.00', '1.00', '1.00', '1.00', '1.00', '1.00', '1.00', '1.00', '1.00', '1.00', '1.00', '1.00', '1.00', '1.00', '1.00', '1.00', '1.00', '1.00', '1.00', '1.00', '1.00', '1.00', '1.00', '1.00', '1.00', '1.00', '1.00', '1.00', '1.00', '1.00', '1.00', '1.00']
  mlp.c_fc ranks:     [384, 384, 384, 384, 384, 384, 384, 384, 384, 384, 384, 384, 384, 384, 384, 384, 384, 384, 384, 384, 384, 384, 384, 384, 384, 384, 384, 384, 384, 384, 384, 384, 384, 384, 384, 384]
  mlp.c_fc scales:    ['1.00', '1.00', '1.00', '1.00', '1.00', '1.00', '1.00', '1.00', '1.00', '1.00', '1.00', '1.00', '1.00', '1.00', '1.00', '1.00', '1.00', '1.00', '1.00', '1.00', '1.00', '1.00', '1.00', '1.00', '1.00', '1.00', '1.00', '1.00', '1.00', '1.00', '1.00', '1.00', '1.00', '1.00', '1.00', '1.00']
Grassmann Muon parameters: 252 weight matrices, 264,241,152 params
AdamW optimizer groups:
  Gates:      180 tensors, 1,916,928 params, lr=1.50e-03, wd=0.1
  Projections: 72 tensors, 188,743,680 params, lr=6.00e-04, wd=0.1
  Embeddings: 2 tensors, 52,559,872 params, lr=3.00e-04, wd=0.0
  No decay:   73 tensors, 74,752 params, lr=6.00e-04, wd=0.0
  transformer.h.0.attn.c_attn.blocks.0.weight: k=1, G_{1.0,0.0,384}, lr=0.008, scale=1.0, type=None
  transformer.h.0.attn.c_attn.blocks.1.weight: k=1, G_{1.0,0.0,384}, lr=0.008, scale=1.0, type=None
  transformer.h.0.attn.c_attn.blocks.2.weight: k=1, G_{1.0,0.0,384}, lr=0.008, scale=1.0, type=None
  transformer.h.0.mlp.c_fc.blocks.0.weight: k=1, G_{1.0,0.0,384}, lr=0.008, scale=1.0, type=None
  transformer.h.0.mlp.c_fc.blocks.1.weight: k=1, G_{1.0,0.0,384}, lr=0.008, scale=1.0, type=None
  transformer.h.0.mlp.c_fc.blocks.2.weight: k=1, G_{1.0,0.0,384}, lr=0.008, scale=1.0, type=None
  transformer.h.0.mlp.c_fc.blocks.3.weight: k=1, G_{1.0,0.0,384}, lr=0.008, scale=1.0, type=None
  transformer.h.1.attn.c_attn.blocks.0.weight: k=1, G_{1.0,0.0,384}, lr=0.008, scale=1.0, type=None
  transformer.h.1.attn.c_attn.blocks.1.weight: k=1, G_{1.0,0.0,384}, lr=0.008, scale=1.0, type=None
  transformer.h.1.attn.c_attn.blocks.2.weight: k=1, G_{1.0,0.0,384}, lr=0.008, scale=1.0, type=None
  transformer.h.1.mlp.c_fc.blocks.0.weight: k=1, G_{1.0,0.0,384}, lr=0.008, scale=1.0, type=None
  transformer.h.1.mlp.c_fc.blocks.1.weight: k=1, G_{1.0,0.0,384}, lr=0.008, scale=1.0, type=None
  transformer.h.1.mlp.c_fc.blocks.2.weight: k=1, G_{1.0,0.0,384}, lr=0.008, scale=1.0, type=None
  transformer.h.1.mlp.c_fc.blocks.3.weight: k=1, G_{1.0,0.0,384}, lr=0.008, scale=1.0, type=None
  transformer.h.2.attn.c_attn.blocks.0.weight: k=1, G_{1.0,0.0,384}, lr=0.008, scale=1.0, type=None
  transformer.h.2.attn.c_attn.blocks.1.weight: k=1, G_{1.0,0.0,384}, lr=0.008, scale=1.0, type=None
  transformer.h.2.attn.c_attn.blocks.2.weight: k=1, G_{1.0,0.0,384}, lr=0.008, scale=1.0, type=None
  transformer.h.2.mlp.c_fc.blocks.0.weight: k=1, G_{1.0,0.0,384}, lr=0.008, scale=1.0, type=None
  transformer.h.2.mlp.c_fc.blocks.1.weight: k=1, G_{1.0,0.0,384}, lr=0.008, scale=1.0, type=None
  transformer.h.2.mlp.c_fc.blocks.2.weight: k=1, G_{1.0,0.0,384}, lr=0.008, scale=1.0, type=None
  transformer.h.2.mlp.c_fc.blocks.3.weight: k=1, G_{1.0,0.0,384}, lr=0.008, scale=1.0, type=None
  transformer.h.3.attn.c_attn.blocks.0.weight: k=1, G_{1.0,0.0,384}, lr=0.008, scale=1.0, type=None
  transformer.h.3.attn.c_attn.blocks.1.weight: k=1, G_{1.0,0.0,384}, lr=0.008, scale=1.0, type=None
  transformer.h.3.attn.c_attn.blocks.2.weight: k=1, G_{1.0,0.0,384}, lr=0.008, scale=1.0, type=None
  transformer.h.3.mlp.c_fc.blocks.0.weight: k=1, G_{1.0,0.0,384}, lr=0.008, scale=1.0, type=None
  transformer.h.3.mlp.c_fc.blocks.1.weight: k=1, G_{1.0,0.0,384}, lr=0.008, scale=1.0, type=None
  transformer.h.3.mlp.c_fc.blocks.2.weight: k=1, G_{1.0,0.0,384}, lr=0.008, scale=1.0, type=None
  transformer.h.3.mlp.c_fc.blocks.3.weight: k=1, G_{1.0,0.0,384}, lr=0.008, scale=1.0, type=None
  transformer.h.4.attn.c_attn.blocks.0.weight: k=1, G_{1.0,0.0,384}, lr=0.008, scale=1.0, type=None
  transformer.h.4.attn.c_attn.blocks.1.weight: k=1, G_{1.0,0.0,384}, lr=0.008, scale=1.0, type=None
  transformer.h.4.attn.c_attn.blocks.2.weight: k=1, G_{1.0,0.0,384}, lr=0.008, scale=1.0, type=None
  transformer.h.4.mlp.c_fc.blocks.0.weight: k=1, G_{1.0,0.0,384}, lr=0.008, scale=1.0, type=None
  transformer.h.4.mlp.c_fc.blocks.1.weight: k=1, G_{1.0,0.0,384}, lr=0.008, scale=1.0, type=None
  transformer.h.4.mlp.c_fc.blocks.2.weight: k=1, G_{1.0,0.0,384}, lr=0.008, scale=1.0, type=None
  transformer.h.4.mlp.c_fc.blocks.3.weight: k=1, G_{1.0,0.0,384}, lr=0.008, scale=1.0, type=None
  transformer.h.5.attn.c_attn.blocks.0.weight: k=1, G_{1.0,0.0,384}, lr=0.008, scale=1.0, type=None
  transformer.h.5.attn.c_attn.blocks.1.weight: k=1, G_{1.0,0.0,384}, lr=0.008, scale=1.0, type=None
  transformer.h.5.attn.c_attn.blocks.2.weight: k=1, G_{1.0,0.0,384}, lr=0.008, scale=1.0, type=None
  transformer.h.5.mlp.c_fc.blocks.0.weight: k=1, G_{1.0,0.0,384}, lr=0.008, scale=1.0, type=None
  transformer.h.5.mlp.c_fc.blocks.1.weight: k=1, G_{1.0,0.0,384}, lr=0.008, scale=1.0, type=None
  transformer.h.5.mlp.c_fc.blocks.2.weight: k=1, G_{1.0,0.0,384}, lr=0.008, scale=1.0, type=None
  transformer.h.5.mlp.c_fc.blocks.3.weight: k=1, G_{1.0,0.0,384}, lr=0.008, scale=1.0, type=None
  transformer.h.6.attn.c_attn.blocks.0.weight: k=1, G_{1.0,0.0,384}, lr=0.008, scale=1.0, type=None
  transformer.h.6.attn.c_attn.blocks.1.weight: k=1, G_{1.0,0.0,384}, lr=0.008, scale=1.0, type=None
  transformer.h.6.attn.c_attn.blocks.2.weight: k=1, G_{1.0,0.0,384}, lr=0.008, scale=1.0, type=None
  transformer.h.6.mlp.c_fc.blocks.0.weight: k=1, G_{1.0,0.0,384}, lr=0.008, scale=1.0, type=None
  transformer.h.6.mlp.c_fc.blocks.1.weight: k=1, G_{1.0,0.0,384}, lr=0.008, scale=1.0, type=None
  transformer.h.6.mlp.c_fc.blocks.2.weight: k=1, G_{1.0,0.0,384}, lr=0.008, scale=1.0, type=None
  transformer.h.6.mlp.c_fc.blocks.3.weight: k=1, G_{1.0,0.0,384}, lr=0.008, scale=1.0, type=None
  transformer.h.7.attn.c_attn.blocks.0.weight: k=1, G_{1.0,0.0,384}, lr=0.008, scale=1.0, type=None
  transformer.h.7.attn.c_attn.blocks.1.weight: k=1, G_{1.0,0.0,384}, lr=0.008, scale=1.0, type=None
  transformer.h.7.attn.c_attn.blocks.2.weight: k=1, G_{1.0,0.0,384}, lr=0.008, scale=1.0, type=None
  transformer.h.7.mlp.c_fc.blocks.0.weight: k=1, G_{1.0,0.0,384}, lr=0.008, scale=1.0, type=None
  transformer.h.7.mlp.c_fc.blocks.1.weight: k=1, G_{1.0,0.0,384}, lr=0.008, scale=1.0, type=None
  transformer.h.7.mlp.c_fc.blocks.2.weight: k=1, G_{1.0,0.0,384}, lr=0.008, scale=1.0, type=None
  transformer.h.7.mlp.c_fc.blocks.3.weight: k=1, G_{1.0,0.0,384}, lr=0.008, scale=1.0, type=None
  transformer.h.8.attn.c_attn.blocks.0.weight: k=1, G_{1.0,0.0,384}, lr=0.008, scale=1.0, type=None
  transformer.h.8.attn.c_attn.blocks.1.weight: k=1, G_{1.0,0.0,384}, lr=0.008, scale=1.0, type=None
  transformer.h.8.attn.c_attn.blocks.2.weight: k=1, G_{1.0,0.0,384}, lr=0.008, scale=1.0, type=None
  transformer.h.8.mlp.c_fc.blocks.0.weight: k=1, G_{1.0,0.0,384}, lr=0.008, scale=1.0, type=None
  transformer.h.8.mlp.c_fc.blocks.1.weight: k=1, G_{1.0,0.0,384}, lr=0.008, scale=1.0, type=None
  transformer.h.8.mlp.c_fc.blocks.2.weight: k=1, G_{1.0,0.0,384}, lr=0.008, scale=1.0, type=None
  transformer.h.8.mlp.c_fc.blocks.3.weight: k=1, G_{1.0,0.0,384}, lr=0.008, scale=1.0, type=None
  transformer.h.9.attn.c_attn.blocks.0.weight: k=1, G_{1.0,0.0,384}, lr=0.008, scale=1.0, type=None
  transformer.h.9.attn.c_attn.blocks.1.weight: k=1, G_{1.0,0.0,384}, lr=0.008, scale=1.0, type=None
  transformer.h.9.attn.c_attn.blocks.2.weight: k=1, G_{1.0,0.0,384}, lr=0.008, scale=1.0, type=None
  transformer.h.9.mlp.c_fc.blocks.0.weight: k=1, G_{1.0,0.0,384}, lr=0.008, scale=1.0, type=None
  transformer.h.9.mlp.c_fc.blocks.1.weight: k=1, G_{1.0,0.0,384}, lr=0.008, scale=1.0, type=None
  transformer.h.9.mlp.c_fc.blocks.2.weight: k=1, G_{1.0,0.0,384}, lr=0.008, scale=1.0, type=None
  transformer.h.9.mlp.c_fc.blocks.3.weight: k=1, G_{1.0,0.0,384}, lr=0.008, scale=1.0, type=None
  transformer.h.10.attn.c_attn.blocks.0.weight: k=1, G_{1.0,0.0,384}, lr=0.008, scale=1.0, type=None
  transformer.h.10.attn.c_attn.blocks.1.weight: k=1, G_{1.0,0.0,384}, lr=0.008, scale=1.0, type=None
  transformer.h.10.attn.c_attn.blocks.2.weight: k=1, G_{1.0,0.0,384}, lr=0.008, scale=1.0, type=None
  transformer.h.10.mlp.c_fc.blocks.0.weight: k=1, G_{1.0,0.0,384}, lr=0.008, scale=1.0, type=None
  transformer.h.10.mlp.c_fc.blocks.1.weight: k=1, G_{1.0,0.0,384}, lr=0.008, scale=1.0, type=None
  transformer.h.10.mlp.c_fc.blocks.2.weight: k=1, G_{1.0,0.0,384}, lr=0.008, scale=1.0, type=None
  transformer.h.10.mlp.c_fc.blocks.3.weight: k=1, G_{1.0,0.0,384}, lr=0.008, scale=1.0, type=None
  transformer.h.11.attn.c_attn.blocks.0.weight: k=1, G_{1.0,0.0,384}, lr=0.008, scale=1.0, type=None
  transformer.h.11.attn.c_attn.blocks.1.weight: k=1, G_{1.0,0.0,384}, lr=0.008, scale=1.0, type=None
  transformer.h.11.attn.c_attn.blocks.2.weight: k=1, G_{1.0,0.0,384}, lr=0.008, scale=1.0, type=None
  transformer.h.11.mlp.c_fc.blocks.0.weight: k=1, G_{1.0,0.0,384}, lr=0.008, scale=1.0, type=None
  transformer.h.11.mlp.c_fc.blocks.1.weight: k=1, G_{1.0,0.0,384}, lr=0.008, scale=1.0, type=None
  transformer.h.11.mlp.c_fc.blocks.2.weight: k=1, G_{1.0,0.0,384}, lr=0.008, scale=1.0, type=None
  transformer.h.11.mlp.c_fc.blocks.3.weight: k=1, G_{1.0,0.0,384}, lr=0.008, scale=1.0, type=None
  transformer.h.12.attn.c_attn.blocks.0.weight: k=1, G_{1.0,0.0,384}, lr=0.008, scale=1.0, type=None
  transformer.h.12.attn.c_attn.blocks.1.weight: k=1, G_{1.0,0.0,384}, lr=0.008, scale=1.0, type=None
  transformer.h.12.attn.c_attn.blocks.2.weight: k=1, G_{1.0,0.0,384}, lr=0.008, scale=1.0, type=None
  transformer.h.12.mlp.c_fc.blocks.0.weight: k=1, G_{1.0,0.0,384}, lr=0.008, scale=1.0, type=None
  transformer.h.12.mlp.c_fc.blocks.1.weight: k=1, G_{1.0,0.0,384}, lr=0.008, scale=1.0, type=None
  transformer.h.12.mlp.c_fc.blocks.2.weight: k=1, G_{1.0,0.0,384}, lr=0.008, scale=1.0, type=None
  transformer.h.12.mlp.c_fc.blocks.3.weight: k=1, G_{1.0,0.0,384}, lr=0.008, scale=1.0, type=None
  transformer.h.13.attn.c_attn.blocks.0.weight: k=1, G_{1.0,0.0,384}, lr=0.008, scale=1.0, type=None
  transformer.h.13.attn.c_attn.blocks.1.weight: k=1, G_{1.0,0.0,384}, lr=0.008, scale=1.0, type=None
  transformer.h.13.attn.c_attn.blocks.2.weight: k=1, G_{1.0,0.0,384}, lr=0.008, scale=1.0, type=None
  transformer.h.13.mlp.c_fc.blocks.0.weight: k=1, G_{1.0,0.0,384}, lr=0.008, scale=1.0, type=None
  transformer.h.13.mlp.c_fc.blocks.1.weight: k=1, G_{1.0,0.0,384}, lr=0.008, scale=1.0, type=None
  transformer.h.13.mlp.c_fc.blocks.2.weight: k=1, G_{1.0,0.0,384}, lr=0.008, scale=1.0, type=None
  transformer.h.13.mlp.c_fc.blocks.3.weight: k=1, G_{1.0,0.0,384}, lr=0.008, scale=1.0, type=None
  transformer.h.14.attn.c_attn.blocks.0.weight: k=1, G_{1.0,0.0,384}, lr=0.008, scale=1.0, type=None
  transformer.h.14.attn.c_attn.blocks.1.weight: k=1, G_{1.0,0.0,384}, lr=0.008, scale=1.0, type=None
  transformer.h.14.attn.c_attn.blocks.2.weight: k=1, G_{1.0,0.0,384}, lr=0.008, scale=1.0, type=None
  transformer.h.14.mlp.c_fc.blocks.0.weight: k=1, G_{1.0,0.0,384}, lr=0.008, scale=1.0, type=None
  transformer.h.14.mlp.c_fc.blocks.1.weight: k=1, G_{1.0,0.0,384}, lr=0.008, scale=1.0, type=None
  transformer.h.14.mlp.c_fc.blocks.2.weight: k=1, G_{1.0,0.0,384}, lr=0.008, scale=1.0, type=None
  transformer.h.14.mlp.c_fc.blocks.3.weight: k=1, G_{1.0,0.0,384}, lr=0.008, scale=1.0, type=None
  transformer.h.15.attn.c_attn.blocks.0.weight: k=1, G_{1.0,0.0,384}, lr=0.008, scale=1.0, type=None
  transformer.h.15.attn.c_attn.blocks.1.weight: k=1, G_{1.0,0.0,384}, lr=0.008, scale=1.0, type=None
  transformer.h.15.attn.c_attn.blocks.2.weight: k=1, G_{1.0,0.0,384}, lr=0.008, scale=1.0, type=None
  transformer.h.15.mlp.c_fc.blocks.0.weight: k=1, G_{1.0,0.0,384}, lr=0.008, scale=1.0, type=None
  transformer.h.15.mlp.c_fc.blocks.1.weight: k=1, G_{1.0,0.0,384}, lr=0.008, scale=1.0, type=None
  transformer.h.15.mlp.c_fc.blocks.2.weight: k=1, G_{1.0,0.0,384}, lr=0.008, scale=1.0, type=None
  transformer.h.15.mlp.c_fc.blocks.3.weight: k=1, G_{1.0,0.0,384}, lr=0.008, scale=1.0, type=None
  transformer.h.16.attn.c_attn.blocks.0.weight: k=1, G_{1.0,0.0,384}, lr=0.008, scale=1.0, type=None
  transformer.h.16.attn.c_attn.blocks.1.weight: k=1, G_{1.0,0.0,384}, lr=0.008, scale=1.0, type=None
  transformer.h.16.attn.c_attn.blocks.2.weight: k=1, G_{1.0,0.0,384}, lr=0.008, scale=1.0, type=None
  transformer.h.16.mlp.c_fc.blocks.0.weight: k=1, G_{1.0,0.0,384}, lr=0.008, scale=1.0, type=None
  transformer.h.16.mlp.c_fc.blocks.1.weight: k=1, G_{1.0,0.0,384}, lr=0.008, scale=1.0, type=None
  transformer.h.16.mlp.c_fc.blocks.2.weight: k=1, G_{1.0,0.0,384}, lr=0.008, scale=1.0, type=None
  transformer.h.16.mlp.c_fc.blocks.3.weight: k=1, G_{1.0,0.0,384}, lr=0.008, scale=1.0, type=None
  transformer.h.17.attn.c_attn.blocks.0.weight: k=1, G_{1.0,0.0,384}, lr=0.008, scale=1.0, type=None
  transformer.h.17.attn.c_attn.blocks.1.weight: k=1, G_{1.0,0.0,384}, lr=0.008, scale=1.0, type=None
  transformer.h.17.attn.c_attn.blocks.2.weight: k=1, G_{1.0,0.0,384}, lr=0.008, scale=1.0, type=None
  transformer.h.17.mlp.c_fc.blocks.0.weight: k=1, G_{1.0,0.0,384}, lr=0.008, scale=1.0, type=None
  transformer.h.17.mlp.c_fc.blocks.1.weight: k=1, G_{1.0,0.0,384}, lr=0.008, scale=1.0, type=None
  transformer.h.17.mlp.c_fc.blocks.2.weight: k=1, G_{1.0,0.0,384}, lr=0.008, scale=1.0, type=None
  transformer.h.17.mlp.c_fc.blocks.3.weight: k=1, G_{1.0,0.0,384}, lr=0.008, scale=1.0, type=None
  transformer.h.18.attn.c_attn.blocks.0.weight: k=1, G_{1.0,0.0,384}, lr=0.008, scale=1.0, type=None
  transformer.h.18.attn.c_attn.blocks.1.weight: k=1, G_{1.0,0.0,384}, lr=0.008, scale=1.0, type=None
  transformer.h.18.attn.c_attn.blocks.2.weight: k=1, G_{1.0,0.0,384}, lr=0.008, scale=1.0, type=None
  transformer.h.18.mlp.c_fc.blocks.0.weight: k=1, G_{1.0,0.0,384}, lr=0.008, scale=1.0, type=None
  transformer.h.18.mlp.c_fc.blocks.1.weight: k=1, G_{1.0,0.0,384}, lr=0.008, scale=1.0, type=None
  transformer.h.18.mlp.c_fc.blocks.2.weight: k=1, G_{1.0,0.0,384}, lr=0.008, scale=1.0, type=None
  transformer.h.18.mlp.c_fc.blocks.3.weight: k=1, G_{1.0,0.0,384}, lr=0.008, scale=1.0, type=None
  transformer.h.19.attn.c_attn.blocks.0.weight: k=1, G_{1.0,0.0,384}, lr=0.008, scale=1.0, type=None
  transformer.h.19.attn.c_attn.blocks.1.weight: k=1, G_{1.0,0.0,384}, lr=0.008, scale=1.0, type=None
  transformer.h.19.attn.c_attn.blocks.2.weight: k=1, G_{1.0,0.0,384}, lr=0.008, scale=1.0, type=None
  transformer.h.19.mlp.c_fc.blocks.0.weight: k=1, G_{1.0,0.0,384}, lr=0.008, scale=1.0, type=None
  transformer.h.19.mlp.c_fc.blocks.1.weight: k=1, G_{1.0,0.0,384}, lr=0.008, scale=1.0, type=None
  transformer.h.19.mlp.c_fc.blocks.2.weight: k=1, G_{1.0,0.0,384}, lr=0.008, scale=1.0, type=None
  transformer.h.19.mlp.c_fc.blocks.3.weight: k=1, G_{1.0,0.0,384}, lr=0.008, scale=1.0, type=None
  transformer.h.20.attn.c_attn.blocks.0.weight: k=1, G_{1.0,0.0,384}, lr=0.008, scale=1.0, type=None
  transformer.h.20.attn.c_attn.blocks.1.weight: k=1, G_{1.0,0.0,384}, lr=0.008, scale=1.0, type=None
  transformer.h.20.attn.c_attn.blocks.2.weight: k=1, G_{1.0,0.0,384}, lr=0.008, scale=1.0, type=None
  transformer.h.20.mlp.c_fc.blocks.0.weight: k=1, G_{1.0,0.0,384}, lr=0.008, scale=1.0, type=None
  transformer.h.20.mlp.c_fc.blocks.1.weight: k=1, G_{1.0,0.0,384}, lr=0.008, scale=1.0, type=None
  transformer.h.20.mlp.c_fc.blocks.2.weight: k=1, G_{1.0,0.0,384}, lr=0.008, scale=1.0, type=None
  transformer.h.20.mlp.c_fc.blocks.3.weight: k=1, G_{1.0,0.0,384}, lr=0.008, scale=1.0, type=None
  transformer.h.21.attn.c_attn.blocks.0.weight: k=1, G_{1.0,0.0,384}, lr=0.008, scale=1.0, type=None
  transformer.h.21.attn.c_attn.blocks.1.weight: k=1, G_{1.0,0.0,384}, lr=0.008, scale=1.0, type=None
  transformer.h.21.attn.c_attn.blocks.2.weight: k=1, G_{1.0,0.0,384}, lr=0.008, scale=1.0, type=None
  transformer.h.21.mlp.c_fc.blocks.0.weight: k=1, G_{1.0,0.0,384}, lr=0.008, scale=1.0, type=None
  transformer.h.21.mlp.c_fc.blocks.1.weight: k=1, G_{1.0,0.0,384}, lr=0.008, scale=1.0, type=None
  transformer.h.21.mlp.c_fc.blocks.2.weight: k=1, G_{1.0,0.0,384}, lr=0.008, scale=1.0, type=None
  transformer.h.21.mlp.c_fc.blocks.3.weight: k=1, G_{1.0,0.0,384}, lr=0.008, scale=1.0, type=None
  transformer.h.22.attn.c_attn.blocks.0.weight: k=1, G_{1.0,0.0,384}, lr=0.008, scale=1.0, type=None
  transformer.h.22.attn.c_attn.blocks.1.weight: k=1, G_{1.0,0.0,384}, lr=0.008, scale=1.0, type=None
  transformer.h.22.attn.c_attn.blocks.2.weight: k=1, G_{1.0,0.0,384}, lr=0.008, scale=1.0, type=None
  transformer.h.22.mlp.c_fc.blocks.0.weight: k=1, G_{1.0,0.0,384}, lr=0.008, scale=1.0, type=None
  transformer.h.22.mlp.c_fc.blocks.1.weight: k=1, G_{1.0,0.0,384}, lr=0.008, scale=1.0, type=None
  transformer.h.22.mlp.c_fc.blocks.2.weight: k=1, G_{1.0,0.0,384}, lr=0.008, scale=1.0, type=None
  transformer.h.22.mlp.c_fc.blocks.3.weight: k=1, G_{1.0,0.0,384}, lr=0.008, scale=1.0, type=None
  transformer.h.23.attn.c_attn.blocks.0.weight: k=1, G_{1.0,0.0,384}, lr=0.008, scale=1.0, type=None
  transformer.h.23.attn.c_attn.blocks.1.weight: k=1, G_{1.0,0.0,384}, lr=0.008, scale=1.0, type=None
  transformer.h.23.attn.c_attn.blocks.2.weight: k=1, G_{1.0,0.0,384}, lr=0.008, scale=1.0, type=None
  transformer.h.23.mlp.c_fc.blocks.0.weight: k=1, G_{1.0,0.0,384}, lr=0.008, scale=1.0, type=None
  transformer.h.23.mlp.c_fc.blocks.1.weight: k=1, G_{1.0,0.0,384}, lr=0.008, scale=1.0, type=None
  transformer.h.23.mlp.c_fc.blocks.2.weight: k=1, G_{1.0,0.0,384}, lr=0.008, scale=1.0, type=None
  transformer.h.23.mlp.c_fc.blocks.3.weight: k=1, G_{1.0,0.0,384}, lr=0.008, scale=1.0, type=None
  transformer.h.24.attn.c_attn.blocks.0.weight: k=1, G_{1.0,0.0,384}, lr=0.008, scale=1.0, type=None
  transformer.h.24.attn.c_attn.blocks.1.weight: k=1, G_{1.0,0.0,384}, lr=0.008, scale=1.0, type=None
  transformer.h.24.attn.c_attn.blocks.2.weight: k=1, G_{1.0,0.0,384}, lr=0.008, scale=1.0, type=None
  transformer.h.24.mlp.c_fc.blocks.0.weight: k=1, G_{1.0,0.0,384}, lr=0.008, scale=1.0, type=None
  transformer.h.24.mlp.c_fc.blocks.1.weight: k=1, G_{1.0,0.0,384}, lr=0.008, scale=1.0, type=None
  transformer.h.24.mlp.c_fc.blocks.2.weight: k=1, G_{1.0,0.0,384}, lr=0.008, scale=1.0, type=None
  transformer.h.24.mlp.c_fc.blocks.3.weight: k=1, G_{1.0,0.0,384}, lr=0.008, scale=1.0, type=None
  transformer.h.25.attn.c_attn.blocks.0.weight: k=1, G_{1.0,0.0,384}, lr=0.008, scale=1.0, type=None
  transformer.h.25.attn.c_attn.blocks.1.weight: k=1, G_{1.0,0.0,384}, lr=0.008, scale=1.0, type=None
  transformer.h.25.attn.c_attn.blocks.2.weight: k=1, G_{1.0,0.0,384}, lr=0.008, scale=1.0, type=None
  transformer.h.25.mlp.c_fc.blocks.0.weight: k=1, G_{1.0,0.0,384}, lr=0.008, scale=1.0, type=None
  transformer.h.25.mlp.c_fc.blocks.1.weight: k=1, G_{1.0,0.0,384}, lr=0.008, scale=1.0, type=None
  transformer.h.25.mlp.c_fc.blocks.2.weight: k=1, G_{1.0,0.0,384}, lr=0.008, scale=1.0, type=None
  transformer.h.25.mlp.c_fc.blocks.3.weight: k=1, G_{1.0,0.0,384}, lr=0.008, scale=1.0, type=None
  transformer.h.26.attn.c_attn.blocks.0.weight: k=1, G_{1.0,0.0,384}, lr=0.008, scale=1.0, type=None
  transformer.h.26.attn.c_attn.blocks.1.weight: k=1, G_{1.0,0.0,384}, lr=0.008, scale=1.0, type=None
  transformer.h.26.attn.c_attn.blocks.2.weight: k=1, G_{1.0,0.0,384}, lr=0.008, scale=1.0, type=None
  transformer.h.26.mlp.c_fc.blocks.0.weight: k=1, G_{1.0,0.0,384}, lr=0.008, scale=1.0, type=None
  transformer.h.26.mlp.c_fc.blocks.1.weight: k=1, G_{1.0,0.0,384}, lr=0.008, scale=1.0, type=None
  transformer.h.26.mlp.c_fc.blocks.2.weight: k=1, G_{1.0,0.0,384}, lr=0.008, scale=1.0, type=None
  transformer.h.26.mlp.c_fc.blocks.3.weight: k=1, G_{1.0,0.0,384}, lr=0.008, scale=1.0, type=None
  transformer.h.27.attn.c_attn.blocks.0.weight: k=1, G_{1.0,0.0,384}, lr=0.008, scale=1.0, type=None
  transformer.h.27.attn.c_attn.blocks.1.weight: k=1, G_{1.0,0.0,384}, lr=0.008, scale=1.0, type=None
  transformer.h.27.attn.c_attn.blocks.2.weight: k=1, G_{1.0,0.0,384}, lr=0.008, scale=1.0, type=None
  transformer.h.27.mlp.c_fc.blocks.0.weight: k=1, G_{1.0,0.0,384}, lr=0.008, scale=1.0, type=None
  transformer.h.27.mlp.c_fc.blocks.1.weight: k=1, G_{1.0,0.0,384}, lr=0.008, scale=1.0, type=None
  transformer.h.27.mlp.c_fc.blocks.2.weight: k=1, G_{1.0,0.0,384}, lr=0.008, scale=1.0, type=None
  transformer.h.27.mlp.c_fc.blocks.3.weight: k=1, G_{1.0,0.0,384}, lr=0.008, scale=1.0, type=None
  transformer.h.28.attn.c_attn.blocks.0.weight: k=1, G_{1.0,0.0,384}, lr=0.008, scale=1.0, type=None
  transformer.h.28.attn.c_attn.blocks.1.weight: k=1, G_{1.0,0.0,384}, lr=0.008, scale=1.0, type=None
  transformer.h.28.attn.c_attn.blocks.2.weight: k=1, G_{1.0,0.0,384}, lr=0.008, scale=1.0, type=None
  transformer.h.28.mlp.c_fc.blocks.0.weight: k=1, G_{1.0,0.0,384}, lr=0.008, scale=1.0, type=None
  transformer.h.28.mlp.c_fc.blocks.1.weight: k=1, G_{1.0,0.0,384}, lr=0.008, scale=1.0, type=None
  transformer.h.28.mlp.c_fc.blocks.2.weight: k=1, G_{1.0,0.0,384}, lr=0.008, scale=1.0, type=None
  transformer.h.28.mlp.c_fc.blocks.3.weight: k=1, G_{1.0,0.0,384}, lr=0.008, scale=1.0, type=None
  transformer.h.29.attn.c_attn.blocks.0.weight: k=1, G_{1.0,0.0,384}, lr=0.008, scale=1.0, type=None
  transformer.h.29.attn.c_attn.blocks.1.weight: k=1, G_{1.0,0.0,384}, lr=0.008, scale=1.0, type=None
  transformer.h.29.attn.c_attn.blocks.2.weight: k=1, G_{1.0,0.0,384}, lr=0.008, scale=1.0, type=None
  transformer.h.29.mlp.c_fc.blocks.0.weight: k=1, G_{1.0,0.0,384}, lr=0.008, scale=1.0, type=None
  transformer.h.29.mlp.c_fc.blocks.1.weight: k=1, G_{1.0,0.0,384}, lr=0.008, scale=1.0, type=None
  transformer.h.29.mlp.c_fc.blocks.2.weight: k=1, G_{1.0,0.0,384}, lr=0.008, scale=1.0, type=None
  transformer.h.29.mlp.c_fc.blocks.3.weight: k=1, G_{1.0,0.0,384}, lr=0.008, scale=1.0, type=None
  transformer.h.30.attn.c_attn.blocks.0.weight: k=1, G_{1.0,0.0,384}, lr=0.008, scale=1.0, type=None
  transformer.h.30.attn.c_attn.blocks.1.weight: k=1, G_{1.0,0.0,384}, lr=0.008, scale=1.0, type=None
  transformer.h.30.attn.c_attn.blocks.2.weight: k=1, G_{1.0,0.0,384}, lr=0.008, scale=1.0, type=None
  transformer.h.30.mlp.c_fc.blocks.0.weight: k=1, G_{1.0,0.0,384}, lr=0.008, scale=1.0, type=None
  transformer.h.30.mlp.c_fc.blocks.1.weight: k=1, G_{1.0,0.0,384}, lr=0.008, scale=1.0, type=None
  transformer.h.30.mlp.c_fc.blocks.2.weight: k=1, G_{1.0,0.0,384}, lr=0.008, scale=1.0, type=None
  transformer.h.30.mlp.c_fc.blocks.3.weight: k=1, G_{1.0,0.0,384}, lr=0.008, scale=1.0, type=None
  transformer.h.31.attn.c_attn.blocks.0.weight: k=1, G_{1.0,0.0,384}, lr=0.008, scale=1.0, type=None
  transformer.h.31.attn.c_attn.blocks.1.weight: k=1, G_{1.0,0.0,384}, lr=0.008, scale=1.0, type=None
  transformer.h.31.attn.c_attn.blocks.2.weight: k=1, G_{1.0,0.0,384}, lr=0.008, scale=1.0, type=None
  transformer.h.31.mlp.c_fc.blocks.0.weight: k=1, G_{1.0,0.0,384}, lr=0.008, scale=1.0, type=None
  transformer.h.31.mlp.c_fc.blocks.1.weight: k=1, G_{1.0,0.0,384}, lr=0.008, scale=1.0, type=None
  transformer.h.31.mlp.c_fc.blocks.2.weight: k=1, G_{1.0,0.0,384}, lr=0.008, scale=1.0, type=None
  transformer.h.31.mlp.c_fc.blocks.3.weight: k=1, G_{1.0,0.0,384}, lr=0.008, scale=1.0, type=None
  transformer.h.32.attn.c_attn.blocks.0.weight: k=1, G_{1.0,0.0,384}, lr=0.008, scale=1.0, type=None
  transformer.h.32.attn.c_attn.blocks.1.weight: k=1, G_{1.0,0.0,384}, lr=0.008, scale=1.0, type=None
  transformer.h.32.attn.c_attn.blocks.2.weight: k=1, G_{1.0,0.0,384}, lr=0.008, scale=1.0, type=None
  transformer.h.32.mlp.c_fc.blocks.0.weight: k=1, G_{1.0,0.0,384}, lr=0.008, scale=1.0, type=None
  transformer.h.32.mlp.c_fc.blocks.1.weight: k=1, G_{1.0,0.0,384}, lr=0.008, scale=1.0, type=None
  transformer.h.32.mlp.c_fc.blocks.2.weight: k=1, G_{1.0,0.0,384}, lr=0.008, scale=1.0, type=None
  transformer.h.32.mlp.c_fc.blocks.3.weight: k=1, G_{1.0,0.0,384}, lr=0.008, scale=1.0, type=None
  transformer.h.33.attn.c_attn.blocks.0.weight: k=1, G_{1.0,0.0,384}, lr=0.008, scale=1.0, type=None
  transformer.h.33.attn.c_attn.blocks.1.weight: k=1, G_{1.0,0.0,384}, lr=0.008, scale=1.0, type=None
  transformer.h.33.attn.c_attn.blocks.2.weight: k=1, G_{1.0,0.0,384}, lr=0.008, scale=1.0, type=None
  transformer.h.33.mlp.c_fc.blocks.0.weight: k=1, G_{1.0,0.0,384}, lr=0.008, scale=1.0, type=None
  transformer.h.33.mlp.c_fc.blocks.1.weight: k=1, G_{1.0,0.0,384}, lr=0.008, scale=1.0, type=None
  transformer.h.33.mlp.c_fc.blocks.2.weight: k=1, G_{1.0,0.0,384}, lr=0.008, scale=1.0, type=None
  transformer.h.33.mlp.c_fc.blocks.3.weight: k=1, G_{1.0,0.0,384}, lr=0.008, scale=1.0, type=None
  transformer.h.34.attn.c_attn.blocks.0.weight: k=1, G_{1.0,0.0,384}, lr=0.008, scale=1.0, type=None
  transformer.h.34.attn.c_attn.blocks.1.weight: k=1, G_{1.0,0.0,384}, lr=0.008, scale=1.0, type=None
  transformer.h.34.attn.c_attn.blocks.2.weight: k=1, G_{1.0,0.0,384}, lr=0.008, scale=1.0, type=None
  transformer.h.34.mlp.c_fc.blocks.0.weight: k=1, G_{1.0,0.0,384}, lr=0.008, scale=1.0, type=None
  transformer.h.34.mlp.c_fc.blocks.1.weight: k=1, G_{1.0,0.0,384}, lr=0.008, scale=1.0, type=None
  transformer.h.34.mlp.c_fc.blocks.2.weight: k=1, G_{1.0,0.0,384}, lr=0.008, scale=1.0, type=None
  transformer.h.34.mlp.c_fc.blocks.3.weight: k=1, G_{1.0,0.0,384}, lr=0.008, scale=1.0, type=None
  transformer.h.35.attn.c_attn.blocks.0.weight: k=1, G_{1.0,0.0,384}, lr=0.008, scale=1.0, type=None
  transformer.h.35.attn.c_attn.blocks.1.weight: k=1, G_{1.0,0.0,384}, lr=0.008, scale=1.0, type=None
  transformer.h.35.attn.c_attn.blocks.2.weight: k=1, G_{1.0,0.0,384}, lr=0.008, scale=1.0, type=None
  transformer.h.35.mlp.c_fc.blocks.0.weight: k=1, G_{1.0,0.0,384}, lr=0.008, scale=1.0, type=None
  transformer.h.35.mlp.c_fc.blocks.1.weight: k=1, G_{1.0,0.0,384}, lr=0.008, scale=1.0, type=None
  transformer.h.35.mlp.c_fc.blocks.2.weight: k=1, G_{1.0,0.0,384}, lr=0.008, scale=1.0, type=None
  transformer.h.35.mlp.c_fc.blocks.3.weight: k=1, G_{1.0,0.0,384}, lr=0.008, scale=1.0, type=None
using fused AdamW: True

=== Initializing Grassmann Weights (Block Decomposition) ===
Number of weight types to initialize: 252

Initializing attn.c_attn.blocks.0.: k=1, G_{1.0,0.0,384}, type=None
using fused AdamW: True

=== Initializing Grassmann Weights (Block Decomposition) ===
Number of weight types to initialize: 252

Initializing attn.c_attn.blocks.0.: k=1, G_{1.0,0.0,384}, type=None
using fused AdamW: True

=== Initializing Grassmann Weights (Block Decomposition) ===
Number of weight types to initialize: 252

Initializing attn.c_attn.blocks.0.: k=1, G_{1.0,0.0,384}, type=None
  Initialized transformer.h.0.attn.c_attn.blocks.0.weight (1024, 1024) on G_{1.0,0.0,384}
  Initialized transformer.h.1.attn.c_attn.blocks.0.weight (1024, 1024) on G_{1.0,0.0,384}
  Initialized transformer.h.2.attn.c_attn.blocks.0.weight (1024, 1024) on G_{1.0,0.0,384}
  Initialized transformer.h.3.attn.c_attn.blocks.0.weight (1024, 1024) on G_{1.0,0.0,384}
  Initialized transformer.h.4.attn.c_attn.blocks.0.weight (1024, 1024) on G_{1.0,0.0,384}
  Initialized transformer.h.5.attn.c_attn.blocks.0.weight (1024, 1024) on G_{1.0,0.0,384}
  Initialized transformer.h.6.attn.c_attn.blocks.0.weight (1024, 1024) on G_{1.0,0.0,384}
  Initialized transformer.h.7.attn.c_attn.blocks.0.weight (1024, 1024) on G_{1.0,0.0,384}
  Initialized transformer.h.8.attn.c_attn.blocks.0.weight (1024, 1024) on G_{1.0,0.0,384}
  Initialized transformer.h.9.attn.c_attn.blocks.0.weight (1024, 1024) on G_{1.0,0.0,384}
  Initialized transformer.h.10.attn.c_attn.blocks.0.weight (1024, 1024) on G_{1.0,0.0,384}
  Initialized transformer.h.11.attn.c_attn.blocks.0.weight (1024, 1024) on G_{1.0,0.0,384}
  Initialized transformer.h.12.attn.c_attn.blocks.0.weight (1024, 1024) on G_{1.0,0.0,384}
  Initialized transformer.h.0.attn.c_attn.blocks.0.weight (1024, 1024) on G_{1.0,0.0,384}
  Initialized transformer.h.13.attn.c_attn.blocks.0.weight (1024, 1024) on G_{1.0,0.0,384}
  Initialized transformer.h.1.attn.c_attn.blocks.0.weight (1024, 1024) on G_{1.0,0.0,384}
  Initialized transformer.h.0.attn.c_attn.blocks.0.weight (1024, 1024) on G_{1.0,0.0,384}
  Initialized transformer.h.2.attn.c_attn.blocks.0.weight (1024, 1024) on G_{1.0,0.0,384}
  Initialized transformer.h.3.attn.c_attn.blocks.0.weight (1024, 1024) on G_{1.0,0.0,384}
  Initialized transformer.h.1.attn.c_attn.blocks.0.weight (1024, 1024) on G_{1.0,0.0,384}
  Initialized transformer.h.14.attn.c_attn.blocks.0.weight (1024, 1024) on G_{1.0,0.0,384}
  Initialized transformer.h.4.attn.c_attn.blocks.0.weight (1024, 1024) on G_{1.0,0.0,384}
  Initialized transformer.h.2.attn.c_attn.blocks.0.weight (1024, 1024) on G_{1.0,0.0,384}
  Initialized transformer.h.5.attn.c_attn.blocks.0.weight (1024, 1024) on G_{1.0,0.0,384}
  Initialized transformer.h.3.attn.c_attn.blocks.0.weight (1024, 1024) on G_{1.0,0.0,384}
  Initialized transformer.h.4.attn.c_attn.blocks.0.weight (1024, 1024) on G_{1.0,0.0,384}
  Initialized transformer.h.15.attn.c_attn.blocks.0.weight (1024, 1024) on G_{1.0,0.0,384}
  Initialized transformer.h.5.attn.c_attn.blocks.0.weight (1024, 1024) on G_{1.0,0.0,384}
  Initialized transformer.h.6.attn.c_attn.blocks.0.weight (1024, 1024) on G_{1.0,0.0,384}
  Initialized transformer.h.6.attn.c_attn.blocks.0.weight (1024, 1024) on G_{1.0,0.0,384}  Initialized transformer.h.16.attn.c_attn.blocks.0.weight (1024, 1024) on G_{1.0,0.0,384}

  Initialized transformer.h.7.attn.c_attn.blocks.0.weight (1024, 1024) on G_{1.0,0.0,384}
  Initialized transformer.h.17.attn.c_attn.blocks.0.weight (1024, 1024) on G_{1.0,0.0,384}
  Initialized transformer.h.7.attn.c_attn.blocks.0.weight (1024, 1024) on G_{1.0,0.0,384}
  Initialized transformer.h.8.attn.c_attn.blocks.0.weight (1024, 1024) on G_{1.0,0.0,384}
  Initialized transformer.h.18.attn.c_attn.blocks.0.weight (1024, 1024) on G_{1.0,0.0,384}
  Initialized transformer.h.8.attn.c_attn.blocks.0.weight (1024, 1024) on G_{1.0,0.0,384}
  Initialized transformer.h.9.attn.c_attn.blocks.0.weight (1024, 1024) on G_{1.0,0.0,384}
  Initialized transformer.h.19.attn.c_attn.blocks.0.weight (1024, 1024) on G_{1.0,0.0,384}
  Initialized transformer.h.9.attn.c_attn.blocks.0.weight (1024, 1024) on G_{1.0,0.0,384}
  Initialized transformer.h.10.attn.c_attn.blocks.0.weight (1024, 1024) on G_{1.0,0.0,384}
  Initialized transformer.h.20.attn.c_attn.blocks.0.weight (1024, 1024) on G_{1.0,0.0,384}
  Initialized transformer.h.10.attn.c_attn.blocks.0.weight (1024, 1024) on G_{1.0,0.0,384}
  Initialized transformer.h.11.attn.c_attn.blocks.0.weight (1024, 1024) on G_{1.0,0.0,384}
  Initialized transformer.h.21.attn.c_attn.blocks.0.weight (1024, 1024) on G_{1.0,0.0,384}
  Initialized transformer.h.11.attn.c_attn.blocks.0.weight (1024, 1024) on G_{1.0,0.0,384}
  Initialized transformer.h.12.attn.c_attn.blocks.0.weight (1024, 1024) on G_{1.0,0.0,384}
  Initialized transformer.h.22.attn.c_attn.blocks.0.weight (1024, 1024) on G_{1.0,0.0,384}
  Initialized transformer.h.12.attn.c_attn.blocks.0.weight (1024, 1024) on G_{1.0,0.0,384}
  Initialized transformer.h.13.attn.c_attn.blocks.0.weight (1024, 1024) on G_{1.0,0.0,384}
  Initialized transformer.h.23.attn.c_attn.blocks.0.weight (1024, 1024) on G_{1.0,0.0,384}
  Initialized transformer.h.13.attn.c_attn.blocks.0.weight (1024, 1024) on G_{1.0,0.0,384}
  Initialized transformer.h.14.attn.c_attn.blocks.0.weight (1024, 1024) on G_{1.0,0.0,384}
  Initialized transformer.h.24.attn.c_attn.blocks.0.weight (1024, 1024) on G_{1.0,0.0,384}
  Initialized transformer.h.14.attn.c_attn.blocks.0.weight (1024, 1024) on G_{1.0,0.0,384}
  Initialized transformer.h.15.attn.c_attn.blocks.0.weight (1024, 1024) on G_{1.0,0.0,384}
  Initialized transformer.h.25.attn.c_attn.blocks.0.weight (1024, 1024) on G_{1.0,0.0,384}
  Initialized transformer.h.15.attn.c_attn.blocks.0.weight (1024, 1024) on G_{1.0,0.0,384}
  Initialized transformer.h.16.attn.c_attn.blocks.0.weight (1024, 1024) on G_{1.0,0.0,384}
  Initialized transformer.h.26.attn.c_attn.blocks.0.weight (1024, 1024) on G_{1.0,0.0,384}
  Initialized transformer.h.16.attn.c_attn.blocks.0.weight (1024, 1024) on G_{1.0,0.0,384}
  Initialized transformer.h.17.attn.c_attn.blocks.0.weight (1024, 1024) on G_{1.0,0.0,384}
  Initialized transformer.h.27.attn.c_attn.blocks.0.weight (1024, 1024) on G_{1.0,0.0,384}
  Initialized transformer.h.17.attn.c_attn.blocks.0.weight (1024, 1024) on G_{1.0,0.0,384}
  Initialized transformer.h.18.attn.c_attn.blocks.0.weight (1024, 1024) on G_{1.0,0.0,384}
  Initialized transformer.h.28.attn.c_attn.blocks.0.weight (1024, 1024) on G_{1.0,0.0,384}
  Initialized transformer.h.18.attn.c_attn.blocks.0.weight (1024, 1024) on G_{1.0,0.0,384}
  Initialized transformer.h.19.attn.c_attn.blocks.0.weight (1024, 1024) on G_{1.0,0.0,384}
  Initialized transformer.h.29.attn.c_attn.blocks.0.weight (1024, 1024) on G_{1.0,0.0,384}
  Initialized transformer.h.19.attn.c_attn.blocks.0.weight (1024, 1024) on G_{1.0,0.0,384}
  Initialized transformer.h.20.attn.c_attn.blocks.0.weight (1024, 1024) on G_{1.0,0.0,384}
  Initialized transformer.h.30.attn.c_attn.blocks.0.weight (1024, 1024) on G_{1.0,0.0,384}
  Initialized transformer.h.20.attn.c_attn.blocks.0.weight (1024, 1024) on G_{1.0,0.0,384}
  Initialized transformer.h.21.attn.c_attn.blocks.0.weight (1024, 1024) on G_{1.0,0.0,384}
  Initialized transformer.h.31.attn.c_attn.blocks.0.weight (1024, 1024) on G_{1.0,0.0,384}
  Initialized transformer.h.21.attn.c_attn.blocks.0.weight (1024, 1024) on G_{1.0,0.0,384}
  Initialized transformer.h.22.attn.c_attn.blocks.0.weight (1024, 1024) on G_{1.0,0.0,384}
  Initialized transformer.h.32.attn.c_attn.blocks.0.weight (1024, 1024) on G_{1.0,0.0,384}
  Initialized transformer.h.22.attn.c_attn.blocks.0.weight (1024, 1024) on G_{1.0,0.0,384}
  Initialized transformer.h.23.attn.c_attn.blocks.0.weight (1024, 1024) on G_{1.0,0.0,384}
  Initialized transformer.h.33.attn.c_attn.blocks.0.weight (1024, 1024) on G_{1.0,0.0,384}
  Initialized transformer.h.23.attn.c_attn.blocks.0.weight (1024, 1024) on G_{1.0,0.0,384}
  Initialized transformer.h.24.attn.c_attn.blocks.0.weight (1024, 1024) on G_{1.0,0.0,384}
  Initialized transformer.h.34.attn.c_attn.blocks.0.weight (1024, 1024) on G_{1.0,0.0,384}
  Initialized transformer.h.24.attn.c_attn.blocks.0.weight (1024, 1024) on G_{1.0,0.0,384}
  Initialized transformer.h.25.attn.c_attn.blocks.0.weight (1024, 1024) on G_{1.0,0.0,384}
  Initialized transformer.h.35.attn.c_attn.blocks.0.weight (1024, 1024) on G_{1.0,0.0,384}

Initializing attn.c_attn.blocks.1.: k=1, G_{1.0,0.0,384}, type=None
  Initialized transformer.h.25.attn.c_attn.blocks.0.weight (1024, 1024) on G_{1.0,0.0,384}
  Initialized transformer.h.26.attn.c_attn.blocks.0.weight (1024, 1024) on G_{1.0,0.0,384}
  Initialized transformer.h.0.attn.c_attn.blocks.1.weight (1024, 1024) on G_{1.0,0.0,384}
  Initialized transformer.h.26.attn.c_attn.blocks.0.weight (1024, 1024) on G_{1.0,0.0,384}
  Initialized transformer.h.27.attn.c_attn.blocks.0.weight (1024, 1024) on G_{1.0,0.0,384}
  Initialized transformer.h.1.attn.c_attn.blocks.1.weight (1024, 1024) on G_{1.0,0.0,384}
  Initialized transformer.h.27.attn.c_attn.blocks.0.weight (1024, 1024) on G_{1.0,0.0,384}
  Initialized transformer.h.28.attn.c_attn.blocks.0.weight (1024, 1024) on G_{1.0,0.0,384}
  Initialized transformer.h.2.attn.c_attn.blocks.1.weight (1024, 1024) on G_{1.0,0.0,384}
  Initialized transformer.h.29.attn.c_attn.blocks.0.weight (1024, 1024) on G_{1.0,0.0,384}
  Initialized transformer.h.28.attn.c_attn.blocks.0.weight (1024, 1024) on G_{1.0,0.0,384}
  Initialized transformer.h.3.attn.c_attn.blocks.1.weight (1024, 1024) on G_{1.0,0.0,384}
  Initialized transformer.h.30.attn.c_attn.blocks.0.weight (1024, 1024) on G_{1.0,0.0,384}
  Initialized transformer.h.29.attn.c_attn.blocks.0.weight (1024, 1024) on G_{1.0,0.0,384}
  Initialized transformer.h.4.attn.c_attn.blocks.1.weight (1024, 1024) on G_{1.0,0.0,384}
  Initialized transformer.h.31.attn.c_attn.blocks.0.weight (1024, 1024) on G_{1.0,0.0,384}
  Initialized transformer.h.30.attn.c_attn.blocks.0.weight (1024, 1024) on G_{1.0,0.0,384}
  Initialized transformer.h.5.attn.c_attn.blocks.1.weight (1024, 1024) on G_{1.0,0.0,384}
  Initialized transformer.h.32.attn.c_attn.blocks.0.weight (1024, 1024) on G_{1.0,0.0,384}
  Initialized transformer.h.31.attn.c_attn.blocks.0.weight (1024, 1024) on G_{1.0,0.0,384}
  Initialized transformer.h.6.attn.c_attn.blocks.1.weight (1024, 1024) on G_{1.0,0.0,384}
  Initialized transformer.h.33.attn.c_attn.blocks.0.weight (1024, 1024) on G_{1.0,0.0,384}
  Initialized transformer.h.32.attn.c_attn.blocks.0.weight (1024, 1024) on G_{1.0,0.0,384}
  Initialized transformer.h.7.attn.c_attn.blocks.1.weight (1024, 1024) on G_{1.0,0.0,384}
  Initialized transformer.h.34.attn.c_attn.blocks.0.weight (1024, 1024) on G_{1.0,0.0,384}
  Initialized transformer.h.33.attn.c_attn.blocks.0.weight (1024, 1024) on G_{1.0,0.0,384}
  Initialized transformer.h.8.attn.c_attn.blocks.1.weight (1024, 1024) on G_{1.0,0.0,384}
  Initialized transformer.h.35.attn.c_attn.blocks.0.weight (1024, 1024) on G_{1.0,0.0,384}

Initializing attn.c_attn.blocks.1.: k=1, G_{1.0,0.0,384}, type=None
  Initialized transformer.h.34.attn.c_attn.blocks.0.weight (1024, 1024) on G_{1.0,0.0,384}
  Initialized transformer.h.9.attn.c_attn.blocks.1.weight (1024, 1024) on G_{1.0,0.0,384}
  Initialized transformer.h.0.attn.c_attn.blocks.1.weight (1024, 1024) on G_{1.0,0.0,384}
  Initialized transformer.h.35.attn.c_attn.blocks.0.weight (1024, 1024) on G_{1.0,0.0,384}

Initializing attn.c_attn.blocks.1.: k=1, G_{1.0,0.0,384}, type=None
  Initialized transformer.h.10.attn.c_attn.blocks.1.weight (1024, 1024) on G_{1.0,0.0,384}
  Initialized transformer.h.1.attn.c_attn.blocks.1.weight (1024, 1024) on G_{1.0,0.0,384}
  Initialized transformer.h.0.attn.c_attn.blocks.1.weight (1024, 1024) on G_{1.0,0.0,384}
  Initialized transformer.h.11.attn.c_attn.blocks.1.weight (1024, 1024) on G_{1.0,0.0,384}
  Initialized transformer.h.2.attn.c_attn.blocks.1.weight (1024, 1024) on G_{1.0,0.0,384}
  Initialized transformer.h.1.attn.c_attn.blocks.1.weight (1024, 1024) on G_{1.0,0.0,384}
  Initialized transformer.h.12.attn.c_attn.blocks.1.weight (1024, 1024) on G_{1.0,0.0,384}
  Initialized transformer.h.3.attn.c_attn.blocks.1.weight (1024, 1024) on G_{1.0,0.0,384}
  Initialized transformer.h.2.attn.c_attn.blocks.1.weight (1024, 1024) on G_{1.0,0.0,384}
  Initialized transformer.h.13.attn.c_attn.blocks.1.weight (1024, 1024) on G_{1.0,0.0,384}
  Initialized transformer.h.4.attn.c_attn.blocks.1.weight (1024, 1024) on G_{1.0,0.0,384}
  Initialized transformer.h.3.attn.c_attn.blocks.1.weight (1024, 1024) on G_{1.0,0.0,384}
  Initialized transformer.h.14.attn.c_attn.blocks.1.weight (1024, 1024) on G_{1.0,0.0,384}
  Initialized transformer.h.5.attn.c_attn.blocks.1.weight (1024, 1024) on G_{1.0,0.0,384}
  Initialized transformer.h.4.attn.c_attn.blocks.1.weight (1024, 1024) on G_{1.0,0.0,384}
  Initialized transformer.h.15.attn.c_attn.blocks.1.weight (1024, 1024) on G_{1.0,0.0,384}
  Initialized transformer.h.6.attn.c_attn.blocks.1.weight (1024, 1024) on G_{1.0,0.0,384}
  Initialized transformer.h.5.attn.c_attn.blocks.1.weight (1024, 1024) on G_{1.0,0.0,384}
  Initialized transformer.h.16.attn.c_attn.blocks.1.weight (1024, 1024) on G_{1.0,0.0,384}
  Initialized transformer.h.7.attn.c_attn.blocks.1.weight (1024, 1024) on G_{1.0,0.0,384}
  Initialized transformer.h.6.attn.c_attn.blocks.1.weight (1024, 1024) on G_{1.0,0.0,384}
  Initialized transformer.h.17.attn.c_attn.blocks.1.weight (1024, 1024) on G_{1.0,0.0,384}
  Initialized transformer.h.8.attn.c_attn.blocks.1.weight (1024, 1024) on G_{1.0,0.0,384}
  Initialized transformer.h.7.attn.c_attn.blocks.1.weight (1024, 1024) on G_{1.0,0.0,384}
  Initialized transformer.h.18.attn.c_attn.blocks.1.weight (1024, 1024) on G_{1.0,0.0,384}
  Initialized transformer.h.9.attn.c_attn.blocks.1.weight (1024, 1024) on G_{1.0,0.0,384}
  Initialized transformer.h.8.attn.c_attn.blocks.1.weight (1024, 1024) on G_{1.0,0.0,384}
  Initialized transformer.h.19.attn.c_attn.blocks.1.weight (1024, 1024) on G_{1.0,0.0,384}
  Initialized transformer.h.10.attn.c_attn.blocks.1.weight (1024, 1024) on G_{1.0,0.0,384}
  Initialized transformer.h.9.attn.c_attn.blocks.1.weight (1024, 1024) on G_{1.0,0.0,384}
  Initialized transformer.h.20.attn.c_attn.blocks.1.weight (1024, 1024) on G_{1.0,0.0,384}
  Initialized transformer.h.11.attn.c_attn.blocks.1.weight (1024, 1024) on G_{1.0,0.0,384}
  Initialized transformer.h.10.attn.c_attn.blocks.1.weight (1024, 1024) on G_{1.0,0.0,384}
  Initialized transformer.h.21.attn.c_attn.blocks.1.weight (1024, 1024) on G_{1.0,0.0,384}
  Initialized transformer.h.12.attn.c_attn.blocks.1.weight (1024, 1024) on G_{1.0,0.0,384}
  Initialized transformer.h.11.attn.c_attn.blocks.1.weight (1024, 1024) on G_{1.0,0.0,384}
  Initialized transformer.h.22.attn.c_attn.blocks.1.weight (1024, 1024) on G_{1.0,0.0,384}
  Initialized transformer.h.13.attn.c_attn.blocks.1.weight (1024, 1024) on G_{1.0,0.0,384}
  Initialized transformer.h.12.attn.c_attn.blocks.1.weight (1024, 1024) on G_{1.0,0.0,384}
  Initialized transformer.h.23.attn.c_attn.blocks.1.weight (1024, 1024) on G_{1.0,0.0,384}
  Initialized transformer.h.14.attn.c_attn.blocks.1.weight (1024, 1024) on G_{1.0,0.0,384}
  Initialized transformer.h.13.attn.c_attn.blocks.1.weight (1024, 1024) on G_{1.0,0.0,384}
  Initialized transformer.h.24.attn.c_attn.blocks.1.weight (1024, 1024) on G_{1.0,0.0,384}
  Initialized transformer.h.15.attn.c_attn.blocks.1.weight (1024, 1024) on G_{1.0,0.0,384}
  Initialized transformer.h.14.attn.c_attn.blocks.1.weight (1024, 1024) on G_{1.0,0.0,384}
  Initialized transformer.h.25.attn.c_attn.blocks.1.weight (1024, 1024) on G_{1.0,0.0,384}
  Initialized transformer.h.16.attn.c_attn.blocks.1.weight (1024, 1024) on G_{1.0,0.0,384}
  Initialized transformer.h.15.attn.c_attn.blocks.1.weight (1024, 1024) on G_{1.0,0.0,384}
  Initialized transformer.h.26.attn.c_attn.blocks.1.weight (1024, 1024) on G_{1.0,0.0,384}
  Initialized transformer.h.17.attn.c_attn.blocks.1.weight (1024, 1024) on G_{1.0,0.0,384}
  Initialized transformer.h.16.attn.c_attn.blocks.1.weight (1024, 1024) on G_{1.0,0.0,384}
  Initialized transformer.h.27.attn.c_attn.blocks.1.weight (1024, 1024) on G_{1.0,0.0,384}
  Initialized transformer.h.18.attn.c_attn.blocks.1.weight (1024, 1024) on G_{1.0,0.0,384}
  Initialized transformer.h.17.attn.c_attn.blocks.1.weight (1024, 1024) on G_{1.0,0.0,384}
  Initialized transformer.h.28.attn.c_attn.blocks.1.weight (1024, 1024) on G_{1.0,0.0,384}
  Initialized transformer.h.19.attn.c_attn.blocks.1.weight (1024, 1024) on G_{1.0,0.0,384}
  Initialized transformer.h.18.attn.c_attn.blocks.1.weight (1024, 1024) on G_{1.0,0.0,384}
  Initialized transformer.h.29.attn.c_attn.blocks.1.weight (1024, 1024) on G_{1.0,0.0,384}
  Initialized transformer.h.20.attn.c_attn.blocks.1.weight (1024, 1024) on G_{1.0,0.0,384}
  Initialized transformer.h.19.attn.c_attn.blocks.1.weight (1024, 1024) on G_{1.0,0.0,384}
  Initialized transformer.h.30.attn.c_attn.blocks.1.weight (1024, 1024) on G_{1.0,0.0,384}
  Initialized transformer.h.21.attn.c_attn.blocks.1.weight (1024, 1024) on G_{1.0,0.0,384}
  Initialized transformer.h.20.attn.c_attn.blocks.1.weight (1024, 1024) on G_{1.0,0.0,384}
  Initialized transformer.h.31.attn.c_attn.blocks.1.weight (1024, 1024) on G_{1.0,0.0,384}
  Initialized transformer.h.22.attn.c_attn.blocks.1.weight (1024, 1024) on G_{1.0,0.0,384}
  Initialized transformer.h.21.attn.c_attn.blocks.1.weight (1024, 1024) on G_{1.0,0.0,384}
  Initialized transformer.h.32.attn.c_attn.blocks.1.weight (1024, 1024) on G_{1.0,0.0,384}
  Initialized transformer.h.23.attn.c_attn.blocks.1.weight (1024, 1024) on G_{1.0,0.0,384}
  Initialized transformer.h.22.attn.c_attn.blocks.1.weight (1024, 1024) on G_{1.0,0.0,384}
  Initialized transformer.h.33.attn.c_attn.blocks.1.weight (1024, 1024) on G_{1.0,0.0,384}
  Initialized transformer.h.24.attn.c_attn.blocks.1.weight (1024, 1024) on G_{1.0,0.0,384}
  Initialized transformer.h.23.attn.c_attn.blocks.1.weight (1024, 1024) on G_{1.0,0.0,384}
  Initialized transformer.h.34.attn.c_attn.blocks.1.weight (1024, 1024) on G_{1.0,0.0,384}
  Initialized transformer.h.25.attn.c_attn.blocks.1.weight (1024, 1024) on G_{1.0,0.0,384}
  Initialized transformer.h.24.attn.c_attn.blocks.1.weight (1024, 1024) on G_{1.0,0.0,384}
  Initialized transformer.h.35.attn.c_attn.blocks.1.weight (1024, 1024) on G_{1.0,0.0,384}

Initializing attn.c_attn.blocks.2.: k=1, G_{1.0,0.0,384}, type=None
  Initialized transformer.h.26.attn.c_attn.blocks.1.weight (1024, 1024) on G_{1.0,0.0,384}
  Initialized transformer.h.25.attn.c_attn.blocks.1.weight (1024, 1024) on G_{1.0,0.0,384}
  Initialized transformer.h.0.attn.c_attn.blocks.2.weight (1024, 1024) on G_{1.0,0.0,384}
  Initialized transformer.h.27.attn.c_attn.blocks.1.weight (1024, 1024) on G_{1.0,0.0,384}
  Initialized transformer.h.26.attn.c_attn.blocks.1.weight (1024, 1024) on G_{1.0,0.0,384}
  Initialized transformer.h.1.attn.c_attn.blocks.2.weight (1024, 1024) on G_{1.0,0.0,384}
  Initialized transformer.h.28.attn.c_attn.blocks.1.weight (1024, 1024) on G_{1.0,0.0,384}
  Initialized transformer.h.27.attn.c_attn.blocks.1.weight (1024, 1024) on G_{1.0,0.0,384}
  Initialized transformer.h.2.attn.c_attn.blocks.2.weight (1024, 1024) on G_{1.0,0.0,384}
  Initialized transformer.h.29.attn.c_attn.blocks.1.weight (1024, 1024) on G_{1.0,0.0,384}
  Initialized transformer.h.28.attn.c_attn.blocks.1.weight (1024, 1024) on G_{1.0,0.0,384}
  Initialized transformer.h.3.attn.c_attn.blocks.2.weight (1024, 1024) on G_{1.0,0.0,384}
  Initialized transformer.h.30.attn.c_attn.blocks.1.weight (1024, 1024) on G_{1.0,0.0,384}
  Initialized transformer.h.29.attn.c_attn.blocks.1.weight (1024, 1024) on G_{1.0,0.0,384}
  Initialized transformer.h.4.attn.c_attn.blocks.2.weight (1024, 1024) on G_{1.0,0.0,384}
  Initialized transformer.h.31.attn.c_attn.blocks.1.weight (1024, 1024) on G_{1.0,0.0,384}
  Initialized transformer.h.30.attn.c_attn.blocks.1.weight (1024, 1024) on G_{1.0,0.0,384}
  Initialized transformer.h.5.attn.c_attn.blocks.2.weight (1024, 1024) on G_{1.0,0.0,384}
  Initialized transformer.h.32.attn.c_attn.blocks.1.weight (1024, 1024) on G_{1.0,0.0,384}
  Initialized transformer.h.31.attn.c_attn.blocks.1.weight (1024, 1024) on G_{1.0,0.0,384}
  Initialized transformer.h.6.attn.c_attn.blocks.2.weight (1024, 1024) on G_{1.0,0.0,384}
  Initialized transformer.h.33.attn.c_attn.blocks.1.weight (1024, 1024) on G_{1.0,0.0,384}
  Initialized transformer.h.32.attn.c_attn.blocks.1.weight (1024, 1024) on G_{1.0,0.0,384}
  Initialized transformer.h.7.attn.c_attn.blocks.2.weight (1024, 1024) on G_{1.0,0.0,384}
  Initialized transformer.h.34.attn.c_attn.blocks.1.weight (1024, 1024) on G_{1.0,0.0,384}
  Initialized transformer.h.33.attn.c_attn.blocks.1.weight (1024, 1024) on G_{1.0,0.0,384}
  Initialized transformer.h.8.attn.c_attn.blocks.2.weight (1024, 1024) on G_{1.0,0.0,384}
  Initialized transformer.h.35.attn.c_attn.blocks.1.weight (1024, 1024) on G_{1.0,0.0,384}

Initializing attn.c_attn.blocks.2.: k=1, G_{1.0,0.0,384}, type=None
  Initialized transformer.h.34.attn.c_attn.blocks.1.weight (1024, 1024) on G_{1.0,0.0,384}
  Initialized transformer.h.9.attn.c_attn.blocks.2.weight (1024, 1024) on G_{1.0,0.0,384}
  Initialized transformer.h.0.attn.c_attn.blocks.2.weight (1024, 1024) on G_{1.0,0.0,384}
  Initialized transformer.h.35.attn.c_attn.blocks.1.weight (1024, 1024) on G_{1.0,0.0,384}

Initializing attn.c_attn.blocks.2.: k=1, G_{1.0,0.0,384}, type=None
  Initialized transformer.h.10.attn.c_attn.blocks.2.weight (1024, 1024) on G_{1.0,0.0,384}
  Initialized transformer.h.1.attn.c_attn.blocks.2.weight (1024, 1024) on G_{1.0,0.0,384}
  Initialized transformer.h.0.attn.c_attn.blocks.2.weight (1024, 1024) on G_{1.0,0.0,384}
  Initialized transformer.h.11.attn.c_attn.blocks.2.weight (1024, 1024) on G_{1.0,0.0,384}
  Initialized transformer.h.2.attn.c_attn.blocks.2.weight (1024, 1024) on G_{1.0,0.0,384}
  Initialized transformer.h.1.attn.c_attn.blocks.2.weight (1024, 1024) on G_{1.0,0.0,384}
  Initialized transformer.h.12.attn.c_attn.blocks.2.weight (1024, 1024) on G_{1.0,0.0,384}
  Initialized transformer.h.3.attn.c_attn.blocks.2.weight (1024, 1024) on G_{1.0,0.0,384}
  Initialized transformer.h.2.attn.c_attn.blocks.2.weight (1024, 1024) on G_{1.0,0.0,384}
  Initialized transformer.h.13.attn.c_attn.blocks.2.weight (1024, 1024) on G_{1.0,0.0,384}
  Initialized transformer.h.4.attn.c_attn.blocks.2.weight (1024, 1024) on G_{1.0,0.0,384}
  Initialized transformer.h.3.attn.c_attn.blocks.2.weight (1024, 1024) on G_{1.0,0.0,384}
  Initialized transformer.h.14.attn.c_attn.blocks.2.weight (1024, 1024) on G_{1.0,0.0,384}
  Initialized transformer.h.5.attn.c_attn.blocks.2.weight (1024, 1024) on G_{1.0,0.0,384}
  Initialized transformer.h.4.attn.c_attn.blocks.2.weight (1024, 1024) on G_{1.0,0.0,384}
  Initialized transformer.h.15.attn.c_attn.blocks.2.weight (1024, 1024) on G_{1.0,0.0,384}
  Initialized transformer.h.6.attn.c_attn.blocks.2.weight (1024, 1024) on G_{1.0,0.0,384}
  Initialized transformer.h.5.attn.c_attn.blocks.2.weight (1024, 1024) on G_{1.0,0.0,384}
  Initialized transformer.h.16.attn.c_attn.blocks.2.weight (1024, 1024) on G_{1.0,0.0,384}
  Initialized transformer.h.7.attn.c_attn.blocks.2.weight (1024, 1024) on G_{1.0,0.0,384}
  Initialized transformer.h.6.attn.c_attn.blocks.2.weight (1024, 1024) on G_{1.0,0.0,384}
  Initialized transformer.h.17.attn.c_attn.blocks.2.weight (1024, 1024) on G_{1.0,0.0,384}
  Initialized transformer.h.8.attn.c_attn.blocks.2.weight (1024, 1024) on G_{1.0,0.0,384}
  Initialized transformer.h.7.attn.c_attn.blocks.2.weight (1024, 1024) on G_{1.0,0.0,384}
  Initialized transformer.h.18.attn.c_attn.blocks.2.weight (1024, 1024) on G_{1.0,0.0,384}
  Initialized transformer.h.9.attn.c_attn.blocks.2.weight (1024, 1024) on G_{1.0,0.0,384}
  Initialized transformer.h.8.attn.c_attn.blocks.2.weight (1024, 1024) on G_{1.0,0.0,384}
  Initialized transformer.h.19.attn.c_attn.blocks.2.weight (1024, 1024) on G_{1.0,0.0,384}
  Initialized transformer.h.10.attn.c_attn.blocks.2.weight (1024, 1024) on G_{1.0,0.0,384}
  Initialized transformer.h.9.attn.c_attn.blocks.2.weight (1024, 1024) on G_{1.0,0.0,384}
  Initialized transformer.h.20.attn.c_attn.blocks.2.weight (1024, 1024) on G_{1.0,0.0,384}
  Initialized transformer.h.11.attn.c_attn.blocks.2.weight (1024, 1024) on G_{1.0,0.0,384}
  Initialized transformer.h.10.attn.c_attn.blocks.2.weight (1024, 1024) on G_{1.0,0.0,384}
  Initialized transformer.h.21.attn.c_attn.blocks.2.weight (1024, 1024) on G_{1.0,0.0,384}
  Initialized transformer.h.12.attn.c_attn.blocks.2.weight (1024, 1024) on G_{1.0,0.0,384}
  Initialized transformer.h.11.attn.c_attn.blocks.2.weight (1024, 1024) on G_{1.0,0.0,384}
  Initialized transformer.h.22.attn.c_attn.blocks.2.weight (1024, 1024) on G_{1.0,0.0,384}
  Initialized transformer.h.13.attn.c_attn.blocks.2.weight (1024, 1024) on G_{1.0,0.0,384}
  Initialized transformer.h.12.attn.c_attn.blocks.2.weight (1024, 1024) on G_{1.0,0.0,384}
  Initialized transformer.h.23.attn.c_attn.blocks.2.weight (1024, 1024) on G_{1.0,0.0,384}
  Initialized transformer.h.14.attn.c_attn.blocks.2.weight (1024, 1024) on G_{1.0,0.0,384}
  Initialized transformer.h.13.attn.c_attn.blocks.2.weight (1024, 1024) on G_{1.0,0.0,384}
  Initialized transformer.h.24.attn.c_attn.blocks.2.weight (1024, 1024) on G_{1.0,0.0,384}
  Initialized transformer.h.15.attn.c_attn.blocks.2.weight (1024, 1024) on G_{1.0,0.0,384}
  Initialized transformer.h.14.attn.c_attn.blocks.2.weight (1024, 1024) on G_{1.0,0.0,384}
  Initialized transformer.h.25.attn.c_attn.blocks.2.weight (1024, 1024) on G_{1.0,0.0,384}
  Initialized transformer.h.16.attn.c_attn.blocks.2.weight (1024, 1024) on G_{1.0,0.0,384}
  Initialized transformer.h.15.attn.c_attn.blocks.2.weight (1024, 1024) on G_{1.0,0.0,384}
  Initialized transformer.h.26.attn.c_attn.blocks.2.weight (1024, 1024) on G_{1.0,0.0,384}
  Initialized transformer.h.17.attn.c_attn.blocks.2.weight (1024, 1024) on G_{1.0,0.0,384}
  Initialized transformer.h.16.attn.c_attn.blocks.2.weight (1024, 1024) on G_{1.0,0.0,384}
  Initialized transformer.h.27.attn.c_attn.blocks.2.weight (1024, 1024) on G_{1.0,0.0,384}
  Initialized transformer.h.18.attn.c_attn.blocks.2.weight (1024, 1024) on G_{1.0,0.0,384}
  Initialized transformer.h.17.attn.c_attn.blocks.2.weight (1024, 1024) on G_{1.0,0.0,384}
  Initialized transformer.h.28.attn.c_attn.blocks.2.weight (1024, 1024) on G_{1.0,0.0,384}
  Initialized transformer.h.19.attn.c_attn.blocks.2.weight (1024, 1024) on G_{1.0,0.0,384}
  Initialized transformer.h.18.attn.c_attn.blocks.2.weight (1024, 1024) on G_{1.0,0.0,384}
  Initialized transformer.h.29.attn.c_attn.blocks.2.weight (1024, 1024) on G_{1.0,0.0,384}
  Initialized transformer.h.20.attn.c_attn.blocks.2.weight (1024, 1024) on G_{1.0,0.0,384}
  Initialized transformer.h.19.attn.c_attn.blocks.2.weight (1024, 1024) on G_{1.0,0.0,384}
  Initialized transformer.h.30.attn.c_attn.blocks.2.weight (1024, 1024) on G_{1.0,0.0,384}
  Initialized transformer.h.21.attn.c_attn.blocks.2.weight (1024, 1024) on G_{1.0,0.0,384}
  Initialized transformer.h.20.attn.c_attn.blocks.2.weight (1024, 1024) on G_{1.0,0.0,384}
  Initialized transformer.h.31.attn.c_attn.blocks.2.weight (1024, 1024) on G_{1.0,0.0,384}
  Initialized transformer.h.22.attn.c_attn.blocks.2.weight (1024, 1024) on G_{1.0,0.0,384}
  Initialized transformer.h.21.attn.c_attn.blocks.2.weight (1024, 1024) on G_{1.0,0.0,384}
  Initialized transformer.h.32.attn.c_attn.blocks.2.weight (1024, 1024) on G_{1.0,0.0,384}
  Initialized transformer.h.23.attn.c_attn.blocks.2.weight (1024, 1024) on G_{1.0,0.0,384}
  Initialized transformer.h.22.attn.c_attn.blocks.2.weight (1024, 1024) on G_{1.0,0.0,384}
  Initialized transformer.h.33.attn.c_attn.blocks.2.weight (1024, 1024) on G_{1.0,0.0,384}
  Initialized transformer.h.24.attn.c_attn.blocks.2.weight (1024, 1024) on G_{1.0,0.0,384}
  Initialized transformer.h.23.attn.c_attn.blocks.2.weight (1024, 1024) on G_{1.0,0.0,384}
  Initialized transformer.h.34.attn.c_attn.blocks.2.weight (1024, 1024) on G_{1.0,0.0,384}
  Initialized transformer.h.25.attn.c_attn.blocks.2.weight (1024, 1024) on G_{1.0,0.0,384}
  Initialized transformer.h.24.attn.c_attn.blocks.2.weight (1024, 1024) on G_{1.0,0.0,384}
  Initialized transformer.h.35.attn.c_attn.blocks.2.weight (1024, 1024) on G_{1.0,0.0,384}

Initializing mlp.c_fc.blocks.0.: k=1, G_{1.0,0.0,384}, type=None
  Initialized transformer.h.26.attn.c_attn.blocks.2.weight (1024, 1024) on G_{1.0,0.0,384}
  Initialized transformer.h.25.attn.c_attn.blocks.2.weight (1024, 1024) on G_{1.0,0.0,384}
  Initialized transformer.h.0.mlp.c_fc.blocks.0.weight (1024, 1024) on G_{1.0,0.0,384}
  Initialized transformer.h.27.attn.c_attn.blocks.2.weight (1024, 1024) on G_{1.0,0.0,384}
  Initialized transformer.h.26.attn.c_attn.blocks.2.weight (1024, 1024) on G_{1.0,0.0,384}
  Initialized transformer.h.1.mlp.c_fc.blocks.0.weight (1024, 1024) on G_{1.0,0.0,384}
  Initialized transformer.h.28.attn.c_attn.blocks.2.weight (1024, 1024) on G_{1.0,0.0,384}
  Initialized transformer.h.27.attn.c_attn.blocks.2.weight (1024, 1024) on G_{1.0,0.0,384}
  Initialized transformer.h.2.mlp.c_fc.blocks.0.weight (1024, 1024) on G_{1.0,0.0,384}
  Initialized transformer.h.29.attn.c_attn.blocks.2.weight (1024, 1024) on G_{1.0,0.0,384}
  Initialized transformer.h.28.attn.c_attn.blocks.2.weight (1024, 1024) on G_{1.0,0.0,384}
  Initialized transformer.h.3.mlp.c_fc.blocks.0.weight (1024, 1024) on G_{1.0,0.0,384}
  Initialized transformer.h.30.attn.c_attn.blocks.2.weight (1024, 1024) on G_{1.0,0.0,384}
  Initialized transformer.h.29.attn.c_attn.blocks.2.weight (1024, 1024) on G_{1.0,0.0,384}
  Initialized transformer.h.4.mlp.c_fc.blocks.0.weight (1024, 1024) on G_{1.0,0.0,384}
  Initialized transformer.h.31.attn.c_attn.blocks.2.weight (1024, 1024) on G_{1.0,0.0,384}
  Initialized transformer.h.30.attn.c_attn.blocks.2.weight (1024, 1024) on G_{1.0,0.0,384}
  Initialized transformer.h.5.mlp.c_fc.blocks.0.weight (1024, 1024) on G_{1.0,0.0,384}
  Initialized transformer.h.32.attn.c_attn.blocks.2.weight (1024, 1024) on G_{1.0,0.0,384}
  Initialized transformer.h.31.attn.c_attn.blocks.2.weight (1024, 1024) on G_{1.0,0.0,384}
  Initialized transformer.h.6.mlp.c_fc.blocks.0.weight (1024, 1024) on G_{1.0,0.0,384}
  Initialized transformer.h.33.attn.c_attn.blocks.2.weight (1024, 1024) on G_{1.0,0.0,384}
  Initialized transformer.h.32.attn.c_attn.blocks.2.weight (1024, 1024) on G_{1.0,0.0,384}
  Initialized transformer.h.7.mlp.c_fc.blocks.0.weight (1024, 1024) on G_{1.0,0.0,384}
  Initialized transformer.h.34.attn.c_attn.blocks.2.weight (1024, 1024) on G_{1.0,0.0,384}
  Initialized transformer.h.33.attn.c_attn.blocks.2.weight (1024, 1024) on G_{1.0,0.0,384}
  Initialized transformer.h.8.mlp.c_fc.blocks.0.weight (1024, 1024) on G_{1.0,0.0,384}
  Initialized transformer.h.35.attn.c_attn.blocks.2.weight (1024, 1024) on G_{1.0,0.0,384}

Initializing mlp.c_fc.blocks.0.: k=1, G_{1.0,0.0,384}, type=None
  Initialized transformer.h.34.attn.c_attn.blocks.2.weight (1024, 1024) on G_{1.0,0.0,384}
  Initialized transformer.h.9.mlp.c_fc.blocks.0.weight (1024, 1024) on G_{1.0,0.0,384}
  Initialized transformer.h.0.mlp.c_fc.blocks.0.weight (1024, 1024) on G_{1.0,0.0,384}
  Initialized transformer.h.35.attn.c_attn.blocks.2.weight (1024, 1024) on G_{1.0,0.0,384}

Initializing mlp.c_fc.blocks.0.: k=1, G_{1.0,0.0,384}, type=None
  Initialized transformer.h.10.mlp.c_fc.blocks.0.weight (1024, 1024) on G_{1.0,0.0,384}
  Initialized transformer.h.1.mlp.c_fc.blocks.0.weight (1024, 1024) on G_{1.0,0.0,384}
  Initialized transformer.h.0.mlp.c_fc.blocks.0.weight (1024, 1024) on G_{1.0,0.0,384}
  Initialized transformer.h.11.mlp.c_fc.blocks.0.weight (1024, 1024) on G_{1.0,0.0,384}
  Initialized transformer.h.2.mlp.c_fc.blocks.0.weight (1024, 1024) on G_{1.0,0.0,384}
  Initialized transformer.h.1.mlp.c_fc.blocks.0.weight (1024, 1024) on G_{1.0,0.0,384}
  Initialized transformer.h.12.mlp.c_fc.blocks.0.weight (1024, 1024) on G_{1.0,0.0,384}
  Initialized transformer.h.3.mlp.c_fc.blocks.0.weight (1024, 1024) on G_{1.0,0.0,384}
  Initialized transformer.h.2.mlp.c_fc.blocks.0.weight (1024, 1024) on G_{1.0,0.0,384}
  Initialized transformer.h.13.mlp.c_fc.blocks.0.weight (1024, 1024) on G_{1.0,0.0,384}
  Initialized transformer.h.4.mlp.c_fc.blocks.0.weight (1024, 1024) on G_{1.0,0.0,384}
  Initialized transformer.h.3.mlp.c_fc.blocks.0.weight (1024, 1024) on G_{1.0,0.0,384}
  Initialized transformer.h.14.mlp.c_fc.blocks.0.weight (1024, 1024) on G_{1.0,0.0,384}
  Initialized transformer.h.5.mlp.c_fc.blocks.0.weight (1024, 1024) on G_{1.0,0.0,384}
  Initialized transformer.h.4.mlp.c_fc.blocks.0.weight (1024, 1024) on G_{1.0,0.0,384}
  Initialized transformer.h.15.mlp.c_fc.blocks.0.weight (1024, 1024) on G_{1.0,0.0,384}
  Initialized transformer.h.6.mlp.c_fc.blocks.0.weight (1024, 1024) on G_{1.0,0.0,384}
  Initialized transformer.h.5.mlp.c_fc.blocks.0.weight (1024, 1024) on G_{1.0,0.0,384}
  Initialized transformer.h.16.mlp.c_fc.blocks.0.weight (1024, 1024) on G_{1.0,0.0,384}
  Initialized transformer.h.7.mlp.c_fc.blocks.0.weight (1024, 1024) on G_{1.0,0.0,384}
  Initialized transformer.h.6.mlp.c_fc.blocks.0.weight (1024, 1024) on G_{1.0,0.0,384}
  Initialized transformer.h.17.mlp.c_fc.blocks.0.weight (1024, 1024) on G_{1.0,0.0,384}
  Initialized transformer.h.8.mlp.c_fc.blocks.0.weight (1024, 1024) on G_{1.0,0.0,384}
  Initialized transformer.h.7.mlp.c_fc.blocks.0.weight (1024, 1024) on G_{1.0,0.0,384}
  Initialized transformer.h.18.mlp.c_fc.blocks.0.weight (1024, 1024) on G_{1.0,0.0,384}
  Initialized transformer.h.9.mlp.c_fc.blocks.0.weight (1024, 1024) on G_{1.0,0.0,384}
  Initialized transformer.h.8.mlp.c_fc.blocks.0.weight (1024, 1024) on G_{1.0,0.0,384}
  Initialized transformer.h.19.mlp.c_fc.blocks.0.weight (1024, 1024) on G_{1.0,0.0,384}
  Initialized transformer.h.10.mlp.c_fc.blocks.0.weight (1024, 1024) on G_{1.0,0.0,384}
  Initialized transformer.h.9.mlp.c_fc.blocks.0.weight (1024, 1024) on G_{1.0,0.0,384}
  Initialized transformer.h.20.mlp.c_fc.blocks.0.weight (1024, 1024) on G_{1.0,0.0,384}
  Initialized transformer.h.11.mlp.c_fc.blocks.0.weight (1024, 1024) on G_{1.0,0.0,384}
  Initialized transformer.h.10.mlp.c_fc.blocks.0.weight (1024, 1024) on G_{1.0,0.0,384}
  Initialized transformer.h.21.mlp.c_fc.blocks.0.weight (1024, 1024) on G_{1.0,0.0,384}
  Initialized transformer.h.12.mlp.c_fc.blocks.0.weight (1024, 1024) on G_{1.0,0.0,384}
  Initialized transformer.h.11.mlp.c_fc.blocks.0.weight (1024, 1024) on G_{1.0,0.0,384}
  Initialized transformer.h.22.mlp.c_fc.blocks.0.weight (1024, 1024) on G_{1.0,0.0,384}
  Initialized transformer.h.13.mlp.c_fc.blocks.0.weight (1024, 1024) on G_{1.0,0.0,384}
  Initialized transformer.h.12.mlp.c_fc.blocks.0.weight (1024, 1024) on G_{1.0,0.0,384}
  Initialized transformer.h.23.mlp.c_fc.blocks.0.weight (1024, 1024) on G_{1.0,0.0,384}
  Initialized transformer.h.14.mlp.c_fc.blocks.0.weight (1024, 1024) on G_{1.0,0.0,384}
  Initialized transformer.h.13.mlp.c_fc.blocks.0.weight (1024, 1024) on G_{1.0,0.0,384}
  Initialized transformer.h.24.mlp.c_fc.blocks.0.weight (1024, 1024) on G_{1.0,0.0,384}
  Initialized transformer.h.15.mlp.c_fc.blocks.0.weight (1024, 1024) on G_{1.0,0.0,384}
  Initialized transformer.h.14.mlp.c_fc.blocks.0.weight (1024, 1024) on G_{1.0,0.0,384}
  Initialized transformer.h.16.mlp.c_fc.blocks.0.weight (1024, 1024) on G_{1.0,0.0,384}
  Initialized transformer.h.25.mlp.c_fc.blocks.0.weight (1024, 1024) on G_{1.0,0.0,384}
  Initialized transformer.h.15.mlp.c_fc.blocks.0.weight (1024, 1024) on G_{1.0,0.0,384}
  Initialized transformer.h.17.mlp.c_fc.blocks.0.weight (1024, 1024) on G_{1.0,0.0,384}
  Initialized transformer.h.26.mlp.c_fc.blocks.0.weight (1024, 1024) on G_{1.0,0.0,384}
  Initialized transformer.h.16.mlp.c_fc.blocks.0.weight (1024, 1024) on G_{1.0,0.0,384}
  Initialized transformer.h.18.mlp.c_fc.blocks.0.weight (1024, 1024) on G_{1.0,0.0,384}
  Initialized transformer.h.27.mlp.c_fc.blocks.0.weight (1024, 1024) on G_{1.0,0.0,384}
  Initialized transformer.h.17.mlp.c_fc.blocks.0.weight (1024, 1024) on G_{1.0,0.0,384}
  Initialized transformer.h.19.mlp.c_fc.blocks.0.weight (1024, 1024) on G_{1.0,0.0,384}
  Initialized transformer.h.28.mlp.c_fc.blocks.0.weight (1024, 1024) on G_{1.0,0.0,384}
  Initialized transformer.h.18.mlp.c_fc.blocks.0.weight (1024, 1024) on G_{1.0,0.0,384}
  Initialized transformer.h.20.mlp.c_fc.blocks.0.weight (1024, 1024) on G_{1.0,0.0,384}
  Initialized transformer.h.29.mlp.c_fc.blocks.0.weight (1024, 1024) on G_{1.0,0.0,384}
  Initialized transformer.h.19.mlp.c_fc.blocks.0.weight (1024, 1024) on G_{1.0,0.0,384}
  Initialized transformer.h.21.mlp.c_fc.blocks.0.weight (1024, 1024) on G_{1.0,0.0,384}
  Initialized transformer.h.30.mlp.c_fc.blocks.0.weight (1024, 1024) on G_{1.0,0.0,384}
  Initialized transformer.h.20.mlp.c_fc.blocks.0.weight (1024, 1024) on G_{1.0,0.0,384}
  Initialized transformer.h.22.mlp.c_fc.blocks.0.weight (1024, 1024) on G_{1.0,0.0,384}
  Initialized transformer.h.31.mlp.c_fc.blocks.0.weight (1024, 1024) on G_{1.0,0.0,384}
  Initialized transformer.h.23.mlp.c_fc.blocks.0.weight (1024, 1024) on G_{1.0,0.0,384}
  Initialized transformer.h.21.mlp.c_fc.blocks.0.weight (1024, 1024) on G_{1.0,0.0,384}
  Initialized transformer.h.32.mlp.c_fc.blocks.0.weight (1024, 1024) on G_{1.0,0.0,384}
  Initialized transformer.h.24.mlp.c_fc.blocks.0.weight (1024, 1024) on G_{1.0,0.0,384}
  Initialized transformer.h.22.mlp.c_fc.blocks.0.weight (1024, 1024) on G_{1.0,0.0,384}
  Initialized transformer.h.33.mlp.c_fc.blocks.0.weight (1024, 1024) on G_{1.0,0.0,384}
  Initialized transformer.h.25.mlp.c_fc.blocks.0.weight (1024, 1024) on G_{1.0,0.0,384}
  Initialized transformer.h.23.mlp.c_fc.blocks.0.weight (1024, 1024) on G_{1.0,0.0,384}
  Initialized transformer.h.34.mlp.c_fc.blocks.0.weight (1024, 1024) on G_{1.0,0.0,384}
  Initialized transformer.h.26.mlp.c_fc.blocks.0.weight (1024, 1024) on G_{1.0,0.0,384}
  Initialized transformer.h.24.mlp.c_fc.blocks.0.weight (1024, 1024) on G_{1.0,0.0,384}
  Initialized transformer.h.35.mlp.c_fc.blocks.0.weight (1024, 1024) on G_{1.0,0.0,384}

Initializing mlp.c_fc.blocks.1.: k=1, G_{1.0,0.0,384}, type=None
  Initialized transformer.h.27.mlp.c_fc.blocks.0.weight (1024, 1024) on G_{1.0,0.0,384}
  Initialized transformer.h.0.mlp.c_fc.blocks.1.weight (1024, 1024) on G_{1.0,0.0,384}
  Initialized transformer.h.25.mlp.c_fc.blocks.0.weight (1024, 1024) on G_{1.0,0.0,384}
  Initialized transformer.h.1.mlp.c_fc.blocks.1.weight (1024, 1024) on G_{1.0,0.0,384}
  Initialized transformer.h.26.mlp.c_fc.blocks.0.weight (1024, 1024) on G_{1.0,0.0,384}
  Initialized transformer.h.28.mlp.c_fc.blocks.0.weight (1024, 1024) on G_{1.0,0.0,384}
  Initialized transformer.h.29.mlp.c_fc.blocks.0.weight (1024, 1024) on G_{1.0,0.0,384}
  Initialized transformer.h.2.mlp.c_fc.blocks.1.weight (1024, 1024) on G_{1.0,0.0,384}
  Initialized transformer.h.27.mlp.c_fc.blocks.0.weight (1024, 1024) on G_{1.0,0.0,384}
  Initialized transformer.h.30.mlp.c_fc.blocks.0.weight (1024, 1024) on G_{1.0,0.0,384}
  Initialized transformer.h.3.mlp.c_fc.blocks.1.weight (1024, 1024) on G_{1.0,0.0,384}
  Initialized transformer.h.28.mlp.c_fc.blocks.0.weight (1024, 1024) on G_{1.0,0.0,384}
  Initialized transformer.h.31.mlp.c_fc.blocks.0.weight (1024, 1024) on G_{1.0,0.0,384}
  Initialized transformer.h.4.mlp.c_fc.blocks.1.weight (1024, 1024) on G_{1.0,0.0,384}
  Initialized transformer.h.29.mlp.c_fc.blocks.0.weight (1024, 1024) on G_{1.0,0.0,384}
  Initialized transformer.h.32.mlp.c_fc.blocks.0.weight (1024, 1024) on G_{1.0,0.0,384}
  Initialized transformer.h.5.mlp.c_fc.blocks.1.weight (1024, 1024) on G_{1.0,0.0,384}
  Initialized transformer.h.30.mlp.c_fc.blocks.0.weight (1024, 1024) on G_{1.0,0.0,384}
  Initialized transformer.h.33.mlp.c_fc.blocks.0.weight (1024, 1024) on G_{1.0,0.0,384}
  Initialized transformer.h.6.mlp.c_fc.blocks.1.weight (1024, 1024) on G_{1.0,0.0,384}
  Initialized transformer.h.31.mlp.c_fc.blocks.0.weight (1024, 1024) on G_{1.0,0.0,384}
  Initialized transformer.h.34.mlp.c_fc.blocks.0.weight (1024, 1024) on G_{1.0,0.0,384}
  Initialized transformer.h.7.mlp.c_fc.blocks.1.weight (1024, 1024) on G_{1.0,0.0,384}
  Initialized transformer.h.32.mlp.c_fc.blocks.0.weight (1024, 1024) on G_{1.0,0.0,384}
  Initialized transformer.h.35.mlp.c_fc.blocks.0.weight (1024, 1024) on G_{1.0,0.0,384}

Initializing mlp.c_fc.blocks.1.: k=1, G_{1.0,0.0,384}, type=None
  Initialized transformer.h.8.mlp.c_fc.blocks.1.weight (1024, 1024) on G_{1.0,0.0,384}
  Initialized transformer.h.33.mlp.c_fc.blocks.0.weight (1024, 1024) on G_{1.0,0.0,384}
  Initialized transformer.h.0.mlp.c_fc.blocks.1.weight (1024, 1024) on G_{1.0,0.0,384}
  Initialized transformer.h.9.mlp.c_fc.blocks.1.weight (1024, 1024) on G_{1.0,0.0,384}
  Initialized transformer.h.34.mlp.c_fc.blocks.0.weight (1024, 1024) on G_{1.0,0.0,384}
  Initialized transformer.h.1.mlp.c_fc.blocks.1.weight (1024, 1024) on G_{1.0,0.0,384}
  Initialized transformer.h.10.mlp.c_fc.blocks.1.weight (1024, 1024) on G_{1.0,0.0,384}
  Initialized transformer.h.35.mlp.c_fc.blocks.0.weight (1024, 1024) on G_{1.0,0.0,384}

Initializing mlp.c_fc.blocks.1.: k=1, G_{1.0,0.0,384}, type=None
  Initialized transformer.h.2.mlp.c_fc.blocks.1.weight (1024, 1024) on G_{1.0,0.0,384}
  Initialized transformer.h.11.mlp.c_fc.blocks.1.weight (1024, 1024) on G_{1.0,0.0,384}
  Initialized transformer.h.0.mlp.c_fc.blocks.1.weight (1024, 1024) on G_{1.0,0.0,384}
  Initialized transformer.h.3.mlp.c_fc.blocks.1.weight (1024, 1024) on G_{1.0,0.0,384}
  Initialized transformer.h.12.mlp.c_fc.blocks.1.weight (1024, 1024) on G_{1.0,0.0,384}
  Initialized transformer.h.1.mlp.c_fc.blocks.1.weight (1024, 1024) on G_{1.0,0.0,384}
  Initialized transformer.h.4.mlp.c_fc.blocks.1.weight (1024, 1024) on G_{1.0,0.0,384}
  Initialized transformer.h.13.mlp.c_fc.blocks.1.weight (1024, 1024) on G_{1.0,0.0,384}
  Initialized transformer.h.2.mlp.c_fc.blocks.1.weight (1024, 1024) on G_{1.0,0.0,384}
  Initialized transformer.h.5.mlp.c_fc.blocks.1.weight (1024, 1024) on G_{1.0,0.0,384}
  Initialized transformer.h.14.mlp.c_fc.blocks.1.weight (1024, 1024) on G_{1.0,0.0,384}
  Initialized transformer.h.3.mlp.c_fc.blocks.1.weight (1024, 1024) on G_{1.0,0.0,384}
  Initialized transformer.h.6.mlp.c_fc.blocks.1.weight (1024, 1024) on G_{1.0,0.0,384}
  Initialized transformer.h.15.mlp.c_fc.blocks.1.weight (1024, 1024) on G_{1.0,0.0,384}
  Initialized transformer.h.4.mlp.c_fc.blocks.1.weight (1024, 1024) on G_{1.0,0.0,384}
  Initialized transformer.h.7.mlp.c_fc.blocks.1.weight (1024, 1024) on G_{1.0,0.0,384}
  Initialized transformer.h.16.mlp.c_fc.blocks.1.weight (1024, 1024) on G_{1.0,0.0,384}
  Initialized transformer.h.5.mlp.c_fc.blocks.1.weight (1024, 1024) on G_{1.0,0.0,384}
  Initialized transformer.h.8.mlp.c_fc.blocks.1.weight (1024, 1024) on G_{1.0,0.0,384}
  Initialized transformer.h.17.mlp.c_fc.blocks.1.weight (1024, 1024) on G_{1.0,0.0,384}
  Initialized transformer.h.6.mlp.c_fc.blocks.1.weight (1024, 1024) on G_{1.0,0.0,384}
  Initialized transformer.h.9.mlp.c_fc.blocks.1.weight (1024, 1024) on G_{1.0,0.0,384}
  Initialized transformer.h.18.mlp.c_fc.blocks.1.weight (1024, 1024) on G_{1.0,0.0,384}
  Initialized transformer.h.7.mlp.c_fc.blocks.1.weight (1024, 1024) on G_{1.0,0.0,384}
  Initialized transformer.h.10.mlp.c_fc.blocks.1.weight (1024, 1024) on G_{1.0,0.0,384}
  Initialized transformer.h.19.mlp.c_fc.blocks.1.weight (1024, 1024) on G_{1.0,0.0,384}
  Initialized transformer.h.8.mlp.c_fc.blocks.1.weight (1024, 1024) on G_{1.0,0.0,384}
  Initialized transformer.h.11.mlp.c_fc.blocks.1.weight (1024, 1024) on G_{1.0,0.0,384}
  Initialized transformer.h.20.mlp.c_fc.blocks.1.weight (1024, 1024) on G_{1.0,0.0,384}
  Initialized transformer.h.9.mlp.c_fc.blocks.1.weight (1024, 1024) on G_{1.0,0.0,384}
  Initialized transformer.h.12.mlp.c_fc.blocks.1.weight (1024, 1024) on G_{1.0,0.0,384}
  Initialized transformer.h.21.mlp.c_fc.blocks.1.weight (1024, 1024) on G_{1.0,0.0,384}
  Initialized transformer.h.10.mlp.c_fc.blocks.1.weight (1024, 1024) on G_{1.0,0.0,384}
  Initialized transformer.h.13.mlp.c_fc.blocks.1.weight (1024, 1024) on G_{1.0,0.0,384}
  Initialized transformer.h.22.mlp.c_fc.blocks.1.weight (1024, 1024) on G_{1.0,0.0,384}
  Initialized transformer.h.11.mlp.c_fc.blocks.1.weight (1024, 1024) on G_{1.0,0.0,384}
  Initialized transformer.h.14.mlp.c_fc.blocks.1.weight (1024, 1024) on G_{1.0,0.0,384}
  Initialized transformer.h.23.mlp.c_fc.blocks.1.weight (1024, 1024) on G_{1.0,0.0,384}
  Initialized transformer.h.12.mlp.c_fc.blocks.1.weight (1024, 1024) on G_{1.0,0.0,384}
  Initialized transformer.h.15.mlp.c_fc.blocks.1.weight (1024, 1024) on G_{1.0,0.0,384}
  Initialized transformer.h.24.mlp.c_fc.blocks.1.weight (1024, 1024) on G_{1.0,0.0,384}
  Initialized transformer.h.13.mlp.c_fc.blocks.1.weight (1024, 1024) on G_{1.0,0.0,384}
  Initialized transformer.h.16.mlp.c_fc.blocks.1.weight (1024, 1024) on G_{1.0,0.0,384}
  Initialized transformer.h.25.mlp.c_fc.blocks.1.weight (1024, 1024) on G_{1.0,0.0,384}
  Initialized transformer.h.14.mlp.c_fc.blocks.1.weight (1024, 1024) on G_{1.0,0.0,384}
  Initialized transformer.h.17.mlp.c_fc.blocks.1.weight (1024, 1024) on G_{1.0,0.0,384}
  Initialized transformer.h.26.mlp.c_fc.blocks.1.weight (1024, 1024) on G_{1.0,0.0,384}
  Initialized transformer.h.15.mlp.c_fc.blocks.1.weight (1024, 1024) on G_{1.0,0.0,384}
  Initialized transformer.h.18.mlp.c_fc.blocks.1.weight (1024, 1024) on G_{1.0,0.0,384}
  Initialized transformer.h.27.mlp.c_fc.blocks.1.weight (1024, 1024) on G_{1.0,0.0,384}
  Initialized transformer.h.16.mlp.c_fc.blocks.1.weight (1024, 1024) on G_{1.0,0.0,384}
  Initialized transformer.h.19.mlp.c_fc.blocks.1.weight (1024, 1024) on G_{1.0,0.0,384}
  Initialized transformer.h.28.mlp.c_fc.blocks.1.weight (1024, 1024) on G_{1.0,0.0,384}
  Initialized transformer.h.17.mlp.c_fc.blocks.1.weight (1024, 1024) on G_{1.0,0.0,384}
  Initialized transformer.h.20.mlp.c_fc.blocks.1.weight (1024, 1024) on G_{1.0,0.0,384}
  Initialized transformer.h.29.mlp.c_fc.blocks.1.weight (1024, 1024) on G_{1.0,0.0,384}
  Initialized transformer.h.18.mlp.c_fc.blocks.1.weight (1024, 1024) on G_{1.0,0.0,384}
  Initialized transformer.h.21.mlp.c_fc.blocks.1.weight (1024, 1024) on G_{1.0,0.0,384}
  Initialized transformer.h.30.mlp.c_fc.blocks.1.weight (1024, 1024) on G_{1.0,0.0,384}
  Initialized transformer.h.19.mlp.c_fc.blocks.1.weight (1024, 1024) on G_{1.0,0.0,384}
  Initialized transformer.h.22.mlp.c_fc.blocks.1.weight (1024, 1024) on G_{1.0,0.0,384}
  Initialized transformer.h.31.mlp.c_fc.blocks.1.weight (1024, 1024) on G_{1.0,0.0,384}
  Initialized transformer.h.20.mlp.c_fc.blocks.1.weight (1024, 1024) on G_{1.0,0.0,384}
  Initialized transformer.h.23.mlp.c_fc.blocks.1.weight (1024, 1024) on G_{1.0,0.0,384}
  Initialized transformer.h.32.mlp.c_fc.blocks.1.weight (1024, 1024) on G_{1.0,0.0,384}
  Initialized transformer.h.21.mlp.c_fc.blocks.1.weight (1024, 1024) on G_{1.0,0.0,384}
  Initialized transformer.h.24.mlp.c_fc.blocks.1.weight (1024, 1024) on G_{1.0,0.0,384}
  Initialized transformer.h.33.mlp.c_fc.blocks.1.weight (1024, 1024) on G_{1.0,0.0,384}
  Initialized transformer.h.22.mlp.c_fc.blocks.1.weight (1024, 1024) on G_{1.0,0.0,384}
  Initialized transformer.h.25.mlp.c_fc.blocks.1.weight (1024, 1024) on G_{1.0,0.0,384}
  Initialized transformer.h.34.mlp.c_fc.blocks.1.weight (1024, 1024) on G_{1.0,0.0,384}
  Initialized transformer.h.23.mlp.c_fc.blocks.1.weight (1024, 1024) on G_{1.0,0.0,384}
  Initialized transformer.h.26.mlp.c_fc.blocks.1.weight (1024, 1024) on G_{1.0,0.0,384}
  Initialized transformer.h.35.mlp.c_fc.blocks.1.weight (1024, 1024) on G_{1.0,0.0,384}

Initializing mlp.c_fc.blocks.2.: k=1, G_{1.0,0.0,384}, type=None
  Initialized transformer.h.24.mlp.c_fc.blocks.1.weight (1024, 1024) on G_{1.0,0.0,384}
  Initialized transformer.h.27.mlp.c_fc.blocks.1.weight (1024, 1024) on G_{1.0,0.0,384}
  Initialized transformer.h.0.mlp.c_fc.blocks.2.weight (1024, 1024) on G_{1.0,0.0,384}
  Initialized transformer.h.25.mlp.c_fc.blocks.1.weight (1024, 1024) on G_{1.0,0.0,384}
  Initialized transformer.h.28.mlp.c_fc.blocks.1.weight (1024, 1024) on G_{1.0,0.0,384}
  Initialized transformer.h.1.mlp.c_fc.blocks.2.weight (1024, 1024) on G_{1.0,0.0,384}
  Initialized transformer.h.26.mlp.c_fc.blocks.1.weight (1024, 1024) on G_{1.0,0.0,384}
  Initialized transformer.h.29.mlp.c_fc.blocks.1.weight (1024, 1024) on G_{1.0,0.0,384}
  Initialized transformer.h.2.mlp.c_fc.blocks.2.weight (1024, 1024) on G_{1.0,0.0,384}
  Initialized transformer.h.27.mlp.c_fc.blocks.1.weight (1024, 1024) on G_{1.0,0.0,384}
  Initialized transformer.h.30.mlp.c_fc.blocks.1.weight (1024, 1024) on G_{1.0,0.0,384}
  Initialized transformer.h.3.mlp.c_fc.blocks.2.weight (1024, 1024) on G_{1.0,0.0,384}
  Initialized transformer.h.28.mlp.c_fc.blocks.1.weight (1024, 1024) on G_{1.0,0.0,384}
  Initialized transformer.h.31.mlp.c_fc.blocks.1.weight (1024, 1024) on G_{1.0,0.0,384}
  Initialized transformer.h.4.mlp.c_fc.blocks.2.weight (1024, 1024) on G_{1.0,0.0,384}
  Initialized transformer.h.29.mlp.c_fc.blocks.1.weight (1024, 1024) on G_{1.0,0.0,384}
  Initialized transformer.h.32.mlp.c_fc.blocks.1.weight (1024, 1024) on G_{1.0,0.0,384}
  Initialized transformer.h.5.mlp.c_fc.blocks.2.weight (1024, 1024) on G_{1.0,0.0,384}
  Initialized transformer.h.30.mlp.c_fc.blocks.1.weight (1024, 1024) on G_{1.0,0.0,384}
  Initialized transformer.h.33.mlp.c_fc.blocks.1.weight (1024, 1024) on G_{1.0,0.0,384}
  Initialized transformer.h.6.mlp.c_fc.blocks.2.weight (1024, 1024) on G_{1.0,0.0,384}
  Initialized transformer.h.31.mlp.c_fc.blocks.1.weight (1024, 1024) on G_{1.0,0.0,384}
  Initialized transformer.h.34.mlp.c_fc.blocks.1.weight (1024, 1024) on G_{1.0,0.0,384}
  Initialized transformer.h.7.mlp.c_fc.blocks.2.weight (1024, 1024) on G_{1.0,0.0,384}
  Initialized transformer.h.32.mlp.c_fc.blocks.1.weight (1024, 1024) on G_{1.0,0.0,384}
  Initialized transformer.h.35.mlp.c_fc.blocks.1.weight (1024, 1024) on G_{1.0,0.0,384}

Initializing mlp.c_fc.blocks.2.: k=1, G_{1.0,0.0,384}, type=None
  Initialized transformer.h.8.mlp.c_fc.blocks.2.weight (1024, 1024) on G_{1.0,0.0,384}
  Initialized transformer.h.33.mlp.c_fc.blocks.1.weight (1024, 1024) on G_{1.0,0.0,384}
  Initialized transformer.h.0.mlp.c_fc.blocks.2.weight (1024, 1024) on G_{1.0,0.0,384}
  Initialized transformer.h.9.mlp.c_fc.blocks.2.weight (1024, 1024) on G_{1.0,0.0,384}
  Initialized transformer.h.34.mlp.c_fc.blocks.1.weight (1024, 1024) on G_{1.0,0.0,384}
  Initialized transformer.h.1.mlp.c_fc.blocks.2.weight (1024, 1024) on G_{1.0,0.0,384}
  Initialized transformer.h.10.mlp.c_fc.blocks.2.weight (1024, 1024) on G_{1.0,0.0,384}
  Initialized transformer.h.35.mlp.c_fc.blocks.1.weight (1024, 1024) on G_{1.0,0.0,384}

Initializing mlp.c_fc.blocks.2.: k=1, G_{1.0,0.0,384}, type=None
  Initialized transformer.h.2.mlp.c_fc.blocks.2.weight (1024, 1024) on G_{1.0,0.0,384}
  Initialized transformer.h.11.mlp.c_fc.blocks.2.weight (1024, 1024) on G_{1.0,0.0,384}
  Initialized transformer.h.0.mlp.c_fc.blocks.2.weight (1024, 1024) on G_{1.0,0.0,384}
  Initialized transformer.h.3.mlp.c_fc.blocks.2.weight (1024, 1024) on G_{1.0,0.0,384}
  Initialized transformer.h.12.mlp.c_fc.blocks.2.weight (1024, 1024) on G_{1.0,0.0,384}
  Initialized transformer.h.1.mlp.c_fc.blocks.2.weight (1024, 1024) on G_{1.0,0.0,384}
  Initialized transformer.h.4.mlp.c_fc.blocks.2.weight (1024, 1024) on G_{1.0,0.0,384}
  Initialized transformer.h.13.mlp.c_fc.blocks.2.weight (1024, 1024) on G_{1.0,0.0,384}
  Initialized transformer.h.2.mlp.c_fc.blocks.2.weight (1024, 1024) on G_{1.0,0.0,384}
  Initialized transformer.h.5.mlp.c_fc.blocks.2.weight (1024, 1024) on G_{1.0,0.0,384}
  Initialized transformer.h.14.mlp.c_fc.blocks.2.weight (1024, 1024) on G_{1.0,0.0,384}
  Initialized transformer.h.3.mlp.c_fc.blocks.2.weight (1024, 1024) on G_{1.0,0.0,384}
  Initialized transformer.h.6.mlp.c_fc.blocks.2.weight (1024, 1024) on G_{1.0,0.0,384}
  Initialized transformer.h.15.mlp.c_fc.blocks.2.weight (1024, 1024) on G_{1.0,0.0,384}
  Initialized transformer.h.4.mlp.c_fc.blocks.2.weight (1024, 1024) on G_{1.0,0.0,384}
  Initialized transformer.h.7.mlp.c_fc.blocks.2.weight (1024, 1024) on G_{1.0,0.0,384}
  Initialized transformer.h.16.mlp.c_fc.blocks.2.weight (1024, 1024) on G_{1.0,0.0,384}
  Initialized transformer.h.5.mlp.c_fc.blocks.2.weight (1024, 1024) on G_{1.0,0.0,384}
  Initialized transformer.h.8.mlp.c_fc.blocks.2.weight (1024, 1024) on G_{1.0,0.0,384}
  Initialized transformer.h.17.mlp.c_fc.blocks.2.weight (1024, 1024) on G_{1.0,0.0,384}
  Initialized transformer.h.6.mlp.c_fc.blocks.2.weight (1024, 1024) on G_{1.0,0.0,384}
  Initialized transformer.h.9.mlp.c_fc.blocks.2.weight (1024, 1024) on G_{1.0,0.0,384}
  Initialized transformer.h.18.mlp.c_fc.blocks.2.weight (1024, 1024) on G_{1.0,0.0,384}
  Initialized transformer.h.7.mlp.c_fc.blocks.2.weight (1024, 1024) on G_{1.0,0.0,384}
  Initialized transformer.h.10.mlp.c_fc.blocks.2.weight (1024, 1024) on G_{1.0,0.0,384}
  Initialized transformer.h.19.mlp.c_fc.blocks.2.weight (1024, 1024) on G_{1.0,0.0,384}
  Initialized transformer.h.8.mlp.c_fc.blocks.2.weight (1024, 1024) on G_{1.0,0.0,384}
  Initialized transformer.h.11.mlp.c_fc.blocks.2.weight (1024, 1024) on G_{1.0,0.0,384}
  Initialized transformer.h.20.mlp.c_fc.blocks.2.weight (1024, 1024) on G_{1.0,0.0,384}
  Initialized transformer.h.9.mlp.c_fc.blocks.2.weight (1024, 1024) on G_{1.0,0.0,384}
  Initialized transformer.h.12.mlp.c_fc.blocks.2.weight (1024, 1024) on G_{1.0,0.0,384}
  Initialized transformer.h.21.mlp.c_fc.blocks.2.weight (1024, 1024) on G_{1.0,0.0,384}
  Initialized transformer.h.10.mlp.c_fc.blocks.2.weight (1024, 1024) on G_{1.0,0.0,384}
  Initialized transformer.h.13.mlp.c_fc.blocks.2.weight (1024, 1024) on G_{1.0,0.0,384}
  Initialized transformer.h.22.mlp.c_fc.blocks.2.weight (1024, 1024) on G_{1.0,0.0,384}
  Initialized transformer.h.11.mlp.c_fc.blocks.2.weight (1024, 1024) on G_{1.0,0.0,384}
  Initialized transformer.h.14.mlp.c_fc.blocks.2.weight (1024, 1024) on G_{1.0,0.0,384}
  Initialized transformer.h.23.mlp.c_fc.blocks.2.weight (1024, 1024) on G_{1.0,0.0,384}
  Initialized transformer.h.12.mlp.c_fc.blocks.2.weight (1024, 1024) on G_{1.0,0.0,384}
  Initialized transformer.h.15.mlp.c_fc.blocks.2.weight (1024, 1024) on G_{1.0,0.0,384}
  Initialized transformer.h.24.mlp.c_fc.blocks.2.weight (1024, 1024) on G_{1.0,0.0,384}
  Initialized transformer.h.13.mlp.c_fc.blocks.2.weight (1024, 1024) on G_{1.0,0.0,384}
  Initialized transformer.h.16.mlp.c_fc.blocks.2.weight (1024, 1024) on G_{1.0,0.0,384}
  Initialized transformer.h.25.mlp.c_fc.blocks.2.weight (1024, 1024) on G_{1.0,0.0,384}
  Initialized transformer.h.14.mlp.c_fc.blocks.2.weight (1024, 1024) on G_{1.0,0.0,384}
  Initialized transformer.h.17.mlp.c_fc.blocks.2.weight (1024, 1024) on G_{1.0,0.0,384}
  Initialized transformer.h.26.mlp.c_fc.blocks.2.weight (1024, 1024) on G_{1.0,0.0,384}
  Initialized transformer.h.15.mlp.c_fc.blocks.2.weight (1024, 1024) on G_{1.0,0.0,384}
  Initialized transformer.h.18.mlp.c_fc.blocks.2.weight (1024, 1024) on G_{1.0,0.0,384}
  Initialized transformer.h.27.mlp.c_fc.blocks.2.weight (1024, 1024) on G_{1.0,0.0,384}
  Initialized transformer.h.16.mlp.c_fc.blocks.2.weight (1024, 1024) on G_{1.0,0.0,384}
  Initialized transformer.h.19.mlp.c_fc.blocks.2.weight (1024, 1024) on G_{1.0,0.0,384}
  Initialized transformer.h.28.mlp.c_fc.blocks.2.weight (1024, 1024) on G_{1.0,0.0,384}
  Initialized transformer.h.17.mlp.c_fc.blocks.2.weight (1024, 1024) on G_{1.0,0.0,384}
  Initialized transformer.h.20.mlp.c_fc.blocks.2.weight (1024, 1024) on G_{1.0,0.0,384}
  Initialized transformer.h.29.mlp.c_fc.blocks.2.weight (1024, 1024) on G_{1.0,0.0,384}
  Initialized transformer.h.18.mlp.c_fc.blocks.2.weight (1024, 1024) on G_{1.0,0.0,384}
  Initialized transformer.h.21.mlp.c_fc.blocks.2.weight (1024, 1024) on G_{1.0,0.0,384}
  Initialized transformer.h.30.mlp.c_fc.blocks.2.weight (1024, 1024) on G_{1.0,0.0,384}
  Initialized transformer.h.19.mlp.c_fc.blocks.2.weight (1024, 1024) on G_{1.0,0.0,384}
  Initialized transformer.h.22.mlp.c_fc.blocks.2.weight (1024, 1024) on G_{1.0,0.0,384}
  Initialized transformer.h.31.mlp.c_fc.blocks.2.weight (1024, 1024) on G_{1.0,0.0,384}
  Initialized transformer.h.20.mlp.c_fc.blocks.2.weight (1024, 1024) on G_{1.0,0.0,384}
  Initialized transformer.h.23.mlp.c_fc.blocks.2.weight (1024, 1024) on G_{1.0,0.0,384}
  Initialized transformer.h.32.mlp.c_fc.blocks.2.weight (1024, 1024) on G_{1.0,0.0,384}
  Initialized transformer.h.21.mlp.c_fc.blocks.2.weight (1024, 1024) on G_{1.0,0.0,384}
  Initialized transformer.h.24.mlp.c_fc.blocks.2.weight (1024, 1024) on G_{1.0,0.0,384}
  Initialized transformer.h.33.mlp.c_fc.blocks.2.weight (1024, 1024) on G_{1.0,0.0,384}
  Initialized transformer.h.22.mlp.c_fc.blocks.2.weight (1024, 1024) on G_{1.0,0.0,384}
  Initialized transformer.h.25.mlp.c_fc.blocks.2.weight (1024, 1024) on G_{1.0,0.0,384}
  Initialized transformer.h.34.mlp.c_fc.blocks.2.weight (1024, 1024) on G_{1.0,0.0,384}
  Initialized transformer.h.23.mlp.c_fc.blocks.2.weight (1024, 1024) on G_{1.0,0.0,384}
  Initialized transformer.h.26.mlp.c_fc.blocks.2.weight (1024, 1024) on G_{1.0,0.0,384}
  Initialized transformer.h.35.mlp.c_fc.blocks.2.weight (1024, 1024) on G_{1.0,0.0,384}

Initializing mlp.c_fc.blocks.3.: k=1, G_{1.0,0.0,384}, type=None
  Initialized transformer.h.24.mlp.c_fc.blocks.2.weight (1024, 1024) on G_{1.0,0.0,384}
  Initialized transformer.h.27.mlp.c_fc.blocks.2.weight (1024, 1024) on G_{1.0,0.0,384}
  Initialized transformer.h.0.mlp.c_fc.blocks.3.weight (1024, 1024) on G_{1.0,0.0,384}
  Initialized transformer.h.25.mlp.c_fc.blocks.2.weight (1024, 1024) on G_{1.0,0.0,384}
  Initialized transformer.h.28.mlp.c_fc.blocks.2.weight (1024, 1024) on G_{1.0,0.0,384}
  Initialized transformer.h.1.mlp.c_fc.blocks.3.weight (1024, 1024) on G_{1.0,0.0,384}
  Initialized transformer.h.26.mlp.c_fc.blocks.2.weight (1024, 1024) on G_{1.0,0.0,384}
  Initialized transformer.h.29.mlp.c_fc.blocks.2.weight (1024, 1024) on G_{1.0,0.0,384}
  Initialized transformer.h.2.mlp.c_fc.blocks.3.weight (1024, 1024) on G_{1.0,0.0,384}
  Initialized transformer.h.27.mlp.c_fc.blocks.2.weight (1024, 1024) on G_{1.0,0.0,384}
  Initialized transformer.h.30.mlp.c_fc.blocks.2.weight (1024, 1024) on G_{1.0,0.0,384}
  Initialized transformer.h.3.mlp.c_fc.blocks.3.weight (1024, 1024) on G_{1.0,0.0,384}
  Initialized transformer.h.28.mlp.c_fc.blocks.2.weight (1024, 1024) on G_{1.0,0.0,384}
  Initialized transformer.h.31.mlp.c_fc.blocks.2.weight (1024, 1024) on G_{1.0,0.0,384}
  Initialized transformer.h.4.mlp.c_fc.blocks.3.weight (1024, 1024) on G_{1.0,0.0,384}
  Initialized transformer.h.29.mlp.c_fc.blocks.2.weight (1024, 1024) on G_{1.0,0.0,384}
  Initialized transformer.h.32.mlp.c_fc.blocks.2.weight (1024, 1024) on G_{1.0,0.0,384}
  Initialized transformer.h.5.mlp.c_fc.blocks.3.weight (1024, 1024) on G_{1.0,0.0,384}
  Initialized transformer.h.30.mlp.c_fc.blocks.2.weight (1024, 1024) on G_{1.0,0.0,384}
  Initialized transformer.h.33.mlp.c_fc.blocks.2.weight (1024, 1024) on G_{1.0,0.0,384}
  Initialized transformer.h.6.mlp.c_fc.blocks.3.weight (1024, 1024) on G_{1.0,0.0,384}
  Initialized transformer.h.31.mlp.c_fc.blocks.2.weight (1024, 1024) on G_{1.0,0.0,384}
  Initialized transformer.h.34.mlp.c_fc.blocks.2.weight (1024, 1024) on G_{1.0,0.0,384}
  Initialized transformer.h.7.mlp.c_fc.blocks.3.weight (1024, 1024) on G_{1.0,0.0,384}
  Initialized transformer.h.32.mlp.c_fc.blocks.2.weight (1024, 1024) on G_{1.0,0.0,384}
  Initialized transformer.h.35.mlp.c_fc.blocks.2.weight (1024, 1024) on G_{1.0,0.0,384}

Initializing mlp.c_fc.blocks.3.: k=1, G_{1.0,0.0,384}, type=None
  Initialized transformer.h.8.mlp.c_fc.blocks.3.weight (1024, 1024) on G_{1.0,0.0,384}
  Initialized transformer.h.33.mlp.c_fc.blocks.2.weight (1024, 1024) on G_{1.0,0.0,384}
  Initialized transformer.h.0.mlp.c_fc.blocks.3.weight (1024, 1024) on G_{1.0,0.0,384}
  Initialized transformer.h.9.mlp.c_fc.blocks.3.weight (1024, 1024) on G_{1.0,0.0,384}
  Initialized transformer.h.34.mlp.c_fc.blocks.2.weight (1024, 1024) on G_{1.0,0.0,384}
  Initialized transformer.h.1.mlp.c_fc.blocks.3.weight (1024, 1024) on G_{1.0,0.0,384}
  Initialized transformer.h.10.mlp.c_fc.blocks.3.weight (1024, 1024) on G_{1.0,0.0,384}
  Initialized transformer.h.35.mlp.c_fc.blocks.2.weight (1024, 1024) on G_{1.0,0.0,384}

Initializing mlp.c_fc.blocks.3.: k=1, G_{1.0,0.0,384}, type=None
  Initialized transformer.h.2.mlp.c_fc.blocks.3.weight (1024, 1024) on G_{1.0,0.0,384}
  Initialized transformer.h.11.mlp.c_fc.blocks.3.weight (1024, 1024) on G_{1.0,0.0,384}
  Initialized transformer.h.0.mlp.c_fc.blocks.3.weight (1024, 1024) on G_{1.0,0.0,384}
  Initialized transformer.h.3.mlp.c_fc.blocks.3.weight (1024, 1024) on G_{1.0,0.0,384}
  Initialized transformer.h.12.mlp.c_fc.blocks.3.weight (1024, 1024) on G_{1.0,0.0,384}
  Initialized transformer.h.1.mlp.c_fc.blocks.3.weight (1024, 1024) on G_{1.0,0.0,384}
  Initialized transformer.h.4.mlp.c_fc.blocks.3.weight (1024, 1024) on G_{1.0,0.0,384}
  Initialized transformer.h.13.mlp.c_fc.blocks.3.weight (1024, 1024) on G_{1.0,0.0,384}
  Initialized transformer.h.2.mlp.c_fc.blocks.3.weight (1024, 1024) on G_{1.0,0.0,384}
  Initialized transformer.h.5.mlp.c_fc.blocks.3.weight (1024, 1024) on G_{1.0,0.0,384}
  Initialized transformer.h.14.mlp.c_fc.blocks.3.weight (1024, 1024) on G_{1.0,0.0,384}
  Initialized transformer.h.3.mlp.c_fc.blocks.3.weight (1024, 1024) on G_{1.0,0.0,384}
  Initialized transformer.h.6.mlp.c_fc.blocks.3.weight (1024, 1024) on G_{1.0,0.0,384}
  Initialized transformer.h.15.mlp.c_fc.blocks.3.weight (1024, 1024) on G_{1.0,0.0,384}
  Initialized transformer.h.4.mlp.c_fc.blocks.3.weight (1024, 1024) on G_{1.0,0.0,384}
  Initialized transformer.h.7.mlp.c_fc.blocks.3.weight (1024, 1024) on G_{1.0,0.0,384}
  Initialized transformer.h.16.mlp.c_fc.blocks.3.weight (1024, 1024) on G_{1.0,0.0,384}
  Initialized transformer.h.5.mlp.c_fc.blocks.3.weight (1024, 1024) on G_{1.0,0.0,384}
  Initialized transformer.h.8.mlp.c_fc.blocks.3.weight (1024, 1024) on G_{1.0,0.0,384}
  Initialized transformer.h.17.mlp.c_fc.blocks.3.weight (1024, 1024) on G_{1.0,0.0,384}
  Initialized transformer.h.6.mlp.c_fc.blocks.3.weight (1024, 1024) on G_{1.0,0.0,384}
  Initialized transformer.h.9.mlp.c_fc.blocks.3.weight (1024, 1024) on G_{1.0,0.0,384}
  Initialized transformer.h.18.mlp.c_fc.blocks.3.weight (1024, 1024) on G_{1.0,0.0,384}
  Initialized transformer.h.7.mlp.c_fc.blocks.3.weight (1024, 1024) on G_{1.0,0.0,384}
  Initialized transformer.h.10.mlp.c_fc.blocks.3.weight (1024, 1024) on G_{1.0,0.0,384}
  Initialized transformer.h.19.mlp.c_fc.blocks.3.weight (1024, 1024) on G_{1.0,0.0,384}
  Initialized transformer.h.8.mlp.c_fc.blocks.3.weight (1024, 1024) on G_{1.0,0.0,384}
  Initialized transformer.h.11.mlp.c_fc.blocks.3.weight (1024, 1024) on G_{1.0,0.0,384}
  Initialized transformer.h.20.mlp.c_fc.blocks.3.weight (1024, 1024) on G_{1.0,0.0,384}
  Initialized transformer.h.9.mlp.c_fc.blocks.3.weight (1024, 1024) on G_{1.0,0.0,384}
  Initialized transformer.h.12.mlp.c_fc.blocks.3.weight (1024, 1024) on G_{1.0,0.0,384}
  Initialized transformer.h.21.mlp.c_fc.blocks.3.weight (1024, 1024) on G_{1.0,0.0,384}
  Initialized transformer.h.10.mlp.c_fc.blocks.3.weight (1024, 1024) on G_{1.0,0.0,384}
  Initialized transformer.h.13.mlp.c_fc.blocks.3.weight (1024, 1024) on G_{1.0,0.0,384}
  Initialized transformer.h.22.mlp.c_fc.blocks.3.weight (1024, 1024) on G_{1.0,0.0,384}
  Initialized transformer.h.11.mlp.c_fc.blocks.3.weight (1024, 1024) on G_{1.0,0.0,384}
  Initialized transformer.h.14.mlp.c_fc.blocks.3.weight (1024, 1024) on G_{1.0,0.0,384}
  Initialized transformer.h.23.mlp.c_fc.blocks.3.weight (1024, 1024) on G_{1.0,0.0,384}
  Initialized transformer.h.12.mlp.c_fc.blocks.3.weight (1024, 1024) on G_{1.0,0.0,384}
  Initialized transformer.h.15.mlp.c_fc.blocks.3.weight (1024, 1024) on G_{1.0,0.0,384}
  Initialized transformer.h.24.mlp.c_fc.blocks.3.weight (1024, 1024) on G_{1.0,0.0,384}
  Initialized transformer.h.13.mlp.c_fc.blocks.3.weight (1024, 1024) on G_{1.0,0.0,384}
  Initialized transformer.h.16.mlp.c_fc.blocks.3.weight (1024, 1024) on G_{1.0,0.0,384}
  Initialized transformer.h.25.mlp.c_fc.blocks.3.weight (1024, 1024) on G_{1.0,0.0,384}
  Initialized transformer.h.17.mlp.c_fc.blocks.3.weight (1024, 1024) on G_{1.0,0.0,384}
  Initialized transformer.h.14.mlp.c_fc.blocks.3.weight (1024, 1024) on G_{1.0,0.0,384}
  Initialized transformer.h.26.mlp.c_fc.blocks.3.weight (1024, 1024) on G_{1.0,0.0,384}
  Initialized transformer.h.18.mlp.c_fc.blocks.3.weight (1024, 1024) on G_{1.0,0.0,384}
  Initialized transformer.h.15.mlp.c_fc.blocks.3.weight (1024, 1024) on G_{1.0,0.0,384}
  Initialized transformer.h.27.mlp.c_fc.blocks.3.weight (1024, 1024) on G_{1.0,0.0,384}
  Initialized transformer.h.19.mlp.c_fc.blocks.3.weight (1024, 1024) on G_{1.0,0.0,384}
  Initialized transformer.h.16.mlp.c_fc.blocks.3.weight (1024, 1024) on G_{1.0,0.0,384}
  Initialized transformer.h.28.mlp.c_fc.blocks.3.weight (1024, 1024) on G_{1.0,0.0,384}
  Initialized transformer.h.20.mlp.c_fc.blocks.3.weight (1024, 1024) on G_{1.0,0.0,384}
  Initialized transformer.h.17.mlp.c_fc.blocks.3.weight (1024, 1024) on G_{1.0,0.0,384}
  Initialized transformer.h.29.mlp.c_fc.blocks.3.weight (1024, 1024) on G_{1.0,0.0,384}
  Initialized transformer.h.21.mlp.c_fc.blocks.3.weight (1024, 1024) on G_{1.0,0.0,384}
  Initialized transformer.h.18.mlp.c_fc.blocks.3.weight (1024, 1024) on G_{1.0,0.0,384}
  Initialized transformer.h.30.mlp.c_fc.blocks.3.weight (1024, 1024) on G_{1.0,0.0,384}
  Initialized transformer.h.22.mlp.c_fc.blocks.3.weight (1024, 1024) on G_{1.0,0.0,384}
  Initialized transformer.h.19.mlp.c_fc.blocks.3.weight (1024, 1024) on G_{1.0,0.0,384}
  Initialized transformer.h.31.mlp.c_fc.blocks.3.weight (1024, 1024) on G_{1.0,0.0,384}
  Initialized transformer.h.23.mlp.c_fc.blocks.3.weight (1024, 1024) on G_{1.0,0.0,384}
  Initialized transformer.h.20.mlp.c_fc.blocks.3.weight (1024, 1024) on G_{1.0,0.0,384}
  Initialized transformer.h.32.mlp.c_fc.blocks.3.weight (1024, 1024) on G_{1.0,0.0,384}
  Initialized transformer.h.24.mlp.c_fc.blocks.3.weight (1024, 1024) on G_{1.0,0.0,384}
  Initialized transformer.h.21.mlp.c_fc.blocks.3.weight (1024, 1024) on G_{1.0,0.0,384}
  Initialized transformer.h.33.mlp.c_fc.blocks.3.weight (1024, 1024) on G_{1.0,0.0,384}
  Initialized transformer.h.25.mlp.c_fc.blocks.3.weight (1024, 1024) on G_{1.0,0.0,384}
  Initialized transformer.h.22.mlp.c_fc.blocks.3.weight (1024, 1024) on G_{1.0,0.0,384}
  Initialized transformer.h.34.mlp.c_fc.blocks.3.weight (1024, 1024) on G_{1.0,0.0,384}
  Initialized transformer.h.26.mlp.c_fc.blocks.3.weight (1024, 1024) on G_{1.0,0.0,384}
  Initialized transformer.h.23.mlp.c_fc.blocks.3.weight (1024, 1024) on G_{1.0,0.0,384}
  Initialized transformer.h.35.mlp.c_fc.blocks.3.weight (1024, 1024) on G_{1.0,0.0,384}

Initializing transformer.h.1.attn.c_attn.blocks.0.: k=1, G_{1.0,0.0,384}, type=None
  Initialized transformer.h.27.mlp.c_fc.blocks.3.weight (1024, 1024) on G_{1.0,0.0,384}
  Initialized transformer.h.24.mlp.c_fc.blocks.3.weight (1024, 1024) on G_{1.0,0.0,384}
  Initialized transformer.h.1.attn.c_attn.blocks.0.weight (1024, 1024) on G_{1.0,0.0,384}

Initializing transformer.h.1.attn.c_attn.blocks.1.: k=1, G_{1.0,0.0,384}, type=None
  Initialized transformer.h.28.mlp.c_fc.blocks.3.weight (1024, 1024) on G_{1.0,0.0,384}
  Initialized transformer.h.25.mlp.c_fc.blocks.3.weight (1024, 1024) on G_{1.0,0.0,384}
  Initialized transformer.h.1.attn.c_attn.blocks.1.weight (1024, 1024) on G_{1.0,0.0,384}

Initializing transformer.h.1.attn.c_attn.blocks.2.: k=1, G_{1.0,0.0,384}, type=None
  Initialized transformer.h.29.mlp.c_fc.blocks.3.weight (1024, 1024) on G_{1.0,0.0,384}
  Initialized transformer.h.26.mlp.c_fc.blocks.3.weight (1024, 1024) on G_{1.0,0.0,384}
  Initialized transformer.h.1.attn.c_attn.blocks.2.weight (1024, 1024) on G_{1.0,0.0,384}

Initializing transformer.h.1.mlp.c_fc.blocks.0.: k=1, G_{1.0,0.0,384}, type=None
  Initialized transformer.h.30.mlp.c_fc.blocks.3.weight (1024, 1024) on G_{1.0,0.0,384}
  Initialized transformer.h.27.mlp.c_fc.blocks.3.weight (1024, 1024) on G_{1.0,0.0,384}
  Initialized transformer.h.1.mlp.c_fc.blocks.0.weight (1024, 1024) on G_{1.0,0.0,384}

Initializing transformer.h.1.mlp.c_fc.blocks.1.: k=1, G_{1.0,0.0,384}, type=None
  Initialized transformer.h.31.mlp.c_fc.blocks.3.weight (1024, 1024) on G_{1.0,0.0,384}
  Initialized transformer.h.28.mlp.c_fc.blocks.3.weight (1024, 1024) on G_{1.0,0.0,384}
  Initialized transformer.h.1.mlp.c_fc.blocks.1.weight (1024, 1024) on G_{1.0,0.0,384}

Initializing transformer.h.1.mlp.c_fc.blocks.2.: k=1, G_{1.0,0.0,384}, type=None
  Initialized transformer.h.32.mlp.c_fc.blocks.3.weight (1024, 1024) on G_{1.0,0.0,384}
  Initialized transformer.h.29.mlp.c_fc.blocks.3.weight (1024, 1024) on G_{1.0,0.0,384}
  Initialized transformer.h.1.mlp.c_fc.blocks.2.weight (1024, 1024) on G_{1.0,0.0,384}

Initializing transformer.h.1.mlp.c_fc.blocks.3.: k=1, G_{1.0,0.0,384}, type=None
  Initialized transformer.h.33.mlp.c_fc.blocks.3.weight (1024, 1024) on G_{1.0,0.0,384}
  Initialized transformer.h.30.mlp.c_fc.blocks.3.weight (1024, 1024) on G_{1.0,0.0,384}
  Initialized transformer.h.1.mlp.c_fc.blocks.3.weight (1024, 1024) on G_{1.0,0.0,384}

Initializing transformer.h.2.attn.c_attn.blocks.0.: k=1, G_{1.0,0.0,384}, type=None
  Initialized transformer.h.34.mlp.c_fc.blocks.3.weight (1024, 1024) on G_{1.0,0.0,384}
  Initialized transformer.h.31.mlp.c_fc.blocks.3.weight (1024, 1024) on G_{1.0,0.0,384}
  Initialized transformer.h.2.attn.c_attn.blocks.0.weight (1024, 1024) on G_{1.0,0.0,384}

Initializing transformer.h.2.attn.c_attn.blocks.1.: k=1, G_{1.0,0.0,384}, type=None
  Initialized transformer.h.35.mlp.c_fc.blocks.3.weight (1024, 1024) on G_{1.0,0.0,384}

Initializing transformer.h.1.attn.c_attn.blocks.0.: k=1, G_{1.0,0.0,384}, type=None
  Initialized transformer.h.32.mlp.c_fc.blocks.3.weight (1024, 1024) on G_{1.0,0.0,384}
  Initialized transformer.h.2.attn.c_attn.blocks.1.weight (1024, 1024) on G_{1.0,0.0,384}

Initializing transformer.h.2.attn.c_attn.blocks.2.: k=1, G_{1.0,0.0,384}, type=None
  Initialized transformer.h.1.attn.c_attn.blocks.0.weight (1024, 1024) on G_{1.0,0.0,384}
  Initialized transformer.h.33.mlp.c_fc.blocks.3.weight (1024, 1024) on G_{1.0,0.0,384}

Initializing transformer.h.1.attn.c_attn.blocks.1.: k=1, G_{1.0,0.0,384}, type=None
  Initialized transformer.h.2.attn.c_attn.blocks.2.weight (1024, 1024) on G_{1.0,0.0,384}

Initializing transformer.h.2.mlp.c_fc.blocks.0.: k=1, G_{1.0,0.0,384}, type=None
  Initialized transformer.h.1.attn.c_attn.blocks.1.weight (1024, 1024) on G_{1.0,0.0,384}
  Initialized transformer.h.34.mlp.c_fc.blocks.3.weight (1024, 1024) on G_{1.0,0.0,384}

Initializing transformer.h.1.attn.c_attn.blocks.2.: k=1, G_{1.0,0.0,384}, type=None
  Initialized transformer.h.2.mlp.c_fc.blocks.0.weight (1024, 1024) on G_{1.0,0.0,384}

Initializing transformer.h.2.mlp.c_fc.blocks.1.: k=1, G_{1.0,0.0,384}, type=None
  Initialized transformer.h.1.attn.c_attn.blocks.2.weight (1024, 1024) on G_{1.0,0.0,384}
  Initialized transformer.h.35.mlp.c_fc.blocks.3.weight (1024, 1024) on G_{1.0,0.0,384}

Initializing transformer.h.1.attn.c_attn.blocks.0.: k=1, G_{1.0,0.0,384}, type=None

Initializing transformer.h.1.mlp.c_fc.blocks.0.: k=1, G_{1.0,0.0,384}, type=None
  Initialized transformer.h.2.mlp.c_fc.blocks.1.weight (1024, 1024) on G_{1.0,0.0,384}

Initializing transformer.h.2.mlp.c_fc.blocks.2.: k=1, G_{1.0,0.0,384}, type=None
  Initialized transformer.h.1.mlp.c_fc.blocks.0.weight (1024, 1024) on G_{1.0,0.0,384}
  Initialized transformer.h.1.attn.c_attn.blocks.0.weight (1024, 1024) on G_{1.0,0.0,384}

Initializing transformer.h.1.mlp.c_fc.blocks.1.: k=1, G_{1.0,0.0,384}, type=None
  Initialized transformer.h.2.mlp.c_fc.blocks.2.weight (1024, 1024) on G_{1.0,0.0,384}

Initializing transformer.h.1.attn.c_attn.blocks.1.: k=1, G_{1.0,0.0,384}, type=None

Initializing transformer.h.2.mlp.c_fc.blocks.3.: k=1, G_{1.0,0.0,384}, type=None
  Initialized transformer.h.1.mlp.c_fc.blocks.1.weight (1024, 1024) on G_{1.0,0.0,384}
  Initialized transformer.h.1.attn.c_attn.blocks.1.weight (1024, 1024) on G_{1.0,0.0,384}

Initializing transformer.h.1.mlp.c_fc.blocks.2.: k=1, G_{1.0,0.0,384}, type=None
  Initialized transformer.h.2.mlp.c_fc.blocks.3.weight (1024, 1024) on G_{1.0,0.0,384}

Initializing transformer.h.1.attn.c_attn.blocks.2.: k=1, G_{1.0,0.0,384}, type=None

Initializing transformer.h.3.attn.c_attn.blocks.0.: k=1, G_{1.0,0.0,384}, type=None
  Initialized transformer.h.1.mlp.c_fc.blocks.2.weight (1024, 1024) on G_{1.0,0.0,384}

Initializing transformer.h.1.mlp.c_fc.blocks.3.: k=1, G_{1.0,0.0,384}, type=None
  Initialized transformer.h.1.attn.c_attn.blocks.2.weight (1024, 1024) on G_{1.0,0.0,384}
  Initialized transformer.h.3.attn.c_attn.blocks.0.weight (1024, 1024) on G_{1.0,0.0,384}

Initializing transformer.h.1.mlp.c_fc.blocks.0.: k=1, G_{1.0,0.0,384}, type=None

Initializing transformer.h.3.attn.c_attn.blocks.1.: k=1, G_{1.0,0.0,384}, type=None
  Initialized transformer.h.1.mlp.c_fc.blocks.3.weight (1024, 1024) on G_{1.0,0.0,384}

Initializing transformer.h.2.attn.c_attn.blocks.0.: k=1, G_{1.0,0.0,384}, type=None
  Initialized transformer.h.1.mlp.c_fc.blocks.0.weight (1024, 1024) on G_{1.0,0.0,384}
  Initialized transformer.h.3.attn.c_attn.blocks.1.weight (1024, 1024) on G_{1.0,0.0,384}

Initializing transformer.h.1.mlp.c_fc.blocks.1.: k=1, G_{1.0,0.0,384}, type=None

Initializing transformer.h.3.attn.c_attn.blocks.2.: k=1, G_{1.0,0.0,384}, type=None
  Initialized transformer.h.2.attn.c_attn.blocks.0.weight (1024, 1024) on G_{1.0,0.0,384}

Initializing transformer.h.2.attn.c_attn.blocks.1.: k=1, G_{1.0,0.0,384}, type=None
  Initialized transformer.h.3.attn.c_attn.blocks.2.weight (1024, 1024) on G_{1.0,0.0,384}
  Initialized transformer.h.1.mlp.c_fc.blocks.1.weight (1024, 1024) on G_{1.0,0.0,384}

Initializing transformer.h.3.mlp.c_fc.blocks.0.: k=1, G_{1.0,0.0,384}, type=None

Initializing transformer.h.1.mlp.c_fc.blocks.2.: k=1, G_{1.0,0.0,384}, type=None
  Initialized transformer.h.2.attn.c_attn.blocks.1.weight (1024, 1024) on G_{1.0,0.0,384}

Initializing transformer.h.2.attn.c_attn.blocks.2.: k=1, G_{1.0,0.0,384}, type=None
  Initialized transformer.h.3.mlp.c_fc.blocks.0.weight (1024, 1024) on G_{1.0,0.0,384}
  Initialized transformer.h.1.mlp.c_fc.blocks.2.weight (1024, 1024) on G_{1.0,0.0,384}

Initializing transformer.h.3.mlp.c_fc.blocks.1.: k=1, G_{1.0,0.0,384}, type=None

Initializing transformer.h.1.mlp.c_fc.blocks.3.: k=1, G_{1.0,0.0,384}, type=None
  Initialized transformer.h.2.attn.c_attn.blocks.2.weight (1024, 1024) on G_{1.0,0.0,384}

Initializing transformer.h.2.mlp.c_fc.blocks.0.: k=1, G_{1.0,0.0,384}, type=None
  Initialized transformer.h.3.mlp.c_fc.blocks.1.weight (1024, 1024) on G_{1.0,0.0,384}
  Initialized transformer.h.1.mlp.c_fc.blocks.3.weight (1024, 1024) on G_{1.0,0.0,384}

Initializing transformer.h.3.mlp.c_fc.blocks.2.: k=1, G_{1.0,0.0,384}, type=None

Initializing transformer.h.2.attn.c_attn.blocks.0.: k=1, G_{1.0,0.0,384}, type=None
  Initialized transformer.h.2.mlp.c_fc.blocks.0.weight (1024, 1024) on G_{1.0,0.0,384}

Initializing transformer.h.2.mlp.c_fc.blocks.1.: k=1, G_{1.0,0.0,384}, type=None
  Initialized transformer.h.3.mlp.c_fc.blocks.2.weight (1024, 1024) on G_{1.0,0.0,384}
  Initialized transformer.h.2.attn.c_attn.blocks.0.weight (1024, 1024) on G_{1.0,0.0,384}

Initializing transformer.h.3.mlp.c_fc.blocks.3.: k=1, G_{1.0,0.0,384}, type=None

Initializing transformer.h.2.attn.c_attn.blocks.1.: k=1, G_{1.0,0.0,384}, type=None
  Initialized transformer.h.2.mlp.c_fc.blocks.1.weight (1024, 1024) on G_{1.0,0.0,384}

Initializing transformer.h.2.mlp.c_fc.blocks.2.: k=1, G_{1.0,0.0,384}, type=None
  Initialized transformer.h.3.mlp.c_fc.blocks.3.weight (1024, 1024) on G_{1.0,0.0,384}
  Initialized transformer.h.2.attn.c_attn.blocks.1.weight (1024, 1024) on G_{1.0,0.0,384}

Initializing transformer.h.4.attn.c_attn.blocks.0.: k=1, G_{1.0,0.0,384}, type=None

Initializing transformer.h.2.attn.c_attn.blocks.2.: k=1, G_{1.0,0.0,384}, type=None
  Initialized transformer.h.2.mlp.c_fc.blocks.2.weight (1024, 1024) on G_{1.0,0.0,384}

Initializing transformer.h.2.mlp.c_fc.blocks.3.: k=1, G_{1.0,0.0,384}, type=None
  Initialized transformer.h.4.attn.c_attn.blocks.0.weight (1024, 1024) on G_{1.0,0.0,384}
  Initialized transformer.h.2.attn.c_attn.blocks.2.weight (1024, 1024) on G_{1.0,0.0,384}

Initializing transformer.h.4.attn.c_attn.blocks.1.: k=1, G_{1.0,0.0,384}, type=None

Initializing transformer.h.2.mlp.c_fc.blocks.0.: k=1, G_{1.0,0.0,384}, type=None
  Initialized transformer.h.2.mlp.c_fc.blocks.3.weight (1024, 1024) on G_{1.0,0.0,384}

Initializing transformer.h.3.attn.c_attn.blocks.0.: k=1, G_{1.0,0.0,384}, type=None
  Initialized transformer.h.4.attn.c_attn.blocks.1.weight (1024, 1024) on G_{1.0,0.0,384}
  Initialized transformer.h.2.mlp.c_fc.blocks.0.weight (1024, 1024) on G_{1.0,0.0,384}

Initializing transformer.h.4.attn.c_attn.blocks.2.: k=1, G_{1.0,0.0,384}, type=None

Initializing transformer.h.2.mlp.c_fc.blocks.1.: k=1, G_{1.0,0.0,384}, type=None
  Initialized transformer.h.3.attn.c_attn.blocks.0.weight (1024, 1024) on G_{1.0,0.0,384}

Initializing transformer.h.3.attn.c_attn.blocks.1.: k=1, G_{1.0,0.0,384}, type=None
  Initialized transformer.h.4.attn.c_attn.blocks.2.weight (1024, 1024) on G_{1.0,0.0,384}
  Initialized transformer.h.2.mlp.c_fc.blocks.1.weight (1024, 1024) on G_{1.0,0.0,384}

Initializing transformer.h.4.mlp.c_fc.blocks.0.: k=1, G_{1.0,0.0,384}, type=None

Initializing transformer.h.2.mlp.c_fc.blocks.2.: k=1, G_{1.0,0.0,384}, type=None
  Initialized transformer.h.3.attn.c_attn.blocks.1.weight (1024, 1024) on G_{1.0,0.0,384}

Initializing transformer.h.3.attn.c_attn.blocks.2.: k=1, G_{1.0,0.0,384}, type=None
  Initialized transformer.h.4.mlp.c_fc.blocks.0.weight (1024, 1024) on G_{1.0,0.0,384}
  Initialized transformer.h.2.mlp.c_fc.blocks.2.weight (1024, 1024) on G_{1.0,0.0,384}

Initializing transformer.h.4.mlp.c_fc.blocks.1.: k=1, G_{1.0,0.0,384}, type=None

Initializing transformer.h.2.mlp.c_fc.blocks.3.: k=1, G_{1.0,0.0,384}, type=None
  Initialized transformer.h.3.attn.c_attn.blocks.2.weight (1024, 1024) on G_{1.0,0.0,384}

Initializing transformer.h.3.mlp.c_fc.blocks.0.: k=1, G_{1.0,0.0,384}, type=None
  Initialized transformer.h.4.mlp.c_fc.blocks.1.weight (1024, 1024) on G_{1.0,0.0,384}
  Initialized transformer.h.2.mlp.c_fc.blocks.3.weight (1024, 1024) on G_{1.0,0.0,384}

Initializing transformer.h.4.mlp.c_fc.blocks.2.: k=1, G_{1.0,0.0,384}, type=None

Initializing transformer.h.3.attn.c_attn.blocks.0.: k=1, G_{1.0,0.0,384}, type=None
  Initialized transformer.h.3.mlp.c_fc.blocks.0.weight (1024, 1024) on G_{1.0,0.0,384}

Initializing transformer.h.3.mlp.c_fc.blocks.1.: k=1, G_{1.0,0.0,384}, type=None
  Initialized transformer.h.4.mlp.c_fc.blocks.2.weight (1024, 1024) on G_{1.0,0.0,384}
  Initialized transformer.h.3.attn.c_attn.blocks.0.weight (1024, 1024) on G_{1.0,0.0,384}

Initializing transformer.h.4.mlp.c_fc.blocks.3.: k=1, G_{1.0,0.0,384}, type=None

Initializing transformer.h.3.attn.c_attn.blocks.1.: k=1, G_{1.0,0.0,384}, type=None
  Initialized transformer.h.3.mlp.c_fc.blocks.1.weight (1024, 1024) on G_{1.0,0.0,384}

Initializing transformer.h.3.mlp.c_fc.blocks.2.: k=1, G_{1.0,0.0,384}, type=None
  Initialized transformer.h.4.mlp.c_fc.blocks.3.weight (1024, 1024) on G_{1.0,0.0,384}
  Initialized transformer.h.3.attn.c_attn.blocks.1.weight (1024, 1024) on G_{1.0,0.0,384}

Initializing transformer.h.5.attn.c_attn.blocks.0.: k=1, G_{1.0,0.0,384}, type=None

Initializing transformer.h.3.attn.c_attn.blocks.2.: k=1, G_{1.0,0.0,384}, type=None
  Initialized transformer.h.3.mlp.c_fc.blocks.2.weight (1024, 1024) on G_{1.0,0.0,384}

Initializing transformer.h.3.mlp.c_fc.blocks.3.: k=1, G_{1.0,0.0,384}, type=None
  Initialized transformer.h.5.attn.c_attn.blocks.0.weight (1024, 1024) on G_{1.0,0.0,384}
  Initialized transformer.h.3.attn.c_attn.blocks.2.weight (1024, 1024) on G_{1.0,0.0,384}

Initializing transformer.h.5.attn.c_attn.blocks.1.: k=1, G_{1.0,0.0,384}, type=None

Initializing transformer.h.3.mlp.c_fc.blocks.0.: k=1, G_{1.0,0.0,384}, type=None
  Initialized transformer.h.3.mlp.c_fc.blocks.3.weight (1024, 1024) on G_{1.0,0.0,384}

Initializing transformer.h.4.attn.c_attn.blocks.0.: k=1, G_{1.0,0.0,384}, type=None
  Initialized transformer.h.5.attn.c_attn.blocks.1.weight (1024, 1024) on G_{1.0,0.0,384}
  Initialized transformer.h.3.mlp.c_fc.blocks.0.weight (1024, 1024) on G_{1.0,0.0,384}

Initializing transformer.h.5.attn.c_attn.blocks.2.: k=1, G_{1.0,0.0,384}, type=None

Initializing transformer.h.3.mlp.c_fc.blocks.1.: k=1, G_{1.0,0.0,384}, type=None
  Initialized transformer.h.4.attn.c_attn.blocks.0.weight (1024, 1024) on G_{1.0,0.0,384}

Initializing transformer.h.4.attn.c_attn.blocks.1.: k=1, G_{1.0,0.0,384}, type=None
  Initialized transformer.h.5.attn.c_attn.blocks.2.weight (1024, 1024) on G_{1.0,0.0,384}
  Initialized transformer.h.3.mlp.c_fc.blocks.1.weight (1024, 1024) on G_{1.0,0.0,384}

Initializing transformer.h.5.mlp.c_fc.blocks.0.: k=1, G_{1.0,0.0,384}, type=None

Initializing transformer.h.3.mlp.c_fc.blocks.2.: k=1, G_{1.0,0.0,384}, type=None
  Initialized transformer.h.4.attn.c_attn.blocks.1.weight (1024, 1024) on G_{1.0,0.0,384}

Initializing transformer.h.4.attn.c_attn.blocks.2.: k=1, G_{1.0,0.0,384}, type=None
  Initialized transformer.h.5.mlp.c_fc.blocks.0.weight (1024, 1024) on G_{1.0,0.0,384}
  Initialized transformer.h.3.mlp.c_fc.blocks.2.weight (1024, 1024) on G_{1.0,0.0,384}

Initializing transformer.h.5.mlp.c_fc.blocks.1.: k=1, G_{1.0,0.0,384}, type=None

Initializing transformer.h.3.mlp.c_fc.blocks.3.: k=1, G_{1.0,0.0,384}, type=None
  Initialized transformer.h.4.attn.c_attn.blocks.2.weight (1024, 1024) on G_{1.0,0.0,384}

Initializing transformer.h.4.mlp.c_fc.blocks.0.: k=1, G_{1.0,0.0,384}, type=None
  Initialized transformer.h.5.mlp.c_fc.blocks.1.weight (1024, 1024) on G_{1.0,0.0,384}
  Initialized transformer.h.3.mlp.c_fc.blocks.3.weight (1024, 1024) on G_{1.0,0.0,384}

Initializing transformer.h.5.mlp.c_fc.blocks.2.: k=1, G_{1.0,0.0,384}, type=None

Initializing transformer.h.4.attn.c_attn.blocks.0.: k=1, G_{1.0,0.0,384}, type=None
  Initialized transformer.h.4.mlp.c_fc.blocks.0.weight (1024, 1024) on G_{1.0,0.0,384}

Initializing transformer.h.4.mlp.c_fc.blocks.1.: k=1, G_{1.0,0.0,384}, type=None
  Initialized transformer.h.5.mlp.c_fc.blocks.2.weight (1024, 1024) on G_{1.0,0.0,384}
  Initialized transformer.h.4.attn.c_attn.blocks.0.weight (1024, 1024) on G_{1.0,0.0,384}

Initializing transformer.h.5.mlp.c_fc.blocks.3.: k=1, G_{1.0,0.0,384}, type=None

Initializing transformer.h.4.attn.c_attn.blocks.1.: k=1, G_{1.0,0.0,384}, type=None
  Initialized transformer.h.4.mlp.c_fc.blocks.1.weight (1024, 1024) on G_{1.0,0.0,384}

Initializing transformer.h.4.mlp.c_fc.blocks.2.: k=1, G_{1.0,0.0,384}, type=None
  Initialized transformer.h.5.mlp.c_fc.blocks.3.weight (1024, 1024) on G_{1.0,0.0,384}

Initializing transformer.h.6.attn.c_attn.blocks.0.: k=1, G_{1.0,0.0,384}, type=None
  Initialized transformer.h.4.attn.c_attn.blocks.1.weight (1024, 1024) on G_{1.0,0.0,384}

Initializing transformer.h.4.attn.c_attn.blocks.2.: k=1, G_{1.0,0.0,384}, type=None
  Initialized transformer.h.4.mlp.c_fc.blocks.2.weight (1024, 1024) on G_{1.0,0.0,384}

Initializing transformer.h.4.mlp.c_fc.blocks.3.: k=1, G_{1.0,0.0,384}, type=None
  Initialized transformer.h.6.attn.c_attn.blocks.0.weight (1024, 1024) on G_{1.0,0.0,384}

Initializing transformer.h.6.attn.c_attn.blocks.1.: k=1, G_{1.0,0.0,384}, type=None
  Initialized transformer.h.4.attn.c_attn.blocks.2.weight (1024, 1024) on G_{1.0,0.0,384}

Initializing transformer.h.4.mlp.c_fc.blocks.0.: k=1, G_{1.0,0.0,384}, type=None
  Initialized transformer.h.4.mlp.c_fc.blocks.3.weight (1024, 1024) on G_{1.0,0.0,384}

Initializing transformer.h.5.attn.c_attn.blocks.0.: k=1, G_{1.0,0.0,384}, type=None
  Initialized transformer.h.6.attn.c_attn.blocks.1.weight (1024, 1024) on G_{1.0,0.0,384}

Initializing transformer.h.6.attn.c_attn.blocks.2.: k=1, G_{1.0,0.0,384}, type=None
  Initialized transformer.h.4.mlp.c_fc.blocks.0.weight (1024, 1024) on G_{1.0,0.0,384}

Initializing transformer.h.4.mlp.c_fc.blocks.1.: k=1, G_{1.0,0.0,384}, type=None
  Initialized transformer.h.5.attn.c_attn.blocks.0.weight (1024, 1024) on G_{1.0,0.0,384}

Initializing transformer.h.5.attn.c_attn.blocks.1.: k=1, G_{1.0,0.0,384}, type=None
  Initialized transformer.h.6.attn.c_attn.blocks.2.weight (1024, 1024) on G_{1.0,0.0,384}

Initializing transformer.h.6.mlp.c_fc.blocks.0.: k=1, G_{1.0,0.0,384}, type=None
  Initialized transformer.h.4.mlp.c_fc.blocks.1.weight (1024, 1024) on G_{1.0,0.0,384}

Initializing transformer.h.4.mlp.c_fc.blocks.2.: k=1, G_{1.0,0.0,384}, type=None
  Initialized transformer.h.5.attn.c_attn.blocks.1.weight (1024, 1024) on G_{1.0,0.0,384}

Initializing transformer.h.5.attn.c_attn.blocks.2.: k=1, G_{1.0,0.0,384}, type=None
  Initialized transformer.h.6.mlp.c_fc.blocks.0.weight (1024, 1024) on G_{1.0,0.0,384}

Initializing transformer.h.6.mlp.c_fc.blocks.1.: k=1, G_{1.0,0.0,384}, type=None
  Initialized transformer.h.4.mlp.c_fc.blocks.2.weight (1024, 1024) on G_{1.0,0.0,384}

Initializing transformer.h.4.mlp.c_fc.blocks.3.: k=1, G_{1.0,0.0,384}, type=None
  Initialized transformer.h.5.attn.c_attn.blocks.2.weight (1024, 1024) on G_{1.0,0.0,384}

Initializing transformer.h.5.mlp.c_fc.blocks.0.: k=1, G_{1.0,0.0,384}, type=None
  Initialized transformer.h.6.mlp.c_fc.blocks.1.weight (1024, 1024) on G_{1.0,0.0,384}

Initializing transformer.h.6.mlp.c_fc.blocks.2.: k=1, G_{1.0,0.0,384}, type=None
  Initialized transformer.h.4.mlp.c_fc.blocks.3.weight (1024, 1024) on G_{1.0,0.0,384}

Initializing transformer.h.5.attn.c_attn.blocks.0.: k=1, G_{1.0,0.0,384}, type=None
  Initialized transformer.h.5.mlp.c_fc.blocks.0.weight (1024, 1024) on G_{1.0,0.0,384}

Initializing transformer.h.5.mlp.c_fc.blocks.1.: k=1, G_{1.0,0.0,384}, type=None
  Initialized transformer.h.6.mlp.c_fc.blocks.2.weight (1024, 1024) on G_{1.0,0.0,384}

Initializing transformer.h.6.mlp.c_fc.blocks.3.: k=1, G_{1.0,0.0,384}, type=None
  Initialized transformer.h.5.attn.c_attn.blocks.0.weight (1024, 1024) on G_{1.0,0.0,384}

Initializing transformer.h.5.attn.c_attn.blocks.1.: k=1, G_{1.0,0.0,384}, type=None
  Initialized transformer.h.5.mlp.c_fc.blocks.1.weight (1024, 1024) on G_{1.0,0.0,384}

Initializing transformer.h.5.mlp.c_fc.blocks.2.: k=1, G_{1.0,0.0,384}, type=None
  Initialized transformer.h.6.mlp.c_fc.blocks.3.weight (1024, 1024) on G_{1.0,0.0,384}

Initializing transformer.h.7.attn.c_attn.blocks.0.: k=1, G_{1.0,0.0,384}, type=None
  Initialized transformer.h.5.attn.c_attn.blocks.1.weight (1024, 1024) on G_{1.0,0.0,384}

Initializing transformer.h.5.attn.c_attn.blocks.2.: k=1, G_{1.0,0.0,384}, type=None
  Initialized transformer.h.5.mlp.c_fc.blocks.2.weight (1024, 1024) on G_{1.0,0.0,384}

Initializing transformer.h.5.mlp.c_fc.blocks.3.: k=1, G_{1.0,0.0,384}, type=None
  Initialized transformer.h.7.attn.c_attn.blocks.0.weight (1024, 1024) on G_{1.0,0.0,384}

Initializing transformer.h.7.attn.c_attn.blocks.1.: k=1, G_{1.0,0.0,384}, type=None
  Initialized transformer.h.5.attn.c_attn.blocks.2.weight (1024, 1024) on G_{1.0,0.0,384}

Initializing transformer.h.5.mlp.c_fc.blocks.0.: k=1, G_{1.0,0.0,384}, type=None
  Initialized transformer.h.5.mlp.c_fc.blocks.3.weight (1024, 1024) on G_{1.0,0.0,384}

Initializing transformer.h.6.attn.c_attn.blocks.0.: k=1, G_{1.0,0.0,384}, type=None
  Initialized transformer.h.7.attn.c_attn.blocks.1.weight (1024, 1024) on G_{1.0,0.0,384}

Initializing transformer.h.7.attn.c_attn.blocks.2.: k=1, G_{1.0,0.0,384}, type=None
  Initialized transformer.h.5.mlp.c_fc.blocks.0.weight (1024, 1024) on G_{1.0,0.0,384}

Initializing transformer.h.5.mlp.c_fc.blocks.1.: k=1, G_{1.0,0.0,384}, type=None
  Initialized transformer.h.6.attn.c_attn.blocks.0.weight (1024, 1024) on G_{1.0,0.0,384}

Initializing transformer.h.6.attn.c_attn.blocks.1.: k=1, G_{1.0,0.0,384}, type=None
  Initialized transformer.h.7.attn.c_attn.blocks.2.weight (1024, 1024) on G_{1.0,0.0,384}

Initializing transformer.h.7.mlp.c_fc.blocks.0.: k=1, G_{1.0,0.0,384}, type=None
  Initialized transformer.h.5.mlp.c_fc.blocks.1.weight (1024, 1024) on G_{1.0,0.0,384}

Initializing transformer.h.5.mlp.c_fc.blocks.2.: k=1, G_{1.0,0.0,384}, type=None
  Initialized transformer.h.6.attn.c_attn.blocks.1.weight (1024, 1024) on G_{1.0,0.0,384}

Initializing transformer.h.6.attn.c_attn.blocks.2.: k=1, G_{1.0,0.0,384}, type=None
  Initialized transformer.h.7.mlp.c_fc.blocks.0.weight (1024, 1024) on G_{1.0,0.0,384}

Initializing transformer.h.7.mlp.c_fc.blocks.1.: k=1, G_{1.0,0.0,384}, type=None
  Initialized transformer.h.5.mlp.c_fc.blocks.2.weight (1024, 1024) on G_{1.0,0.0,384}

Initializing transformer.h.5.mlp.c_fc.blocks.3.: k=1, G_{1.0,0.0,384}, type=None
  Initialized transformer.h.6.attn.c_attn.blocks.2.weight (1024, 1024) on G_{1.0,0.0,384}

Initializing transformer.h.6.mlp.c_fc.blocks.0.: k=1, G_{1.0,0.0,384}, type=None
  Initialized transformer.h.7.mlp.c_fc.blocks.1.weight (1024, 1024) on G_{1.0,0.0,384}

Initializing transformer.h.7.mlp.c_fc.blocks.2.: k=1, G_{1.0,0.0,384}, type=None
  Initialized transformer.h.5.mlp.c_fc.blocks.3.weight (1024, 1024) on G_{1.0,0.0,384}

Initializing transformer.h.6.attn.c_attn.blocks.0.: k=1, G_{1.0,0.0,384}, type=None
  Initialized transformer.h.6.mlp.c_fc.blocks.0.weight (1024, 1024) on G_{1.0,0.0,384}

Initializing transformer.h.6.mlp.c_fc.blocks.1.: k=1, G_{1.0,0.0,384}, type=None
  Initialized transformer.h.7.mlp.c_fc.blocks.2.weight (1024, 1024) on G_{1.0,0.0,384}

Initializing transformer.h.7.mlp.c_fc.blocks.3.: k=1, G_{1.0,0.0,384}, type=None
  Initialized transformer.h.6.attn.c_attn.blocks.0.weight (1024, 1024) on G_{1.0,0.0,384}

Initializing transformer.h.6.attn.c_attn.blocks.1.: k=1, G_{1.0,0.0,384}, type=None
  Initialized transformer.h.6.mlp.c_fc.blocks.1.weight (1024, 1024) on G_{1.0,0.0,384}

Initializing transformer.h.6.mlp.c_fc.blocks.2.: k=1, G_{1.0,0.0,384}, type=None
  Initialized transformer.h.7.mlp.c_fc.blocks.3.weight (1024, 1024) on G_{1.0,0.0,384}

Initializing transformer.h.8.attn.c_attn.blocks.0.: k=1, G_{1.0,0.0,384}, type=None
  Initialized transformer.h.6.attn.c_attn.blocks.1.weight (1024, 1024) on G_{1.0,0.0,384}

Initializing transformer.h.6.attn.c_attn.blocks.2.: k=1, G_{1.0,0.0,384}, type=None
  Initialized transformer.h.6.mlp.c_fc.blocks.2.weight (1024, 1024) on G_{1.0,0.0,384}

Initializing transformer.h.6.mlp.c_fc.blocks.3.: k=1, G_{1.0,0.0,384}, type=None
  Initialized transformer.h.8.attn.c_attn.blocks.0.weight (1024, 1024) on G_{1.0,0.0,384}

Initializing transformer.h.8.attn.c_attn.blocks.1.: k=1, G_{1.0,0.0,384}, type=None
  Initialized transformer.h.6.attn.c_attn.blocks.2.weight (1024, 1024) on G_{1.0,0.0,384}

Initializing transformer.h.6.mlp.c_fc.blocks.0.: k=1, G_{1.0,0.0,384}, type=None
  Initialized transformer.h.6.mlp.c_fc.blocks.3.weight (1024, 1024) on G_{1.0,0.0,384}

Initializing transformer.h.7.attn.c_attn.blocks.0.: k=1, G_{1.0,0.0,384}, type=None
  Initialized transformer.h.8.attn.c_attn.blocks.1.weight (1024, 1024) on G_{1.0,0.0,384}

Initializing transformer.h.8.attn.c_attn.blocks.2.: k=1, G_{1.0,0.0,384}, type=None
  Initialized transformer.h.6.mlp.c_fc.blocks.0.weight (1024, 1024) on G_{1.0,0.0,384}

Initializing transformer.h.6.mlp.c_fc.blocks.1.: k=1, G_{1.0,0.0,384}, type=None
  Initialized transformer.h.7.attn.c_attn.blocks.0.weight (1024, 1024) on G_{1.0,0.0,384}

Initializing transformer.h.7.attn.c_attn.blocks.1.: k=1, G_{1.0,0.0,384}, type=None
  Initialized transformer.h.8.attn.c_attn.blocks.2.weight (1024, 1024) on G_{1.0,0.0,384}

Initializing transformer.h.8.mlp.c_fc.blocks.0.: k=1, G_{1.0,0.0,384}, type=None
  Initialized transformer.h.6.mlp.c_fc.blocks.1.weight (1024, 1024) on G_{1.0,0.0,384}

Initializing transformer.h.6.mlp.c_fc.blocks.2.: k=1, G_{1.0,0.0,384}, type=None
  Initialized transformer.h.7.attn.c_attn.blocks.1.weight (1024, 1024) on G_{1.0,0.0,384}

Initializing transformer.h.7.attn.c_attn.blocks.2.: k=1, G_{1.0,0.0,384}, type=None
  Initialized transformer.h.8.mlp.c_fc.blocks.0.weight (1024, 1024) on G_{1.0,0.0,384}

Initializing transformer.h.8.mlp.c_fc.blocks.1.: k=1, G_{1.0,0.0,384}, type=None
  Initialized transformer.h.6.mlp.c_fc.blocks.2.weight (1024, 1024) on G_{1.0,0.0,384}

Initializing transformer.h.6.mlp.c_fc.blocks.3.: k=1, G_{1.0,0.0,384}, type=None
  Initialized transformer.h.7.attn.c_attn.blocks.2.weight (1024, 1024) on G_{1.0,0.0,384}

Initializing transformer.h.7.mlp.c_fc.blocks.0.: k=1, G_{1.0,0.0,384}, type=None
  Initialized transformer.h.8.mlp.c_fc.blocks.1.weight (1024, 1024) on G_{1.0,0.0,384}

Initializing transformer.h.8.mlp.c_fc.blocks.2.: k=1, G_{1.0,0.0,384}, type=None
  Initialized transformer.h.6.mlp.c_fc.blocks.3.weight (1024, 1024) on G_{1.0,0.0,384}

Initializing transformer.h.7.attn.c_attn.blocks.0.: k=1, G_{1.0,0.0,384}, type=None
  Initialized transformer.h.7.mlp.c_fc.blocks.0.weight (1024, 1024) on G_{1.0,0.0,384}

Initializing transformer.h.7.mlp.c_fc.blocks.1.: k=1, G_{1.0,0.0,384}, type=None
  Initialized transformer.h.8.mlp.c_fc.blocks.2.weight (1024, 1024) on G_{1.0,0.0,384}

Initializing transformer.h.8.mlp.c_fc.blocks.3.: k=1, G_{1.0,0.0,384}, type=None
  Initialized transformer.h.7.attn.c_attn.blocks.0.weight (1024, 1024) on G_{1.0,0.0,384}

Initializing transformer.h.7.attn.c_attn.blocks.1.: k=1, G_{1.0,0.0,384}, type=None
  Initialized transformer.h.7.mlp.c_fc.blocks.1.weight (1024, 1024) on G_{1.0,0.0,384}

Initializing transformer.h.7.mlp.c_fc.blocks.2.: k=1, G_{1.0,0.0,384}, type=None
  Initialized transformer.h.8.mlp.c_fc.blocks.3.weight (1024, 1024) on G_{1.0,0.0,384}

Initializing transformer.h.9.attn.c_attn.blocks.0.: k=1, G_{1.0,0.0,384}, type=None
  Initialized transformer.h.7.attn.c_attn.blocks.1.weight (1024, 1024) on G_{1.0,0.0,384}

Initializing transformer.h.7.attn.c_attn.blocks.2.: k=1, G_{1.0,0.0,384}, type=None
  Initialized transformer.h.7.mlp.c_fc.blocks.2.weight (1024, 1024) on G_{1.0,0.0,384}

Initializing transformer.h.7.mlp.c_fc.blocks.3.: k=1, G_{1.0,0.0,384}, type=None
  Initialized transformer.h.9.attn.c_attn.blocks.0.weight (1024, 1024) on G_{1.0,0.0,384}

Initializing transformer.h.9.attn.c_attn.blocks.1.: k=1, G_{1.0,0.0,384}, type=None
  Initialized transformer.h.7.attn.c_attn.blocks.2.weight (1024, 1024) on G_{1.0,0.0,384}

Initializing transformer.h.7.mlp.c_fc.blocks.0.: k=1, G_{1.0,0.0,384}, type=None
  Initialized transformer.h.7.mlp.c_fc.blocks.3.weight (1024, 1024) on G_{1.0,0.0,384}

Initializing transformer.h.8.attn.c_attn.blocks.0.: k=1, G_{1.0,0.0,384}, type=None
  Initialized transformer.h.9.attn.c_attn.blocks.1.weight (1024, 1024) on G_{1.0,0.0,384}

Initializing transformer.h.9.attn.c_attn.blocks.2.: k=1, G_{1.0,0.0,384}, type=None
  Initialized transformer.h.7.mlp.c_fc.blocks.0.weight (1024, 1024) on G_{1.0,0.0,384}

Initializing transformer.h.7.mlp.c_fc.blocks.1.: k=1, G_{1.0,0.0,384}, type=None
  Initialized transformer.h.8.attn.c_attn.blocks.0.weight (1024, 1024) on G_{1.0,0.0,384}

Initializing transformer.h.8.attn.c_attn.blocks.1.: k=1, G_{1.0,0.0,384}, type=None
  Initialized transformer.h.9.attn.c_attn.blocks.2.weight (1024, 1024) on G_{1.0,0.0,384}

Initializing transformer.h.9.mlp.c_fc.blocks.0.: k=1, G_{1.0,0.0,384}, type=None
  Initialized transformer.h.7.mlp.c_fc.blocks.1.weight (1024, 1024) on G_{1.0,0.0,384}

Initializing transformer.h.7.mlp.c_fc.blocks.2.: k=1, G_{1.0,0.0,384}, type=None
  Initialized transformer.h.8.attn.c_attn.blocks.1.weight (1024, 1024) on G_{1.0,0.0,384}

Initializing transformer.h.8.attn.c_attn.blocks.2.: k=1, G_{1.0,0.0,384}, type=None
  Initialized transformer.h.9.mlp.c_fc.blocks.0.weight (1024, 1024) on G_{1.0,0.0,384}

Initializing transformer.h.9.mlp.c_fc.blocks.1.: k=1, G_{1.0,0.0,384}, type=None
  Initialized transformer.h.7.mlp.c_fc.blocks.2.weight (1024, 1024) on G_{1.0,0.0,384}

Initializing transformer.h.7.mlp.c_fc.blocks.3.: k=1, G_{1.0,0.0,384}, type=None
  Initialized transformer.h.8.attn.c_attn.blocks.2.weight (1024, 1024) on G_{1.0,0.0,384}

Initializing transformer.h.8.mlp.c_fc.blocks.0.: k=1, G_{1.0,0.0,384}, type=None
  Initialized transformer.h.9.mlp.c_fc.blocks.1.weight (1024, 1024) on G_{1.0,0.0,384}

Initializing transformer.h.9.mlp.c_fc.blocks.2.: k=1, G_{1.0,0.0,384}, type=None
  Initialized transformer.h.7.mlp.c_fc.blocks.3.weight (1024, 1024) on G_{1.0,0.0,384}

Initializing transformer.h.8.attn.c_attn.blocks.0.: k=1, G_{1.0,0.0,384}, type=None
  Initialized transformer.h.8.mlp.c_fc.blocks.0.weight (1024, 1024) on G_{1.0,0.0,384}

Initializing transformer.h.8.mlp.c_fc.blocks.1.: k=1, G_{1.0,0.0,384}, type=None
  Initialized transformer.h.9.mlp.c_fc.blocks.2.weight (1024, 1024) on G_{1.0,0.0,384}

Initializing transformer.h.9.mlp.c_fc.blocks.3.: k=1, G_{1.0,0.0,384}, type=None
  Initialized transformer.h.8.attn.c_attn.blocks.0.weight (1024, 1024) on G_{1.0,0.0,384}

Initializing transformer.h.8.attn.c_attn.blocks.1.: k=1, G_{1.0,0.0,384}, type=None
  Initialized transformer.h.8.mlp.c_fc.blocks.1.weight (1024, 1024) on G_{1.0,0.0,384}

Initializing transformer.h.8.mlp.c_fc.blocks.2.: k=1, G_{1.0,0.0,384}, type=None
  Initialized transformer.h.9.mlp.c_fc.blocks.3.weight (1024, 1024) on G_{1.0,0.0,384}

Initializing transformer.h.10.attn.c_attn.blocks.0.: k=1, G_{1.0,0.0,384}, type=None
  Initialized transformer.h.8.attn.c_attn.blocks.1.weight (1024, 1024) on G_{1.0,0.0,384}

Initializing transformer.h.8.attn.c_attn.blocks.2.: k=1, G_{1.0,0.0,384}, type=None
  Initialized transformer.h.8.mlp.c_fc.blocks.2.weight (1024, 1024) on G_{1.0,0.0,384}

Initializing transformer.h.8.mlp.c_fc.blocks.3.: k=1, G_{1.0,0.0,384}, type=None
  Initialized transformer.h.10.attn.c_attn.blocks.0.weight (1024, 1024) on G_{1.0,0.0,384}

Initializing transformer.h.10.attn.c_attn.blocks.1.: k=1, G_{1.0,0.0,384}, type=None
  Initialized transformer.h.8.attn.c_attn.blocks.2.weight (1024, 1024) on G_{1.0,0.0,384}

Initializing transformer.h.8.mlp.c_fc.blocks.0.: k=1, G_{1.0,0.0,384}, type=None
  Initialized transformer.h.8.mlp.c_fc.blocks.3.weight (1024, 1024) on G_{1.0,0.0,384}

Initializing transformer.h.9.attn.c_attn.blocks.0.: k=1, G_{1.0,0.0,384}, type=None
  Initialized transformer.h.10.attn.c_attn.blocks.1.weight (1024, 1024) on G_{1.0,0.0,384}

Initializing transformer.h.10.attn.c_attn.blocks.2.: k=1, G_{1.0,0.0,384}, type=None
  Initialized transformer.h.8.mlp.c_fc.blocks.0.weight (1024, 1024) on G_{1.0,0.0,384}

Initializing transformer.h.8.mlp.c_fc.blocks.1.: k=1, G_{1.0,0.0,384}, type=None
  Initialized transformer.h.9.attn.c_attn.blocks.0.weight (1024, 1024) on G_{1.0,0.0,384}

Initializing transformer.h.9.attn.c_attn.blocks.1.: k=1, G_{1.0,0.0,384}, type=None
  Initialized transformer.h.10.attn.c_attn.blocks.2.weight (1024, 1024) on G_{1.0,0.0,384}

Initializing transformer.h.10.mlp.c_fc.blocks.0.: k=1, G_{1.0,0.0,384}, type=None
  Initialized transformer.h.8.mlp.c_fc.blocks.1.weight (1024, 1024) on G_{1.0,0.0,384}

Initializing transformer.h.8.mlp.c_fc.blocks.2.: k=1, G_{1.0,0.0,384}, type=None
  Initialized transformer.h.9.attn.c_attn.blocks.1.weight (1024, 1024) on G_{1.0,0.0,384}

Initializing transformer.h.9.attn.c_attn.blocks.2.: k=1, G_{1.0,0.0,384}, type=None
  Initialized transformer.h.10.mlp.c_fc.blocks.0.weight (1024, 1024) on G_{1.0,0.0,384}

Initializing transformer.h.10.mlp.c_fc.blocks.1.: k=1, G_{1.0,0.0,384}, type=None
  Initialized transformer.h.8.mlp.c_fc.blocks.2.weight (1024, 1024) on G_{1.0,0.0,384}

Initializing transformer.h.8.mlp.c_fc.blocks.3.: k=1, G_{1.0,0.0,384}, type=None
  Initialized transformer.h.9.attn.c_attn.blocks.2.weight (1024, 1024) on G_{1.0,0.0,384}

Initializing transformer.h.9.mlp.c_fc.blocks.0.: k=1, G_{1.0,0.0,384}, type=None
  Initialized transformer.h.10.mlp.c_fc.blocks.1.weight (1024, 1024) on G_{1.0,0.0,384}

Initializing transformer.h.10.mlp.c_fc.blocks.2.: k=1, G_{1.0,0.0,384}, type=None
  Initialized transformer.h.8.mlp.c_fc.blocks.3.weight (1024, 1024) on G_{1.0,0.0,384}

Initializing transformer.h.9.attn.c_attn.blocks.0.: k=1, G_{1.0,0.0,384}, type=None
  Initialized transformer.h.9.mlp.c_fc.blocks.0.weight (1024, 1024) on G_{1.0,0.0,384}

Initializing transformer.h.9.mlp.c_fc.blocks.1.: k=1, G_{1.0,0.0,384}, type=None
  Initialized transformer.h.10.mlp.c_fc.blocks.2.weight (1024, 1024) on G_{1.0,0.0,384}

Initializing transformer.h.10.mlp.c_fc.blocks.3.: k=1, G_{1.0,0.0,384}, type=None
  Initialized transformer.h.9.attn.c_attn.blocks.0.weight (1024, 1024) on G_{1.0,0.0,384}

Initializing transformer.h.9.attn.c_attn.blocks.1.: k=1, G_{1.0,0.0,384}, type=None
  Initialized transformer.h.9.mlp.c_fc.blocks.1.weight (1024, 1024) on G_{1.0,0.0,384}

Initializing transformer.h.9.mlp.c_fc.blocks.2.: k=1, G_{1.0,0.0,384}, type=None
  Initialized transformer.h.10.mlp.c_fc.blocks.3.weight (1024, 1024) on G_{1.0,0.0,384}

Initializing transformer.h.11.attn.c_attn.blocks.0.: k=1, G_{1.0,0.0,384}, type=None
  Initialized transformer.h.9.attn.c_attn.blocks.1.weight (1024, 1024) on G_{1.0,0.0,384}

Initializing transformer.h.9.attn.c_attn.blocks.2.: k=1, G_{1.0,0.0,384}, type=None
  Initialized transformer.h.9.mlp.c_fc.blocks.2.weight (1024, 1024) on G_{1.0,0.0,384}

Initializing transformer.h.9.mlp.c_fc.blocks.3.: k=1, G_{1.0,0.0,384}, type=None
  Initialized transformer.h.11.attn.c_attn.blocks.0.weight (1024, 1024) on G_{1.0,0.0,384}

Initializing transformer.h.11.attn.c_attn.blocks.1.: k=1, G_{1.0,0.0,384}, type=None
  Initialized transformer.h.9.attn.c_attn.blocks.2.weight (1024, 1024) on G_{1.0,0.0,384}

Initializing transformer.h.9.mlp.c_fc.blocks.0.: k=1, G_{1.0,0.0,384}, type=None
  Initialized transformer.h.9.mlp.c_fc.blocks.3.weight (1024, 1024) on G_{1.0,0.0,384}

Initializing transformer.h.10.attn.c_attn.blocks.0.: k=1, G_{1.0,0.0,384}, type=None
  Initialized transformer.h.11.attn.c_attn.blocks.1.weight (1024, 1024) on G_{1.0,0.0,384}

Initializing transformer.h.11.attn.c_attn.blocks.2.: k=1, G_{1.0,0.0,384}, type=None
  Initialized transformer.h.9.mlp.c_fc.blocks.0.weight (1024, 1024) on G_{1.0,0.0,384}

Initializing transformer.h.9.mlp.c_fc.blocks.1.: k=1, G_{1.0,0.0,384}, type=None
  Initialized transformer.h.10.attn.c_attn.blocks.0.weight (1024, 1024) on G_{1.0,0.0,384}

Initializing transformer.h.10.attn.c_attn.blocks.1.: k=1, G_{1.0,0.0,384}, type=None
  Initialized transformer.h.11.attn.c_attn.blocks.2.weight (1024, 1024) on G_{1.0,0.0,384}

Initializing transformer.h.11.mlp.c_fc.blocks.0.: k=1, G_{1.0,0.0,384}, type=None
  Initialized transformer.h.9.mlp.c_fc.blocks.1.weight (1024, 1024) on G_{1.0,0.0,384}

Initializing transformer.h.9.mlp.c_fc.blocks.2.: k=1, G_{1.0,0.0,384}, type=None
  Initialized transformer.h.10.attn.c_attn.blocks.1.weight (1024, 1024) on G_{1.0,0.0,384}

Initializing transformer.h.10.attn.c_attn.blocks.2.: k=1, G_{1.0,0.0,384}, type=None
  Initialized transformer.h.11.mlp.c_fc.blocks.0.weight (1024, 1024) on G_{1.0,0.0,384}

Initializing transformer.h.11.mlp.c_fc.blocks.1.: k=1, G_{1.0,0.0,384}, type=None
  Initialized transformer.h.9.mlp.c_fc.blocks.2.weight (1024, 1024) on G_{1.0,0.0,384}

Initializing transformer.h.9.mlp.c_fc.blocks.3.: k=1, G_{1.0,0.0,384}, type=None
  Initialized transformer.h.10.attn.c_attn.blocks.2.weight (1024, 1024) on G_{1.0,0.0,384}

Initializing transformer.h.10.mlp.c_fc.blocks.0.: k=1, G_{1.0,0.0,384}, type=None
  Initialized transformer.h.11.mlp.c_fc.blocks.1.weight (1024, 1024) on G_{1.0,0.0,384}

Initializing transformer.h.11.mlp.c_fc.blocks.2.: k=1, G_{1.0,0.0,384}, type=None
  Initialized transformer.h.9.mlp.c_fc.blocks.3.weight (1024, 1024) on G_{1.0,0.0,384}

Initializing transformer.h.10.attn.c_attn.blocks.0.: k=1, G_{1.0,0.0,384}, type=None
  Initialized transformer.h.10.mlp.c_fc.blocks.0.weight (1024, 1024) on G_{1.0,0.0,384}

Initializing transformer.h.10.mlp.c_fc.blocks.1.: k=1, G_{1.0,0.0,384}, type=None
  Initialized transformer.h.11.mlp.c_fc.blocks.2.weight (1024, 1024) on G_{1.0,0.0,384}

Initializing transformer.h.11.mlp.c_fc.blocks.3.: k=1, G_{1.0,0.0,384}, type=None
  Initialized transformer.h.10.attn.c_attn.blocks.0.weight (1024, 1024) on G_{1.0,0.0,384}

Initializing transformer.h.10.attn.c_attn.blocks.1.: k=1, G_{1.0,0.0,384}, type=None
  Initialized transformer.h.10.mlp.c_fc.blocks.1.weight (1024, 1024) on G_{1.0,0.0,384}

Initializing transformer.h.10.mlp.c_fc.blocks.2.: k=1, G_{1.0,0.0,384}, type=None
  Initialized transformer.h.11.mlp.c_fc.blocks.3.weight (1024, 1024) on G_{1.0,0.0,384}

Initializing transformer.h.12.attn.c_attn.blocks.0.: k=1, G_{1.0,0.0,384}, type=None
  Initialized transformer.h.10.attn.c_attn.blocks.1.weight (1024, 1024) on G_{1.0,0.0,384}

Initializing transformer.h.10.attn.c_attn.blocks.2.: k=1, G_{1.0,0.0,384}, type=None
  Initialized transformer.h.10.mlp.c_fc.blocks.2.weight (1024, 1024) on G_{1.0,0.0,384}

Initializing transformer.h.10.mlp.c_fc.blocks.3.: k=1, G_{1.0,0.0,384}, type=None
  Initialized transformer.h.12.attn.c_attn.blocks.0.weight (1024, 1024) on G_{1.0,0.0,384}

Initializing transformer.h.12.attn.c_attn.blocks.1.: k=1, G_{1.0,0.0,384}, type=None
  Initialized transformer.h.10.attn.c_attn.blocks.2.weight (1024, 1024) on G_{1.0,0.0,384}

Initializing transformer.h.10.mlp.c_fc.blocks.0.: k=1, G_{1.0,0.0,384}, type=None
  Initialized transformer.h.10.mlp.c_fc.blocks.3.weight (1024, 1024) on G_{1.0,0.0,384}

Initializing transformer.h.11.attn.c_attn.blocks.0.: k=1, G_{1.0,0.0,384}, type=None
  Initialized transformer.h.12.attn.c_attn.blocks.1.weight (1024, 1024) on G_{1.0,0.0,384}

Initializing transformer.h.12.attn.c_attn.blocks.2.: k=1, G_{1.0,0.0,384}, type=None
  Initialized transformer.h.10.mlp.c_fc.blocks.0.weight (1024, 1024) on G_{1.0,0.0,384}

Initializing transformer.h.10.mlp.c_fc.blocks.1.: k=1, G_{1.0,0.0,384}, type=None
  Initialized transformer.h.11.attn.c_attn.blocks.0.weight (1024, 1024) on G_{1.0,0.0,384}

Initializing transformer.h.11.attn.c_attn.blocks.1.: k=1, G_{1.0,0.0,384}, type=None
  Initialized transformer.h.12.attn.c_attn.blocks.2.weight (1024, 1024) on G_{1.0,0.0,384}

Initializing transformer.h.12.mlp.c_fc.blocks.0.: k=1, G_{1.0,0.0,384}, type=None
  Initialized transformer.h.10.mlp.c_fc.blocks.1.weight (1024, 1024) on G_{1.0,0.0,384}

Initializing transformer.h.10.mlp.c_fc.blocks.2.: k=1, G_{1.0,0.0,384}, type=None
  Initialized transformer.h.11.attn.c_attn.blocks.1.weight (1024, 1024) on G_{1.0,0.0,384}

Initializing transformer.h.11.attn.c_attn.blocks.2.: k=1, G_{1.0,0.0,384}, type=None
  Initialized transformer.h.12.mlp.c_fc.blocks.0.weight (1024, 1024) on G_{1.0,0.0,384}

Initializing transformer.h.12.mlp.c_fc.blocks.1.: k=1, G_{1.0,0.0,384}, type=None
  Initialized transformer.h.10.mlp.c_fc.blocks.2.weight (1024, 1024) on G_{1.0,0.0,384}

Initializing transformer.h.10.mlp.c_fc.blocks.3.: k=1, G_{1.0,0.0,384}, type=None
  Initialized transformer.h.11.attn.c_attn.blocks.2.weight (1024, 1024) on G_{1.0,0.0,384}

Initializing transformer.h.11.mlp.c_fc.blocks.0.: k=1, G_{1.0,0.0,384}, type=None
  Initialized transformer.h.12.mlp.c_fc.blocks.1.weight (1024, 1024) on G_{1.0,0.0,384}

Initializing transformer.h.12.mlp.c_fc.blocks.2.: k=1, G_{1.0,0.0,384}, type=None
  Initialized transformer.h.10.mlp.c_fc.blocks.3.weight (1024, 1024) on G_{1.0,0.0,384}
  Initialized transformer.h.11.mlp.c_fc.blocks.0.weight (1024, 1024) on G_{1.0,0.0,384}

Initializing transformer.h.11.attn.c_attn.blocks.0.: k=1, G_{1.0,0.0,384}, type=None

Initializing transformer.h.11.mlp.c_fc.blocks.1.: k=1, G_{1.0,0.0,384}, type=None
  Initialized transformer.h.12.mlp.c_fc.blocks.2.weight (1024, 1024) on G_{1.0,0.0,384}

Initializing transformer.h.12.mlp.c_fc.blocks.3.: k=1, G_{1.0,0.0,384}, type=None
  Initialized transformer.h.11.attn.c_attn.blocks.0.weight (1024, 1024) on G_{1.0,0.0,384}
  Initialized transformer.h.11.mlp.c_fc.blocks.1.weight (1024, 1024) on G_{1.0,0.0,384}

Initializing transformer.h.11.attn.c_attn.blocks.1.: k=1, G_{1.0,0.0,384}, type=None

Initializing transformer.h.11.mlp.c_fc.blocks.2.: k=1, G_{1.0,0.0,384}, type=None
  Initialized transformer.h.12.mlp.c_fc.blocks.3.weight (1024, 1024) on G_{1.0,0.0,384}

Initializing transformer.h.13.attn.c_attn.blocks.0.: k=1, G_{1.0,0.0,384}, type=None
  Initialized transformer.h.11.attn.c_attn.blocks.1.weight (1024, 1024) on G_{1.0,0.0,384}
  Initialized transformer.h.11.mlp.c_fc.blocks.2.weight (1024, 1024) on G_{1.0,0.0,384}

Initializing transformer.h.11.attn.c_attn.blocks.2.: k=1, G_{1.0,0.0,384}, type=None

Initializing transformer.h.11.mlp.c_fc.blocks.3.: k=1, G_{1.0,0.0,384}, type=None
  Initialized transformer.h.13.attn.c_attn.blocks.0.weight (1024, 1024) on G_{1.0,0.0,384}

Initializing transformer.h.13.attn.c_attn.blocks.1.: k=1, G_{1.0,0.0,384}, type=None
  Initialized transformer.h.11.attn.c_attn.blocks.2.weight (1024, 1024) on G_{1.0,0.0,384}
  Initialized transformer.h.11.mlp.c_fc.blocks.3.weight (1024, 1024) on G_{1.0,0.0,384}

Initializing transformer.h.11.mlp.c_fc.blocks.0.: k=1, G_{1.0,0.0,384}, type=None

Initializing transformer.h.12.attn.c_attn.blocks.0.: k=1, G_{1.0,0.0,384}, type=None
  Initialized transformer.h.13.attn.c_attn.blocks.1.weight (1024, 1024) on G_{1.0,0.0,384}

Initializing transformer.h.13.attn.c_attn.blocks.2.: k=1, G_{1.0,0.0,384}, type=None
  Initialized transformer.h.11.mlp.c_fc.blocks.0.weight (1024, 1024) on G_{1.0,0.0,384}
  Initialized transformer.h.12.attn.c_attn.blocks.0.weight (1024, 1024) on G_{1.0,0.0,384}

Initializing transformer.h.11.mlp.c_fc.blocks.1.: k=1, G_{1.0,0.0,384}, type=None

Initializing transformer.h.12.attn.c_attn.blocks.1.: k=1, G_{1.0,0.0,384}, type=None
  Initialized transformer.h.13.attn.c_attn.blocks.2.weight (1024, 1024) on G_{1.0,0.0,384}

Initializing transformer.h.13.mlp.c_fc.blocks.0.: k=1, G_{1.0,0.0,384}, type=None
  Initialized transformer.h.11.mlp.c_fc.blocks.1.weight (1024, 1024) on G_{1.0,0.0,384}
  Initialized transformer.h.12.attn.c_attn.blocks.1.weight (1024, 1024) on G_{1.0,0.0,384}

Initializing transformer.h.11.mlp.c_fc.blocks.2.: k=1, G_{1.0,0.0,384}, type=None

Initializing transformer.h.12.attn.c_attn.blocks.2.: k=1, G_{1.0,0.0,384}, type=None
  Initialized transformer.h.13.mlp.c_fc.blocks.0.weight (1024, 1024) on G_{1.0,0.0,384}

Initializing transformer.h.13.mlp.c_fc.blocks.1.: k=1, G_{1.0,0.0,384}, type=None
  Initialized transformer.h.11.mlp.c_fc.blocks.2.weight (1024, 1024) on G_{1.0,0.0,384}
  Initialized transformer.h.12.attn.c_attn.blocks.2.weight (1024, 1024) on G_{1.0,0.0,384}

Initializing transformer.h.11.mlp.c_fc.blocks.3.: k=1, G_{1.0,0.0,384}, type=None

Initializing transformer.h.12.mlp.c_fc.blocks.0.: k=1, G_{1.0,0.0,384}, type=None
  Initialized transformer.h.13.mlp.c_fc.blocks.1.weight (1024, 1024) on G_{1.0,0.0,384}

Initializing transformer.h.13.mlp.c_fc.blocks.2.: k=1, G_{1.0,0.0,384}, type=None
  Initialized transformer.h.11.mlp.c_fc.blocks.3.weight (1024, 1024) on G_{1.0,0.0,384}
  Initialized transformer.h.12.mlp.c_fc.blocks.0.weight (1024, 1024) on G_{1.0,0.0,384}

Initializing transformer.h.12.attn.c_attn.blocks.0.: k=1, G_{1.0,0.0,384}, type=None

Initializing transformer.h.12.mlp.c_fc.blocks.1.: k=1, G_{1.0,0.0,384}, type=None
  Initialized transformer.h.13.mlp.c_fc.blocks.2.weight (1024, 1024) on G_{1.0,0.0,384}

Initializing transformer.h.13.mlp.c_fc.blocks.3.: k=1, G_{1.0,0.0,384}, type=None
  Initialized transformer.h.12.attn.c_attn.blocks.0.weight (1024, 1024) on G_{1.0,0.0,384}
  Initialized transformer.h.12.mlp.c_fc.blocks.1.weight (1024, 1024) on G_{1.0,0.0,384}

Initializing transformer.h.12.attn.c_attn.blocks.1.: k=1, G_{1.0,0.0,384}, type=None

Initializing transformer.h.12.mlp.c_fc.blocks.2.: k=1, G_{1.0,0.0,384}, type=None
  Initialized transformer.h.13.mlp.c_fc.blocks.3.weight (1024, 1024) on G_{1.0,0.0,384}

Initializing transformer.h.14.attn.c_attn.blocks.0.: k=1, G_{1.0,0.0,384}, type=None
  Initialized transformer.h.12.attn.c_attn.blocks.1.weight (1024, 1024) on G_{1.0,0.0,384}
  Initialized transformer.h.12.mlp.c_fc.blocks.2.weight (1024, 1024) on G_{1.0,0.0,384}

Initializing transformer.h.12.attn.c_attn.blocks.2.: k=1, G_{1.0,0.0,384}, type=None

Initializing transformer.h.12.mlp.c_fc.blocks.3.: k=1, G_{1.0,0.0,384}, type=None
  Initialized transformer.h.14.attn.c_attn.blocks.0.weight (1024, 1024) on G_{1.0,0.0,384}

Initializing transformer.h.14.attn.c_attn.blocks.1.: k=1, G_{1.0,0.0,384}, type=None
  Initialized transformer.h.12.mlp.c_fc.blocks.3.weight (1024, 1024) on G_{1.0,0.0,384}
  Initialized transformer.h.12.attn.c_attn.blocks.2.weight (1024, 1024) on G_{1.0,0.0,384}

Initializing transformer.h.12.mlp.c_fc.blocks.0.: k=1, G_{1.0,0.0,384}, type=None

Initializing transformer.h.13.attn.c_attn.blocks.0.: k=1, G_{1.0,0.0,384}, type=None
  Initialized transformer.h.14.attn.c_attn.blocks.1.weight (1024, 1024) on G_{1.0,0.0,384}

Initializing transformer.h.14.attn.c_attn.blocks.2.: k=1, G_{1.0,0.0,384}, type=None
  Initialized transformer.h.13.attn.c_attn.blocks.0.weight (1024, 1024) on G_{1.0,0.0,384}
  Initialized transformer.h.12.mlp.c_fc.blocks.0.weight (1024, 1024) on G_{1.0,0.0,384}

Initializing transformer.h.12.mlp.c_fc.blocks.1.: k=1, G_{1.0,0.0,384}, type=None

Initializing transformer.h.13.attn.c_attn.blocks.1.: k=1, G_{1.0,0.0,384}, type=None
  Initialized transformer.h.14.attn.c_attn.blocks.2.weight (1024, 1024) on G_{1.0,0.0,384}

Initializing transformer.h.14.mlp.c_fc.blocks.0.: k=1, G_{1.0,0.0,384}, type=None
  Initialized transformer.h.13.attn.c_attn.blocks.1.weight (1024, 1024) on G_{1.0,0.0,384}
  Initialized transformer.h.12.mlp.c_fc.blocks.1.weight (1024, 1024) on G_{1.0,0.0,384}

Initializing transformer.h.12.mlp.c_fc.blocks.2.: k=1, G_{1.0,0.0,384}, type=None

Initializing transformer.h.13.attn.c_attn.blocks.2.: k=1, G_{1.0,0.0,384}, type=None
  Initialized transformer.h.14.mlp.c_fc.blocks.0.weight (1024, 1024) on G_{1.0,0.0,384}

Initializing transformer.h.14.mlp.c_fc.blocks.1.: k=1, G_{1.0,0.0,384}, type=None
  Initialized transformer.h.13.attn.c_attn.blocks.2.weight (1024, 1024) on G_{1.0,0.0,384}
  Initialized transformer.h.12.mlp.c_fc.blocks.2.weight (1024, 1024) on G_{1.0,0.0,384}

Initializing transformer.h.12.mlp.c_fc.blocks.3.: k=1, G_{1.0,0.0,384}, type=None

Initializing transformer.h.13.mlp.c_fc.blocks.0.: k=1, G_{1.0,0.0,384}, type=None
  Initialized transformer.h.14.mlp.c_fc.blocks.1.weight (1024, 1024) on G_{1.0,0.0,384}

Initializing transformer.h.14.mlp.c_fc.blocks.2.: k=1, G_{1.0,0.0,384}, type=None
  Initialized transformer.h.13.mlp.c_fc.blocks.0.weight (1024, 1024) on G_{1.0,0.0,384}
  Initialized transformer.h.12.mlp.c_fc.blocks.3.weight (1024, 1024) on G_{1.0,0.0,384}

Initializing transformer.h.13.attn.c_attn.blocks.0.: k=1, G_{1.0,0.0,384}, type=None

Initializing transformer.h.13.mlp.c_fc.blocks.1.: k=1, G_{1.0,0.0,384}, type=None
  Initialized transformer.h.14.mlp.c_fc.blocks.2.weight (1024, 1024) on G_{1.0,0.0,384}

Initializing transformer.h.14.mlp.c_fc.blocks.3.: k=1, G_{1.0,0.0,384}, type=None
  Initialized transformer.h.13.mlp.c_fc.blocks.1.weight (1024, 1024) on G_{1.0,0.0,384}
  Initialized transformer.h.13.attn.c_attn.blocks.0.weight (1024, 1024) on G_{1.0,0.0,384}

Initializing transformer.h.13.attn.c_attn.blocks.1.: k=1, G_{1.0,0.0,384}, type=None

Initializing transformer.h.13.mlp.c_fc.blocks.2.: k=1, G_{1.0,0.0,384}, type=None
  Initialized transformer.h.14.mlp.c_fc.blocks.3.weight (1024, 1024) on G_{1.0,0.0,384}

Initializing transformer.h.15.attn.c_attn.blocks.0.: k=1, G_{1.0,0.0,384}, type=None
  Initialized transformer.h.13.mlp.c_fc.blocks.2.weight (1024, 1024) on G_{1.0,0.0,384}
  Initialized transformer.h.13.attn.c_attn.blocks.1.weight (1024, 1024) on G_{1.0,0.0,384}

Initializing transformer.h.13.mlp.c_fc.blocks.3.: k=1, G_{1.0,0.0,384}, type=None

Initializing transformer.h.13.attn.c_attn.blocks.2.: k=1, G_{1.0,0.0,384}, type=None
  Initialized transformer.h.15.attn.c_attn.blocks.0.weight (1024, 1024) on G_{1.0,0.0,384}

Initializing transformer.h.15.attn.c_attn.blocks.1.: k=1, G_{1.0,0.0,384}, type=None
  Initialized transformer.h.13.mlp.c_fc.blocks.3.weight (1024, 1024) on G_{1.0,0.0,384}
  Initialized transformer.h.13.attn.c_attn.blocks.2.weight (1024, 1024) on G_{1.0,0.0,384}

Initializing transformer.h.14.attn.c_attn.blocks.0.: k=1, G_{1.0,0.0,384}, type=None

Initializing transformer.h.13.mlp.c_fc.blocks.0.: k=1, G_{1.0,0.0,384}, type=None
  Initialized transformer.h.15.attn.c_attn.blocks.1.weight (1024, 1024) on G_{1.0,0.0,384}

Initializing transformer.h.15.attn.c_attn.blocks.2.: k=1, G_{1.0,0.0,384}, type=None
  Initialized transformer.h.14.attn.c_attn.blocks.0.weight (1024, 1024) on G_{1.0,0.0,384}
  Initialized transformer.h.13.mlp.c_fc.blocks.0.weight (1024, 1024) on G_{1.0,0.0,384}

Initializing transformer.h.14.attn.c_attn.blocks.1.: k=1, G_{1.0,0.0,384}, type=None

Initializing transformer.h.13.mlp.c_fc.blocks.1.: k=1, G_{1.0,0.0,384}, type=None
  Initialized transformer.h.15.attn.c_attn.blocks.2.weight (1024, 1024) on G_{1.0,0.0,384}

Initializing transformer.h.15.mlp.c_fc.blocks.0.: k=1, G_{1.0,0.0,384}, type=None
  Initialized transformer.h.14.attn.c_attn.blocks.1.weight (1024, 1024) on G_{1.0,0.0,384}
  Initialized transformer.h.13.mlp.c_fc.blocks.1.weight (1024, 1024) on G_{1.0,0.0,384}

Initializing transformer.h.14.attn.c_attn.blocks.2.: k=1, G_{1.0,0.0,384}, type=None

Initializing transformer.h.13.mlp.c_fc.blocks.2.: k=1, G_{1.0,0.0,384}, type=None
  Initialized transformer.h.15.mlp.c_fc.blocks.0.weight (1024, 1024) on G_{1.0,0.0,384}

Initializing transformer.h.15.mlp.c_fc.blocks.1.: k=1, G_{1.0,0.0,384}, type=None
  Initialized transformer.h.14.attn.c_attn.blocks.2.weight (1024, 1024) on G_{1.0,0.0,384}
  Initialized transformer.h.13.mlp.c_fc.blocks.2.weight (1024, 1024) on G_{1.0,0.0,384}

Initializing transformer.h.14.mlp.c_fc.blocks.0.: k=1, G_{1.0,0.0,384}, type=None

Initializing transformer.h.13.mlp.c_fc.blocks.3.: k=1, G_{1.0,0.0,384}, type=None
  Initialized transformer.h.15.mlp.c_fc.blocks.1.weight (1024, 1024) on G_{1.0,0.0,384}

Initializing transformer.h.15.mlp.c_fc.blocks.2.: k=1, G_{1.0,0.0,384}, type=None
  Initialized transformer.h.14.mlp.c_fc.blocks.0.weight (1024, 1024) on G_{1.0,0.0,384}
  Initialized transformer.h.13.mlp.c_fc.blocks.3.weight (1024, 1024) on G_{1.0,0.0,384}

Initializing transformer.h.14.mlp.c_fc.blocks.1.: k=1, G_{1.0,0.0,384}, type=None

Initializing transformer.h.14.attn.c_attn.blocks.0.: k=1, G_{1.0,0.0,384}, type=None
  Initialized transformer.h.15.mlp.c_fc.blocks.2.weight (1024, 1024) on G_{1.0,0.0,384}

Initializing transformer.h.15.mlp.c_fc.blocks.3.: k=1, G_{1.0,0.0,384}, type=None
  Initialized transformer.h.14.mlp.c_fc.blocks.1.weight (1024, 1024) on G_{1.0,0.0,384}
  Initialized transformer.h.14.attn.c_attn.blocks.0.weight (1024, 1024) on G_{1.0,0.0,384}

Initializing transformer.h.14.mlp.c_fc.blocks.2.: k=1, G_{1.0,0.0,384}, type=None

Initializing transformer.h.14.attn.c_attn.blocks.1.: k=1, G_{1.0,0.0,384}, type=None
  Initialized transformer.h.15.mlp.c_fc.blocks.3.weight (1024, 1024) on G_{1.0,0.0,384}

Initializing transformer.h.16.attn.c_attn.blocks.0.: k=1, G_{1.0,0.0,384}, type=None
  Initialized transformer.h.14.mlp.c_fc.blocks.2.weight (1024, 1024) on G_{1.0,0.0,384}
  Initialized transformer.h.14.attn.c_attn.blocks.1.weight (1024, 1024) on G_{1.0,0.0,384}

Initializing transformer.h.14.mlp.c_fc.blocks.3.: k=1, G_{1.0,0.0,384}, type=None

Initializing transformer.h.14.attn.c_attn.blocks.2.: k=1, G_{1.0,0.0,384}, type=None
  Initialized transformer.h.16.attn.c_attn.blocks.0.weight (1024, 1024) on G_{1.0,0.0,384}

Initializing transformer.h.16.attn.c_attn.blocks.1.: k=1, G_{1.0,0.0,384}, type=None
  Initialized transformer.h.14.mlp.c_fc.blocks.3.weight (1024, 1024) on G_{1.0,0.0,384}
  Initialized transformer.h.14.attn.c_attn.blocks.2.weight (1024, 1024) on G_{1.0,0.0,384}

Initializing transformer.h.15.attn.c_attn.blocks.0.: k=1, G_{1.0,0.0,384}, type=None

Initializing transformer.h.14.mlp.c_fc.blocks.0.: k=1, G_{1.0,0.0,384}, type=None
  Initialized transformer.h.16.attn.c_attn.blocks.1.weight (1024, 1024) on G_{1.0,0.0,384}

Initializing transformer.h.16.attn.c_attn.blocks.2.: k=1, G_{1.0,0.0,384}, type=None
  Initialized transformer.h.15.attn.c_attn.blocks.0.weight (1024, 1024) on G_{1.0,0.0,384}
  Initialized transformer.h.14.mlp.c_fc.blocks.0.weight (1024, 1024) on G_{1.0,0.0,384}

Initializing transformer.h.15.attn.c_attn.blocks.1.: k=1, G_{1.0,0.0,384}, type=None

Initializing transformer.h.14.mlp.c_fc.blocks.1.: k=1, G_{1.0,0.0,384}, type=None
  Initialized transformer.h.16.attn.c_attn.blocks.2.weight (1024, 1024) on G_{1.0,0.0,384}

Initializing transformer.h.16.mlp.c_fc.blocks.0.: k=1, G_{1.0,0.0,384}, type=None
  Initialized transformer.h.15.attn.c_attn.blocks.1.weight (1024, 1024) on G_{1.0,0.0,384}
  Initialized transformer.h.14.mlp.c_fc.blocks.1.weight (1024, 1024) on G_{1.0,0.0,384}

Initializing transformer.h.15.attn.c_attn.blocks.2.: k=1, G_{1.0,0.0,384}, type=None

Initializing transformer.h.14.mlp.c_fc.blocks.2.: k=1, G_{1.0,0.0,384}, type=None
  Initialized transformer.h.16.mlp.c_fc.blocks.0.weight (1024, 1024) on G_{1.0,0.0,384}

Initializing transformer.h.16.mlp.c_fc.blocks.1.: k=1, G_{1.0,0.0,384}, type=None
  Initialized transformer.h.15.attn.c_attn.blocks.2.weight (1024, 1024) on G_{1.0,0.0,384}

Initializing transformer.h.15.mlp.c_fc.blocks.0.: k=1, G_{1.0,0.0,384}, type=None
  Initialized transformer.h.14.mlp.c_fc.blocks.2.weight (1024, 1024) on G_{1.0,0.0,384}

Initializing transformer.h.14.mlp.c_fc.blocks.3.: k=1, G_{1.0,0.0,384}, type=None
  Initialized transformer.h.16.mlp.c_fc.blocks.1.weight (1024, 1024) on G_{1.0,0.0,384}

Initializing transformer.h.16.mlp.c_fc.blocks.2.: k=1, G_{1.0,0.0,384}, type=None
  Initialized transformer.h.15.mlp.c_fc.blocks.0.weight (1024, 1024) on G_{1.0,0.0,384}

Initializing transformer.h.15.mlp.c_fc.blocks.1.: k=1, G_{1.0,0.0,384}, type=None
  Initialized transformer.h.14.mlp.c_fc.blocks.3.weight (1024, 1024) on G_{1.0,0.0,384}

Initializing transformer.h.15.attn.c_attn.blocks.0.: k=1, G_{1.0,0.0,384}, type=None
  Initialized transformer.h.16.mlp.c_fc.blocks.2.weight (1024, 1024) on G_{1.0,0.0,384}

Initializing transformer.h.16.mlp.c_fc.blocks.3.: k=1, G_{1.0,0.0,384}, type=None
  Initialized transformer.h.15.mlp.c_fc.blocks.1.weight (1024, 1024) on G_{1.0,0.0,384}

Initializing transformer.h.15.mlp.c_fc.blocks.2.: k=1, G_{1.0,0.0,384}, type=None
  Initialized transformer.h.15.attn.c_attn.blocks.0.weight (1024, 1024) on G_{1.0,0.0,384}

Initializing transformer.h.15.attn.c_attn.blocks.1.: k=1, G_{1.0,0.0,384}, type=None
  Initialized transformer.h.16.mlp.c_fc.blocks.3.weight (1024, 1024) on G_{1.0,0.0,384}

Initializing transformer.h.17.attn.c_attn.blocks.0.: k=1, G_{1.0,0.0,384}, type=None
  Initialized transformer.h.15.mlp.c_fc.blocks.2.weight (1024, 1024) on G_{1.0,0.0,384}

Initializing transformer.h.15.mlp.c_fc.blocks.3.: k=1, G_{1.0,0.0,384}, type=None
  Initialized transformer.h.15.attn.c_attn.blocks.1.weight (1024, 1024) on G_{1.0,0.0,384}

Initializing transformer.h.15.attn.c_attn.blocks.2.: k=1, G_{1.0,0.0,384}, type=None
  Initialized transformer.h.17.attn.c_attn.blocks.0.weight (1024, 1024) on G_{1.0,0.0,384}

Initializing transformer.h.17.attn.c_attn.blocks.1.: k=1, G_{1.0,0.0,384}, type=None
  Initialized transformer.h.15.mlp.c_fc.blocks.3.weight (1024, 1024) on G_{1.0,0.0,384}

Initializing transformer.h.16.attn.c_attn.blocks.0.: k=1, G_{1.0,0.0,384}, type=None
  Initialized transformer.h.15.attn.c_attn.blocks.2.weight (1024, 1024) on G_{1.0,0.0,384}

Initializing transformer.h.15.mlp.c_fc.blocks.0.: k=1, G_{1.0,0.0,384}, type=None
  Initialized transformer.h.17.attn.c_attn.blocks.1.weight (1024, 1024) on G_{1.0,0.0,384}

Initializing transformer.h.17.attn.c_attn.blocks.2.: k=1, G_{1.0,0.0,384}, type=None
  Initialized transformer.h.16.attn.c_attn.blocks.0.weight (1024, 1024) on G_{1.0,0.0,384}

Initializing transformer.h.16.attn.c_attn.blocks.1.: k=1, G_{1.0,0.0,384}, type=None
  Initialized transformer.h.15.mlp.c_fc.blocks.0.weight (1024, 1024) on G_{1.0,0.0,384}

Initializing transformer.h.15.mlp.c_fc.blocks.1.: k=1, G_{1.0,0.0,384}, type=None
  Initialized transformer.h.17.attn.c_attn.blocks.2.weight (1024, 1024) on G_{1.0,0.0,384}

Initializing transformer.h.17.mlp.c_fc.blocks.0.: k=1, G_{1.0,0.0,384}, type=None
  Initialized transformer.h.16.attn.c_attn.blocks.1.weight (1024, 1024) on G_{1.0,0.0,384}

Initializing transformer.h.16.attn.c_attn.blocks.2.: k=1, G_{1.0,0.0,384}, type=None
  Initialized transformer.h.15.mlp.c_fc.blocks.1.weight (1024, 1024) on G_{1.0,0.0,384}

Initializing transformer.h.15.mlp.c_fc.blocks.2.: k=1, G_{1.0,0.0,384}, type=None
  Initialized transformer.h.17.mlp.c_fc.blocks.0.weight (1024, 1024) on G_{1.0,0.0,384}

Initializing transformer.h.17.mlp.c_fc.blocks.1.: k=1, G_{1.0,0.0,384}, type=None
  Initialized transformer.h.16.attn.c_attn.blocks.2.weight (1024, 1024) on G_{1.0,0.0,384}

Initializing transformer.h.16.mlp.c_fc.blocks.0.: k=1, G_{1.0,0.0,384}, type=None
  Initialized transformer.h.15.mlp.c_fc.blocks.2.weight (1024, 1024) on G_{1.0,0.0,384}

Initializing transformer.h.15.mlp.c_fc.blocks.3.: k=1, G_{1.0,0.0,384}, type=None
  Initialized transformer.h.17.mlp.c_fc.blocks.1.weight (1024, 1024) on G_{1.0,0.0,384}

Initializing transformer.h.17.mlp.c_fc.blocks.2.: k=1, G_{1.0,0.0,384}, type=None
  Initialized transformer.h.16.mlp.c_fc.blocks.0.weight (1024, 1024) on G_{1.0,0.0,384}

Initializing transformer.h.16.mlp.c_fc.blocks.1.: k=1, G_{1.0,0.0,384}, type=None
  Initialized transformer.h.15.mlp.c_fc.blocks.3.weight (1024, 1024) on G_{1.0,0.0,384}

Initializing transformer.h.16.attn.c_attn.blocks.0.: k=1, G_{1.0,0.0,384}, type=None
  Initialized transformer.h.17.mlp.c_fc.blocks.2.weight (1024, 1024) on G_{1.0,0.0,384}

Initializing transformer.h.17.mlp.c_fc.blocks.3.: k=1, G_{1.0,0.0,384}, type=None
  Initialized transformer.h.16.mlp.c_fc.blocks.1.weight (1024, 1024) on G_{1.0,0.0,384}

Initializing transformer.h.16.mlp.c_fc.blocks.2.: k=1, G_{1.0,0.0,384}, type=None
  Initialized transformer.h.16.attn.c_attn.blocks.0.weight (1024, 1024) on G_{1.0,0.0,384}

Initializing transformer.h.16.attn.c_attn.blocks.1.: k=1, G_{1.0,0.0,384}, type=None
  Initialized transformer.h.17.mlp.c_fc.blocks.3.weight (1024, 1024) on G_{1.0,0.0,384}

Initializing transformer.h.18.attn.c_attn.blocks.0.: k=1, G_{1.0,0.0,384}, type=None
  Initialized transformer.h.16.mlp.c_fc.blocks.2.weight (1024, 1024) on G_{1.0,0.0,384}

Initializing transformer.h.16.mlp.c_fc.blocks.3.: k=1, G_{1.0,0.0,384}, type=None
  Initialized transformer.h.16.attn.c_attn.blocks.1.weight (1024, 1024) on G_{1.0,0.0,384}

Initializing transformer.h.16.attn.c_attn.blocks.2.: k=1, G_{1.0,0.0,384}, type=None
  Initialized transformer.h.18.attn.c_attn.blocks.0.weight (1024, 1024) on G_{1.0,0.0,384}

Initializing transformer.h.18.attn.c_attn.blocks.1.: k=1, G_{1.0,0.0,384}, type=None
  Initialized transformer.h.16.mlp.c_fc.blocks.3.weight (1024, 1024) on G_{1.0,0.0,384}

Initializing transformer.h.17.attn.c_attn.blocks.0.: k=1, G_{1.0,0.0,384}, type=None
  Initialized transformer.h.16.attn.c_attn.blocks.2.weight (1024, 1024) on G_{1.0,0.0,384}

Initializing transformer.h.16.mlp.c_fc.blocks.0.: k=1, G_{1.0,0.0,384}, type=None
  Initialized transformer.h.18.attn.c_attn.blocks.1.weight (1024, 1024) on G_{1.0,0.0,384}

Initializing transformer.h.18.attn.c_attn.blocks.2.: k=1, G_{1.0,0.0,384}, type=None
  Initialized transformer.h.17.attn.c_attn.blocks.0.weight (1024, 1024) on G_{1.0,0.0,384}

Initializing transformer.h.17.attn.c_attn.blocks.1.: k=1, G_{1.0,0.0,384}, type=None
  Initialized transformer.h.16.mlp.c_fc.blocks.0.weight (1024, 1024) on G_{1.0,0.0,384}

Initializing transformer.h.16.mlp.c_fc.blocks.1.: k=1, G_{1.0,0.0,384}, type=None
  Initialized transformer.h.18.attn.c_attn.blocks.2.weight (1024, 1024) on G_{1.0,0.0,384}

Initializing transformer.h.18.mlp.c_fc.blocks.0.: k=1, G_{1.0,0.0,384}, type=None
  Initialized transformer.h.17.attn.c_attn.blocks.1.weight (1024, 1024) on G_{1.0,0.0,384}

Initializing transformer.h.17.attn.c_attn.blocks.2.: k=1, G_{1.0,0.0,384}, type=None
  Initialized transformer.h.16.mlp.c_fc.blocks.1.weight (1024, 1024) on G_{1.0,0.0,384}

Initializing transformer.h.16.mlp.c_fc.blocks.2.: k=1, G_{1.0,0.0,384}, type=None
  Initialized transformer.h.18.mlp.c_fc.blocks.0.weight (1024, 1024) on G_{1.0,0.0,384}

Initializing transformer.h.18.mlp.c_fc.blocks.1.: k=1, G_{1.0,0.0,384}, type=None
  Initialized transformer.h.17.attn.c_attn.blocks.2.weight (1024, 1024) on G_{1.0,0.0,384}

Initializing transformer.h.17.mlp.c_fc.blocks.0.: k=1, G_{1.0,0.0,384}, type=None
  Initialized transformer.h.16.mlp.c_fc.blocks.2.weight (1024, 1024) on G_{1.0,0.0,384}

Initializing transformer.h.16.mlp.c_fc.blocks.3.: k=1, G_{1.0,0.0,384}, type=None
  Initialized transformer.h.18.mlp.c_fc.blocks.1.weight (1024, 1024) on G_{1.0,0.0,384}

Initializing transformer.h.18.mlp.c_fc.blocks.2.: k=1, G_{1.0,0.0,384}, type=None
  Initialized transformer.h.17.mlp.c_fc.blocks.0.weight (1024, 1024) on G_{1.0,0.0,384}

Initializing transformer.h.17.mlp.c_fc.blocks.1.: k=1, G_{1.0,0.0,384}, type=None
  Initialized transformer.h.16.mlp.c_fc.blocks.3.weight (1024, 1024) on G_{1.0,0.0,384}

Initializing transformer.h.17.attn.c_attn.blocks.0.: k=1, G_{1.0,0.0,384}, type=None
  Initialized transformer.h.18.mlp.c_fc.blocks.2.weight (1024, 1024) on G_{1.0,0.0,384}

Initializing transformer.h.18.mlp.c_fc.blocks.3.: k=1, G_{1.0,0.0,384}, type=None
  Initialized transformer.h.17.mlp.c_fc.blocks.1.weight (1024, 1024) on G_{1.0,0.0,384}

Initializing transformer.h.17.mlp.c_fc.blocks.2.: k=1, G_{1.0,0.0,384}, type=None
  Initialized transformer.h.17.attn.c_attn.blocks.0.weight (1024, 1024) on G_{1.0,0.0,384}

Initializing transformer.h.17.attn.c_attn.blocks.1.: k=1, G_{1.0,0.0,384}, type=None
  Initialized transformer.h.18.mlp.c_fc.blocks.3.weight (1024, 1024) on G_{1.0,0.0,384}

Initializing transformer.h.19.attn.c_attn.blocks.0.: k=1, G_{1.0,0.0,384}, type=None
  Initialized transformer.h.17.mlp.c_fc.blocks.2.weight (1024, 1024) on G_{1.0,0.0,384}

Initializing transformer.h.17.mlp.c_fc.blocks.3.: k=1, G_{1.0,0.0,384}, type=None
  Initialized transformer.h.17.attn.c_attn.blocks.1.weight (1024, 1024) on G_{1.0,0.0,384}

Initializing transformer.h.17.attn.c_attn.blocks.2.: k=1, G_{1.0,0.0,384}, type=None
  Initialized transformer.h.19.attn.c_attn.blocks.0.weight (1024, 1024) on G_{1.0,0.0,384}

Initializing transformer.h.19.attn.c_attn.blocks.1.: k=1, G_{1.0,0.0,384}, type=None
  Initialized transformer.h.17.mlp.c_fc.blocks.3.weight (1024, 1024) on G_{1.0,0.0,384}

Initializing transformer.h.18.attn.c_attn.blocks.0.: k=1, G_{1.0,0.0,384}, type=None
  Initialized transformer.h.17.attn.c_attn.blocks.2.weight (1024, 1024) on G_{1.0,0.0,384}

Initializing transformer.h.17.mlp.c_fc.blocks.0.: k=1, G_{1.0,0.0,384}, type=None
  Initialized transformer.h.19.attn.c_attn.blocks.1.weight (1024, 1024) on G_{1.0,0.0,384}

Initializing transformer.h.19.attn.c_attn.blocks.2.: k=1, G_{1.0,0.0,384}, type=None
  Initialized transformer.h.18.attn.c_attn.blocks.0.weight (1024, 1024) on G_{1.0,0.0,384}

Initializing transformer.h.18.attn.c_attn.blocks.1.: k=1, G_{1.0,0.0,384}, type=None
  Initialized transformer.h.17.mlp.c_fc.blocks.0.weight (1024, 1024) on G_{1.0,0.0,384}

Initializing transformer.h.17.mlp.c_fc.blocks.1.: k=1, G_{1.0,0.0,384}, type=None
  Initialized transformer.h.19.attn.c_attn.blocks.2.weight (1024, 1024) on G_{1.0,0.0,384}

Initializing transformer.h.19.mlp.c_fc.blocks.0.: k=1, G_{1.0,0.0,384}, type=None
  Initialized transformer.h.18.attn.c_attn.blocks.1.weight (1024, 1024) on G_{1.0,0.0,384}

Initializing transformer.h.18.attn.c_attn.blocks.2.: k=1, G_{1.0,0.0,384}, type=None
  Initialized transformer.h.17.mlp.c_fc.blocks.1.weight (1024, 1024) on G_{1.0,0.0,384}

Initializing transformer.h.17.mlp.c_fc.blocks.2.: k=1, G_{1.0,0.0,384}, type=None
  Initialized transformer.h.19.mlp.c_fc.blocks.0.weight (1024, 1024) on G_{1.0,0.0,384}

Initializing transformer.h.19.mlp.c_fc.blocks.1.: k=1, G_{1.0,0.0,384}, type=None
  Initialized transformer.h.18.attn.c_attn.blocks.2.weight (1024, 1024) on G_{1.0,0.0,384}

Initializing transformer.h.18.mlp.c_fc.blocks.0.: k=1, G_{1.0,0.0,384}, type=None
  Initialized transformer.h.17.mlp.c_fc.blocks.2.weight (1024, 1024) on G_{1.0,0.0,384}
  Initialized transformer.h.19.mlp.c_fc.blocks.1.weight (1024, 1024) on G_{1.0,0.0,384}

Initializing transformer.h.17.mlp.c_fc.blocks.3.: k=1, G_{1.0,0.0,384}, type=None

Initializing transformer.h.19.mlp.c_fc.blocks.2.: k=1, G_{1.0,0.0,384}, type=None
  Initialized transformer.h.18.mlp.c_fc.blocks.0.weight (1024, 1024) on G_{1.0,0.0,384}

Initializing transformer.h.18.mlp.c_fc.blocks.1.: k=1, G_{1.0,0.0,384}, type=None
  Initialized transformer.h.17.mlp.c_fc.blocks.3.weight (1024, 1024) on G_{1.0,0.0,384}
  Initialized transformer.h.19.mlp.c_fc.blocks.2.weight (1024, 1024) on G_{1.0,0.0,384}

Initializing transformer.h.18.attn.c_attn.blocks.0.: k=1, G_{1.0,0.0,384}, type=None

Initializing transformer.h.19.mlp.c_fc.blocks.3.: k=1, G_{1.0,0.0,384}, type=None
  Initialized transformer.h.18.mlp.c_fc.blocks.1.weight (1024, 1024) on G_{1.0,0.0,384}

Initializing transformer.h.18.mlp.c_fc.blocks.2.: k=1, G_{1.0,0.0,384}, type=None
  Initialized transformer.h.18.attn.c_attn.blocks.0.weight (1024, 1024) on G_{1.0,0.0,384}
  Initialized transformer.h.19.mlp.c_fc.blocks.3.weight (1024, 1024) on G_{1.0,0.0,384}

Initializing transformer.h.18.attn.c_attn.blocks.1.: k=1, G_{1.0,0.0,384}, type=None

Initializing transformer.h.20.attn.c_attn.blocks.0.: k=1, G_{1.0,0.0,384}, type=None
  Initialized transformer.h.18.mlp.c_fc.blocks.2.weight (1024, 1024) on G_{1.0,0.0,384}

Initializing transformer.h.18.mlp.c_fc.blocks.3.: k=1, G_{1.0,0.0,384}, type=None
  Initialized transformer.h.18.attn.c_attn.blocks.1.weight (1024, 1024) on G_{1.0,0.0,384}
  Initialized transformer.h.20.attn.c_attn.blocks.0.weight (1024, 1024) on G_{1.0,0.0,384}

Initializing transformer.h.18.attn.c_attn.blocks.2.: k=1, G_{1.0,0.0,384}, type=None

Initializing transformer.h.20.attn.c_attn.blocks.1.: k=1, G_{1.0,0.0,384}, type=None
  Initialized transformer.h.18.mlp.c_fc.blocks.3.weight (1024, 1024) on G_{1.0,0.0,384}

Initializing transformer.h.19.attn.c_attn.blocks.0.: k=1, G_{1.0,0.0,384}, type=None
  Initialized transformer.h.18.attn.c_attn.blocks.2.weight (1024, 1024) on G_{1.0,0.0,384}
  Initialized transformer.h.20.attn.c_attn.blocks.1.weight (1024, 1024) on G_{1.0,0.0,384}

Initializing transformer.h.18.mlp.c_fc.blocks.0.: k=1, G_{1.0,0.0,384}, type=None

Initializing transformer.h.20.attn.c_attn.blocks.2.: k=1, G_{1.0,0.0,384}, type=None
  Initialized transformer.h.19.attn.c_attn.blocks.0.weight (1024, 1024) on G_{1.0,0.0,384}

Initializing transformer.h.19.attn.c_attn.blocks.1.: k=1, G_{1.0,0.0,384}, type=None
  Initialized transformer.h.18.mlp.c_fc.blocks.0.weight (1024, 1024) on G_{1.0,0.0,384}
  Initialized transformer.h.20.attn.c_attn.blocks.2.weight (1024, 1024) on G_{1.0,0.0,384}

Initializing transformer.h.18.mlp.c_fc.blocks.1.: k=1, G_{1.0,0.0,384}, type=None

Initializing transformer.h.20.mlp.c_fc.blocks.0.: k=1, G_{1.0,0.0,384}, type=None
  Initialized transformer.h.19.attn.c_attn.blocks.1.weight (1024, 1024) on G_{1.0,0.0,384}

Initializing transformer.h.19.attn.c_attn.blocks.2.: k=1, G_{1.0,0.0,384}, type=None
  Initialized transformer.h.18.mlp.c_fc.blocks.1.weight (1024, 1024) on G_{1.0,0.0,384}
  Initialized transformer.h.20.mlp.c_fc.blocks.0.weight (1024, 1024) on G_{1.0,0.0,384}

Initializing transformer.h.18.mlp.c_fc.blocks.2.: k=1, G_{1.0,0.0,384}, type=None

Initializing transformer.h.20.mlp.c_fc.blocks.1.: k=1, G_{1.0,0.0,384}, type=None
  Initialized transformer.h.19.attn.c_attn.blocks.2.weight (1024, 1024) on G_{1.0,0.0,384}

Initializing transformer.h.19.mlp.c_fc.blocks.0.: k=1, G_{1.0,0.0,384}, type=None
  Initialized transformer.h.18.mlp.c_fc.blocks.2.weight (1024, 1024) on G_{1.0,0.0,384}
  Initialized transformer.h.20.mlp.c_fc.blocks.1.weight (1024, 1024) on G_{1.0,0.0,384}

Initializing transformer.h.18.mlp.c_fc.blocks.3.: k=1, G_{1.0,0.0,384}, type=None

Initializing transformer.h.20.mlp.c_fc.blocks.2.: k=1, G_{1.0,0.0,384}, type=None
  Initialized transformer.h.19.mlp.c_fc.blocks.0.weight (1024, 1024) on G_{1.0,0.0,384}

Initializing transformer.h.19.mlp.c_fc.blocks.1.: k=1, G_{1.0,0.0,384}, type=None
  Initialized transformer.h.18.mlp.c_fc.blocks.3.weight (1024, 1024) on G_{1.0,0.0,384}
  Initialized transformer.h.20.mlp.c_fc.blocks.2.weight (1024, 1024) on G_{1.0,0.0,384}

Initializing transformer.h.19.attn.c_attn.blocks.0.: k=1, G_{1.0,0.0,384}, type=None

Initializing transformer.h.20.mlp.c_fc.blocks.3.: k=1, G_{1.0,0.0,384}, type=None
  Initialized transformer.h.19.mlp.c_fc.blocks.1.weight (1024, 1024) on G_{1.0,0.0,384}

Initializing transformer.h.19.mlp.c_fc.blocks.2.: k=1, G_{1.0,0.0,384}, type=None
  Initialized transformer.h.19.attn.c_attn.blocks.0.weight (1024, 1024) on G_{1.0,0.0,384}
  Initialized transformer.h.20.mlp.c_fc.blocks.3.weight (1024, 1024) on G_{1.0,0.0,384}

Initializing transformer.h.19.attn.c_attn.blocks.1.: k=1, G_{1.0,0.0,384}, type=None

Initializing transformer.h.21.attn.c_attn.blocks.0.: k=1, G_{1.0,0.0,384}, type=None
  Initialized transformer.h.19.mlp.c_fc.blocks.2.weight (1024, 1024) on G_{1.0,0.0,384}

Initializing transformer.h.19.mlp.c_fc.blocks.3.: k=1, G_{1.0,0.0,384}, type=None
  Initialized transformer.h.19.attn.c_attn.blocks.1.weight (1024, 1024) on G_{1.0,0.0,384}
  Initialized transformer.h.21.attn.c_attn.blocks.0.weight (1024, 1024) on G_{1.0,0.0,384}

Initializing transformer.h.21.attn.c_attn.blocks.1.: k=1, G_{1.0,0.0,384}, type=None

Initializing transformer.h.19.attn.c_attn.blocks.2.: k=1, G_{1.0,0.0,384}, type=None
  Initialized transformer.h.19.mlp.c_fc.blocks.3.weight (1024, 1024) on G_{1.0,0.0,384}

Initializing transformer.h.20.attn.c_attn.blocks.0.: k=1, G_{1.0,0.0,384}, type=None
  Initialized transformer.h.21.attn.c_attn.blocks.1.weight (1024, 1024) on G_{1.0,0.0,384}
  Initialized transformer.h.19.attn.c_attn.blocks.2.weight (1024, 1024) on G_{1.0,0.0,384}

Initializing transformer.h.21.attn.c_attn.blocks.2.: k=1, G_{1.0,0.0,384}, type=None

Initializing transformer.h.19.mlp.c_fc.blocks.0.: k=1, G_{1.0,0.0,384}, type=None
  Initialized transformer.h.20.attn.c_attn.blocks.0.weight (1024, 1024) on G_{1.0,0.0,384}

Initializing transformer.h.20.attn.c_attn.blocks.1.: k=1, G_{1.0,0.0,384}, type=None
  Initialized transformer.h.21.attn.c_attn.blocks.2.weight (1024, 1024) on G_{1.0,0.0,384}
  Initialized transformer.h.19.mlp.c_fc.blocks.0.weight (1024, 1024) on G_{1.0,0.0,384}

Initializing transformer.h.21.mlp.c_fc.blocks.0.: k=1, G_{1.0,0.0,384}, type=None

Initializing transformer.h.19.mlp.c_fc.blocks.1.: k=1, G_{1.0,0.0,384}, type=None
  Initialized transformer.h.20.attn.c_attn.blocks.1.weight (1024, 1024) on G_{1.0,0.0,384}

Initializing transformer.h.20.attn.c_attn.blocks.2.: k=1, G_{1.0,0.0,384}, type=None
  Initialized transformer.h.21.mlp.c_fc.blocks.0.weight (1024, 1024) on G_{1.0,0.0,384}
  Initialized transformer.h.19.mlp.c_fc.blocks.1.weight (1024, 1024) on G_{1.0,0.0,384}

Initializing transformer.h.21.mlp.c_fc.blocks.1.: k=1, G_{1.0,0.0,384}, type=None

Initializing transformer.h.19.mlp.c_fc.blocks.2.: k=1, G_{1.0,0.0,384}, type=None
  Initialized transformer.h.20.attn.c_attn.blocks.2.weight (1024, 1024) on G_{1.0,0.0,384}

Initializing transformer.h.20.mlp.c_fc.blocks.0.: k=1, G_{1.0,0.0,384}, type=None
  Initialized transformer.h.21.mlp.c_fc.blocks.1.weight (1024, 1024) on G_{1.0,0.0,384}
  Initialized transformer.h.19.mlp.c_fc.blocks.2.weight (1024, 1024) on G_{1.0,0.0,384}

Initializing transformer.h.21.mlp.c_fc.blocks.2.: k=1, G_{1.0,0.0,384}, type=None

Initializing transformer.h.19.mlp.c_fc.blocks.3.: k=1, G_{1.0,0.0,384}, type=None
  Initialized transformer.h.20.mlp.c_fc.blocks.0.weight (1024, 1024) on G_{1.0,0.0,384}

Initializing transformer.h.20.mlp.c_fc.blocks.1.: k=1, G_{1.0,0.0,384}, type=None
  Initialized transformer.h.21.mlp.c_fc.blocks.2.weight (1024, 1024) on G_{1.0,0.0,384}
  Initialized transformer.h.19.mlp.c_fc.blocks.3.weight (1024, 1024) on G_{1.0,0.0,384}

Initializing transformer.h.21.mlp.c_fc.blocks.3.: k=1, G_{1.0,0.0,384}, type=None

Initializing transformer.h.20.attn.c_attn.blocks.0.: k=1, G_{1.0,0.0,384}, type=None
  Initialized transformer.h.20.mlp.c_fc.blocks.1.weight (1024, 1024) on G_{1.0,0.0,384}

Initializing transformer.h.20.mlp.c_fc.blocks.2.: k=1, G_{1.0,0.0,384}, type=None
  Initialized transformer.h.21.mlp.c_fc.blocks.3.weight (1024, 1024) on G_{1.0,0.0,384}
  Initialized transformer.h.20.attn.c_attn.blocks.0.weight (1024, 1024) on G_{1.0,0.0,384}

Initializing transformer.h.22.attn.c_attn.blocks.0.: k=1, G_{1.0,0.0,384}, type=None

Initializing transformer.h.20.attn.c_attn.blocks.1.: k=1, G_{1.0,0.0,384}, type=None
  Initialized transformer.h.20.mlp.c_fc.blocks.2.weight (1024, 1024) on G_{1.0,0.0,384}

Initializing transformer.h.20.mlp.c_fc.blocks.3.: k=1, G_{1.0,0.0,384}, type=None
  Initialized transformer.h.22.attn.c_attn.blocks.0.weight (1024, 1024) on G_{1.0,0.0,384}
  Initialized transformer.h.20.attn.c_attn.blocks.1.weight (1024, 1024) on G_{1.0,0.0,384}

Initializing transformer.h.22.attn.c_attn.blocks.1.: k=1, G_{1.0,0.0,384}, type=None

Initializing transformer.h.20.attn.c_attn.blocks.2.: k=1, G_{1.0,0.0,384}, type=None
  Initialized transformer.h.20.mlp.c_fc.blocks.3.weight (1024, 1024) on G_{1.0,0.0,384}

Initializing transformer.h.21.attn.c_attn.blocks.0.: k=1, G_{1.0,0.0,384}, type=None
  Initialized transformer.h.22.attn.c_attn.blocks.1.weight (1024, 1024) on G_{1.0,0.0,384}

Initializing transformer.h.22.attn.c_attn.blocks.2.: k=1, G_{1.0,0.0,384}, type=None
  Initialized transformer.h.20.attn.c_attn.blocks.2.weight (1024, 1024) on G_{1.0,0.0,384}

Initializing transformer.h.20.mlp.c_fc.blocks.0.: k=1, G_{1.0,0.0,384}, type=None
  Initialized transformer.h.21.attn.c_attn.blocks.0.weight (1024, 1024) on G_{1.0,0.0,384}

Initializing transformer.h.21.attn.c_attn.blocks.1.: k=1, G_{1.0,0.0,384}, type=None
  Initialized transformer.h.22.attn.c_attn.blocks.2.weight (1024, 1024) on G_{1.0,0.0,384}

Initializing transformer.h.22.mlp.c_fc.blocks.0.: k=1, G_{1.0,0.0,384}, type=None
  Initialized transformer.h.20.mlp.c_fc.blocks.0.weight (1024, 1024) on G_{1.0,0.0,384}

Initializing transformer.h.20.mlp.c_fc.blocks.1.: k=1, G_{1.0,0.0,384}, type=None
  Initialized transformer.h.21.attn.c_attn.blocks.1.weight (1024, 1024) on G_{1.0,0.0,384}

Initializing transformer.h.21.attn.c_attn.blocks.2.: k=1, G_{1.0,0.0,384}, type=None
  Initialized transformer.h.22.mlp.c_fc.blocks.0.weight (1024, 1024) on G_{1.0,0.0,384}

Initializing transformer.h.22.mlp.c_fc.blocks.1.: k=1, G_{1.0,0.0,384}, type=None
  Initialized transformer.h.20.mlp.c_fc.blocks.1.weight (1024, 1024) on G_{1.0,0.0,384}

Initializing transformer.h.20.mlp.c_fc.blocks.2.: k=1, G_{1.0,0.0,384}, type=None
  Initialized transformer.h.21.attn.c_attn.blocks.2.weight (1024, 1024) on G_{1.0,0.0,384}

Initializing transformer.h.21.mlp.c_fc.blocks.0.: k=1, G_{1.0,0.0,384}, type=None
  Initialized transformer.h.22.mlp.c_fc.blocks.1.weight (1024, 1024) on G_{1.0,0.0,384}

Initializing transformer.h.22.mlp.c_fc.blocks.2.: k=1, G_{1.0,0.0,384}, type=None
  Initialized transformer.h.20.mlp.c_fc.blocks.2.weight (1024, 1024) on G_{1.0,0.0,384}

Initializing transformer.h.20.mlp.c_fc.blocks.3.: k=1, G_{1.0,0.0,384}, type=None
  Initialized transformer.h.21.mlp.c_fc.blocks.0.weight (1024, 1024) on G_{1.0,0.0,384}

Initializing transformer.h.21.mlp.c_fc.blocks.1.: k=1, G_{1.0,0.0,384}, type=None
  Initialized transformer.h.22.mlp.c_fc.blocks.2.weight (1024, 1024) on G_{1.0,0.0,384}

Initializing transformer.h.22.mlp.c_fc.blocks.3.: k=1, G_{1.0,0.0,384}, type=None
  Initialized transformer.h.20.mlp.c_fc.blocks.3.weight (1024, 1024) on G_{1.0,0.0,384}

Initializing transformer.h.21.attn.c_attn.blocks.0.: k=1, G_{1.0,0.0,384}, type=None
  Initialized transformer.h.21.mlp.c_fc.blocks.1.weight (1024, 1024) on G_{1.0,0.0,384}

Initializing transformer.h.21.mlp.c_fc.blocks.2.: k=1, G_{1.0,0.0,384}, type=None
  Initialized transformer.h.22.mlp.c_fc.blocks.3.weight (1024, 1024) on G_{1.0,0.0,384}

Initializing transformer.h.23.attn.c_attn.blocks.0.: k=1, G_{1.0,0.0,384}, type=None
  Initialized transformer.h.21.attn.c_attn.blocks.0.weight (1024, 1024) on G_{1.0,0.0,384}

Initializing transformer.h.21.attn.c_attn.blocks.1.: k=1, G_{1.0,0.0,384}, type=None
  Initialized transformer.h.21.mlp.c_fc.blocks.2.weight (1024, 1024) on G_{1.0,0.0,384}

Initializing transformer.h.21.mlp.c_fc.blocks.3.: k=1, G_{1.0,0.0,384}, type=None
  Initialized transformer.h.23.attn.c_attn.blocks.0.weight (1024, 1024) on G_{1.0,0.0,384}

Initializing transformer.h.23.attn.c_attn.blocks.1.: k=1, G_{1.0,0.0,384}, type=None
  Initialized transformer.h.21.attn.c_attn.blocks.1.weight (1024, 1024) on G_{1.0,0.0,384}

Initializing transformer.h.21.attn.c_attn.blocks.2.: k=1, G_{1.0,0.0,384}, type=None
  Initialized transformer.h.21.mlp.c_fc.blocks.3.weight (1024, 1024) on G_{1.0,0.0,384}

Initializing transformer.h.22.attn.c_attn.blocks.0.: k=1, G_{1.0,0.0,384}, type=None
  Initialized transformer.h.23.attn.c_attn.blocks.1.weight (1024, 1024) on G_{1.0,0.0,384}

Initializing transformer.h.23.attn.c_attn.blocks.2.: k=1, G_{1.0,0.0,384}, type=None
  Initialized transformer.h.21.attn.c_attn.blocks.2.weight (1024, 1024) on G_{1.0,0.0,384}

Initializing transformer.h.21.mlp.c_fc.blocks.0.: k=1, G_{1.0,0.0,384}, type=None
  Initialized transformer.h.22.attn.c_attn.blocks.0.weight (1024, 1024) on G_{1.0,0.0,384}

Initializing transformer.h.22.attn.c_attn.blocks.1.: k=1, G_{1.0,0.0,384}, type=None
  Initialized transformer.h.23.attn.c_attn.blocks.2.weight (1024, 1024) on G_{1.0,0.0,384}

Initializing transformer.h.23.mlp.c_fc.blocks.0.: k=1, G_{1.0,0.0,384}, type=None
  Initialized transformer.h.21.mlp.c_fc.blocks.0.weight (1024, 1024) on G_{1.0,0.0,384}

Initializing transformer.h.21.mlp.c_fc.blocks.1.: k=1, G_{1.0,0.0,384}, type=None
  Initialized transformer.h.22.attn.c_attn.blocks.1.weight (1024, 1024) on G_{1.0,0.0,384}

Initializing transformer.h.22.attn.c_attn.blocks.2.: k=1, G_{1.0,0.0,384}, type=None
  Initialized transformer.h.23.mlp.c_fc.blocks.0.weight (1024, 1024) on G_{1.0,0.0,384}

Initializing transformer.h.23.mlp.c_fc.blocks.1.: k=1, G_{1.0,0.0,384}, type=None
  Initialized transformer.h.21.mlp.c_fc.blocks.1.weight (1024, 1024) on G_{1.0,0.0,384}

Initializing transformer.h.21.mlp.c_fc.blocks.2.: k=1, G_{1.0,0.0,384}, type=None
  Initialized transformer.h.22.attn.c_attn.blocks.2.weight (1024, 1024) on G_{1.0,0.0,384}

Initializing transformer.h.22.mlp.c_fc.blocks.0.: k=1, G_{1.0,0.0,384}, type=None
  Initialized transformer.h.23.mlp.c_fc.blocks.1.weight (1024, 1024) on G_{1.0,0.0,384}

Initializing transformer.h.23.mlp.c_fc.blocks.2.: k=1, G_{1.0,0.0,384}, type=None
  Initialized transformer.h.21.mlp.c_fc.blocks.2.weight (1024, 1024) on G_{1.0,0.0,384}

Initializing transformer.h.21.mlp.c_fc.blocks.3.: k=1, G_{1.0,0.0,384}, type=None
  Initialized transformer.h.22.mlp.c_fc.blocks.0.weight (1024, 1024) on G_{1.0,0.0,384}

Initializing transformer.h.22.mlp.c_fc.blocks.1.: k=1, G_{1.0,0.0,384}, type=None
  Initialized transformer.h.23.mlp.c_fc.blocks.2.weight (1024, 1024) on G_{1.0,0.0,384}

Initializing transformer.h.23.mlp.c_fc.blocks.3.: k=1, G_{1.0,0.0,384}, type=None
  Initialized transformer.h.21.mlp.c_fc.blocks.3.weight (1024, 1024) on G_{1.0,0.0,384}

Initializing transformer.h.22.attn.c_attn.blocks.0.: k=1, G_{1.0,0.0,384}, type=None
  Initialized transformer.h.22.mlp.c_fc.blocks.1.weight (1024, 1024) on G_{1.0,0.0,384}

Initializing transformer.h.22.mlp.c_fc.blocks.2.: k=1, G_{1.0,0.0,384}, type=None
  Initialized transformer.h.23.mlp.c_fc.blocks.3.weight (1024, 1024) on G_{1.0,0.0,384}

Initializing transformer.h.24.attn.c_attn.blocks.0.: k=1, G_{1.0,0.0,384}, type=None
  Initialized transformer.h.22.attn.c_attn.blocks.0.weight (1024, 1024) on G_{1.0,0.0,384}

Initializing transformer.h.22.attn.c_attn.blocks.1.: k=1, G_{1.0,0.0,384}, type=None
  Initialized transformer.h.22.mlp.c_fc.blocks.2.weight (1024, 1024) on G_{1.0,0.0,384}

Initializing transformer.h.22.mlp.c_fc.blocks.3.: k=1, G_{1.0,0.0,384}, type=None
  Initialized transformer.h.24.attn.c_attn.blocks.0.weight (1024, 1024) on G_{1.0,0.0,384}

Initializing transformer.h.24.attn.c_attn.blocks.1.: k=1, G_{1.0,0.0,384}, type=None
  Initialized transformer.h.22.attn.c_attn.blocks.1.weight (1024, 1024) on G_{1.0,0.0,384}

Initializing transformer.h.22.attn.c_attn.blocks.2.: k=1, G_{1.0,0.0,384}, type=None
  Initialized transformer.h.22.mlp.c_fc.blocks.3.weight (1024, 1024) on G_{1.0,0.0,384}

Initializing transformer.h.23.attn.c_attn.blocks.0.: k=1, G_{1.0,0.0,384}, type=None
  Initialized transformer.h.24.attn.c_attn.blocks.1.weight (1024, 1024) on G_{1.0,0.0,384}

Initializing transformer.h.24.attn.c_attn.blocks.2.: k=1, G_{1.0,0.0,384}, type=None
  Initialized transformer.h.22.attn.c_attn.blocks.2.weight (1024, 1024) on G_{1.0,0.0,384}

Initializing transformer.h.22.mlp.c_fc.blocks.0.: k=1, G_{1.0,0.0,384}, type=None
  Initialized transformer.h.23.attn.c_attn.blocks.0.weight (1024, 1024) on G_{1.0,0.0,384}

Initializing transformer.h.23.attn.c_attn.blocks.1.: k=1, G_{1.0,0.0,384}, type=None
  Initialized transformer.h.24.attn.c_attn.blocks.2.weight (1024, 1024) on G_{1.0,0.0,384}

Initializing transformer.h.24.mlp.c_fc.blocks.0.: k=1, G_{1.0,0.0,384}, type=None
  Initialized transformer.h.22.mlp.c_fc.blocks.0.weight (1024, 1024) on G_{1.0,0.0,384}

Initializing transformer.h.22.mlp.c_fc.blocks.1.: k=1, G_{1.0,0.0,384}, type=None
  Initialized transformer.h.23.attn.c_attn.blocks.1.weight (1024, 1024) on G_{1.0,0.0,384}

Initializing transformer.h.23.attn.c_attn.blocks.2.: k=1, G_{1.0,0.0,384}, type=None
  Initialized transformer.h.24.mlp.c_fc.blocks.0.weight (1024, 1024) on G_{1.0,0.0,384}

Initializing transformer.h.24.mlp.c_fc.blocks.1.: k=1, G_{1.0,0.0,384}, type=None
  Initialized transformer.h.22.mlp.c_fc.blocks.1.weight (1024, 1024) on G_{1.0,0.0,384}

Initializing transformer.h.22.mlp.c_fc.blocks.2.: k=1, G_{1.0,0.0,384}, type=None
  Initialized transformer.h.23.attn.c_attn.blocks.2.weight (1024, 1024) on G_{1.0,0.0,384}

Initializing transformer.h.23.mlp.c_fc.blocks.0.: k=1, G_{1.0,0.0,384}, type=None
  Initialized transformer.h.24.mlp.c_fc.blocks.1.weight (1024, 1024) on G_{1.0,0.0,384}

Initializing transformer.h.24.mlp.c_fc.blocks.2.: k=1, G_{1.0,0.0,384}, type=None
  Initialized transformer.h.22.mlp.c_fc.blocks.2.weight (1024, 1024) on G_{1.0,0.0,384}

Initializing transformer.h.22.mlp.c_fc.blocks.3.: k=1, G_{1.0,0.0,384}, type=None
  Initialized transformer.h.23.mlp.c_fc.blocks.0.weight (1024, 1024) on G_{1.0,0.0,384}

Initializing transformer.h.23.mlp.c_fc.blocks.1.: k=1, G_{1.0,0.0,384}, type=None
  Initialized transformer.h.24.mlp.c_fc.blocks.2.weight (1024, 1024) on G_{1.0,0.0,384}

Initializing transformer.h.24.mlp.c_fc.blocks.3.: k=1, G_{1.0,0.0,384}, type=None
  Initialized transformer.h.22.mlp.c_fc.blocks.3.weight (1024, 1024) on G_{1.0,0.0,384}

Initializing transformer.h.23.attn.c_attn.blocks.0.: k=1, G_{1.0,0.0,384}, type=None
  Initialized transformer.h.23.mlp.c_fc.blocks.1.weight (1024, 1024) on G_{1.0,0.0,384}

Initializing transformer.h.23.mlp.c_fc.blocks.2.: k=1, G_{1.0,0.0,384}, type=None
  Initialized transformer.h.24.mlp.c_fc.blocks.3.weight (1024, 1024) on G_{1.0,0.0,384}

Initializing transformer.h.25.attn.c_attn.blocks.0.: k=1, G_{1.0,0.0,384}, type=None
  Initialized transformer.h.23.attn.c_attn.blocks.0.weight (1024, 1024) on G_{1.0,0.0,384}

Initializing transformer.h.23.attn.c_attn.blocks.1.: k=1, G_{1.0,0.0,384}, type=None
  Initialized transformer.h.23.mlp.c_fc.blocks.2.weight (1024, 1024) on G_{1.0,0.0,384}

Initializing transformer.h.23.mlp.c_fc.blocks.3.: k=1, G_{1.0,0.0,384}, type=None
  Initialized transformer.h.25.attn.c_attn.blocks.0.weight (1024, 1024) on G_{1.0,0.0,384}

Initializing transformer.h.25.attn.c_attn.blocks.1.: k=1, G_{1.0,0.0,384}, type=None
  Initialized transformer.h.23.attn.c_attn.blocks.1.weight (1024, 1024) on G_{1.0,0.0,384}

Initializing transformer.h.23.attn.c_attn.blocks.2.: k=1, G_{1.0,0.0,384}, type=None
  Initialized transformer.h.23.mlp.c_fc.blocks.3.weight (1024, 1024) on G_{1.0,0.0,384}

Initializing transformer.h.24.attn.c_attn.blocks.0.: k=1, G_{1.0,0.0,384}, type=None
  Initialized transformer.h.25.attn.c_attn.blocks.1.weight (1024, 1024) on G_{1.0,0.0,384}

Initializing transformer.h.25.attn.c_attn.blocks.2.: k=1, G_{1.0,0.0,384}, type=None
  Initialized transformer.h.23.attn.c_attn.blocks.2.weight (1024, 1024) on G_{1.0,0.0,384}

Initializing transformer.h.23.mlp.c_fc.blocks.0.: k=1, G_{1.0,0.0,384}, type=None
  Initialized transformer.h.24.attn.c_attn.blocks.0.weight (1024, 1024) on G_{1.0,0.0,384}

Initializing transformer.h.24.attn.c_attn.blocks.1.: k=1, G_{1.0,0.0,384}, type=None
  Initialized transformer.h.25.attn.c_attn.blocks.2.weight (1024, 1024) on G_{1.0,0.0,384}

Initializing transformer.h.25.mlp.c_fc.blocks.0.: k=1, G_{1.0,0.0,384}, type=None
  Initialized transformer.h.23.mlp.c_fc.blocks.0.weight (1024, 1024) on G_{1.0,0.0,384}

Initializing transformer.h.23.mlp.c_fc.blocks.1.: k=1, G_{1.0,0.0,384}, type=None
  Initialized transformer.h.24.attn.c_attn.blocks.1.weight (1024, 1024) on G_{1.0,0.0,384}

Initializing transformer.h.24.attn.c_attn.blocks.2.: k=1, G_{1.0,0.0,384}, type=None
  Initialized transformer.h.25.mlp.c_fc.blocks.0.weight (1024, 1024) on G_{1.0,0.0,384}

Initializing transformer.h.25.mlp.c_fc.blocks.1.: k=1, G_{1.0,0.0,384}, type=None
  Initialized transformer.h.23.mlp.c_fc.blocks.1.weight (1024, 1024) on G_{1.0,0.0,384}

Initializing transformer.h.23.mlp.c_fc.blocks.2.: k=1, G_{1.0,0.0,384}, type=None
  Initialized transformer.h.24.attn.c_attn.blocks.2.weight (1024, 1024) on G_{1.0,0.0,384}

Initializing transformer.h.24.mlp.c_fc.blocks.0.: k=1, G_{1.0,0.0,384}, type=None
  Initialized transformer.h.25.mlp.c_fc.blocks.1.weight (1024, 1024) on G_{1.0,0.0,384}

Initializing transformer.h.25.mlp.c_fc.blocks.2.: k=1, G_{1.0,0.0,384}, type=None
  Initialized transformer.h.23.mlp.c_fc.blocks.2.weight (1024, 1024) on G_{1.0,0.0,384}

Initializing transformer.h.23.mlp.c_fc.blocks.3.: k=1, G_{1.0,0.0,384}, type=None
  Initialized transformer.h.24.mlp.c_fc.blocks.0.weight (1024, 1024) on G_{1.0,0.0,384}

Initializing transformer.h.24.mlp.c_fc.blocks.1.: k=1, G_{1.0,0.0,384}, type=None
  Initialized transformer.h.25.mlp.c_fc.blocks.2.weight (1024, 1024) on G_{1.0,0.0,384}

Initializing transformer.h.25.mlp.c_fc.blocks.3.: k=1, G_{1.0,0.0,384}, type=None
  Initialized transformer.h.23.mlp.c_fc.blocks.3.weight (1024, 1024) on G_{1.0,0.0,384}

Initializing transformer.h.24.attn.c_attn.blocks.0.: k=1, G_{1.0,0.0,384}, type=None
  Initialized transformer.h.24.mlp.c_fc.blocks.1.weight (1024, 1024) on G_{1.0,0.0,384}

Initializing transformer.h.24.mlp.c_fc.blocks.2.: k=1, G_{1.0,0.0,384}, type=None
  Initialized transformer.h.25.mlp.c_fc.blocks.3.weight (1024, 1024) on G_{1.0,0.0,384}

Initializing transformer.h.26.attn.c_attn.blocks.0.: k=1, G_{1.0,0.0,384}, type=None
  Initialized transformer.h.24.attn.c_attn.blocks.0.weight (1024, 1024) on G_{1.0,0.0,384}

Initializing transformer.h.24.attn.c_attn.blocks.1.: k=1, G_{1.0,0.0,384}, type=None
  Initialized transformer.h.24.mlp.c_fc.blocks.2.weight (1024, 1024) on G_{1.0,0.0,384}

Initializing transformer.h.24.mlp.c_fc.blocks.3.: k=1, G_{1.0,0.0,384}, type=None
  Initialized transformer.h.26.attn.c_attn.blocks.0.weight (1024, 1024) on G_{1.0,0.0,384}

Initializing transformer.h.26.attn.c_attn.blocks.1.: k=1, G_{1.0,0.0,384}, type=None
  Initialized transformer.h.24.attn.c_attn.blocks.1.weight (1024, 1024) on G_{1.0,0.0,384}

Initializing transformer.h.24.attn.c_attn.blocks.2.: k=1, G_{1.0,0.0,384}, type=None
  Initialized transformer.h.24.mlp.c_fc.blocks.3.weight (1024, 1024) on G_{1.0,0.0,384}

Initializing transformer.h.25.attn.c_attn.blocks.0.: k=1, G_{1.0,0.0,384}, type=None
  Initialized transformer.h.26.attn.c_attn.blocks.1.weight (1024, 1024) on G_{1.0,0.0,384}

Initializing transformer.h.26.attn.c_attn.blocks.2.: k=1, G_{1.0,0.0,384}, type=None
  Initialized transformer.h.24.attn.c_attn.blocks.2.weight (1024, 1024) on G_{1.0,0.0,384}

Initializing transformer.h.24.mlp.c_fc.blocks.0.: k=1, G_{1.0,0.0,384}, type=None
  Initialized transformer.h.25.attn.c_attn.blocks.0.weight (1024, 1024) on G_{1.0,0.0,384}

Initializing transformer.h.25.attn.c_attn.blocks.1.: k=1, G_{1.0,0.0,384}, type=None
  Initialized transformer.h.26.attn.c_attn.blocks.2.weight (1024, 1024) on G_{1.0,0.0,384}

Initializing transformer.h.26.mlp.c_fc.blocks.0.: k=1, G_{1.0,0.0,384}, type=None
  Initialized transformer.h.24.mlp.c_fc.blocks.0.weight (1024, 1024) on G_{1.0,0.0,384}

Initializing transformer.h.24.mlp.c_fc.blocks.1.: k=1, G_{1.0,0.0,384}, type=None
  Initialized transformer.h.25.attn.c_attn.blocks.1.weight (1024, 1024) on G_{1.0,0.0,384}

Initializing transformer.h.25.attn.c_attn.blocks.2.: k=1, G_{1.0,0.0,384}, type=None
  Initialized transformer.h.26.mlp.c_fc.blocks.0.weight (1024, 1024) on G_{1.0,0.0,384}

Initializing transformer.h.26.mlp.c_fc.blocks.1.: k=1, G_{1.0,0.0,384}, type=None
  Initialized transformer.h.24.mlp.c_fc.blocks.1.weight (1024, 1024) on G_{1.0,0.0,384}

Initializing transformer.h.24.mlp.c_fc.blocks.2.: k=1, G_{1.0,0.0,384}, type=None
  Initialized transformer.h.25.attn.c_attn.blocks.2.weight (1024, 1024) on G_{1.0,0.0,384}

Initializing transformer.h.25.mlp.c_fc.blocks.0.: k=1, G_{1.0,0.0,384}, type=None
  Initialized transformer.h.26.mlp.c_fc.blocks.1.weight (1024, 1024) on G_{1.0,0.0,384}

Initializing transformer.h.26.mlp.c_fc.blocks.2.: k=1, G_{1.0,0.0,384}, type=None
  Initialized transformer.h.24.mlp.c_fc.blocks.2.weight (1024, 1024) on G_{1.0,0.0,384}

Initializing transformer.h.24.mlp.c_fc.blocks.3.: k=1, G_{1.0,0.0,384}, type=None
  Initialized transformer.h.25.mlp.c_fc.blocks.0.weight (1024, 1024) on G_{1.0,0.0,384}

Initializing transformer.h.25.mlp.c_fc.blocks.1.: k=1, G_{1.0,0.0,384}, type=None
  Initialized transformer.h.26.mlp.c_fc.blocks.2.weight (1024, 1024) on G_{1.0,0.0,384}

Initializing transformer.h.26.mlp.c_fc.blocks.3.: k=1, G_{1.0,0.0,384}, type=None
  Initialized transformer.h.24.mlp.c_fc.blocks.3.weight (1024, 1024) on G_{1.0,0.0,384}

Initializing transformer.h.25.attn.c_attn.blocks.0.: k=1, G_{1.0,0.0,384}, type=None
  Initialized transformer.h.25.mlp.c_fc.blocks.1.weight (1024, 1024) on G_{1.0,0.0,384}

Initializing transformer.h.25.mlp.c_fc.blocks.2.: k=1, G_{1.0,0.0,384}, type=None
  Initialized transformer.h.26.mlp.c_fc.blocks.3.weight (1024, 1024) on G_{1.0,0.0,384}

Initializing transformer.h.27.attn.c_attn.blocks.0.: k=1, G_{1.0,0.0,384}, type=None
  Initialized transformer.h.25.attn.c_attn.blocks.0.weight (1024, 1024) on G_{1.0,0.0,384}

Initializing transformer.h.25.attn.c_attn.blocks.1.: k=1, G_{1.0,0.0,384}, type=None
  Initialized transformer.h.25.mlp.c_fc.blocks.2.weight (1024, 1024) on G_{1.0,0.0,384}

Initializing transformer.h.25.mlp.c_fc.blocks.3.: k=1, G_{1.0,0.0,384}, type=None
  Initialized transformer.h.27.attn.c_attn.blocks.0.weight (1024, 1024) on G_{1.0,0.0,384}

Initializing transformer.h.27.attn.c_attn.blocks.1.: k=1, G_{1.0,0.0,384}, type=None
  Initialized transformer.h.25.attn.c_attn.blocks.1.weight (1024, 1024) on G_{1.0,0.0,384}

Initializing transformer.h.25.attn.c_attn.blocks.2.: k=1, G_{1.0,0.0,384}, type=None
  Initialized transformer.h.25.mlp.c_fc.blocks.3.weight (1024, 1024) on G_{1.0,0.0,384}

Initializing transformer.h.26.attn.c_attn.blocks.0.: k=1, G_{1.0,0.0,384}, type=None
  Initialized transformer.h.27.attn.c_attn.blocks.1.weight (1024, 1024) on G_{1.0,0.0,384}

Initializing transformer.h.27.attn.c_attn.blocks.2.: k=1, G_{1.0,0.0,384}, type=None
  Initialized transformer.h.25.attn.c_attn.blocks.2.weight (1024, 1024) on G_{1.0,0.0,384}

Initializing transformer.h.25.mlp.c_fc.blocks.0.: k=1, G_{1.0,0.0,384}, type=None
  Initialized transformer.h.26.attn.c_attn.blocks.0.weight (1024, 1024) on G_{1.0,0.0,384}

Initializing transformer.h.26.attn.c_attn.blocks.1.: k=1, G_{1.0,0.0,384}, type=None
  Initialized transformer.h.27.attn.c_attn.blocks.2.weight (1024, 1024) on G_{1.0,0.0,384}

Initializing transformer.h.27.mlp.c_fc.blocks.0.: k=1, G_{1.0,0.0,384}, type=None
  Initialized transformer.h.25.mlp.c_fc.blocks.0.weight (1024, 1024) on G_{1.0,0.0,384}

Initializing transformer.h.25.mlp.c_fc.blocks.1.: k=1, G_{1.0,0.0,384}, type=None
  Initialized transformer.h.26.attn.c_attn.blocks.1.weight (1024, 1024) on G_{1.0,0.0,384}

Initializing transformer.h.26.attn.c_attn.blocks.2.: k=1, G_{1.0,0.0,384}, type=None
  Initialized transformer.h.27.mlp.c_fc.blocks.0.weight (1024, 1024) on G_{1.0,0.0,384}

Initializing transformer.h.27.mlp.c_fc.blocks.1.: k=1, G_{1.0,0.0,384}, type=None
  Initialized transformer.h.25.mlp.c_fc.blocks.1.weight (1024, 1024) on G_{1.0,0.0,384}

Initializing transformer.h.25.mlp.c_fc.blocks.2.: k=1, G_{1.0,0.0,384}, type=None
  Initialized transformer.h.26.attn.c_attn.blocks.2.weight (1024, 1024) on G_{1.0,0.0,384}

Initializing transformer.h.26.mlp.c_fc.blocks.0.: k=1, G_{1.0,0.0,384}, type=None
  Initialized transformer.h.27.mlp.c_fc.blocks.1.weight (1024, 1024) on G_{1.0,0.0,384}

Initializing transformer.h.27.mlp.c_fc.blocks.2.: k=1, G_{1.0,0.0,384}, type=None
  Initialized transformer.h.25.mlp.c_fc.blocks.2.weight (1024, 1024) on G_{1.0,0.0,384}

Initializing transformer.h.25.mlp.c_fc.blocks.3.: k=1, G_{1.0,0.0,384}, type=None
  Initialized transformer.h.26.mlp.c_fc.blocks.0.weight (1024, 1024) on G_{1.0,0.0,384}

Initializing transformer.h.26.mlp.c_fc.blocks.1.: k=1, G_{1.0,0.0,384}, type=None
  Initialized transformer.h.27.mlp.c_fc.blocks.2.weight (1024, 1024) on G_{1.0,0.0,384}

Initializing transformer.h.27.mlp.c_fc.blocks.3.: k=1, G_{1.0,0.0,384}, type=None
  Initialized transformer.h.25.mlp.c_fc.blocks.3.weight (1024, 1024) on G_{1.0,0.0,384}

Initializing transformer.h.26.attn.c_attn.blocks.0.: k=1, G_{1.0,0.0,384}, type=None
  Initialized transformer.h.26.mlp.c_fc.blocks.1.weight (1024, 1024) on G_{1.0,0.0,384}

Initializing transformer.h.26.mlp.c_fc.blocks.2.: k=1, G_{1.0,0.0,384}, type=None
  Initialized transformer.h.27.mlp.c_fc.blocks.3.weight (1024, 1024) on G_{1.0,0.0,384}

Initializing transformer.h.28.attn.c_attn.blocks.0.: k=1, G_{1.0,0.0,384}, type=None
  Initialized transformer.h.26.attn.c_attn.blocks.0.weight (1024, 1024) on G_{1.0,0.0,384}

Initializing transformer.h.26.attn.c_attn.blocks.1.: k=1, G_{1.0,0.0,384}, type=None
  Initialized transformer.h.26.mlp.c_fc.blocks.2.weight (1024, 1024) on G_{1.0,0.0,384}

Initializing transformer.h.26.mlp.c_fc.blocks.3.: k=1, G_{1.0,0.0,384}, type=None
  Initialized transformer.h.28.attn.c_attn.blocks.0.weight (1024, 1024) on G_{1.0,0.0,384}

Initializing transformer.h.28.attn.c_attn.blocks.1.: k=1, G_{1.0,0.0,384}, type=None
  Initialized transformer.h.26.attn.c_attn.blocks.1.weight (1024, 1024) on G_{1.0,0.0,384}
  Initialized transformer.h.26.mlp.c_fc.blocks.3.weight (1024, 1024) on G_{1.0,0.0,384}

Initializing transformer.h.26.attn.c_attn.blocks.2.: k=1, G_{1.0,0.0,384}, type=None

Initializing transformer.h.27.attn.c_attn.blocks.0.: k=1, G_{1.0,0.0,384}, type=None
  Initialized transformer.h.28.attn.c_attn.blocks.1.weight (1024, 1024) on G_{1.0,0.0,384}

Initializing transformer.h.28.attn.c_attn.blocks.2.: k=1, G_{1.0,0.0,384}, type=None
  Initialized transformer.h.26.attn.c_attn.blocks.2.weight (1024, 1024) on G_{1.0,0.0,384}
  Initialized transformer.h.27.attn.c_attn.blocks.0.weight (1024, 1024) on G_{1.0,0.0,384}

Initializing transformer.h.26.mlp.c_fc.blocks.0.: k=1, G_{1.0,0.0,384}, type=None

Initializing transformer.h.27.attn.c_attn.blocks.1.: k=1, G_{1.0,0.0,384}, type=None
  Initialized transformer.h.28.attn.c_attn.blocks.2.weight (1024, 1024) on G_{1.0,0.0,384}

Initializing transformer.h.28.mlp.c_fc.blocks.0.: k=1, G_{1.0,0.0,384}, type=None
  Initialized transformer.h.26.mlp.c_fc.blocks.0.weight (1024, 1024) on G_{1.0,0.0,384}
  Initialized transformer.h.27.attn.c_attn.blocks.1.weight (1024, 1024) on G_{1.0,0.0,384}

Initializing transformer.h.26.mlp.c_fc.blocks.1.: k=1, G_{1.0,0.0,384}, type=None

Initializing transformer.h.27.attn.c_attn.blocks.2.: k=1, G_{1.0,0.0,384}, type=None
  Initialized transformer.h.28.mlp.c_fc.blocks.0.weight (1024, 1024) on G_{1.0,0.0,384}

Initializing transformer.h.28.mlp.c_fc.blocks.1.: k=1, G_{1.0,0.0,384}, type=None
  Initialized transformer.h.26.mlp.c_fc.blocks.1.weight (1024, 1024) on G_{1.0,0.0,384}
  Initialized transformer.h.27.attn.c_attn.blocks.2.weight (1024, 1024) on G_{1.0,0.0,384}

Initializing transformer.h.26.mlp.c_fc.blocks.2.: k=1, G_{1.0,0.0,384}, type=None

Initializing transformer.h.27.mlp.c_fc.blocks.0.: k=1, G_{1.0,0.0,384}, type=None
  Initialized transformer.h.28.mlp.c_fc.blocks.1.weight (1024, 1024) on G_{1.0,0.0,384}

Initializing transformer.h.28.mlp.c_fc.blocks.2.: k=1, G_{1.0,0.0,384}, type=None
  Initialized transformer.h.27.mlp.c_fc.blocks.0.weight (1024, 1024) on G_{1.0,0.0,384}
  Initialized transformer.h.26.mlp.c_fc.blocks.2.weight (1024, 1024) on G_{1.0,0.0,384}

Initializing transformer.h.26.mlp.c_fc.blocks.3.: k=1, G_{1.0,0.0,384}, type=None

Initializing transformer.h.27.mlp.c_fc.blocks.1.: k=1, G_{1.0,0.0,384}, type=None
  Initialized transformer.h.28.mlp.c_fc.blocks.2.weight (1024, 1024) on G_{1.0,0.0,384}

Initializing transformer.h.28.mlp.c_fc.blocks.3.: k=1, G_{1.0,0.0,384}, type=None
  Initialized transformer.h.27.mlp.c_fc.blocks.1.weight (1024, 1024) on G_{1.0,0.0,384}
  Initialized transformer.h.26.mlp.c_fc.blocks.3.weight (1024, 1024) on G_{1.0,0.0,384}

Initializing transformer.h.27.attn.c_attn.blocks.0.: k=1, G_{1.0,0.0,384}, type=None

Initializing transformer.h.27.mlp.c_fc.blocks.2.: k=1, G_{1.0,0.0,384}, type=None
  Initialized transformer.h.28.mlp.c_fc.blocks.3.weight (1024, 1024) on G_{1.0,0.0,384}

Initializing transformer.h.29.attn.c_attn.blocks.0.: k=1, G_{1.0,0.0,384}, type=None
  Initialized transformer.h.27.mlp.c_fc.blocks.2.weight (1024, 1024) on G_{1.0,0.0,384}
  Initialized transformer.h.27.attn.c_attn.blocks.0.weight (1024, 1024) on G_{1.0,0.0,384}

Initializing transformer.h.27.attn.c_attn.blocks.1.: k=1, G_{1.0,0.0,384}, type=None

Initializing transformer.h.27.mlp.c_fc.blocks.3.: k=1, G_{1.0,0.0,384}, type=None
  Initialized transformer.h.29.attn.c_attn.blocks.0.weight (1024, 1024) on G_{1.0,0.0,384}

Initializing transformer.h.29.attn.c_attn.blocks.1.: k=1, G_{1.0,0.0,384}, type=None
  Initialized transformer.h.27.mlp.c_fc.blocks.3.weight (1024, 1024) on G_{1.0,0.0,384}
  Initialized transformer.h.27.attn.c_attn.blocks.1.weight (1024, 1024) on G_{1.0,0.0,384}

Initializing transformer.h.28.attn.c_attn.blocks.0.: k=1, G_{1.0,0.0,384}, type=None

Initializing transformer.h.27.attn.c_attn.blocks.2.: k=1, G_{1.0,0.0,384}, type=None
  Initialized transformer.h.29.attn.c_attn.blocks.1.weight (1024, 1024) on G_{1.0,0.0,384}

Initializing transformer.h.29.attn.c_attn.blocks.2.: k=1, G_{1.0,0.0,384}, type=None
  Initialized transformer.h.28.attn.c_attn.blocks.0.weight (1024, 1024) on G_{1.0,0.0,384}
  Initialized transformer.h.27.attn.c_attn.blocks.2.weight (1024, 1024) on G_{1.0,0.0,384}

Initializing transformer.h.28.attn.c_attn.blocks.1.: k=1, G_{1.0,0.0,384}, type=None

Initializing transformer.h.27.mlp.c_fc.blocks.0.: k=1, G_{1.0,0.0,384}, type=None
  Initialized transformer.h.29.attn.c_attn.blocks.2.weight (1024, 1024) on G_{1.0,0.0,384}

Initializing transformer.h.29.mlp.c_fc.blocks.0.: k=1, G_{1.0,0.0,384}, type=None
  Initialized transformer.h.28.attn.c_attn.blocks.1.weight (1024, 1024) on G_{1.0,0.0,384}
  Initialized transformer.h.27.mlp.c_fc.blocks.0.weight (1024, 1024) on G_{1.0,0.0,384}

Initializing transformer.h.28.attn.c_attn.blocks.2.: k=1, G_{1.0,0.0,384}, type=None

Initializing transformer.h.27.mlp.c_fc.blocks.1.: k=1, G_{1.0,0.0,384}, type=None
  Initialized transformer.h.29.mlp.c_fc.blocks.0.weight (1024, 1024) on G_{1.0,0.0,384}

Initializing transformer.h.29.mlp.c_fc.blocks.1.: k=1, G_{1.0,0.0,384}, type=None
  Initialized transformer.h.28.attn.c_attn.blocks.2.weight (1024, 1024) on G_{1.0,0.0,384}

Initializing transformer.h.28.mlp.c_fc.blocks.0.: k=1, G_{1.0,0.0,384}, type=None  Initialized transformer.h.27.mlp.c_fc.blocks.1.weight (1024, 1024) on G_{1.0,0.0,384}


Initializing transformer.h.27.mlp.c_fc.blocks.2.: k=1, G_{1.0,0.0,384}, type=None
  Initialized transformer.h.29.mlp.c_fc.blocks.1.weight (1024, 1024) on G_{1.0,0.0,384}

Initializing transformer.h.29.mlp.c_fc.blocks.2.: k=1, G_{1.0,0.0,384}, type=None
  Initialized transformer.h.28.mlp.c_fc.blocks.0.weight (1024, 1024) on G_{1.0,0.0,384}

Initializing transformer.h.28.mlp.c_fc.blocks.1.: k=1, G_{1.0,0.0,384}, type=None
  Initialized transformer.h.27.mlp.c_fc.blocks.2.weight (1024, 1024) on G_{1.0,0.0,384}

Initializing transformer.h.27.mlp.c_fc.blocks.3.: k=1, G_{1.0,0.0,384}, type=None
  Initialized transformer.h.29.mlp.c_fc.blocks.2.weight (1024, 1024) on G_{1.0,0.0,384}

Initializing transformer.h.29.mlp.c_fc.blocks.3.: k=1, G_{1.0,0.0,384}, type=None
  Initialized transformer.h.28.mlp.c_fc.blocks.1.weight (1024, 1024) on G_{1.0,0.0,384}

Initializing transformer.h.28.mlp.c_fc.blocks.2.: k=1, G_{1.0,0.0,384}, type=None
  Initialized transformer.h.27.mlp.c_fc.blocks.3.weight (1024, 1024) on G_{1.0,0.0,384}

Initializing transformer.h.28.attn.c_attn.blocks.0.: k=1, G_{1.0,0.0,384}, type=None
  Initialized transformer.h.29.mlp.c_fc.blocks.3.weight (1024, 1024) on G_{1.0,0.0,384}

Initializing transformer.h.30.attn.c_attn.blocks.0.: k=1, G_{1.0,0.0,384}, type=None
  Initialized transformer.h.28.mlp.c_fc.blocks.2.weight (1024, 1024) on G_{1.0,0.0,384}

Initializing transformer.h.28.mlp.c_fc.blocks.3.: k=1, G_{1.0,0.0,384}, type=None
  Initialized transformer.h.28.attn.c_attn.blocks.0.weight (1024, 1024) on G_{1.0,0.0,384}

Initializing transformer.h.28.attn.c_attn.blocks.1.: k=1, G_{1.0,0.0,384}, type=None
  Initialized transformer.h.30.attn.c_attn.blocks.0.weight (1024, 1024) on G_{1.0,0.0,384}

Initializing transformer.h.30.attn.c_attn.blocks.1.: k=1, G_{1.0,0.0,384}, type=None
  Initialized transformer.h.28.mlp.c_fc.blocks.3.weight (1024, 1024) on G_{1.0,0.0,384}

Initializing transformer.h.29.attn.c_attn.blocks.0.: k=1, G_{1.0,0.0,384}, type=None
  Initialized transformer.h.28.attn.c_attn.blocks.1.weight (1024, 1024) on G_{1.0,0.0,384}

Initializing transformer.h.28.attn.c_attn.blocks.2.: k=1, G_{1.0,0.0,384}, type=None
  Initialized transformer.h.30.attn.c_attn.blocks.1.weight (1024, 1024) on G_{1.0,0.0,384}

Initializing transformer.h.30.attn.c_attn.blocks.2.: k=1, G_{1.0,0.0,384}, type=None
  Initialized transformer.h.29.attn.c_attn.blocks.0.weight (1024, 1024) on G_{1.0,0.0,384}

Initializing transformer.h.29.attn.c_attn.blocks.1.: k=1, G_{1.0,0.0,384}, type=None
  Initialized transformer.h.28.attn.c_attn.blocks.2.weight (1024, 1024) on G_{1.0,0.0,384}

Initializing transformer.h.28.mlp.c_fc.blocks.0.: k=1, G_{1.0,0.0,384}, type=None
  Initialized transformer.h.30.attn.c_attn.blocks.2.weight (1024, 1024) on G_{1.0,0.0,384}

Initializing transformer.h.30.mlp.c_fc.blocks.0.: k=1, G_{1.0,0.0,384}, type=None
  Initialized transformer.h.29.attn.c_attn.blocks.1.weight (1024, 1024) on G_{1.0,0.0,384}

Initializing transformer.h.29.attn.c_attn.blocks.2.: k=1, G_{1.0,0.0,384}, type=None
  Initialized transformer.h.28.mlp.c_fc.blocks.0.weight (1024, 1024) on G_{1.0,0.0,384}

Initializing transformer.h.28.mlp.c_fc.blocks.1.: k=1, G_{1.0,0.0,384}, type=None
  Initialized transformer.h.30.mlp.c_fc.blocks.0.weight (1024, 1024) on G_{1.0,0.0,384}

Initializing transformer.h.30.mlp.c_fc.blocks.1.: k=1, G_{1.0,0.0,384}, type=None
  Initialized transformer.h.29.attn.c_attn.blocks.2.weight (1024, 1024) on G_{1.0,0.0,384}

Initializing transformer.h.29.mlp.c_fc.blocks.0.: k=1, G_{1.0,0.0,384}, type=None
  Initialized transformer.h.28.mlp.c_fc.blocks.1.weight (1024, 1024) on G_{1.0,0.0,384}

Initializing transformer.h.28.mlp.c_fc.blocks.2.: k=1, G_{1.0,0.0,384}, type=None
  Initialized transformer.h.30.mlp.c_fc.blocks.1.weight (1024, 1024) on G_{1.0,0.0,384}

Initializing transformer.h.30.mlp.c_fc.blocks.2.: k=1, G_{1.0,0.0,384}, type=None
  Initialized transformer.h.29.mlp.c_fc.blocks.0.weight (1024, 1024) on G_{1.0,0.0,384}

Initializing transformer.h.29.mlp.c_fc.blocks.1.: k=1, G_{1.0,0.0,384}, type=None
  Initialized transformer.h.28.mlp.c_fc.blocks.2.weight (1024, 1024) on G_{1.0,0.0,384}

Initializing transformer.h.28.mlp.c_fc.blocks.3.: k=1, G_{1.0,0.0,384}, type=None
  Initialized transformer.h.30.mlp.c_fc.blocks.2.weight (1024, 1024) on G_{1.0,0.0,384}

Initializing transformer.h.30.mlp.c_fc.blocks.3.: k=1, G_{1.0,0.0,384}, type=None
  Initialized transformer.h.29.mlp.c_fc.blocks.1.weight (1024, 1024) on G_{1.0,0.0,384}

Initializing transformer.h.29.mlp.c_fc.blocks.2.: k=1, G_{1.0,0.0,384}, type=None
  Initialized transformer.h.28.mlp.c_fc.blocks.3.weight (1024, 1024) on G_{1.0,0.0,384}

Initializing transformer.h.29.attn.c_attn.blocks.0.: k=1, G_{1.0,0.0,384}, type=None
  Initialized transformer.h.30.mlp.c_fc.blocks.3.weight (1024, 1024) on G_{1.0,0.0,384}

Initializing transformer.h.31.attn.c_attn.blocks.0.: k=1, G_{1.0,0.0,384}, type=None
  Initialized transformer.h.29.mlp.c_fc.blocks.2.weight (1024, 1024) on G_{1.0,0.0,384}

Initializing transformer.h.29.mlp.c_fc.blocks.3.: k=1, G_{1.0,0.0,384}, type=None
  Initialized transformer.h.29.attn.c_attn.blocks.0.weight (1024, 1024) on G_{1.0,0.0,384}

Initializing transformer.h.29.attn.c_attn.blocks.1.: k=1, G_{1.0,0.0,384}, type=None
  Initialized transformer.h.31.attn.c_attn.blocks.0.weight (1024, 1024) on G_{1.0,0.0,384}

Initializing transformer.h.31.attn.c_attn.blocks.1.: k=1, G_{1.0,0.0,384}, type=None
  Initialized transformer.h.29.mlp.c_fc.blocks.3.weight (1024, 1024) on G_{1.0,0.0,384}

Initializing transformer.h.30.attn.c_attn.blocks.0.: k=1, G_{1.0,0.0,384}, type=None
  Initialized transformer.h.29.attn.c_attn.blocks.1.weight (1024, 1024) on G_{1.0,0.0,384}

Initializing transformer.h.29.attn.c_attn.blocks.2.: k=1, G_{1.0,0.0,384}, type=None
  Initialized transformer.h.31.attn.c_attn.blocks.1.weight (1024, 1024) on G_{1.0,0.0,384}

Initializing transformer.h.31.attn.c_attn.blocks.2.: k=1, G_{1.0,0.0,384}, type=None
  Initialized transformer.h.30.attn.c_attn.blocks.0.weight (1024, 1024) on G_{1.0,0.0,384}

Initializing transformer.h.30.attn.c_attn.blocks.1.: k=1, G_{1.0,0.0,384}, type=None
  Initialized transformer.h.29.attn.c_attn.blocks.2.weight (1024, 1024) on G_{1.0,0.0,384}

Initializing transformer.h.29.mlp.c_fc.blocks.0.: k=1, G_{1.0,0.0,384}, type=None
  Initialized transformer.h.31.attn.c_attn.blocks.2.weight (1024, 1024) on G_{1.0,0.0,384}

Initializing transformer.h.31.mlp.c_fc.blocks.0.: k=1, G_{1.0,0.0,384}, type=None
  Initialized transformer.h.30.attn.c_attn.blocks.1.weight (1024, 1024) on G_{1.0,0.0,384}

Initializing transformer.h.30.attn.c_attn.blocks.2.: k=1, G_{1.0,0.0,384}, type=None
  Initialized transformer.h.29.mlp.c_fc.blocks.0.weight (1024, 1024) on G_{1.0,0.0,384}

Initializing transformer.h.29.mlp.c_fc.blocks.1.: k=1, G_{1.0,0.0,384}, type=None
  Initialized transformer.h.31.mlp.c_fc.blocks.0.weight (1024, 1024) on G_{1.0,0.0,384}

Initializing transformer.h.31.mlp.c_fc.blocks.1.: k=1, G_{1.0,0.0,384}, type=None
  Initialized transformer.h.30.attn.c_attn.blocks.2.weight (1024, 1024) on G_{1.0,0.0,384}

Initializing transformer.h.30.mlp.c_fc.blocks.0.: k=1, G_{1.0,0.0,384}, type=None
  Initialized transformer.h.29.mlp.c_fc.blocks.1.weight (1024, 1024) on G_{1.0,0.0,384}

Initializing transformer.h.29.mlp.c_fc.blocks.2.: k=1, G_{1.0,0.0,384}, type=None
  Initialized transformer.h.31.mlp.c_fc.blocks.1.weight (1024, 1024) on G_{1.0,0.0,384}

Initializing transformer.h.31.mlp.c_fc.blocks.2.: k=1, G_{1.0,0.0,384}, type=None
  Initialized transformer.h.30.mlp.c_fc.blocks.0.weight (1024, 1024) on G_{1.0,0.0,384}

Initializing transformer.h.30.mlp.c_fc.blocks.1.: k=1, G_{1.0,0.0,384}, type=None
  Initialized transformer.h.29.mlp.c_fc.blocks.2.weight (1024, 1024) on G_{1.0,0.0,384}

Initializing transformer.h.29.mlp.c_fc.blocks.3.: k=1, G_{1.0,0.0,384}, type=None
  Initialized transformer.h.31.mlp.c_fc.blocks.2.weight (1024, 1024) on G_{1.0,0.0,384}

Initializing transformer.h.31.mlp.c_fc.blocks.3.: k=1, G_{1.0,0.0,384}, type=None
  Initialized transformer.h.30.mlp.c_fc.blocks.1.weight (1024, 1024) on G_{1.0,0.0,384}

Initializing transformer.h.30.mlp.c_fc.blocks.2.: k=1, G_{1.0,0.0,384}, type=None
  Initialized transformer.h.29.mlp.c_fc.blocks.3.weight (1024, 1024) on G_{1.0,0.0,384}

Initializing transformer.h.30.attn.c_attn.blocks.0.: k=1, G_{1.0,0.0,384}, type=None
  Initialized transformer.h.31.mlp.c_fc.blocks.3.weight (1024, 1024) on G_{1.0,0.0,384}

Initializing transformer.h.32.attn.c_attn.blocks.0.: k=1, G_{1.0,0.0,384}, type=None
  Initialized transformer.h.30.mlp.c_fc.blocks.2.weight (1024, 1024) on G_{1.0,0.0,384}

Initializing transformer.h.30.mlp.c_fc.blocks.3.: k=1, G_{1.0,0.0,384}, type=None
  Initialized transformer.h.30.attn.c_attn.blocks.0.weight (1024, 1024) on G_{1.0,0.0,384}

Initializing transformer.h.30.attn.c_attn.blocks.1.: k=1, G_{1.0,0.0,384}, type=None
  Initialized transformer.h.32.attn.c_attn.blocks.0.weight (1024, 1024) on G_{1.0,0.0,384}

Initializing transformer.h.32.attn.c_attn.blocks.1.: k=1, G_{1.0,0.0,384}, type=None
  Initialized transformer.h.30.mlp.c_fc.blocks.3.weight (1024, 1024) on G_{1.0,0.0,384}

Initializing transformer.h.31.attn.c_attn.blocks.0.: k=1, G_{1.0,0.0,384}, type=None
  Initialized transformer.h.30.attn.c_attn.blocks.1.weight (1024, 1024) on G_{1.0,0.0,384}

Initializing transformer.h.30.attn.c_attn.blocks.2.: k=1, G_{1.0,0.0,384}, type=None
  Initialized transformer.h.32.attn.c_attn.blocks.1.weight (1024, 1024) on G_{1.0,0.0,384}

Initializing transformer.h.32.attn.c_attn.blocks.2.: k=1, G_{1.0,0.0,384}, type=None
  Initialized transformer.h.31.attn.c_attn.blocks.0.weight (1024, 1024) on G_{1.0,0.0,384}

Initializing transformer.h.31.attn.c_attn.blocks.1.: k=1, G_{1.0,0.0,384}, type=None
  Initialized transformer.h.30.attn.c_attn.blocks.2.weight (1024, 1024) on G_{1.0,0.0,384}

Initializing transformer.h.30.mlp.c_fc.blocks.0.: k=1, G_{1.0,0.0,384}, type=None
  Initialized transformer.h.32.attn.c_attn.blocks.2.weight (1024, 1024) on G_{1.0,0.0,384}

Initializing transformer.h.32.mlp.c_fc.blocks.0.: k=1, G_{1.0,0.0,384}, type=None
  Initialized transformer.h.31.attn.c_attn.blocks.1.weight (1024, 1024) on G_{1.0,0.0,384}

Initializing transformer.h.31.attn.c_attn.blocks.2.: k=1, G_{1.0,0.0,384}, type=None
  Initialized transformer.h.30.mlp.c_fc.blocks.0.weight (1024, 1024) on G_{1.0,0.0,384}

Initializing transformer.h.30.mlp.c_fc.blocks.1.: k=1, G_{1.0,0.0,384}, type=None
  Initialized transformer.h.32.mlp.c_fc.blocks.0.weight (1024, 1024) on G_{1.0,0.0,384}

Initializing transformer.h.32.mlp.c_fc.blocks.1.: k=1, G_{1.0,0.0,384}, type=None
  Initialized transformer.h.31.attn.c_attn.blocks.2.weight (1024, 1024) on G_{1.0,0.0,384}

Initializing transformer.h.31.mlp.c_fc.blocks.0.: k=1, G_{1.0,0.0,384}, type=None
  Initialized transformer.h.30.mlp.c_fc.blocks.1.weight (1024, 1024) on G_{1.0,0.0,384}

Initializing transformer.h.30.mlp.c_fc.blocks.2.: k=1, G_{1.0,0.0,384}, type=None
  Initialized transformer.h.32.mlp.c_fc.blocks.1.weight (1024, 1024) on G_{1.0,0.0,384}

Initializing transformer.h.32.mlp.c_fc.blocks.2.: k=1, G_{1.0,0.0,384}, type=None
  Initialized transformer.h.31.mlp.c_fc.blocks.0.weight (1024, 1024) on G_{1.0,0.0,384}

Initializing transformer.h.31.mlp.c_fc.blocks.1.: k=1, G_{1.0,0.0,384}, type=None
  Initialized transformer.h.30.mlp.c_fc.blocks.2.weight (1024, 1024) on G_{1.0,0.0,384}

Initializing transformer.h.30.mlp.c_fc.blocks.3.: k=1, G_{1.0,0.0,384}, type=None
  Initialized transformer.h.32.mlp.c_fc.blocks.2.weight (1024, 1024) on G_{1.0,0.0,384}

Initializing transformer.h.32.mlp.c_fc.blocks.3.: k=1, G_{1.0,0.0,384}, type=None
  Initialized transformer.h.31.mlp.c_fc.blocks.1.weight (1024, 1024) on G_{1.0,0.0,384}

Initializing transformer.h.31.mlp.c_fc.blocks.2.: k=1, G_{1.0,0.0,384}, type=None
  Initialized transformer.h.30.mlp.c_fc.blocks.3.weight (1024, 1024) on G_{1.0,0.0,384}

Initializing transformer.h.31.attn.c_attn.blocks.0.: k=1, G_{1.0,0.0,384}, type=None
  Initialized transformer.h.32.mlp.c_fc.blocks.3.weight (1024, 1024) on G_{1.0,0.0,384}

Initializing transformer.h.33.attn.c_attn.blocks.0.: k=1, G_{1.0,0.0,384}, type=None
  Initialized transformer.h.31.mlp.c_fc.blocks.2.weight (1024, 1024) on G_{1.0,0.0,384}

Initializing transformer.h.31.mlp.c_fc.blocks.3.: k=1, G_{1.0,0.0,384}, type=None
  Initialized transformer.h.31.attn.c_attn.blocks.0.weight (1024, 1024) on G_{1.0,0.0,384}

Initializing transformer.h.31.attn.c_attn.blocks.1.: k=1, G_{1.0,0.0,384}, type=None
  Initialized transformer.h.33.attn.c_attn.blocks.0.weight (1024, 1024) on G_{1.0,0.0,384}

Initializing transformer.h.33.attn.c_attn.blocks.1.: k=1, G_{1.0,0.0,384}, type=None
  Initialized transformer.h.31.mlp.c_fc.blocks.3.weight (1024, 1024) on G_{1.0,0.0,384}

Initializing transformer.h.32.attn.c_attn.blocks.0.: k=1, G_{1.0,0.0,384}, type=None
  Initialized transformer.h.31.attn.c_attn.blocks.1.weight (1024, 1024) on G_{1.0,0.0,384}

Initializing transformer.h.31.attn.c_attn.blocks.2.: k=1, G_{1.0,0.0,384}, type=None
  Initialized transformer.h.33.attn.c_attn.blocks.1.weight (1024, 1024) on G_{1.0,0.0,384}

Initializing transformer.h.33.attn.c_attn.blocks.2.: k=1, G_{1.0,0.0,384}, type=None
  Initialized transformer.h.32.attn.c_attn.blocks.0.weight (1024, 1024) on G_{1.0,0.0,384}

Initializing transformer.h.32.attn.c_attn.blocks.1.: k=1, G_{1.0,0.0,384}, type=None
  Initialized transformer.h.31.attn.c_attn.blocks.2.weight (1024, 1024) on G_{1.0,0.0,384}

Initializing transformer.h.31.mlp.c_fc.blocks.0.: k=1, G_{1.0,0.0,384}, type=None
  Initialized transformer.h.33.attn.c_attn.blocks.2.weight (1024, 1024) on G_{1.0,0.0,384}

Initializing transformer.h.33.mlp.c_fc.blocks.0.: k=1, G_{1.0,0.0,384}, type=None
  Initialized transformer.h.32.attn.c_attn.blocks.1.weight (1024, 1024) on G_{1.0,0.0,384}

Initializing transformer.h.32.attn.c_attn.blocks.2.: k=1, G_{1.0,0.0,384}, type=None
  Initialized transformer.h.31.mlp.c_fc.blocks.0.weight (1024, 1024) on G_{1.0,0.0,384}

Initializing transformer.h.31.mlp.c_fc.blocks.1.: k=1, G_{1.0,0.0,384}, type=None
  Initialized transformer.h.33.mlp.c_fc.blocks.0.weight (1024, 1024) on G_{1.0,0.0,384}

Initializing transformer.h.33.mlp.c_fc.blocks.1.: k=1, G_{1.0,0.0,384}, type=None
  Initialized transformer.h.32.attn.c_attn.blocks.2.weight (1024, 1024) on G_{1.0,0.0,384}

Initializing transformer.h.32.mlp.c_fc.blocks.0.: k=1, G_{1.0,0.0,384}, type=None
  Initialized transformer.h.31.mlp.c_fc.blocks.1.weight (1024, 1024) on G_{1.0,0.0,384}

Initializing transformer.h.31.mlp.c_fc.blocks.2.: k=1, G_{1.0,0.0,384}, type=None
  Initialized transformer.h.33.mlp.c_fc.blocks.1.weight (1024, 1024) on G_{1.0,0.0,384}

Initializing transformer.h.33.mlp.c_fc.blocks.2.: k=1, G_{1.0,0.0,384}, type=None
  Initialized transformer.h.32.mlp.c_fc.blocks.0.weight (1024, 1024) on G_{1.0,0.0,384}

Initializing transformer.h.32.mlp.c_fc.blocks.1.: k=1, G_{1.0,0.0,384}, type=None
  Initialized transformer.h.31.mlp.c_fc.blocks.2.weight (1024, 1024) on G_{1.0,0.0,384}

Initializing transformer.h.31.mlp.c_fc.blocks.3.: k=1, G_{1.0,0.0,384}, type=None
  Initialized transformer.h.33.mlp.c_fc.blocks.2.weight (1024, 1024) on G_{1.0,0.0,384}

Initializing transformer.h.33.mlp.c_fc.blocks.3.: k=1, G_{1.0,0.0,384}, type=None
  Initialized transformer.h.32.mlp.c_fc.blocks.1.weight (1024, 1024) on G_{1.0,0.0,384}

Initializing transformer.h.32.mlp.c_fc.blocks.2.: k=1, G_{1.0,0.0,384}, type=None
  Initialized transformer.h.31.mlp.c_fc.blocks.3.weight (1024, 1024) on G_{1.0,0.0,384}

Initializing transformer.h.32.attn.c_attn.blocks.0.: k=1, G_{1.0,0.0,384}, type=None
  Initialized transformer.h.33.mlp.c_fc.blocks.3.weight (1024, 1024) on G_{1.0,0.0,384}

Initializing transformer.h.34.attn.c_attn.blocks.0.: k=1, G_{1.0,0.0,384}, type=None
  Initialized transformer.h.32.mlp.c_fc.blocks.2.weight (1024, 1024) on G_{1.0,0.0,384}

Initializing transformer.h.32.mlp.c_fc.blocks.3.: k=1, G_{1.0,0.0,384}, type=None
  Initialized transformer.h.32.attn.c_attn.blocks.0.weight (1024, 1024) on G_{1.0,0.0,384}

Initializing transformer.h.32.attn.c_attn.blocks.1.: k=1, G_{1.0,0.0,384}, type=None
  Initialized transformer.h.34.attn.c_attn.blocks.0.weight (1024, 1024) on G_{1.0,0.0,384}

Initializing transformer.h.34.attn.c_attn.blocks.1.: k=1, G_{1.0,0.0,384}, type=None
  Initialized transformer.h.32.mlp.c_fc.blocks.3.weight (1024, 1024) on G_{1.0,0.0,384}

Initializing transformer.h.33.attn.c_attn.blocks.0.: k=1, G_{1.0,0.0,384}, type=None
  Initialized transformer.h.32.attn.c_attn.blocks.1.weight (1024, 1024) on G_{1.0,0.0,384}

Initializing transformer.h.32.attn.c_attn.blocks.2.: k=1, G_{1.0,0.0,384}, type=None
  Initialized transformer.h.34.attn.c_attn.blocks.1.weight (1024, 1024) on G_{1.0,0.0,384}

Initializing transformer.h.34.attn.c_attn.blocks.2.: k=1, G_{1.0,0.0,384}, type=None
  Initialized transformer.h.33.attn.c_attn.blocks.0.weight (1024, 1024) on G_{1.0,0.0,384}

Initializing transformer.h.33.attn.c_attn.blocks.1.: k=1, G_{1.0,0.0,384}, type=None
  Initialized transformer.h.32.attn.c_attn.blocks.2.weight (1024, 1024) on G_{1.0,0.0,384}

Initializing transformer.h.32.mlp.c_fc.blocks.0.: k=1, G_{1.0,0.0,384}, type=None
  Initialized transformer.h.34.attn.c_attn.blocks.2.weight (1024, 1024) on G_{1.0,0.0,384}

Initializing transformer.h.34.mlp.c_fc.blocks.0.: k=1, G_{1.0,0.0,384}, type=None
  Initialized transformer.h.33.attn.c_attn.blocks.1.weight (1024, 1024) on G_{1.0,0.0,384}

Initializing transformer.h.33.attn.c_attn.blocks.2.: k=1, G_{1.0,0.0,384}, type=None
  Initialized transformer.h.32.mlp.c_fc.blocks.0.weight (1024, 1024) on G_{1.0,0.0,384}

Initializing transformer.h.32.mlp.c_fc.blocks.1.: k=1, G_{1.0,0.0,384}, type=None
  Initialized transformer.h.34.mlp.c_fc.blocks.0.weight (1024, 1024) on G_{1.0,0.0,384}

Initializing transformer.h.34.mlp.c_fc.blocks.1.: k=1, G_{1.0,0.0,384}, type=None
  Initialized transformer.h.33.attn.c_attn.blocks.2.weight (1024, 1024) on G_{1.0,0.0,384}

Initializing transformer.h.33.mlp.c_fc.blocks.0.: k=1, G_{1.0,0.0,384}, type=None
  Initialized transformer.h.32.mlp.c_fc.blocks.1.weight (1024, 1024) on G_{1.0,0.0,384}

Initializing transformer.h.32.mlp.c_fc.blocks.2.: k=1, G_{1.0,0.0,384}, type=None
  Initialized transformer.h.34.mlp.c_fc.blocks.1.weight (1024, 1024) on G_{1.0,0.0,384}

Initializing transformer.h.34.mlp.c_fc.blocks.2.: k=1, G_{1.0,0.0,384}, type=None
  Initialized transformer.h.33.mlp.c_fc.blocks.0.weight (1024, 1024) on G_{1.0,0.0,384}

Initializing transformer.h.33.mlp.c_fc.blocks.1.: k=1, G_{1.0,0.0,384}, type=None
  Initialized transformer.h.32.mlp.c_fc.blocks.2.weight (1024, 1024) on G_{1.0,0.0,384}

Initializing transformer.h.32.mlp.c_fc.blocks.3.: k=1, G_{1.0,0.0,384}, type=None
  Initialized transformer.h.34.mlp.c_fc.blocks.2.weight (1024, 1024) on G_{1.0,0.0,384}

Initializing transformer.h.34.mlp.c_fc.blocks.3.: k=1, G_{1.0,0.0,384}, type=None
  Initialized transformer.h.33.mlp.c_fc.blocks.1.weight (1024, 1024) on G_{1.0,0.0,384}

Initializing transformer.h.33.mlp.c_fc.blocks.2.: k=1, G_{1.0,0.0,384}, type=None
  Initialized transformer.h.32.mlp.c_fc.blocks.3.weight (1024, 1024) on G_{1.0,0.0,384}

Initializing transformer.h.33.attn.c_attn.blocks.0.: k=1, G_{1.0,0.0,384}, type=None
  Initialized transformer.h.34.mlp.c_fc.blocks.3.weight (1024, 1024) on G_{1.0,0.0,384}

Initializing transformer.h.35.attn.c_attn.blocks.0.: k=1, G_{1.0,0.0,384}, type=None
  Initialized transformer.h.33.mlp.c_fc.blocks.2.weight (1024, 1024) on G_{1.0,0.0,384}

Initializing transformer.h.33.mlp.c_fc.blocks.3.: k=1, G_{1.0,0.0,384}, type=None
  Initialized transformer.h.33.attn.c_attn.blocks.0.weight (1024, 1024) on G_{1.0,0.0,384}

Initializing transformer.h.33.attn.c_attn.blocks.1.: k=1, G_{1.0,0.0,384}, type=None
  Initialized transformer.h.35.attn.c_attn.blocks.0.weight (1024, 1024) on G_{1.0,0.0,384}

Initializing transformer.h.35.attn.c_attn.blocks.1.: k=1, G_{1.0,0.0,384}, type=None
  Initialized transformer.h.33.mlp.c_fc.blocks.3.weight (1024, 1024) on G_{1.0,0.0,384}

Initializing transformer.h.34.attn.c_attn.blocks.0.: k=1, G_{1.0,0.0,384}, type=None
  Initialized transformer.h.33.attn.c_attn.blocks.1.weight (1024, 1024) on G_{1.0,0.0,384}

Initializing transformer.h.33.attn.c_attn.blocks.2.: k=1, G_{1.0,0.0,384}, type=None
  Initialized transformer.h.35.attn.c_attn.blocks.1.weight (1024, 1024) on G_{1.0,0.0,384}

Initializing transformer.h.35.attn.c_attn.blocks.2.: k=1, G_{1.0,0.0,384}, type=None
  Initialized transformer.h.34.attn.c_attn.blocks.0.weight (1024, 1024) on G_{1.0,0.0,384}

Initializing transformer.h.34.attn.c_attn.blocks.1.: k=1, G_{1.0,0.0,384}, type=None
  Initialized transformer.h.33.attn.c_attn.blocks.2.weight (1024, 1024) on G_{1.0,0.0,384}

Initializing transformer.h.33.mlp.c_fc.blocks.0.: k=1, G_{1.0,0.0,384}, type=None
  Initialized transformer.h.35.attn.c_attn.blocks.2.weight (1024, 1024) on G_{1.0,0.0,384}

Initializing transformer.h.35.mlp.c_fc.blocks.0.: k=1, G_{1.0,0.0,384}, type=None
  Initialized transformer.h.34.attn.c_attn.blocks.1.weight (1024, 1024) on G_{1.0,0.0,384}

Initializing transformer.h.34.attn.c_attn.blocks.2.: k=1, G_{1.0,0.0,384}, type=None
  Initialized transformer.h.33.mlp.c_fc.blocks.0.weight (1024, 1024) on G_{1.0,0.0,384}

Initializing transformer.h.33.mlp.c_fc.blocks.1.: k=1, G_{1.0,0.0,384}, type=None
  Initialized transformer.h.35.mlp.c_fc.blocks.0.weight (1024, 1024) on G_{1.0,0.0,384}

Initializing transformer.h.35.mlp.c_fc.blocks.1.: k=1, G_{1.0,0.0,384}, type=None
  Initialized transformer.h.34.attn.c_attn.blocks.2.weight (1024, 1024) on G_{1.0,0.0,384}

Initializing transformer.h.34.mlp.c_fc.blocks.0.: k=1, G_{1.0,0.0,384}, type=None
  Initialized transformer.h.33.mlp.c_fc.blocks.1.weight (1024, 1024) on G_{1.0,0.0,384}

Initializing transformer.h.33.mlp.c_fc.blocks.2.: k=1, G_{1.0,0.0,384}, type=None
  Initialized transformer.h.35.mlp.c_fc.blocks.1.weight (1024, 1024) on G_{1.0,0.0,384}

Initializing transformer.h.35.mlp.c_fc.blocks.2.: k=1, G_{1.0,0.0,384}, type=None
  Initialized transformer.h.34.mlp.c_fc.blocks.0.weight (1024, 1024) on G_{1.0,0.0,384}

Initializing transformer.h.34.mlp.c_fc.blocks.1.: k=1, G_{1.0,0.0,384}, type=None
  Initialized transformer.h.33.mlp.c_fc.blocks.2.weight (1024, 1024) on G_{1.0,0.0,384}

Initializing transformer.h.33.mlp.c_fc.blocks.3.: k=1, G_{1.0,0.0,384}, type=None
  Initialized transformer.h.35.mlp.c_fc.blocks.2.weight (1024, 1024) on G_{1.0,0.0,384}

Initializing transformer.h.35.mlp.c_fc.blocks.3.: k=1, G_{1.0,0.0,384}, type=None
  Initialized transformer.h.34.mlp.c_fc.blocks.1.weight (1024, 1024) on G_{1.0,0.0,384}

Initializing transformer.h.34.mlp.c_fc.blocks.2.: k=1, G_{1.0,0.0,384}, type=None
  Initialized transformer.h.33.mlp.c_fc.blocks.3.weight (1024, 1024) on G_{1.0,0.0,384}

Initializing transformer.h.34.attn.c_attn.blocks.0.: k=1, G_{1.0,0.0,384}, type=None
  Initialized transformer.h.35.mlp.c_fc.blocks.3.weight (1024, 1024) on G_{1.0,0.0,384}

Grassmann block initialization complete.

=== Setting up component-specific dropout ===
AdamW components: dropout = 0.05
Grassmann components: dropout = 0.025
Component-specific dropout setup complete.

=== Setting up norm-preserving scaling (Phase phase3) ===
  Initialized transformer.h.34.mlp.c_fc.blocks.2.weight (1024, 1024) on G_{1.0,0.0,384}

Initializing transformer.h.34.mlp.c_fc.blocks.3.: k=1, G_{1.0,0.0,384}, type=None
  Initialized transformer.h.34.attn.c_attn.blocks.0.weight (1024, 1024) on G_{1.0,0.0,384}

Initializing transformer.h.34.attn.c_attn.blocks.1.: k=1, G_{1.0,0.0,384}, type=None
  Initialized transformer.h.34.mlp.c_fc.blocks.3.weight (1024, 1024) on G_{1.0,0.0,384}

Initializing transformer.h.35.attn.c_attn.blocks.0.: k=1, G_{1.0,0.0,384}, type=None
  Initialized transformer.h.34.attn.c_attn.blocks.1.weight (1024, 1024) on G_{1.0,0.0,384}

Initializing transformer.h.34.attn.c_attn.blocks.2.: k=1, G_{1.0,0.0,384}, type=None
  Initialized transformer.h.35.attn.c_attn.blocks.0.weight (1024, 1024) on G_{1.0,0.0,384}

Initializing transformer.h.35.attn.c_attn.blocks.1.: k=1, G_{1.0,0.0,384}, type=None
  Initialized transformer.h.34.attn.c_attn.blocks.2.weight (1024, 1024) on G_{1.0,0.0,384}

Initializing transformer.h.34.mlp.c_fc.blocks.0.: k=1, G_{1.0,0.0,384}, type=None
  Initialized transformer.h.35.attn.c_attn.blocks.1.weight (1024, 1024) on G_{1.0,0.0,384}

Initializing transformer.h.35.attn.c_attn.blocks.2.: k=1, G_{1.0,0.0,384}, type=None
  Initialized transformer.h.34.mlp.c_fc.blocks.0.weight (1024, 1024) on G_{1.0,0.0,384}

Initializing transformer.h.34.mlp.c_fc.blocks.1.: k=1, G_{1.0,0.0,384}, type=None
  Initialized transformer.h.35.attn.c_attn.blocks.2.weight (1024, 1024) on G_{1.0,0.0,384}

Initializing transformer.h.35.mlp.c_fc.blocks.0.: k=1, G_{1.0,0.0,384}, type=None
  Initialized transformer.h.34.mlp.c_fc.blocks.1.weight (1024, 1024) on G_{1.0,0.0,384}

Initializing transformer.h.34.mlp.c_fc.blocks.2.: k=1, G_{1.0,0.0,384}, type=None
  Initialized transformer.h.35.mlp.c_fc.blocks.0.weight (1024, 1024) on G_{1.0,0.0,384}

Initializing transformer.h.35.mlp.c_fc.blocks.1.: k=1, G_{1.0,0.0,384}, type=None
  Initialized transformer.h.34.mlp.c_fc.blocks.2.weight (1024, 1024) on G_{1.0,0.0,384}

Initializing transformer.h.34.mlp.c_fc.blocks.3.: k=1, G_{1.0,0.0,384}, type=None
  Initialized transformer.h.35.mlp.c_fc.blocks.1.weight (1024, 1024) on G_{1.0,0.0,384}

Initializing transformer.h.35.mlp.c_fc.blocks.2.: k=1, G_{1.0,0.0,384}, type=None
  Initialized transformer.h.34.mlp.c_fc.blocks.3.weight (1024, 1024) on G_{1.0,0.0,384}

Initializing transformer.h.35.attn.c_attn.blocks.0.: k=1, G_{1.0,0.0,384}, type=None
  Initialized transformer.h.35.mlp.c_fc.blocks.2.weight (1024, 1024) on G_{1.0,0.0,384}

Initializing transformer.h.35.mlp.c_fc.blocks.3.: k=1, G_{1.0,0.0,384}, type=None
  Initialized transformer.h.35.attn.c_attn.blocks.0.weight (1024, 1024) on G_{1.0,0.0,384}

Initializing transformer.h.35.attn.c_attn.blocks.1.: k=1, G_{1.0,0.0,384}, type=None
  Initialized transformer.h.35.mlp.c_fc.blocks.3.weight (1024, 1024) on G_{1.0,0.0,384}

Grassmann block initialization complete.

=== Setting up component-specific dropout ===
AdamW components: dropout = 0.05
Grassmann components: dropout = 0.025
Component-specific dropout setup complete.

=== Setting up norm-preserving scaling (Phase phase3) ===
  Initialized transformer.h.35.attn.c_attn.blocks.1.weight (1024, 1024) on G_{1.0,0.0,384}

Initializing transformer.h.35.attn.c_attn.blocks.2.: k=1, G_{1.0,0.0,384}, type=None
  Initialized transformer.h.35.attn.c_attn.blocks.2.weight (1024, 1024) on G_{1.0,0.0,384}

Initializing transformer.h.35.mlp.c_fc.blocks.0.: k=1, G_{1.0,0.0,384}, type=None
  Initialized transformer.h.35.mlp.c_fc.blocks.0.weight (1024, 1024) on G_{1.0,0.0,384}

Initializing transformer.h.35.mlp.c_fc.blocks.1.: k=1, G_{1.0,0.0,384}, type=None
  Initialized transformer.h.35.mlp.c_fc.blocks.1.weight (1024, 1024) on G_{1.0,0.0,384}

Initializing transformer.h.35.mlp.c_fc.blocks.2.: k=1, G_{1.0,0.0,384}, type=None
  Initialized transformer.h.35.mlp.c_fc.blocks.2.weight (1024, 1024) on G_{1.0,0.0,384}

Initializing transformer.h.35.mlp.c_fc.blocks.3.: k=1, G_{1.0,0.0,384}, type=None
  Initialized transformer.h.35.mlp.c_fc.blocks.3.weight (1024, 1024) on G_{1.0,0.0,384}

Grassmann block initialization complete.

=== Setting up component-specific dropout ===
AdamW components: dropout = 0.05
Grassmann components: dropout = 0.025
Component-specific dropout setup complete.

=== Setting up norm-preserving scaling (Phase phase3) ===
  Added frozen 0.5×I scaling after mlp.c_fc (device=cuda:3)
  Added frozen 0.5×I scaling after mlp.c_fc (device=cuda:2)
  Added frozen 0.5×I scaling after mlp.c_fc (device=cuda:1)
  Added frozen 0.5×I scaling after mlp.c_fc (device=cuda:3)
  Added frozen 0.5×I scaling after mlp.c_fc (device=cuda:2)
  Added frozen 0.5×I scaling after mlp.c_fc (device=cuda:3)
  Added frozen 0.5×I scaling after mlp.c_fc (device=cuda:1)
  Added frozen 0.5×I scaling after mlp.c_fc (device=cuda:2)
  Added frozen 0.5×I scaling after mlp.c_fc (device=cuda:3)
  Added frozen 0.5×I scaling after mlp.c_fc (device=cuda:2)
  Added frozen 0.5×I scaling after mlp.c_fc (device=cuda:1)
  Added frozen 0.5×I scaling after mlp.c_fc (device=cuda:3)
  Added frozen 0.5×I scaling after mlp.c_fc (device=cuda:2)
  Added frozen 0.5×I scaling after mlp.c_fc (device=cuda:1)
  Added frozen 0.5×I scaling after mlp.c_fc (device=cuda:3)
  Added frozen 0.5×I scaling after mlp.c_fc (device=cuda:2)
  Added frozen 0.5×I scaling after mlp.c_fc (device=cuda:3)
  Added frozen 0.5×I scaling after mlp.c_fc (device=cuda:2)
  Added frozen 0.5×I scaling after mlp.c_fc (device=cuda:1)
  Added frozen 0.5×I scaling after mlp.c_fc (device=cuda:3)
  Added frozen 0.5×I scaling after mlp.c_fc (device=cuda:2)
  Added frozen 0.5×I scaling after mlp.c_fc (device=cuda:3)
  Added frozen 0.5×I scaling after mlp.c_fc (device=cuda:1)
  Added frozen 0.5×I scaling after mlp.c_fc (device=cuda:2)
  Added frozen 0.5×I scaling after mlp.c_fc (device=cuda:3)
  Added frozen 0.5×I scaling after mlp.c_fc (device=cuda:2)
  Added frozen 0.5×I scaling after mlp.c_fc (device=cuda:1)
  Added frozen 0.5×I scaling after mlp.c_fc (device=cuda:3)
  Added frozen 0.5×I scaling after mlp.c_fc (device=cuda:2)
  Added frozen 0.5×I scaling after mlp.c_fc (device=cuda:3)
  Added frozen 0.5×I scaling after mlp.c_fc (device=cuda:1)
  Added frozen 0.5×I scaling after mlp.c_fc (device=cuda:2)
  Added frozen 0.5×I scaling after mlp.c_fc (device=cuda:3)
  Added frozen 0.5×I scaling after mlp.c_fc (device=cuda:2)
  Added frozen 0.5×I scaling after mlp.c_fc (device=cuda:1)
  Added frozen 0.5×I scaling after mlp.c_fc (device=cuda:3)
  Added frozen 0.5×I scaling after mlp.c_fc (device=cuda:2)
  Added frozen 0.5×I scaling after mlp.c_fc (device=cuda:3)
  Added frozen 0.5×I scaling after mlp.c_fc (device=cuda:1)
  Added frozen 0.5×I scaling after mlp.c_fc (device=cuda:2)
using fused AdamW: True

=== Initializing Grassmann Weights (Block Decomposition) ===
Number of weight types to initialize: 252

Initializing attn.c_attn.blocks.0.: k=1, G_{1.0,0.0,384}, type=None
  Added frozen 0.5×I scaling after mlp.c_fc (device=cuda:3)
  Added frozen 0.5×I scaling after mlp.c_fc (device=cuda:2)
  Added frozen 0.5×I scaling after mlp.c_fc (device=cuda:1)
  Initialized transformer.h.0.attn.c_attn.blocks.0.weight (1024, 1024) on G_{1.0,0.0,384}
  Initialized transformer.h.1.attn.c_attn.blocks.0.weight (1024, 1024) on G_{1.0,0.0,384}
  Initialized transformer.h.2.attn.c_attn.blocks.0.weight (1024, 1024) on G_{1.0,0.0,384}
  Initialized transformer.h.3.attn.c_attn.blocks.0.weight (1024, 1024) on G_{1.0,0.0,384}
  Initialized transformer.h.4.attn.c_attn.blocks.0.weight (1024, 1024) on G_{1.0,0.0,384}
  Initialized transformer.h.5.attn.c_attn.blocks.0.weight (1024, 1024) on G_{1.0,0.0,384}
  Initialized transformer.h.6.attn.c_attn.blocks.0.weight (1024, 1024) on G_{1.0,0.0,384}
  Added frozen 0.5×I scaling after mlp.c_fc (device=cuda:3)
  Initialized transformer.h.7.attn.c_attn.blocks.0.weight (1024, 1024) on G_{1.0,0.0,384}
  Initialized transformer.h.8.attn.c_attn.blocks.0.weight (1024, 1024) on G_{1.0,0.0,384}
  Initialized transformer.h.9.attn.c_attn.blocks.0.weight (1024, 1024) on G_{1.0,0.0,384}
  Initialized transformer.h.10.attn.c_attn.blocks.0.weight (1024, 1024) on G_{1.0,0.0,384}
  Initialized transformer.h.11.attn.c_attn.blocks.0.weight (1024, 1024) on G_{1.0,0.0,384}
  Initialized transformer.h.12.attn.c_attn.blocks.0.weight (1024, 1024) on G_{1.0,0.0,384}
  Initialized transformer.h.13.attn.c_attn.blocks.0.weight (1024, 1024) on G_{1.0,0.0,384}
  Initialized transformer.h.14.attn.c_attn.blocks.0.weight (1024, 1024) on G_{1.0,0.0,384}
  Initialized transformer.h.15.attn.c_attn.blocks.0.weight (1024, 1024) on G_{1.0,0.0,384}
  Initialized transformer.h.16.attn.c_attn.blocks.0.weight (1024, 1024) on G_{1.0,0.0,384}
  Initialized transformer.h.17.attn.c_attn.blocks.0.weight (1024, 1024) on G_{1.0,0.0,384}
  Initialized transformer.h.18.attn.c_attn.blocks.0.weight (1024, 1024) on G_{1.0,0.0,384}
  Initialized transformer.h.19.attn.c_attn.blocks.0.weight (1024, 1024) on G_{1.0,0.0,384}
  Initialized transformer.h.20.attn.c_attn.blocks.0.weight (1024, 1024) on G_{1.0,0.0,384}
  Added frozen 0.5×I scaling after mlp.c_fc (device=cuda:2)
  Initialized transformer.h.21.attn.c_attn.blocks.0.weight (1024, 1024) on G_{1.0,0.0,384}
  Initialized transformer.h.22.attn.c_attn.blocks.0.weight (1024, 1024) on G_{1.0,0.0,384}
  Initialized transformer.h.23.attn.c_attn.blocks.0.weight (1024, 1024) on G_{1.0,0.0,384}
  Initialized transformer.h.24.attn.c_attn.blocks.0.weight (1024, 1024) on G_{1.0,0.0,384}
  Initialized transformer.h.25.attn.c_attn.blocks.0.weight (1024, 1024) on G_{1.0,0.0,384}
  Initialized transformer.h.26.attn.c_attn.blocks.0.weight (1024, 1024) on G_{1.0,0.0,384}
  Initialized transformer.h.27.attn.c_attn.blocks.0.weight (1024, 1024) on G_{1.0,0.0,384}
  Initialized transformer.h.28.attn.c_attn.blocks.0.weight (1024, 1024) on G_{1.0,0.0,384}
  Initialized transformer.h.29.attn.c_attn.blocks.0.weight (1024, 1024) on G_{1.0,0.0,384}
  Initialized transformer.h.30.attn.c_attn.blocks.0.weight (1024, 1024) on G_{1.0,0.0,384}
  Initialized transformer.h.31.attn.c_attn.blocks.0.weight (1024, 1024) on G_{1.0,0.0,384}
  Initialized transformer.h.32.attn.c_attn.blocks.0.weight (1024, 1024) on G_{1.0,0.0,384}
  Added frozen 0.5×I scaling after mlp.c_fc (device=cuda:3)
  Initialized transformer.h.33.attn.c_attn.blocks.0.weight (1024, 1024) on G_{1.0,0.0,384}
  Initialized transformer.h.34.attn.c_attn.blocks.0.weight (1024, 1024) on G_{1.0,0.0,384}
  Initialized transformer.h.35.attn.c_attn.blocks.0.weight (1024, 1024) on G_{1.0,0.0,384}

Initializing attn.c_attn.blocks.1.: k=1, G_{1.0,0.0,384}, type=None
  Initialized transformer.h.0.attn.c_attn.blocks.1.weight (1024, 1024) on G_{1.0,0.0,384}
  Initialized transformer.h.1.attn.c_attn.blocks.1.weight (1024, 1024) on G_{1.0,0.0,384}
  Added frozen 0.5×I scaling after mlp.c_fc (device=cuda:1)
  Initialized transformer.h.2.attn.c_attn.blocks.1.weight (1024, 1024) on G_{1.0,0.0,384}
  Initialized transformer.h.3.attn.c_attn.blocks.1.weight (1024, 1024) on G_{1.0,0.0,384}
  Initialized transformer.h.4.attn.c_attn.blocks.1.weight (1024, 1024) on G_{1.0,0.0,384}
  Initialized transformer.h.5.attn.c_attn.blocks.1.weight (1024, 1024) on G_{1.0,0.0,384}
  Initialized transformer.h.6.attn.c_attn.blocks.1.weight (1024, 1024) on G_{1.0,0.0,384}
  Initialized transformer.h.7.attn.c_attn.blocks.1.weight (1024, 1024) on G_{1.0,0.0,384}
  Initialized transformer.h.8.attn.c_attn.blocks.1.weight (1024, 1024) on G_{1.0,0.0,384}
  Initialized transformer.h.9.attn.c_attn.blocks.1.weight (1024, 1024) on G_{1.0,0.0,384}
  Initialized transformer.h.10.attn.c_attn.blocks.1.weight (1024, 1024) on G_{1.0,0.0,384}
  Initialized transformer.h.11.attn.c_attn.blocks.1.weight (1024, 1024) on G_{1.0,0.0,384}
  Added frozen 0.5×I scaling after mlp.c_fc (device=cuda:2)
  Initialized transformer.h.12.attn.c_attn.blocks.1.weight (1024, 1024) on G_{1.0,0.0,384}
  Initialized transformer.h.13.attn.c_attn.blocks.1.weight (1024, 1024) on G_{1.0,0.0,384}
  Initialized transformer.h.14.attn.c_attn.blocks.1.weight (1024, 1024) on G_{1.0,0.0,384}
  Initialized transformer.h.15.attn.c_attn.blocks.1.weight (1024, 1024) on G_{1.0,0.0,384}
  Initialized transformer.h.16.attn.c_attn.blocks.1.weight (1024, 1024) on G_{1.0,0.0,384}
  Initialized transformer.h.17.attn.c_attn.blocks.1.weight (1024, 1024) on G_{1.0,0.0,384}
  Initialized transformer.h.18.attn.c_attn.blocks.1.weight (1024, 1024) on G_{1.0,0.0,384}
  Initialized transformer.h.19.attn.c_attn.blocks.1.weight (1024, 1024) on G_{1.0,0.0,384}
  Initialized transformer.h.20.attn.c_attn.blocks.1.weight (1024, 1024) on G_{1.0,0.0,384}
  Initialized transformer.h.21.attn.c_attn.blocks.1.weight (1024, 1024) on G_{1.0,0.0,384}
  Initialized transformer.h.22.attn.c_attn.blocks.1.weight (1024, 1024) on G_{1.0,0.0,384}
  Added frozen 0.5×I scaling after mlp.c_fc (device=cuda:3)
  Initialized transformer.h.23.attn.c_attn.blocks.1.weight (1024, 1024) on G_{1.0,0.0,384}
  Initialized transformer.h.24.attn.c_attn.blocks.1.weight (1024, 1024) on G_{1.0,0.0,384}
  Initialized transformer.h.25.attn.c_attn.blocks.1.weight (1024, 1024) on G_{1.0,0.0,384}
  Initialized transformer.h.26.attn.c_attn.blocks.1.weight (1024, 1024) on G_{1.0,0.0,384}
  Initialized transformer.h.27.attn.c_attn.blocks.1.weight (1024, 1024) on G_{1.0,0.0,384}
  Initialized transformer.h.28.attn.c_attn.blocks.1.weight (1024, 1024) on G_{1.0,0.0,384}
  Initialized transformer.h.29.attn.c_attn.blocks.1.weight (1024, 1024) on G_{1.0,0.0,384}
  Initialized transformer.h.30.attn.c_attn.blocks.1.weight (1024, 1024) on G_{1.0,0.0,384}
  Initialized transformer.h.31.attn.c_attn.blocks.1.weight (1024, 1024) on G_{1.0,0.0,384}
  Initialized transformer.h.32.attn.c_attn.blocks.1.weight (1024, 1024) on G_{1.0,0.0,384}
  Initialized transformer.h.33.attn.c_attn.blocks.1.weight (1024, 1024) on G_{1.0,0.0,384}
  Initialized transformer.h.34.attn.c_attn.blocks.1.weight (1024, 1024) on G_{1.0,0.0,384}
  Initialized transformer.h.35.attn.c_attn.blocks.1.weight (1024, 1024) on G_{1.0,0.0,384}

Initializing attn.c_attn.blocks.2.: k=1, G_{1.0,0.0,384}, type=None
  Initialized transformer.h.0.attn.c_attn.blocks.2.weight (1024, 1024) on G_{1.0,0.0,384}
  Initialized transformer.h.1.attn.c_attn.blocks.2.weight (1024, 1024) on G_{1.0,0.0,384}
  Added frozen 0.5×I scaling after mlp.c_fc (device=cuda:2)
  Initialized transformer.h.2.attn.c_attn.blocks.2.weight (1024, 1024) on G_{1.0,0.0,384}
  Initialized transformer.h.3.attn.c_attn.blocks.2.weight (1024, 1024) on G_{1.0,0.0,384}
  Added frozen 0.5×I scaling after mlp.c_fc (device=cuda:1)
  Initialized transformer.h.4.attn.c_attn.blocks.2.weight (1024, 1024) on G_{1.0,0.0,384}
  Initialized transformer.h.5.attn.c_attn.blocks.2.weight (1024, 1024) on G_{1.0,0.0,384}
  Initialized transformer.h.6.attn.c_attn.blocks.2.weight (1024, 1024) on G_{1.0,0.0,384}
  Initialized transformer.h.7.attn.c_attn.blocks.2.weight (1024, 1024) on G_{1.0,0.0,384}
  Initialized transformer.h.8.attn.c_attn.blocks.2.weight (1024, 1024) on G_{1.0,0.0,384}
  Initialized transformer.h.9.attn.c_attn.blocks.2.weight (1024, 1024) on G_{1.0,0.0,384}
  Initialized transformer.h.10.attn.c_attn.blocks.2.weight (1024, 1024) on G_{1.0,0.0,384}
  Initialized transformer.h.11.attn.c_attn.blocks.2.weight (1024, 1024) on G_{1.0,0.0,384}
  Initialized transformer.h.12.attn.c_attn.blocks.2.weight (1024, 1024) on G_{1.0,0.0,384}
  Added frozen 0.5×I scaling after mlp.c_fc (device=cuda:3)
  Initialized transformer.h.13.attn.c_attn.blocks.2.weight (1024, 1024) on G_{1.0,0.0,384}
  Initialized transformer.h.14.attn.c_attn.blocks.2.weight (1024, 1024) on G_{1.0,0.0,384}
  Initialized transformer.h.15.attn.c_attn.blocks.2.weight (1024, 1024) on G_{1.0,0.0,384}
  Initialized transformer.h.16.attn.c_attn.blocks.2.weight (1024, 1024) on G_{1.0,0.0,384}
  Initialized transformer.h.17.attn.c_attn.blocks.2.weight (1024, 1024) on G_{1.0,0.0,384}
  Initialized transformer.h.18.attn.c_attn.blocks.2.weight (1024, 1024) on G_{1.0,0.0,384}
  Initialized transformer.h.19.attn.c_attn.blocks.2.weight (1024, 1024) on G_{1.0,0.0,384}
  Initialized transformer.h.20.attn.c_attn.blocks.2.weight (1024, 1024) on G_{1.0,0.0,384}
  Initialized transformer.h.21.attn.c_attn.blocks.2.weight (1024, 1024) on G_{1.0,0.0,384}
  Initialized transformer.h.22.attn.c_attn.blocks.2.weight (1024, 1024) on G_{1.0,0.0,384}
  Initialized transformer.h.23.attn.c_attn.blocks.2.weight (1024, 1024) on G_{1.0,0.0,384}
  Initialized transformer.h.24.attn.c_attn.blocks.2.weight (1024, 1024) on G_{1.0,0.0,384}
  Initialized transformer.h.25.attn.c_attn.blocks.2.weight (1024, 1024) on G_{1.0,0.0,384}
  Initialized transformer.h.26.attn.c_attn.blocks.2.weight (1024, 1024) on G_{1.0,0.0,384}
  Initialized transformer.h.27.attn.c_attn.blocks.2.weight (1024, 1024) on G_{1.0,0.0,384}
  Added frozen 0.5×I scaling after mlp.c_fc (device=cuda:2)
  Initialized transformer.h.28.attn.c_attn.blocks.2.weight (1024, 1024) on G_{1.0,0.0,384}
  Initialized transformer.h.29.attn.c_attn.blocks.2.weight (1024, 1024) on G_{1.0,0.0,384}
  Initialized transformer.h.30.attn.c_attn.blocks.2.weight (1024, 1024) on G_{1.0,0.0,384}
  Initialized transformer.h.31.attn.c_attn.blocks.2.weight (1024, 1024) on G_{1.0,0.0,384}
  Initialized transformer.h.32.attn.c_attn.blocks.2.weight (1024, 1024) on G_{1.0,0.0,384}
  Initialized transformer.h.33.attn.c_attn.blocks.2.weight (1024, 1024) on G_{1.0,0.0,384}
  Initialized transformer.h.34.attn.c_attn.blocks.2.weight (1024, 1024) on G_{1.0,0.0,384}
  Initialized transformer.h.35.attn.c_attn.blocks.2.weight (1024, 1024) on G_{1.0,0.0,384}

Initializing mlp.c_fc.blocks.0.: k=1, G_{1.0,0.0,384}, type=None
  Initialized transformer.h.0.mlp.c_fc.blocks.0.weight (1024, 1024) on G_{1.0,0.0,384}
  Initialized transformer.h.1.mlp.c_fc.blocks.0.weight (1024, 1024) on G_{1.0,0.0,384}
  Initialized transformer.h.2.mlp.c_fc.blocks.0.weight (1024, 1024) on G_{1.0,0.0,384}
  Initialized transformer.h.3.mlp.c_fc.blocks.0.weight (1024, 1024) on G_{1.0,0.0,384}
  Added frozen 0.5×I scaling after mlp.c_fc (device=cuda:3)
  Initialized transformer.h.4.mlp.c_fc.blocks.0.weight (1024, 1024) on G_{1.0,0.0,384}
  Initialized transformer.h.5.mlp.c_fc.blocks.0.weight (1024, 1024) on G_{1.0,0.0,384}
  Initialized transformer.h.6.mlp.c_fc.blocks.0.weight (1024, 1024) on G_{1.0,0.0,384}
  Added frozen 0.5×I scaling after mlp.c_fc (device=cuda:1)
  Initialized transformer.h.7.mlp.c_fc.blocks.0.weight (1024, 1024) on G_{1.0,0.0,384}
  Initialized transformer.h.8.mlp.c_fc.blocks.0.weight (1024, 1024) on G_{1.0,0.0,384}
  Initialized transformer.h.9.mlp.c_fc.blocks.0.weight (1024, 1024) on G_{1.0,0.0,384}
  Initialized transformer.h.10.mlp.c_fc.blocks.0.weight (1024, 1024) on G_{1.0,0.0,384}
  Initialized transformer.h.11.mlp.c_fc.blocks.0.weight (1024, 1024) on G_{1.0,0.0,384}
  Initialized transformer.h.12.mlp.c_fc.blocks.0.weight (1024, 1024) on G_{1.0,0.0,384}
  Initialized transformer.h.13.mlp.c_fc.blocks.0.weight (1024, 1024) on G_{1.0,0.0,384}
  Initialized transformer.h.14.mlp.c_fc.blocks.0.weight (1024, 1024) on G_{1.0,0.0,384}
  Initialized transformer.h.15.mlp.c_fc.blocks.0.weight (1024, 1024) on G_{1.0,0.0,384}
  Initialized transformer.h.16.mlp.c_fc.blocks.0.weight (1024, 1024) on G_{1.0,0.0,384}
  Initialized transformer.h.17.mlp.c_fc.blocks.0.weight (1024, 1024) on G_{1.0,0.0,384}
  Added frozen 0.5×I scaling after mlp.c_fc (device=cuda:2)
  Initialized transformer.h.18.mlp.c_fc.blocks.0.weight (1024, 1024) on G_{1.0,0.0,384}
  Initialized transformer.h.19.mlp.c_fc.blocks.0.weight (1024, 1024) on G_{1.0,0.0,384}
  Initialized transformer.h.20.mlp.c_fc.blocks.0.weight (1024, 1024) on G_{1.0,0.0,384}
  Initialized transformer.h.21.mlp.c_fc.blocks.0.weight (1024, 1024) on G_{1.0,0.0,384}
  Initialized transformer.h.22.mlp.c_fc.blocks.0.weight (1024, 1024) on G_{1.0,0.0,384}
  Initialized transformer.h.23.mlp.c_fc.blocks.0.weight (1024, 1024) on G_{1.0,0.0,384}
  Initialized transformer.h.24.mlp.c_fc.blocks.0.weight (1024, 1024) on G_{1.0,0.0,384}
  Initialized transformer.h.25.mlp.c_fc.blocks.0.weight (1024, 1024) on G_{1.0,0.0,384}
  Initialized transformer.h.26.mlp.c_fc.blocks.0.weight (1024, 1024) on G_{1.0,0.0,384}
  Initialized transformer.h.27.mlp.c_fc.blocks.0.weight (1024, 1024) on G_{1.0,0.0,384}
  Initialized transformer.h.28.mlp.c_fc.blocks.0.weight (1024, 1024) on G_{1.0,0.0,384}
  Initialized transformer.h.29.mlp.c_fc.blocks.0.weight (1024, 1024) on G_{1.0,0.0,384}
  Added frozen 0.5×I scaling after mlp.c_fc (device=cuda:3)
  Initialized transformer.h.30.mlp.c_fc.blocks.0.weight (1024, 1024) on G_{1.0,0.0,384}
  Initialized transformer.h.31.mlp.c_fc.blocks.0.weight (1024, 1024) on G_{1.0,0.0,384}
  Initialized transformer.h.32.mlp.c_fc.blocks.0.weight (1024, 1024) on G_{1.0,0.0,384}
  Initialized transformer.h.33.mlp.c_fc.blocks.0.weight (1024, 1024) on G_{1.0,0.0,384}
  Initialized transformer.h.34.mlp.c_fc.blocks.0.weight (1024, 1024) on G_{1.0,0.0,384}
  Initialized transformer.h.35.mlp.c_fc.blocks.0.weight (1024, 1024) on G_{1.0,0.0,384}

Initializing mlp.c_fc.blocks.1.: k=1, G_{1.0,0.0,384}, type=None
  Initialized transformer.h.0.mlp.c_fc.blocks.1.weight (1024, 1024) on G_{1.0,0.0,384}
  Initialized transformer.h.1.mlp.c_fc.blocks.1.weight (1024, 1024) on G_{1.0,0.0,384}
  Initialized transformer.h.2.mlp.c_fc.blocks.1.weight (1024, 1024) on G_{1.0,0.0,384}
  Initialized transformer.h.3.mlp.c_fc.blocks.1.weight (1024, 1024) on G_{1.0,0.0,384}
  Initialized transformer.h.4.mlp.c_fc.blocks.1.weight (1024, 1024) on G_{1.0,0.0,384}
  Initialized transformer.h.5.mlp.c_fc.blocks.1.weight (1024, 1024) on G_{1.0,0.0,384}
  Initialized transformer.h.6.mlp.c_fc.blocks.1.weight (1024, 1024) on G_{1.0,0.0,384}
  Initialized transformer.h.7.mlp.c_fc.blocks.1.weight (1024, 1024) on G_{1.0,0.0,384}
  Added frozen 0.5×I scaling after mlp.c_fc (device=cuda:2)
  Initialized transformer.h.8.mlp.c_fc.blocks.1.weight (1024, 1024) on G_{1.0,0.0,384}
  Added frozen 0.5×I scaling after mlp.c_fc (device=cuda:1)
  Initialized transformer.h.9.mlp.c_fc.blocks.1.weight (1024, 1024) on G_{1.0,0.0,384}
  Initialized transformer.h.10.mlp.c_fc.blocks.1.weight (1024, 1024) on G_{1.0,0.0,384}
  Initialized transformer.h.11.mlp.c_fc.blocks.1.weight (1024, 1024) on G_{1.0,0.0,384}
  Initialized transformer.h.12.mlp.c_fc.blocks.1.weight (1024, 1024) on G_{1.0,0.0,384}
  Initialized transformer.h.13.mlp.c_fc.blocks.1.weight (1024, 1024) on G_{1.0,0.0,384}
  Initialized transformer.h.14.mlp.c_fc.blocks.1.weight (1024, 1024) on G_{1.0,0.0,384}
  Initialized transformer.h.15.mlp.c_fc.blocks.1.weight (1024, 1024) on G_{1.0,0.0,384}
  Initialized transformer.h.16.mlp.c_fc.blocks.1.weight (1024, 1024) on G_{1.0,0.0,384}
  Initialized transformer.h.17.mlp.c_fc.blocks.1.weight (1024, 1024) on G_{1.0,0.0,384}
  Initialized transformer.h.18.mlp.c_fc.blocks.1.weight (1024, 1024) on G_{1.0,0.0,384}
  Initialized transformer.h.19.mlp.c_fc.blocks.1.weight (1024, 1024) on G_{1.0,0.0,384}
  Added frozen 0.5×I scaling after mlp.c_fc (device=cuda:3)
  Initialized transformer.h.20.mlp.c_fc.blocks.1.weight (1024, 1024) on G_{1.0,0.0,384}
  Initialized transformer.h.21.mlp.c_fc.blocks.1.weight (1024, 1024) on G_{1.0,0.0,384}
  Initialized transformer.h.22.mlp.c_fc.blocks.1.weight (1024, 1024) on G_{1.0,0.0,384}
  Initialized transformer.h.23.mlp.c_fc.blocks.1.weight (1024, 1024) on G_{1.0,0.0,384}
  Initialized transformer.h.24.mlp.c_fc.blocks.1.weight (1024, 1024) on G_{1.0,0.0,384}
  Initialized transformer.h.25.mlp.c_fc.blocks.1.weight (1024, 1024) on G_{1.0,0.0,384}
  Initialized transformer.h.26.mlp.c_fc.blocks.1.weight (1024, 1024) on G_{1.0,0.0,384}
  Initialized transformer.h.27.mlp.c_fc.blocks.1.weight (1024, 1024) on G_{1.0,0.0,384}
  Initialized transformer.h.28.mlp.c_fc.blocks.1.weight (1024, 1024) on G_{1.0,0.0,384}
  Initialized transformer.h.29.mlp.c_fc.blocks.1.weight (1024, 1024) on G_{1.0,0.0,384}
  Initialized transformer.h.30.mlp.c_fc.blocks.1.weight (1024, 1024) on G_{1.0,0.0,384}
  Initialized transformer.h.31.mlp.c_fc.blocks.1.weight (1024, 1024) on G_{1.0,0.0,384}
  Initialized transformer.h.32.mlp.c_fc.blocks.1.weight (1024, 1024) on G_{1.0,0.0,384}
  Initialized transformer.h.33.mlp.c_fc.blocks.1.weight (1024, 1024) on G_{1.0,0.0,384}
  Initialized transformer.h.34.mlp.c_fc.blocks.1.weight (1024, 1024) on G_{1.0,0.0,384}
  Added frozen 0.5×I scaling after mlp.c_fc (device=cuda:2)
  Added frozen 0.5×I scaling after mlp.c_fc (device=cuda:1)
  Initialized transformer.h.35.mlp.c_fc.blocks.1.weight (1024, 1024) on G_{1.0,0.0,384}

Initializing mlp.c_fc.blocks.2.: k=1, G_{1.0,0.0,384}, type=None
  Initialized transformer.h.0.mlp.c_fc.blocks.2.weight (1024, 1024) on G_{1.0,0.0,384}
  Initialized transformer.h.1.mlp.c_fc.blocks.2.weight (1024, 1024) on G_{1.0,0.0,384}
  Initialized transformer.h.2.mlp.c_fc.blocks.2.weight (1024, 1024) on G_{1.0,0.0,384}
  Initialized transformer.h.3.mlp.c_fc.blocks.2.weight (1024, 1024) on G_{1.0,0.0,384}
  Initialized transformer.h.4.mlp.c_fc.blocks.2.weight (1024, 1024) on G_{1.0,0.0,384}
  Initialized transformer.h.5.mlp.c_fc.blocks.2.weight (1024, 1024) on G_{1.0,0.0,384}
  Initialized transformer.h.6.mlp.c_fc.blocks.2.weight (1024, 1024) on G_{1.0,0.0,384}
  Initialized transformer.h.7.mlp.c_fc.blocks.2.weight (1024, 1024) on G_{1.0,0.0,384}
  Initialized transformer.h.8.mlp.c_fc.blocks.2.weight (1024, 1024) on G_{1.0,0.0,384}
  Initialized transformer.h.9.mlp.c_fc.blocks.2.weight (1024, 1024) on G_{1.0,0.0,384}
  Added frozen 0.5×I scaling after mlp.c_fc (device=cuda:3)
  Initialized transformer.h.10.mlp.c_fc.blocks.2.weight (1024, 1024) on G_{1.0,0.0,384}
  Initialized transformer.h.11.mlp.c_fc.blocks.2.weight (1024, 1024) on G_{1.0,0.0,384}
  Initialized transformer.h.12.mlp.c_fc.blocks.2.weight (1024, 1024) on G_{1.0,0.0,384}
  Initialized transformer.h.13.mlp.c_fc.blocks.2.weight (1024, 1024) on G_{1.0,0.0,384}
  Initialized transformer.h.14.mlp.c_fc.blocks.2.weight (1024, 1024) on G_{1.0,0.0,384}
  Initialized transformer.h.15.mlp.c_fc.blocks.2.weight (1024, 1024) on G_{1.0,0.0,384}
  Initialized transformer.h.16.mlp.c_fc.blocks.2.weight (1024, 1024) on G_{1.0,0.0,384}
  Initialized transformer.h.17.mlp.c_fc.blocks.2.weight (1024, 1024) on G_{1.0,0.0,384}
  Initialized transformer.h.18.mlp.c_fc.blocks.2.weight (1024, 1024) on G_{1.0,0.0,384}
  Initialized transformer.h.19.mlp.c_fc.blocks.2.weight (1024, 1024) on G_{1.0,0.0,384}
  Initialized transformer.h.20.mlp.c_fc.blocks.2.weight (1024, 1024) on G_{1.0,0.0,384}
  Initialized transformer.h.21.mlp.c_fc.blocks.2.weight (1024, 1024) on G_{1.0,0.0,384}
  Initialized transformer.h.22.mlp.c_fc.blocks.2.weight (1024, 1024) on G_{1.0,0.0,384}
  Initialized transformer.h.23.mlp.c_fc.blocks.2.weight (1024, 1024) on G_{1.0,0.0,384}
  Initialized transformer.h.24.mlp.c_fc.blocks.2.weight (1024, 1024) on G_{1.0,0.0,384}
  Added frozen 0.5×I scaling after mlp.c_fc (device=cuda:2)
  Initialized transformer.h.25.mlp.c_fc.blocks.2.weight (1024, 1024) on G_{1.0,0.0,384}
  Added frozen 0.5×I scaling after mlp.c_fc (device=cuda:1)
  Initialized transformer.h.26.mlp.c_fc.blocks.2.weight (1024, 1024) on G_{1.0,0.0,384}
  Initialized transformer.h.27.mlp.c_fc.blocks.2.weight (1024, 1024) on G_{1.0,0.0,384}
  Initialized transformer.h.28.mlp.c_fc.blocks.2.weight (1024, 1024) on G_{1.0,0.0,384}
  Initialized transformer.h.29.mlp.c_fc.blocks.2.weight (1024, 1024) on G_{1.0,0.0,384}
  Initialized transformer.h.30.mlp.c_fc.blocks.2.weight (1024, 1024) on G_{1.0,0.0,384}
  Initialized transformer.h.31.mlp.c_fc.blocks.2.weight (1024, 1024) on G_{1.0,0.0,384}
  Initialized transformer.h.32.mlp.c_fc.blocks.2.weight (1024, 1024) on G_{1.0,0.0,384}
  Initialized transformer.h.33.mlp.c_fc.blocks.2.weight (1024, 1024) on G_{1.0,0.0,384}
  Initialized transformer.h.34.mlp.c_fc.blocks.2.weight (1024, 1024) on G_{1.0,0.0,384}
  Initialized transformer.h.35.mlp.c_fc.blocks.2.weight (1024, 1024) on G_{1.0,0.0,384}

Initializing mlp.c_fc.blocks.3.: k=1, G_{1.0,0.0,384}, type=None
  Added frozen 0.5×I scaling after mlp.c_fc (device=cuda:3)
  Initialized transformer.h.0.mlp.c_fc.blocks.3.weight (1024, 1024) on G_{1.0,0.0,384}
  Initialized transformer.h.1.mlp.c_fc.blocks.3.weight (1024, 1024) on G_{1.0,0.0,384}
  Initialized transformer.h.2.mlp.c_fc.blocks.3.weight (1024, 1024) on G_{1.0,0.0,384}
  Initialized transformer.h.3.mlp.c_fc.blocks.3.weight (1024, 1024) on G_{1.0,0.0,384}
  Initialized transformer.h.4.mlp.c_fc.blocks.3.weight (1024, 1024) on G_{1.0,0.0,384}
  Initialized transformer.h.5.mlp.c_fc.blocks.3.weight (1024, 1024) on G_{1.0,0.0,384}
  Initialized transformer.h.6.mlp.c_fc.blocks.3.weight (1024, 1024) on G_{1.0,0.0,384}
  Initialized transformer.h.7.mlp.c_fc.blocks.3.weight (1024, 1024) on G_{1.0,0.0,384}
  Initialized transformer.h.8.mlp.c_fc.blocks.3.weight (1024, 1024) on G_{1.0,0.0,384}
  Initialized transformer.h.9.mlp.c_fc.blocks.3.weight (1024, 1024) on G_{1.0,0.0,384}
  Initialized transformer.h.10.mlp.c_fc.blocks.3.weight (1024, 1024) on G_{1.0,0.0,384}
  Initialized transformer.h.11.mlp.c_fc.blocks.3.weight (1024, 1024) on G_{1.0,0.0,384}
  Initialized transformer.h.12.mlp.c_fc.blocks.3.weight (1024, 1024) on G_{1.0,0.0,384}
  Initialized transformer.h.13.mlp.c_fc.blocks.3.weight (1024, 1024) on G_{1.0,0.0,384}
  Initialized transformer.h.14.mlp.c_fc.blocks.3.weight (1024, 1024) on G_{1.0,0.0,384}
  Added frozen 0.5×I scaling after mlp.c_fc (device=cuda:2)
  Initialized transformer.h.15.mlp.c_fc.blocks.3.weight (1024, 1024) on G_{1.0,0.0,384}
  Added frozen 0.5×I scaling after mlp.c_fc (device=cuda:1)
  Initialized transformer.h.16.mlp.c_fc.blocks.3.weight (1024, 1024) on G_{1.0,0.0,384}
  Initialized transformer.h.17.mlp.c_fc.blocks.3.weight (1024, 1024) on G_{1.0,0.0,384}
  Initialized transformer.h.18.mlp.c_fc.blocks.3.weight (1024, 1024) on G_{1.0,0.0,384}
  Initialized transformer.h.19.mlp.c_fc.blocks.3.weight (1024, 1024) on G_{1.0,0.0,384}
  Initialized transformer.h.20.mlp.c_fc.blocks.3.weight (1024, 1024) on G_{1.0,0.0,384}
  Initialized transformer.h.21.mlp.c_fc.blocks.3.weight (1024, 1024) on G_{1.0,0.0,384}
  Initialized transformer.h.22.mlp.c_fc.blocks.3.weight (1024, 1024) on G_{1.0,0.0,384}
  Initialized transformer.h.23.mlp.c_fc.blocks.3.weight (1024, 1024) on G_{1.0,0.0,384}
  Initialized transformer.h.24.mlp.c_fc.blocks.3.weight (1024, 1024) on G_{1.0,0.0,384}
  Initialized transformer.h.25.mlp.c_fc.blocks.3.weight (1024, 1024) on G_{1.0,0.0,384}
  Initialized transformer.h.26.mlp.c_fc.blocks.3.weight (1024, 1024) on G_{1.0,0.0,384}
  Added frozen 0.5×I scaling after mlp.c_fc (device=cuda:3)
  Initialized transformer.h.27.mlp.c_fc.blocks.3.weight (1024, 1024) on G_{1.0,0.0,384}
  Initialized transformer.h.28.mlp.c_fc.blocks.3.weight (1024, 1024) on G_{1.0,0.0,384}
  Initialized transformer.h.29.mlp.c_fc.blocks.3.weight (1024, 1024) on G_{1.0,0.0,384}
  Initialized transformer.h.30.mlp.c_fc.blocks.3.weight (1024, 1024) on G_{1.0,0.0,384}
  Initialized transformer.h.31.mlp.c_fc.blocks.3.weight (1024, 1024) on G_{1.0,0.0,384}
  Initialized transformer.h.32.mlp.c_fc.blocks.3.weight (1024, 1024) on G_{1.0,0.0,384}
  Initialized transformer.h.33.mlp.c_fc.blocks.3.weight (1024, 1024) on G_{1.0,0.0,384}
  Initialized transformer.h.34.mlp.c_fc.blocks.3.weight (1024, 1024) on G_{1.0,0.0,384}
  Initialized transformer.h.35.mlp.c_fc.blocks.3.weight (1024, 1024) on G_{1.0,0.0,384}

Initializing transformer.h.1.attn.c_attn.blocks.0.: k=1, G_{1.0,0.0,384}, type=None
  Initialized transformer.h.1.attn.c_attn.blocks.0.weight (1024, 1024) on G_{1.0,0.0,384}

Initializing transformer.h.1.attn.c_attn.blocks.1.: k=1, G_{1.0,0.0,384}, type=None
  Initialized transformer.h.1.attn.c_attn.blocks.1.weight (1024, 1024) on G_{1.0,0.0,384}

Initializing transformer.h.1.attn.c_attn.blocks.2.: k=1, G_{1.0,0.0,384}, type=None
  Initialized transformer.h.1.attn.c_attn.blocks.2.weight (1024, 1024) on G_{1.0,0.0,384}

Initializing transformer.h.1.mlp.c_fc.blocks.0.: k=1, G_{1.0,0.0,384}, type=None
  Initialized transformer.h.1.mlp.c_fc.blocks.0.weight (1024, 1024) on G_{1.0,0.0,384}

Initializing transformer.h.1.mlp.c_fc.blocks.1.: k=1, G_{1.0,0.0,384}, type=None
  Initialized transformer.h.1.mlp.c_fc.blocks.1.weight (1024, 1024) on G_{1.0,0.0,384}

Initializing transformer.h.1.mlp.c_fc.blocks.2.: k=1, G_{1.0,0.0,384}, type=None
  Initialized transformer.h.1.mlp.c_fc.blocks.2.weight (1024, 1024) on G_{1.0,0.0,384}
  Added frozen 0.5×I scaling after mlp.c_fc (device=cuda:2)

Initializing transformer.h.1.mlp.c_fc.blocks.3.: k=1, G_{1.0,0.0,384}, type=None
  Added frozen 0.5×I scaling after mlp.c_fc (device=cuda:1)
  Initialized transformer.h.1.mlp.c_fc.blocks.3.weight (1024, 1024) on G_{1.0,0.0,384}

Initializing transformer.h.2.attn.c_attn.blocks.0.: k=1, G_{1.0,0.0,384}, type=None
  Initialized transformer.h.2.attn.c_attn.blocks.0.weight (1024, 1024) on G_{1.0,0.0,384}

Initializing transformer.h.2.attn.c_attn.blocks.1.: k=1, G_{1.0,0.0,384}, type=None
  Initialized transformer.h.2.attn.c_attn.blocks.1.weight (1024, 1024) on G_{1.0,0.0,384}

Initializing transformer.h.2.attn.c_attn.blocks.2.: k=1, G_{1.0,0.0,384}, type=None
  Initialized transformer.h.2.attn.c_attn.blocks.2.weight (1024, 1024) on G_{1.0,0.0,384}

Initializing transformer.h.2.mlp.c_fc.blocks.0.: k=1, G_{1.0,0.0,384}, type=None
  Initialized transformer.h.2.mlp.c_fc.blocks.0.weight (1024, 1024) on G_{1.0,0.0,384}

Initializing transformer.h.2.mlp.c_fc.blocks.1.: k=1, G_{1.0,0.0,384}, type=None
  Initialized transformer.h.2.mlp.c_fc.blocks.1.weight (1024, 1024) on G_{1.0,0.0,384}

Initializing transformer.h.2.mlp.c_fc.blocks.2.: k=1, G_{1.0,0.0,384}, type=None
  Initialized transformer.h.2.mlp.c_fc.blocks.2.weight (1024, 1024) on G_{1.0,0.0,384}

Initializing transformer.h.2.mlp.c_fc.blocks.3.: k=1, G_{1.0,0.0,384}, type=None
  Initialized transformer.h.2.mlp.c_fc.blocks.3.weight (1024, 1024) on G_{1.0,0.0,384}

Initializing transformer.h.3.attn.c_attn.blocks.0.: k=1, G_{1.0,0.0,384}, type=None
  Initialized transformer.h.3.attn.c_attn.blocks.0.weight (1024, 1024) on G_{1.0,0.0,384}

Initializing transformer.h.3.attn.c_attn.blocks.1.: k=1, G_{1.0,0.0,384}, type=None
  Initialized transformer.h.3.attn.c_attn.blocks.1.weight (1024, 1024) on G_{1.0,0.0,384}

Initializing transformer.h.3.attn.c_attn.blocks.2.: k=1, G_{1.0,0.0,384}, type=None
  Initialized transformer.h.3.attn.c_attn.blocks.2.weight (1024, 1024) on G_{1.0,0.0,384}

Initializing transformer.h.3.mlp.c_fc.blocks.0.: k=1, G_{1.0,0.0,384}, type=None
  Added frozen 0.5×I scaling after mlp.c_fc (device=cuda:3)
  Initialized transformer.h.3.mlp.c_fc.blocks.0.weight (1024, 1024) on G_{1.0,0.0,384}

Initializing transformer.h.3.mlp.c_fc.blocks.1.: k=1, G_{1.0,0.0,384}, type=None
  Initialized transformer.h.3.mlp.c_fc.blocks.1.weight (1024, 1024) on G_{1.0,0.0,384}

Initializing transformer.h.3.mlp.c_fc.blocks.2.: k=1, G_{1.0,0.0,384}, type=None
  Initialized transformer.h.3.mlp.c_fc.blocks.2.weight (1024, 1024) on G_{1.0,0.0,384}

Initializing transformer.h.3.mlp.c_fc.blocks.3.: k=1, G_{1.0,0.0,384}, type=None
  Initialized transformer.h.3.mlp.c_fc.blocks.3.weight (1024, 1024) on G_{1.0,0.0,384}

Initializing transformer.h.4.attn.c_attn.blocks.0.: k=1, G_{1.0,0.0,384}, type=None
  Initialized transformer.h.4.attn.c_attn.blocks.0.weight (1024, 1024) on G_{1.0,0.0,384}

Initializing transformer.h.4.attn.c_attn.blocks.1.: k=1, G_{1.0,0.0,384}, type=None
  Initialized transformer.h.4.attn.c_attn.blocks.1.weight (1024, 1024) on G_{1.0,0.0,384}

Initializing transformer.h.4.attn.c_attn.blocks.2.: k=1, G_{1.0,0.0,384}, type=None
  Initialized transformer.h.4.attn.c_attn.blocks.2.weight (1024, 1024) on G_{1.0,0.0,384}

Initializing transformer.h.4.mlp.c_fc.blocks.0.: k=1, G_{1.0,0.0,384}, type=None
  Initialized transformer.h.4.mlp.c_fc.blocks.0.weight (1024, 1024) on G_{1.0,0.0,384}

Initializing transformer.h.4.mlp.c_fc.blocks.1.: k=1, G_{1.0,0.0,384}, type=None
  Initialized transformer.h.4.mlp.c_fc.blocks.1.weight (1024, 1024) on G_{1.0,0.0,384}

Initializing transformer.h.4.mlp.c_fc.blocks.2.: k=1, G_{1.0,0.0,384}, type=None
  Initialized transformer.h.4.mlp.c_fc.blocks.2.weight (1024, 1024) on G_{1.0,0.0,384}

Initializing transformer.h.4.mlp.c_fc.blocks.3.: k=1, G_{1.0,0.0,384}, type=None
  Initialized transformer.h.4.mlp.c_fc.blocks.3.weight (1024, 1024) on G_{1.0,0.0,384}

Initializing transformer.h.5.attn.c_attn.blocks.0.: k=1, G_{1.0,0.0,384}, type=None
  Initialized transformer.h.5.attn.c_attn.blocks.0.weight (1024, 1024) on G_{1.0,0.0,384}

Initializing transformer.h.5.attn.c_attn.blocks.1.: k=1, G_{1.0,0.0,384}, type=None
  Initialized transformer.h.5.attn.c_attn.blocks.1.weight (1024, 1024) on G_{1.0,0.0,384}

Initializing transformer.h.5.attn.c_attn.blocks.2.: k=1, G_{1.0,0.0,384}, type=None
  Initialized transformer.h.5.attn.c_attn.blocks.2.weight (1024, 1024) on G_{1.0,0.0,384}

Initializing transformer.h.5.mlp.c_fc.blocks.0.: k=1, G_{1.0,0.0,384}, type=None
  Initialized transformer.h.5.mlp.c_fc.blocks.0.weight (1024, 1024) on G_{1.0,0.0,384}

Initializing transformer.h.5.mlp.c_fc.blocks.1.: k=1, G_{1.0,0.0,384}, type=None
  Added frozen 0.5×I scaling after mlp.c_fc (device=cuda:2)
  Added frozen 0.5×I scaling after mlp.c_fc (device=cuda:1)
  Initialized transformer.h.5.mlp.c_fc.blocks.1.weight (1024, 1024) on G_{1.0,0.0,384}

Initializing transformer.h.5.mlp.c_fc.blocks.2.: k=1, G_{1.0,0.0,384}, type=None
  Initialized transformer.h.5.mlp.c_fc.blocks.2.weight (1024, 1024) on G_{1.0,0.0,384}

Initializing transformer.h.5.mlp.c_fc.blocks.3.: k=1, G_{1.0,0.0,384}, type=None
  Initialized transformer.h.5.mlp.c_fc.blocks.3.weight (1024, 1024) on G_{1.0,0.0,384}

Initializing transformer.h.6.attn.c_attn.blocks.0.: k=1, G_{1.0,0.0,384}, type=None
  Initialized transformer.h.6.attn.c_attn.blocks.0.weight (1024, 1024) on G_{1.0,0.0,384}

Initializing transformer.h.6.attn.c_attn.blocks.1.: k=1, G_{1.0,0.0,384}, type=None
  Initialized transformer.h.6.attn.c_attn.blocks.1.weight (1024, 1024) on G_{1.0,0.0,384}

Initializing transformer.h.6.attn.c_attn.blocks.2.: k=1, G_{1.0,0.0,384}, type=None
  Initialized transformer.h.6.attn.c_attn.blocks.2.weight (1024, 1024) on G_{1.0,0.0,384}

Initializing transformer.h.6.mlp.c_fc.blocks.0.: k=1, G_{1.0,0.0,384}, type=None
  Initialized transformer.h.6.mlp.c_fc.blocks.0.weight (1024, 1024) on G_{1.0,0.0,384}

Initializing transformer.h.6.mlp.c_fc.blocks.1.: k=1, G_{1.0,0.0,384}, type=None
  Initialized transformer.h.6.mlp.c_fc.blocks.1.weight (1024, 1024) on G_{1.0,0.0,384}

Initializing transformer.h.6.mlp.c_fc.blocks.2.: k=1, G_{1.0,0.0,384}, type=None
  Initialized transformer.h.6.mlp.c_fc.blocks.2.weight (1024, 1024) on G_{1.0,0.0,384}

Initializing transformer.h.6.mlp.c_fc.blocks.3.: k=1, G_{1.0,0.0,384}, type=None
  Initialized transformer.h.6.mlp.c_fc.blocks.3.weight (1024, 1024) on G_{1.0,0.0,384}

Initializing transformer.h.7.attn.c_attn.blocks.0.: k=1, G_{1.0,0.0,384}, type=None
  Initialized transformer.h.7.attn.c_attn.blocks.0.weight (1024, 1024) on G_{1.0,0.0,384}

Initializing transformer.h.7.attn.c_attn.blocks.1.: k=1, G_{1.0,0.0,384}, type=None
  Added frozen 0.5×I scaling after mlp.c_fc (device=cuda:3)
  Initialized transformer.h.7.attn.c_attn.blocks.1.weight (1024, 1024) on G_{1.0,0.0,384}

Initializing transformer.h.7.attn.c_attn.blocks.2.: k=1, G_{1.0,0.0,384}, type=None
  Initialized transformer.h.7.attn.c_attn.blocks.2.weight (1024, 1024) on G_{1.0,0.0,384}

Initializing transformer.h.7.mlp.c_fc.blocks.0.: k=1, G_{1.0,0.0,384}, type=None
  Initialized transformer.h.7.mlp.c_fc.blocks.0.weight (1024, 1024) on G_{1.0,0.0,384}

Initializing transformer.h.7.mlp.c_fc.blocks.1.: k=1, G_{1.0,0.0,384}, type=None
  Initialized transformer.h.7.mlp.c_fc.blocks.1.weight (1024, 1024) on G_{1.0,0.0,384}

Initializing transformer.h.7.mlp.c_fc.blocks.2.: k=1, G_{1.0,0.0,384}, type=None
  Initialized transformer.h.7.mlp.c_fc.blocks.2.weight (1024, 1024) on G_{1.0,0.0,384}

Initializing transformer.h.7.mlp.c_fc.blocks.3.: k=1, G_{1.0,0.0,384}, type=None
  Initialized transformer.h.7.mlp.c_fc.blocks.3.weight (1024, 1024) on G_{1.0,0.0,384}

Initializing transformer.h.8.attn.c_attn.blocks.0.: k=1, G_{1.0,0.0,384}, type=None
  Initialized transformer.h.8.attn.c_attn.blocks.0.weight (1024, 1024) on G_{1.0,0.0,384}

Initializing transformer.h.8.attn.c_attn.blocks.1.: k=1, G_{1.0,0.0,384}, type=None
  Initialized transformer.h.8.attn.c_attn.blocks.1.weight (1024, 1024) on G_{1.0,0.0,384}

Initializing transformer.h.8.attn.c_attn.blocks.2.: k=1, G_{1.0,0.0,384}, type=None
  Initialized transformer.h.8.attn.c_attn.blocks.2.weight (1024, 1024) on G_{1.0,0.0,384}

Initializing transformer.h.8.mlp.c_fc.blocks.0.: k=1, G_{1.0,0.0,384}, type=None
  Initialized transformer.h.8.mlp.c_fc.blocks.0.weight (1024, 1024) on G_{1.0,0.0,384}

Initializing transformer.h.8.mlp.c_fc.blocks.1.: k=1, G_{1.0,0.0,384}, type=None
  Initialized transformer.h.8.mlp.c_fc.blocks.1.weight (1024, 1024) on G_{1.0,0.0,384}

Initializing transformer.h.8.mlp.c_fc.blocks.2.: k=1, G_{1.0,0.0,384}, type=None
  Initialized transformer.h.8.mlp.c_fc.blocks.2.weight (1024, 1024) on G_{1.0,0.0,384}

Initializing transformer.h.8.mlp.c_fc.blocks.3.: k=1, G_{1.0,0.0,384}, type=None
  Initialized transformer.h.8.mlp.c_fc.blocks.3.weight (1024, 1024) on G_{1.0,0.0,384}

Initializing transformer.h.9.attn.c_attn.blocks.0.: k=1, G_{1.0,0.0,384}, type=None
  Initialized transformer.h.9.attn.c_attn.blocks.0.weight (1024, 1024) on G_{1.0,0.0,384}

Initializing transformer.h.9.attn.c_attn.blocks.1.: k=1, G_{1.0,0.0,384}, type=None
  Initialized transformer.h.9.attn.c_attn.blocks.1.weight (1024, 1024) on G_{1.0,0.0,384}

Initializing transformer.h.9.attn.c_attn.blocks.2.: k=1, G_{1.0,0.0,384}, type=None
  Added frozen 0.5×I scaling after mlp.c_fc (device=cuda:2)
  Initialized transformer.h.9.attn.c_attn.blocks.2.weight (1024, 1024) on G_{1.0,0.0,384}
  Added frozen 0.5×I scaling after mlp.c_fc (device=cuda:1)

Initializing transformer.h.9.mlp.c_fc.blocks.0.: k=1, G_{1.0,0.0,384}, type=None
  Initialized transformer.h.9.mlp.c_fc.blocks.0.weight (1024, 1024) on G_{1.0,0.0,384}

Initializing transformer.h.9.mlp.c_fc.blocks.1.: k=1, G_{1.0,0.0,384}, type=None
  Initialized transformer.h.9.mlp.c_fc.blocks.1.weight (1024, 1024) on G_{1.0,0.0,384}

Initializing transformer.h.9.mlp.c_fc.blocks.2.: k=1, G_{1.0,0.0,384}, type=None
  Initialized transformer.h.9.mlp.c_fc.blocks.2.weight (1024, 1024) on G_{1.0,0.0,384}

Initializing transformer.h.9.mlp.c_fc.blocks.3.: k=1, G_{1.0,0.0,384}, type=None
  Initialized transformer.h.9.mlp.c_fc.blocks.3.weight (1024, 1024) on G_{1.0,0.0,384}

Initializing transformer.h.10.attn.c_attn.blocks.0.: k=1, G_{1.0,0.0,384}, type=None
  Initialized transformer.h.10.attn.c_attn.blocks.0.weight (1024, 1024) on G_{1.0,0.0,384}

Initializing transformer.h.10.attn.c_attn.blocks.1.: k=1, G_{1.0,0.0,384}, type=None
  Initialized transformer.h.10.attn.c_attn.blocks.1.weight (1024, 1024) on G_{1.0,0.0,384}

Initializing transformer.h.10.attn.c_attn.blocks.2.: k=1, G_{1.0,0.0,384}, type=None
  Initialized transformer.h.10.attn.c_attn.blocks.2.weight (1024, 1024) on G_{1.0,0.0,384}

Initializing transformer.h.10.mlp.c_fc.blocks.0.: k=1, G_{1.0,0.0,384}, type=None
  Initialized transformer.h.10.mlp.c_fc.blocks.0.weight (1024, 1024) on G_{1.0,0.0,384}

Initializing transformer.h.10.mlp.c_fc.blocks.1.: k=1, G_{1.0,0.0,384}, type=None
  Initialized transformer.h.10.mlp.c_fc.blocks.1.weight (1024, 1024) on G_{1.0,0.0,384}

Initializing transformer.h.10.mlp.c_fc.blocks.2.: k=1, G_{1.0,0.0,384}, type=None
  Initialized transformer.h.10.mlp.c_fc.blocks.2.weight (1024, 1024) on G_{1.0,0.0,384}

Initializing transformer.h.10.mlp.c_fc.blocks.3.: k=1, G_{1.0,0.0,384}, type=None
  Added frozen 0.5×I scaling after mlp.c_fc (device=cuda:3)
  Initialized transformer.h.10.mlp.c_fc.blocks.3.weight (1024, 1024) on G_{1.0,0.0,384}

Initializing transformer.h.11.attn.c_attn.blocks.0.: k=1, G_{1.0,0.0,384}, type=None
  Initialized transformer.h.11.attn.c_attn.blocks.0.weight (1024, 1024) on G_{1.0,0.0,384}

Initializing transformer.h.11.attn.c_attn.blocks.1.: k=1, G_{1.0,0.0,384}, type=None
  Initialized transformer.h.11.attn.c_attn.blocks.1.weight (1024, 1024) on G_{1.0,0.0,384}

Initializing transformer.h.11.attn.c_attn.blocks.2.: k=1, G_{1.0,0.0,384}, type=None
  Initialized transformer.h.11.attn.c_attn.blocks.2.weight (1024, 1024) on G_{1.0,0.0,384}

Initializing transformer.h.11.mlp.c_fc.blocks.0.: k=1, G_{1.0,0.0,384}, type=None
  Initialized transformer.h.11.mlp.c_fc.blocks.0.weight (1024, 1024) on G_{1.0,0.0,384}

Initializing transformer.h.11.mlp.c_fc.blocks.1.: k=1, G_{1.0,0.0,384}, type=None
  Initialized transformer.h.11.mlp.c_fc.blocks.1.weight (1024, 1024) on G_{1.0,0.0,384}

Initializing transformer.h.11.mlp.c_fc.blocks.2.: k=1, G_{1.0,0.0,384}, type=None
  Initialized transformer.h.11.mlp.c_fc.blocks.2.weight (1024, 1024) on G_{1.0,0.0,384}

Initializing transformer.h.11.mlp.c_fc.blocks.3.: k=1, G_{1.0,0.0,384}, type=None
  Initialized transformer.h.11.mlp.c_fc.blocks.3.weight (1024, 1024) on G_{1.0,0.0,384}

Initializing transformer.h.12.attn.c_attn.blocks.0.: k=1, G_{1.0,0.0,384}, type=None
  Initialized transformer.h.12.attn.c_attn.blocks.0.weight (1024, 1024) on G_{1.0,0.0,384}

Initializing transformer.h.12.attn.c_attn.blocks.1.: k=1, G_{1.0,0.0,384}, type=None
  Initialized transformer.h.12.attn.c_attn.blocks.1.weight (1024, 1024) on G_{1.0,0.0,384}

Initializing transformer.h.12.attn.c_attn.blocks.2.: k=1, G_{1.0,0.0,384}, type=None
  Initialized transformer.h.12.attn.c_attn.blocks.2.weight (1024, 1024) on G_{1.0,0.0,384}

Initializing transformer.h.12.mlp.c_fc.blocks.0.: k=1, G_{1.0,0.0,384}, type=None
  Initialized transformer.h.12.mlp.c_fc.blocks.0.weight (1024, 1024) on G_{1.0,0.0,384}

Initializing transformer.h.12.mlp.c_fc.blocks.1.: k=1, G_{1.0,0.0,384}, type=None
  Initialized transformer.h.12.mlp.c_fc.blocks.1.weight (1024, 1024) on G_{1.0,0.0,384}

Initializing transformer.h.12.mlp.c_fc.blocks.2.: k=1, G_{1.0,0.0,384}, type=None
  Initialized transformer.h.12.mlp.c_fc.blocks.2.weight (1024, 1024) on G_{1.0,0.0,384}

Initializing transformer.h.12.mlp.c_fc.blocks.3.: k=1, G_{1.0,0.0,384}, type=None
  Initialized transformer.h.12.mlp.c_fc.blocks.3.weight (1024, 1024) on G_{1.0,0.0,384}

Initializing transformer.h.13.attn.c_attn.blocks.0.: k=1, G_{1.0,0.0,384}, type=None
  Initialized transformer.h.13.attn.c_attn.blocks.0.weight (1024, 1024) on G_{1.0,0.0,384}

Initializing transformer.h.13.attn.c_attn.blocks.1.: k=1, G_{1.0,0.0,384}, type=None
  Added frozen 0.5×I scaling after mlp.c_fc (device=cuda:2)
  Added frozen 0.5×I scaling after mlp.c_fc (device=cuda:1)
  Initialized transformer.h.13.attn.c_attn.blocks.1.weight (1024, 1024) on G_{1.0,0.0,384}

Initializing transformer.h.13.attn.c_attn.blocks.2.: k=1, G_{1.0,0.0,384}, type=None
  Initialized transformer.h.13.attn.c_attn.blocks.2.weight (1024, 1024) on G_{1.0,0.0,384}

Initializing transformer.h.13.mlp.c_fc.blocks.0.: k=1, G_{1.0,0.0,384}, type=None
  Initialized transformer.h.13.mlp.c_fc.blocks.0.weight (1024, 1024) on G_{1.0,0.0,384}

Initializing transformer.h.13.mlp.c_fc.blocks.1.: k=1, G_{1.0,0.0,384}, type=None
  Initialized transformer.h.13.mlp.c_fc.blocks.1.weight (1024, 1024) on G_{1.0,0.0,384}

Initializing transformer.h.13.mlp.c_fc.blocks.2.: k=1, G_{1.0,0.0,384}, type=None
  Initialized transformer.h.13.mlp.c_fc.blocks.2.weight (1024, 1024) on G_{1.0,0.0,384}

Initializing transformer.h.13.mlp.c_fc.blocks.3.: k=1, G_{1.0,0.0,384}, type=None
  Initialized transformer.h.13.mlp.c_fc.blocks.3.weight (1024, 1024) on G_{1.0,0.0,384}

Initializing transformer.h.14.attn.c_attn.blocks.0.: k=1, G_{1.0,0.0,384}, type=None
  Initialized transformer.h.14.attn.c_attn.blocks.0.weight (1024, 1024) on G_{1.0,0.0,384}

Initializing transformer.h.14.attn.c_attn.blocks.1.: k=1, G_{1.0,0.0,384}, type=None
  Initialized transformer.h.14.attn.c_attn.blocks.1.weight (1024, 1024) on G_{1.0,0.0,384}

Initializing transformer.h.14.attn.c_attn.blocks.2.: k=1, G_{1.0,0.0,384}, type=None
  Initialized transformer.h.14.attn.c_attn.blocks.2.weight (1024, 1024) on G_{1.0,0.0,384}

Initializing transformer.h.14.mlp.c_fc.blocks.0.: k=1, G_{1.0,0.0,384}, type=None
  Initialized transformer.h.14.mlp.c_fc.blocks.0.weight (1024, 1024) on G_{1.0,0.0,384}

Initializing transformer.h.14.mlp.c_fc.blocks.1.: k=1, G_{1.0,0.0,384}, type=None
  Initialized transformer.h.14.mlp.c_fc.blocks.1.weight (1024, 1024) on G_{1.0,0.0,384}
  Added frozen 0.5×I scaling after mlp.c_fc (device=cuda:3)

Initializing transformer.h.14.mlp.c_fc.blocks.2.: k=1, G_{1.0,0.0,384}, type=None
  Initialized transformer.h.14.mlp.c_fc.blocks.2.weight (1024, 1024) on G_{1.0,0.0,384}

Initializing transformer.h.14.mlp.c_fc.blocks.3.: k=1, G_{1.0,0.0,384}, type=None
  Initialized transformer.h.14.mlp.c_fc.blocks.3.weight (1024, 1024) on G_{1.0,0.0,384}

Initializing transformer.h.15.attn.c_attn.blocks.0.: k=1, G_{1.0,0.0,384}, type=None
  Initialized transformer.h.15.attn.c_attn.blocks.0.weight (1024, 1024) on G_{1.0,0.0,384}

Initializing transformer.h.15.attn.c_attn.blocks.1.: k=1, G_{1.0,0.0,384}, type=None
  Initialized transformer.h.15.attn.c_attn.blocks.1.weight (1024, 1024) on G_{1.0,0.0,384}

Initializing transformer.h.15.attn.c_attn.blocks.2.: k=1, G_{1.0,0.0,384}, type=None
  Initialized transformer.h.15.attn.c_attn.blocks.2.weight (1024, 1024) on G_{1.0,0.0,384}

Initializing transformer.h.15.mlp.c_fc.blocks.0.: k=1, G_{1.0,0.0,384}, type=None
  Initialized transformer.h.15.mlp.c_fc.blocks.0.weight (1024, 1024) on G_{1.0,0.0,384}

Initializing transformer.h.15.mlp.c_fc.blocks.1.: k=1, G_{1.0,0.0,384}, type=None
  Initialized transformer.h.15.mlp.c_fc.blocks.1.weight (1024, 1024) on G_{1.0,0.0,384}

Initializing transformer.h.15.mlp.c_fc.blocks.2.: k=1, G_{1.0,0.0,384}, type=None
  Initialized transformer.h.15.mlp.c_fc.blocks.2.weight (1024, 1024) on G_{1.0,0.0,384}

Initializing transformer.h.15.mlp.c_fc.blocks.3.: k=1, G_{1.0,0.0,384}, type=None
  Initialized transformer.h.15.mlp.c_fc.blocks.3.weight (1024, 1024) on G_{1.0,0.0,384}

Initializing transformer.h.16.attn.c_attn.blocks.0.: k=1, G_{1.0,0.0,384}, type=None
  Initialized transformer.h.16.attn.c_attn.blocks.0.weight (1024, 1024) on G_{1.0,0.0,384}

Initializing transformer.h.16.attn.c_attn.blocks.1.: k=1, G_{1.0,0.0,384}, type=None
  Initialized transformer.h.16.attn.c_attn.blocks.1.weight (1024, 1024) on G_{1.0,0.0,384}

Initializing transformer.h.16.attn.c_attn.blocks.2.: k=1, G_{1.0,0.0,384}, type=None
  Initialized transformer.h.16.attn.c_attn.blocks.2.weight (1024, 1024) on G_{1.0,0.0,384}

Initializing transformer.h.16.mlp.c_fc.blocks.0.: k=1, G_{1.0,0.0,384}, type=None
  Initialized transformer.h.16.mlp.c_fc.blocks.0.weight (1024, 1024) on G_{1.0,0.0,384}

Initializing transformer.h.16.mlp.c_fc.blocks.1.: k=1, G_{1.0,0.0,384}, type=None
  Initialized transformer.h.16.mlp.c_fc.blocks.1.weight (1024, 1024) on G_{1.0,0.0,384}

Initializing transformer.h.16.mlp.c_fc.blocks.2.: k=1, G_{1.0,0.0,384}, type=None
  Initialized transformer.h.16.mlp.c_fc.blocks.2.weight (1024, 1024) on G_{1.0,0.0,384}

Initializing transformer.h.16.mlp.c_fc.blocks.3.: k=1, G_{1.0,0.0,384}, type=None
  Added frozen 0.5×I scaling after mlp.c_fc (device=cuda:2)
  Added frozen 0.5×I scaling after mlp.c_fc (device=cuda:1)
  Initialized transformer.h.16.mlp.c_fc.blocks.3.weight (1024, 1024) on G_{1.0,0.0,384}

Initializing transformer.h.17.attn.c_attn.blocks.0.: k=1, G_{1.0,0.0,384}, type=None
  Initialized transformer.h.17.attn.c_attn.blocks.0.weight (1024, 1024) on G_{1.0,0.0,384}

Initializing transformer.h.17.attn.c_attn.blocks.1.: k=1, G_{1.0,0.0,384}, type=None
  Initialized transformer.h.17.attn.c_attn.blocks.1.weight (1024, 1024) on G_{1.0,0.0,384}

Initializing transformer.h.17.attn.c_attn.blocks.2.: k=1, G_{1.0,0.0,384}, type=None
  Initialized transformer.h.17.attn.c_attn.blocks.2.weight (1024, 1024) on G_{1.0,0.0,384}

Initializing transformer.h.17.mlp.c_fc.blocks.0.: k=1, G_{1.0,0.0,384}, type=None
  Initialized transformer.h.17.mlp.c_fc.blocks.0.weight (1024, 1024) on G_{1.0,0.0,384}

Initializing transformer.h.17.mlp.c_fc.blocks.1.: k=1, G_{1.0,0.0,384}, type=None
  Initialized transformer.h.17.mlp.c_fc.blocks.1.weight (1024, 1024) on G_{1.0,0.0,384}

Initializing transformer.h.17.mlp.c_fc.blocks.2.: k=1, G_{1.0,0.0,384}, type=None
  Initialized transformer.h.17.mlp.c_fc.blocks.2.weight (1024, 1024) on G_{1.0,0.0,384}

Initializing transformer.h.17.mlp.c_fc.blocks.3.: k=1, G_{1.0,0.0,384}, type=None
  Initialized transformer.h.17.mlp.c_fc.blocks.3.weight (1024, 1024) on G_{1.0,0.0,384}

Initializing transformer.h.18.attn.c_attn.blocks.0.: k=1, G_{1.0,0.0,384}, type=None
  Initialized transformer.h.18.attn.c_attn.blocks.0.weight (1024, 1024) on G_{1.0,0.0,384}

Initializing transformer.h.18.attn.c_attn.blocks.1.: k=1, G_{1.0,0.0,384}, type=None
  Initialized transformer.h.18.attn.c_attn.blocks.1.weight (1024, 1024) on G_{1.0,0.0,384}

Initializing transformer.h.18.attn.c_attn.blocks.2.: k=1, G_{1.0,0.0,384}, type=None
  Initialized transformer.h.18.attn.c_attn.blocks.2.weight (1024, 1024) on G_{1.0,0.0,384}

Initializing transformer.h.18.mlp.c_fc.blocks.0.: k=1, G_{1.0,0.0,384}, type=None
  Added frozen 0.5×I scaling after mlp.c_fc (device=cuda:3)
  Initialized transformer.h.18.mlp.c_fc.blocks.0.weight (1024, 1024) on G_{1.0,0.0,384}

Initializing transformer.h.18.mlp.c_fc.blocks.1.: k=1, G_{1.0,0.0,384}, type=None
  Initialized transformer.h.18.mlp.c_fc.blocks.1.weight (1024, 1024) on G_{1.0,0.0,384}

Initializing transformer.h.18.mlp.c_fc.blocks.2.: k=1, G_{1.0,0.0,384}, type=None
  Initialized transformer.h.18.mlp.c_fc.blocks.2.weight (1024, 1024) on G_{1.0,0.0,384}

Initializing transformer.h.18.mlp.c_fc.blocks.3.: k=1, G_{1.0,0.0,384}, type=None
  Initialized transformer.h.18.mlp.c_fc.blocks.3.weight (1024, 1024) on G_{1.0,0.0,384}

Initializing transformer.h.19.attn.c_attn.blocks.0.: k=1, G_{1.0,0.0,384}, type=None
  Initialized transformer.h.19.attn.c_attn.blocks.0.weight (1024, 1024) on G_{1.0,0.0,384}

Initializing transformer.h.19.attn.c_attn.blocks.1.: k=1, G_{1.0,0.0,384}, type=None
  Initialized transformer.h.19.attn.c_attn.blocks.1.weight (1024, 1024) on G_{1.0,0.0,384}

Initializing transformer.h.19.attn.c_attn.blocks.2.: k=1, G_{1.0,0.0,384}, type=None
  Initialized transformer.h.19.attn.c_attn.blocks.2.weight (1024, 1024) on G_{1.0,0.0,384}

Initializing transformer.h.19.mlp.c_fc.blocks.0.: k=1, G_{1.0,0.0,384}, type=None
  Initialized transformer.h.19.mlp.c_fc.blocks.0.weight (1024, 1024) on G_{1.0,0.0,384}

Initializing transformer.h.19.mlp.c_fc.blocks.1.: k=1, G_{1.0,0.0,384}, type=None
  Initialized transformer.h.19.mlp.c_fc.blocks.1.weight (1024, 1024) on G_{1.0,0.0,384}

Initializing transformer.h.19.mlp.c_fc.blocks.2.: k=1, G_{1.0,0.0,384}, type=None
  Initialized transformer.h.19.mlp.c_fc.blocks.2.weight (1024, 1024) on G_{1.0,0.0,384}

Initializing transformer.h.19.mlp.c_fc.blocks.3.: k=1, G_{1.0,0.0,384}, type=None
  Initialized transformer.h.19.mlp.c_fc.blocks.3.weight (1024, 1024) on G_{1.0,0.0,384}

Initializing transformer.h.20.attn.c_attn.blocks.0.: k=1, G_{1.0,0.0,384}, type=None
  Initialized transformer.h.20.attn.c_attn.blocks.0.weight (1024, 1024) on G_{1.0,0.0,384}

Initializing transformer.h.20.attn.c_attn.blocks.1.: k=1, G_{1.0,0.0,384}, type=None
  Initialized transformer.h.20.attn.c_attn.blocks.1.weight (1024, 1024) on G_{1.0,0.0,384}

Initializing transformer.h.20.attn.c_attn.blocks.2.: k=1, G_{1.0,0.0,384}, type=None
  Initialized transformer.h.20.attn.c_attn.blocks.2.weight (1024, 1024) on G_{1.0,0.0,384}

Initializing transformer.h.20.mlp.c_fc.blocks.0.: k=1, G_{1.0,0.0,384}, type=None
  Initialized transformer.h.20.mlp.c_fc.blocks.0.weight (1024, 1024) on G_{1.0,0.0,384}

Initializing transformer.h.20.mlp.c_fc.blocks.1.: k=1, G_{1.0,0.0,384}, type=None
  Initialized transformer.h.20.mlp.c_fc.blocks.1.weight (1024, 1024) on G_{1.0,0.0,384}
  Added frozen 0.5×I scaling after mlp.c_fc (device=cuda:1)
  Added frozen 0.5×I scaling after mlp.c_fc (device=cuda:2)

Initializing transformer.h.20.mlp.c_fc.blocks.2.: k=1, G_{1.0,0.0,384}, type=None
  Initialized transformer.h.20.mlp.c_fc.blocks.2.weight (1024, 1024) on G_{1.0,0.0,384}

Initializing transformer.h.20.mlp.c_fc.blocks.3.: k=1, G_{1.0,0.0,384}, type=None
  Initialized transformer.h.20.mlp.c_fc.blocks.3.weight (1024, 1024) on G_{1.0,0.0,384}

Initializing transformer.h.21.attn.c_attn.blocks.0.: k=1, G_{1.0,0.0,384}, type=None
  Initialized transformer.h.21.attn.c_attn.blocks.0.weight (1024, 1024) on G_{1.0,0.0,384}

Initializing transformer.h.21.attn.c_attn.blocks.1.: k=1, G_{1.0,0.0,384}, type=None
  Initialized transformer.h.21.attn.c_attn.blocks.1.weight (1024, 1024) on G_{1.0,0.0,384}

Initializing transformer.h.21.attn.c_attn.blocks.2.: k=1, G_{1.0,0.0,384}, type=None
  Initialized transformer.h.21.attn.c_attn.blocks.2.weight (1024, 1024) on G_{1.0,0.0,384}

Initializing transformer.h.21.mlp.c_fc.blocks.0.: k=1, G_{1.0,0.0,384}, type=None
  Initialized transformer.h.21.mlp.c_fc.blocks.0.weight (1024, 1024) on G_{1.0,0.0,384}

Initializing transformer.h.21.mlp.c_fc.blocks.1.: k=1, G_{1.0,0.0,384}, type=None
  Initialized transformer.h.21.mlp.c_fc.blocks.1.weight (1024, 1024) on G_{1.0,0.0,384}

Initializing transformer.h.21.mlp.c_fc.blocks.2.: k=1, G_{1.0,0.0,384}, type=None
  Initialized transformer.h.21.mlp.c_fc.blocks.2.weight (1024, 1024) on G_{1.0,0.0,384}

Initializing transformer.h.21.mlp.c_fc.blocks.3.: k=1, G_{1.0,0.0,384}, type=None
  Initialized transformer.h.21.mlp.c_fc.blocks.3.weight (1024, 1024) on G_{1.0,0.0,384}

Initializing transformer.h.22.attn.c_attn.blocks.0.: k=1, G_{1.0,0.0,384}, type=None
  Initialized transformer.h.22.attn.c_attn.blocks.0.weight (1024, 1024) on G_{1.0,0.0,384}

Initializing transformer.h.22.attn.c_attn.blocks.1.: k=1, G_{1.0,0.0,384}, type=None
  Added frozen 0.5×I scaling after mlp.c_fc (device=cuda:3)
  Initialized transformer.h.22.attn.c_attn.blocks.1.weight (1024, 1024) on G_{1.0,0.0,384}

Initializing transformer.h.22.attn.c_attn.blocks.2.: k=1, G_{1.0,0.0,384}, type=None
  Initialized transformer.h.22.attn.c_attn.blocks.2.weight (1024, 1024) on G_{1.0,0.0,384}

Initializing transformer.h.22.mlp.c_fc.blocks.0.: k=1, G_{1.0,0.0,384}, type=None
  Initialized transformer.h.22.mlp.c_fc.blocks.0.weight (1024, 1024) on G_{1.0,0.0,384}

Initializing transformer.h.22.mlp.c_fc.blocks.1.: k=1, G_{1.0,0.0,384}, type=None
  Initialized transformer.h.22.mlp.c_fc.blocks.1.weight (1024, 1024) on G_{1.0,0.0,384}

Initializing transformer.h.22.mlp.c_fc.blocks.2.: k=1, G_{1.0,0.0,384}, type=None
  Initialized transformer.h.22.mlp.c_fc.blocks.2.weight (1024, 1024) on G_{1.0,0.0,384}

Initializing transformer.h.22.mlp.c_fc.blocks.3.: k=1, G_{1.0,0.0,384}, type=None
  Initialized transformer.h.22.mlp.c_fc.blocks.3.weight (1024, 1024) on G_{1.0,0.0,384}

Initializing transformer.h.23.attn.c_attn.blocks.0.: k=1, G_{1.0,0.0,384}, type=None
  Initialized transformer.h.23.attn.c_attn.blocks.0.weight (1024, 1024) on G_{1.0,0.0,384}

Initializing transformer.h.23.attn.c_attn.blocks.1.: k=1, G_{1.0,0.0,384}, type=None
  Initialized transformer.h.23.attn.c_attn.blocks.1.weight (1024, 1024) on G_{1.0,0.0,384}

Initializing transformer.h.23.attn.c_attn.blocks.2.: k=1, G_{1.0,0.0,384}, type=None
  Initialized transformer.h.23.attn.c_attn.blocks.2.weight (1024, 1024) on G_{1.0,0.0,384}

Initializing transformer.h.23.mlp.c_fc.blocks.0.: k=1, G_{1.0,0.0,384}, type=None
  Initialized transformer.h.23.mlp.c_fc.blocks.0.weight (1024, 1024) on G_{1.0,0.0,384}

Initializing transformer.h.23.mlp.c_fc.blocks.1.: k=1, G_{1.0,0.0,384}, type=None
  Initialized transformer.h.23.mlp.c_fc.blocks.1.weight (1024, 1024) on G_{1.0,0.0,384}

Initializing transformer.h.23.mlp.c_fc.blocks.2.: k=1, G_{1.0,0.0,384}, type=None
  Initialized transformer.h.23.mlp.c_fc.blocks.2.weight (1024, 1024) on G_{1.0,0.0,384}

Initializing transformer.h.23.mlp.c_fc.blocks.3.: k=1, G_{1.0,0.0,384}, type=None
  Initialized transformer.h.23.mlp.c_fc.blocks.3.weight (1024, 1024) on G_{1.0,0.0,384}

Initializing transformer.h.24.attn.c_attn.blocks.0.: k=1, G_{1.0,0.0,384}, type=None
  Initialized transformer.h.24.attn.c_attn.blocks.0.weight (1024, 1024) on G_{1.0,0.0,384}

Initializing transformer.h.24.attn.c_attn.blocks.1.: k=1, G_{1.0,0.0,384}, type=None
  Initialized transformer.h.24.attn.c_attn.blocks.1.weight (1024, 1024) on G_{1.0,0.0,384}

Initializing transformer.h.24.attn.c_attn.blocks.2.: k=1, G_{1.0,0.0,384}, type=None
  Initialized transformer.h.24.attn.c_attn.blocks.2.weight (1024, 1024) on G_{1.0,0.0,384}

Initializing transformer.h.24.mlp.c_fc.blocks.0.: k=1, G_{1.0,0.0,384}, type=None
  Added frozen 0.5×I scaling after mlp.c_fc (device=cuda:1)
  Added frozen 0.5×I scaling after mlp.c_fc (device=cuda:2)
  Initialized transformer.h.24.mlp.c_fc.blocks.0.weight (1024, 1024) on G_{1.0,0.0,384}

Initializing transformer.h.24.mlp.c_fc.blocks.1.: k=1, G_{1.0,0.0,384}, type=None
  Initialized transformer.h.24.mlp.c_fc.blocks.1.weight (1024, 1024) on G_{1.0,0.0,384}

Initializing transformer.h.24.mlp.c_fc.blocks.2.: k=1, G_{1.0,0.0,384}, type=None
  Initialized transformer.h.24.mlp.c_fc.blocks.2.weight (1024, 1024) on G_{1.0,0.0,384}

Initializing transformer.h.24.mlp.c_fc.blocks.3.: k=1, G_{1.0,0.0,384}, type=None
  Initialized transformer.h.24.mlp.c_fc.blocks.3.weight (1024, 1024) on G_{1.0,0.0,384}

Initializing transformer.h.25.attn.c_attn.blocks.0.: k=1, G_{1.0,0.0,384}, type=None
  Initialized transformer.h.25.attn.c_attn.blocks.0.weight (1024, 1024) on G_{1.0,0.0,384}

Initializing transformer.h.25.attn.c_attn.blocks.1.: k=1, G_{1.0,0.0,384}, type=None
  Initialized transformer.h.25.attn.c_attn.blocks.1.weight (1024, 1024) on G_{1.0,0.0,384}

Initializing transformer.h.25.attn.c_attn.blocks.2.: k=1, G_{1.0,0.0,384}, type=None
  Initialized transformer.h.25.attn.c_attn.blocks.2.weight (1024, 1024) on G_{1.0,0.0,384}

Initializing transformer.h.25.mlp.c_fc.blocks.0.: k=1, G_{1.0,0.0,384}, type=None
  Initialized transformer.h.25.mlp.c_fc.blocks.0.weight (1024, 1024) on G_{1.0,0.0,384}

Initializing transformer.h.25.mlp.c_fc.blocks.1.: k=1, G_{1.0,0.0,384}, type=None
  Initialized transformer.h.25.mlp.c_fc.blocks.1.weight (1024, 1024) on G_{1.0,0.0,384}

Initializing transformer.h.25.mlp.c_fc.blocks.2.: k=1, G_{1.0,0.0,384}, type=None
  Initialized transformer.h.25.mlp.c_fc.blocks.2.weight (1024, 1024) on G_{1.0,0.0,384}

Initializing transformer.h.25.mlp.c_fc.blocks.3.: k=1, G_{1.0,0.0,384}, type=None
  Added frozen 0.5×I scaling after mlp.c_fc (device=cuda:3)
  Initialized transformer.h.25.mlp.c_fc.blocks.3.weight (1024, 1024) on G_{1.0,0.0,384}

Initializing transformer.h.26.attn.c_attn.blocks.0.: k=1, G_{1.0,0.0,384}, type=None
  Initialized transformer.h.26.attn.c_attn.blocks.0.weight (1024, 1024) on G_{1.0,0.0,384}

Initializing transformer.h.26.attn.c_attn.blocks.1.: k=1, G_{1.0,0.0,384}, type=None
  Initialized transformer.h.26.attn.c_attn.blocks.1.weight (1024, 1024) on G_{1.0,0.0,384}

Initializing transformer.h.26.attn.c_attn.blocks.2.: k=1, G_{1.0,0.0,384}, type=None
  Initialized transformer.h.26.attn.c_attn.blocks.2.weight (1024, 1024) on G_{1.0,0.0,384}

Initializing transformer.h.26.mlp.c_fc.blocks.0.: k=1, G_{1.0,0.0,384}, type=None
  Initialized transformer.h.26.mlp.c_fc.blocks.0.weight (1024, 1024) on G_{1.0,0.0,384}

Initializing transformer.h.26.mlp.c_fc.blocks.1.: k=1, G_{1.0,0.0,384}, type=None
  Initialized transformer.h.26.mlp.c_fc.blocks.1.weight (1024, 1024) on G_{1.0,0.0,384}

Initializing transformer.h.26.mlp.c_fc.blocks.2.: k=1, G_{1.0,0.0,384}, type=None
  Initialized transformer.h.26.mlp.c_fc.blocks.2.weight (1024, 1024) on G_{1.0,0.0,384}

Initializing transformer.h.26.mlp.c_fc.blocks.3.: k=1, G_{1.0,0.0,384}, type=None
  Initialized transformer.h.26.mlp.c_fc.blocks.3.weight (1024, 1024) on G_{1.0,0.0,384}

Initializing transformer.h.27.attn.c_attn.blocks.0.: k=1, G_{1.0,0.0,384}, type=None
  Initialized transformer.h.27.attn.c_attn.blocks.0.weight (1024, 1024) on G_{1.0,0.0,384}

Initializing transformer.h.27.attn.c_attn.blocks.1.: k=1, G_{1.0,0.0,384}, type=None
  Initialized transformer.h.27.attn.c_attn.blocks.1.weight (1024, 1024) on G_{1.0,0.0,384}

Initializing transformer.h.27.attn.c_attn.blocks.2.: k=1, G_{1.0,0.0,384}, type=None
  Initialized transformer.h.27.attn.c_attn.blocks.2.weight (1024, 1024) on G_{1.0,0.0,384}

Initializing transformer.h.27.mlp.c_fc.blocks.0.: k=1, G_{1.0,0.0,384}, type=None
  Initialized transformer.h.27.mlp.c_fc.blocks.0.weight (1024, 1024) on G_{1.0,0.0,384}

Initializing transformer.h.27.mlp.c_fc.blocks.1.: k=1, G_{1.0,0.0,384}, type=None
  Initialized transformer.h.27.mlp.c_fc.blocks.1.weight (1024, 1024) on G_{1.0,0.0,384}

Initializing transformer.h.27.mlp.c_fc.blocks.2.: k=1, G_{1.0,0.0,384}, type=None
  Initialized transformer.h.27.mlp.c_fc.blocks.2.weight (1024, 1024) on G_{1.0,0.0,384}

Initializing transformer.h.27.mlp.c_fc.blocks.3.: k=1, G_{1.0,0.0,384}, type=None
  Initialized transformer.h.27.mlp.c_fc.blocks.3.weight (1024, 1024) on G_{1.0,0.0,384}

Initializing transformer.h.28.attn.c_attn.blocks.0.: k=1, G_{1.0,0.0,384}, type=None
  Initialized transformer.h.28.attn.c_attn.blocks.0.weight (1024, 1024) on G_{1.0,0.0,384}

Initializing transformer.h.28.attn.c_attn.blocks.1.: k=1, G_{1.0,0.0,384}, type=None
  Added frozen 0.5×I scaling after mlp.c_fc (device=cuda:1)
  Added frozen 0.5×I scaling after mlp.c_fc (device=cuda:2)
  Initialized transformer.h.28.attn.c_attn.blocks.1.weight (1024, 1024) on G_{1.0,0.0,384}

Initializing transformer.h.28.attn.c_attn.blocks.2.: k=1, G_{1.0,0.0,384}, type=None
  Initialized transformer.h.28.attn.c_attn.blocks.2.weight (1024, 1024) on G_{1.0,0.0,384}

Initializing transformer.h.28.mlp.c_fc.blocks.0.: k=1, G_{1.0,0.0,384}, type=None
  Initialized transformer.h.28.mlp.c_fc.blocks.0.weight (1024, 1024) on G_{1.0,0.0,384}

Initializing transformer.h.28.mlp.c_fc.blocks.1.: k=1, G_{1.0,0.0,384}, type=None
  Initialized transformer.h.28.mlp.c_fc.blocks.1.weight (1024, 1024) on G_{1.0,0.0,384}

Initializing transformer.h.28.mlp.c_fc.blocks.2.: k=1, G_{1.0,0.0,384}, type=None
  Initialized transformer.h.28.mlp.c_fc.blocks.2.weight (1024, 1024) on G_{1.0,0.0,384}

Initializing transformer.h.28.mlp.c_fc.blocks.3.: k=1, G_{1.0,0.0,384}, type=None
  Initialized transformer.h.28.mlp.c_fc.blocks.3.weight (1024, 1024) on G_{1.0,0.0,384}

Initializing transformer.h.29.attn.c_attn.blocks.0.: k=1, G_{1.0,0.0,384}, type=None
  Initialized transformer.h.29.attn.c_attn.blocks.0.weight (1024, 1024) on G_{1.0,0.0,384}

Initializing transformer.h.29.attn.c_attn.blocks.1.: k=1, G_{1.0,0.0,384}, type=None
  Initialized transformer.h.29.attn.c_attn.blocks.1.weight (1024, 1024) on G_{1.0,0.0,384}

Initializing transformer.h.29.attn.c_attn.blocks.2.: k=1, G_{1.0,0.0,384}, type=None
  Initialized transformer.h.29.attn.c_attn.blocks.2.weight (1024, 1024) on G_{1.0,0.0,384}

Initializing transformer.h.29.mlp.c_fc.blocks.0.: k=1, G_{1.0,0.0,384}, type=None
  Initialized transformer.h.29.mlp.c_fc.blocks.0.weight (1024, 1024) on G_{1.0,0.0,384}

Initializing transformer.h.29.mlp.c_fc.blocks.1.: k=1, G_{1.0,0.0,384}, type=None
  Initialized transformer.h.29.mlp.c_fc.blocks.1.weight (1024, 1024) on G_{1.0,0.0,384}

Initializing transformer.h.29.mlp.c_fc.blocks.2.: k=1, G_{1.0,0.0,384}, type=None
  Added frozen 0.5×I scaling after mlp.c_fc (device=cuda:3)
  Initialized transformer.h.29.mlp.c_fc.blocks.2.weight (1024, 1024) on G_{1.0,0.0,384}

Initializing transformer.h.29.mlp.c_fc.blocks.3.: k=1, G_{1.0,0.0,384}, type=None
  Initialized transformer.h.29.mlp.c_fc.blocks.3.weight (1024, 1024) on G_{1.0,0.0,384}

Initializing transformer.h.30.attn.c_attn.blocks.0.: k=1, G_{1.0,0.0,384}, type=None
  Initialized transformer.h.30.attn.c_attn.blocks.0.weight (1024, 1024) on G_{1.0,0.0,384}

Initializing transformer.h.30.attn.c_attn.blocks.1.: k=1, G_{1.0,0.0,384}, type=None
  Initialized transformer.h.30.attn.c_attn.blocks.1.weight (1024, 1024) on G_{1.0,0.0,384}

Initializing transformer.h.30.attn.c_attn.blocks.2.: k=1, G_{1.0,0.0,384}, type=None
  Initialized transformer.h.30.attn.c_attn.blocks.2.weight (1024, 1024) on G_{1.0,0.0,384}

Initializing transformer.h.30.mlp.c_fc.blocks.0.: k=1, G_{1.0,0.0,384}, type=None
  Initialized transformer.h.30.mlp.c_fc.blocks.0.weight (1024, 1024) on G_{1.0,0.0,384}

Initializing transformer.h.30.mlp.c_fc.blocks.1.: k=1, G_{1.0,0.0,384}, type=None
  Initialized transformer.h.30.mlp.c_fc.blocks.1.weight (1024, 1024) on G_{1.0,0.0,384}

Initializing transformer.h.30.mlp.c_fc.blocks.2.: k=1, G_{1.0,0.0,384}, type=None
  Initialized transformer.h.30.mlp.c_fc.blocks.2.weight (1024, 1024) on G_{1.0,0.0,384}

Initializing transformer.h.30.mlp.c_fc.blocks.3.: k=1, G_{1.0,0.0,384}, type=None
  Initialized transformer.h.30.mlp.c_fc.blocks.3.weight (1024, 1024) on G_{1.0,0.0,384}

Initializing transformer.h.31.attn.c_attn.blocks.0.: k=1, G_{1.0,0.0,384}, type=None
  Initialized transformer.h.31.attn.c_attn.blocks.0.weight (1024, 1024) on G_{1.0,0.0,384}

Initializing transformer.h.31.attn.c_attn.blocks.1.: k=1, G_{1.0,0.0,384}, type=None
  Initialized transformer.h.31.attn.c_attn.blocks.1.weight (1024, 1024) on G_{1.0,0.0,384}

Initializing transformer.h.31.attn.c_attn.blocks.2.: k=1, G_{1.0,0.0,384}, type=None
  Initialized transformer.h.31.attn.c_attn.blocks.2.weight (1024, 1024) on G_{1.0,0.0,384}

Initializing transformer.h.31.mlp.c_fc.blocks.0.: k=1, G_{1.0,0.0,384}, type=None
  Initialized transformer.h.31.mlp.c_fc.blocks.0.weight (1024, 1024) on G_{1.0,0.0,384}

Initializing transformer.h.31.mlp.c_fc.blocks.1.: k=1, G_{1.0,0.0,384}, type=None
  Initialized transformer.h.31.mlp.c_fc.blocks.1.weight (1024, 1024) on G_{1.0,0.0,384}

Initializing transformer.h.31.mlp.c_fc.blocks.2.: k=1, G_{1.0,0.0,384}, type=None
  Initialized transformer.h.31.mlp.c_fc.blocks.2.weight (1024, 1024) on G_{1.0,0.0,384}

Initializing transformer.h.31.mlp.c_fc.blocks.3.: k=1, G_{1.0,0.0,384}, type=None
  Added frozen 0.5×I scaling after mlp.c_fc (device=cuda:1)
  Initialized transformer.h.31.mlp.c_fc.blocks.3.weight (1024, 1024) on G_{1.0,0.0,384}

Initializing transformer.h.32.attn.c_attn.blocks.0.: k=1, G_{1.0,0.0,384}, type=None
  Added frozen 0.5×I scaling after mlp.c_fc (device=cuda:2)
  Initialized transformer.h.32.attn.c_attn.blocks.0.weight (1024, 1024) on G_{1.0,0.0,384}

Initializing transformer.h.32.attn.c_attn.blocks.1.: k=1, G_{1.0,0.0,384}, type=None
  Initialized transformer.h.32.attn.c_attn.blocks.1.weight (1024, 1024) on G_{1.0,0.0,384}

Initializing transformer.h.32.attn.c_attn.blocks.2.: k=1, G_{1.0,0.0,384}, type=None
  Initialized transformer.h.32.attn.c_attn.blocks.2.weight (1024, 1024) on G_{1.0,0.0,384}

Initializing transformer.h.32.mlp.c_fc.blocks.0.: k=1, G_{1.0,0.0,384}, type=None
  Initialized transformer.h.32.mlp.c_fc.blocks.0.weight (1024, 1024) on G_{1.0,0.0,384}

Initializing transformer.h.32.mlp.c_fc.blocks.1.: k=1, G_{1.0,0.0,384}, type=None
  Initialized transformer.h.32.mlp.c_fc.blocks.1.weight (1024, 1024) on G_{1.0,0.0,384}

Initializing transformer.h.32.mlp.c_fc.blocks.2.: k=1, G_{1.0,0.0,384}, type=None
  Initialized transformer.h.32.mlp.c_fc.blocks.2.weight (1024, 1024) on G_{1.0,0.0,384}

Initializing transformer.h.32.mlp.c_fc.blocks.3.: k=1, G_{1.0,0.0,384}, type=None
  Initialized transformer.h.32.mlp.c_fc.blocks.3.weight (1024, 1024) on G_{1.0,0.0,384}

Initializing transformer.h.33.attn.c_attn.blocks.0.: k=1, G_{1.0,0.0,384}, type=None
  Initialized transformer.h.33.attn.c_attn.blocks.0.weight (1024, 1024) on G_{1.0,0.0,384}

Initializing transformer.h.33.attn.c_attn.blocks.1.: k=1, G_{1.0,0.0,384}, type=None
  Initialized transformer.h.33.attn.c_attn.blocks.1.weight (1024, 1024) on G_{1.0,0.0,384}

Initializing transformer.h.33.attn.c_attn.blocks.2.: k=1, G_{1.0,0.0,384}, type=None
  Initialized transformer.h.33.attn.c_attn.blocks.2.weight (1024, 1024) on G_{1.0,0.0,384}

Initializing transformer.h.33.mlp.c_fc.blocks.0.: k=1, G_{1.0,0.0,384}, type=None
  Added frozen 0.5×I scaling after mlp.c_fc (device=cuda:3)
  Initialized transformer.h.33.mlp.c_fc.blocks.0.weight (1024, 1024) on G_{1.0,0.0,384}

Initializing transformer.h.33.mlp.c_fc.blocks.1.: k=1, G_{1.0,0.0,384}, type=None
  Initialized transformer.h.33.mlp.c_fc.blocks.1.weight (1024, 1024) on G_{1.0,0.0,384}

Initializing transformer.h.33.mlp.c_fc.blocks.2.: k=1, G_{1.0,0.0,384}, type=None
  Initialized transformer.h.33.mlp.c_fc.blocks.2.weight (1024, 1024) on G_{1.0,0.0,384}

Initializing transformer.h.33.mlp.c_fc.blocks.3.: k=1, G_{1.0,0.0,384}, type=None
  Initialized transformer.h.33.mlp.c_fc.blocks.3.weight (1024, 1024) on G_{1.0,0.0,384}

Initializing transformer.h.34.attn.c_attn.blocks.0.: k=1, G_{1.0,0.0,384}, type=None
  Initialized transformer.h.34.attn.c_attn.blocks.0.weight (1024, 1024) on G_{1.0,0.0,384}

Initializing transformer.h.34.attn.c_attn.blocks.1.: k=1, G_{1.0,0.0,384}, type=None
  Initialized transformer.h.34.attn.c_attn.blocks.1.weight (1024, 1024) on G_{1.0,0.0,384}

Initializing transformer.h.34.attn.c_attn.blocks.2.: k=1, G_{1.0,0.0,384}, type=None
  Initialized transformer.h.34.attn.c_attn.blocks.2.weight (1024, 1024) on G_{1.0,0.0,384}

Initializing transformer.h.34.mlp.c_fc.blocks.0.: k=1, G_{1.0,0.0,384}, type=None
  Initialized transformer.h.34.mlp.c_fc.blocks.0.weight (1024, 1024) on G_{1.0,0.0,384}

Initializing transformer.h.34.mlp.c_fc.blocks.1.: k=1, G_{1.0,0.0,384}, type=None
  Initialized transformer.h.34.mlp.c_fc.blocks.1.weight (1024, 1024) on G_{1.0,0.0,384}

Initializing transformer.h.34.mlp.c_fc.blocks.2.: k=1, G_{1.0,0.0,384}, type=None
  Initialized transformer.h.34.mlp.c_fc.blocks.2.weight (1024, 1024) on G_{1.0,0.0,384}

Initializing transformer.h.34.mlp.c_fc.blocks.3.: k=1, G_{1.0,0.0,384}, type=None
  Initialized transformer.h.34.mlp.c_fc.blocks.3.weight (1024, 1024) on G_{1.0,0.0,384}

Initializing transformer.h.35.attn.c_attn.blocks.0.: k=1, G_{1.0,0.0,384}, type=None
  Initialized transformer.h.35.attn.c_attn.blocks.0.weight (1024, 1024) on G_{1.0,0.0,384}

Initializing transformer.h.35.attn.c_attn.blocks.1.: k=1, G_{1.0,0.0,384}, type=None
  Initialized transformer.h.35.attn.c_attn.blocks.1.weight (1024, 1024) on G_{1.0,0.0,384}

Initializing transformer.h.35.attn.c_attn.blocks.2.: k=1, G_{1.0,0.0,384}, type=None
  Initialized transformer.h.35.attn.c_attn.blocks.2.weight (1024, 1024) on G_{1.0,0.0,384}

Initializing transformer.h.35.mlp.c_fc.blocks.0.: k=1, G_{1.0,0.0,384}, type=None
  Initialized transformer.h.35.mlp.c_fc.blocks.0.weight (1024, 1024) on G_{1.0,0.0,384}

Initializing transformer.h.35.mlp.c_fc.blocks.1.: k=1, G_{1.0,0.0,384}, type=None
  Initialized transformer.h.35.mlp.c_fc.blocks.1.weight (1024, 1024) on G_{1.0,0.0,384}

Initializing transformer.h.35.mlp.c_fc.blocks.2.: k=1, G_{1.0,0.0,384}, type=None
  Added frozen 0.5×I scaling after mlp.c_fc (device=cuda:1)
  Added frozen 0.5×I scaling after mlp.c_fc (device=cuda:2)
  Initialized transformer.h.35.mlp.c_fc.blocks.2.weight (1024, 1024) on G_{1.0,0.0,384}

Initializing transformer.h.35.mlp.c_fc.blocks.3.: k=1, G_{1.0,0.0,384}, type=None
  Initialized transformer.h.35.mlp.c_fc.blocks.3.weight (1024, 1024) on G_{1.0,0.0,384}

Grassmann block initialization complete.

=== Setting up component-specific dropout ===
AdamW components: dropout = 0.05
Grassmann components: dropout = 0.025
Component-specific dropout setup complete.

=== Setting up norm-preserving scaling (Phase phase3) ===
  Added frozen 0.5×I scaling after mlp.c_fc (device=cuda:3)
Norm-preserving scaling setup complete.
compiling the model... (takes a ~minute)
  Added frozen 0.5×I scaling after mlp.c_fc (device=cuda:1)
  Added frozen 0.5×I scaling after mlp.c_fc (device=cuda:2)
Norm-preserving scaling setup complete.
compiling the model... (takes a ~minute)
  Added frozen 0.5×I scaling after mlp.c_fc (device=cuda:0)
  Added frozen 0.5×I scaling after mlp.c_fc (device=cuda:1)
  Added frozen 0.5×I scaling after mlp.c_fc (device=cuda:1)
  Added frozen 0.5×I scaling after mlp.c_fc (device=cuda:0)
  Added frozen 0.5×I scaling after mlp.c_fc (device=cuda:1)
  Added frozen 0.5×I scaling after mlp.c_fc (device=cuda:0)
  Added frozen 0.5×I scaling after mlp.c_fc (device=cuda:1)
  Added frozen 0.5×I scaling after mlp.c_fc (device=cuda:0)
  Added frozen 0.5×I scaling after mlp.c_fc (device=cuda:1)
  Added frozen 0.5×I scaling after mlp.c_fc (device=cuda:1)
  Added frozen 0.5×I scaling after mlp.c_fc (device=cuda:0)
  Added frozen 0.5×I scaling after mlp.c_fc (device=cuda:1)
Norm-preserving scaling setup complete.
compiling the model... (takes a ~minute)
  Added frozen 0.5×I scaling after mlp.c_fc (device=cuda:0)
  Added frozen 0.5×I scaling after mlp.c_fc (device=cuda:0)
  Added frozen 0.5×I scaling after mlp.c_fc (device=cuda:0)
  Added frozen 0.5×I scaling after mlp.c_fc (device=cuda:0)
  Added frozen 0.5×I scaling after mlp.c_fc (device=cuda:0)
  Added frozen 0.5×I scaling after mlp.c_fc (device=cuda:0)
  Added frozen 0.5×I scaling after mlp.c_fc (device=cuda:0)
  Added frozen 0.5×I scaling after mlp.c_fc (device=cuda:0)
  Added frozen 0.5×I scaling after mlp.c_fc (device=cuda:0)
  Added frozen 0.5×I scaling after mlp.c_fc (device=cuda:0)
  Added frozen 0.5×I scaling after mlp.c_fc (device=cuda:0)
  Added frozen 0.5×I scaling after mlp.c_fc (device=cuda:0)
  Added frozen 0.5×I scaling after mlp.c_fc (device=cuda:0)
  Added frozen 0.5×I scaling after mlp.c_fc (device=cuda:0)
  Added frozen 0.5×I scaling after mlp.c_fc (device=cuda:0)
  Added frozen 0.5×I scaling after mlp.c_fc (device=cuda:0)
  Added frozen 0.5×I scaling after mlp.c_fc (device=cuda:0)
  Added frozen 0.5×I scaling after mlp.c_fc (device=cuda:0)
  Added frozen 0.5×I scaling after mlp.c_fc (device=cuda:0)
  Added frozen 0.5×I scaling after mlp.c_fc (device=cuda:0)
  Added frozen 0.5×I scaling after mlp.c_fc (device=cuda:0)
  Added frozen 0.5×I scaling after mlp.c_fc (device=cuda:0)
  Added frozen 0.5×I scaling after mlp.c_fc (device=cuda:0)
  Added frozen 0.5×I scaling after mlp.c_fc (device=cuda:0)
  Added frozen 0.5×I scaling after mlp.c_fc (device=cuda:0)
  Added frozen 0.5×I scaling after mlp.c_fc (device=cuda:0)
  Added frozen 0.5×I scaling after mlp.c_fc (device=cuda:0)
  Added frozen 0.5×I scaling after mlp.c_fc (device=cuda:0)
  Added frozen 0.5×I scaling after mlp.c_fc (device=cuda:0)
  Added frozen 0.5×I scaling after mlp.c_fc (device=cuda:0)
  Added frozen 0.5×I scaling after mlp.c_fc (device=cuda:0)
Norm-preserving scaling setup complete.
compiling the model... (takes a ~minute)
step 0: train loss 11.0426, val loss 11.0426
iter 0: loss 11.0501, time 126142.08ms, mfu -100.00%
iter 10: loss 10.6036, time 7158.35ms, mfu 31.32%
iter 20: loss 9.8591, time 7130.02ms, mfu 31.33%
iter 30: loss 9.5223, time 7184.75ms, mfu 31.32%
iter 40: loss 9.3518, time 7215.20ms, mfu 31.30%
iter 50: loss 9.2874, time 7253.49ms, mfu 31.26%
iter 60: loss 9.3136, time 7276.31ms, mfu 31.21%
iter 70: loss 9.2716, time 7290.06ms, mfu 31.17%
iter 80: loss 9.0976, time 7306.87ms, mfu 31.12%
iter 90: loss 8.9984, time 7387.87ms, mfu 31.04%
iter 100: loss 8.8309, time 7347.33ms, mfu 30.99%
iter 110: loss 8.7055, time 7324.44ms, mfu 30.95%
iter 120: loss 8.6408, time 7362.36ms, mfu 30.90%
iter 130: loss 8.5727, time 7395.87ms, mfu 30.84%
iter 140: loss 8.4531, time 7404.83ms, mfu 30.79%
iter 150: loss 8.1517, time 7410.24ms, mfu 30.73%
iter 160: loss 8.0665, time 7428.38ms, mfu 30.68%
iter 170: loss 7.8839, time 7355.08ms, mfu 30.66%
iter 180: loss 7.9910, time 7385.15ms, mfu 30.63%
iter 190: loss 7.7189, time 7397.08ms, mfu 30.60%
