=== TIER 1 EXPERIMENT 3: 24L, r=384, Full Block Decomposition ===
Job ID: 610970
Node: n001
GPUs: 
Start time: Fri Jan  2 11:40:02 AM CST 2026

=== Configuration ===
Architecture: 24 layers, d=1024, 16 heads (~530M params)
Grassmann rank: r=384 (37.5% of width)
Full Block Decomposition:
  - c_attn: 16×16 grid = 256 blocks per projection (Q/K/V)
  - Total c_attn blocks: 768 per layer
  - Block size: 64×64, rank=32 per block
  - mlp.c_fc: 4 blocks, rank=384
Training: 100k iters

KEY COMPARISON:
  24L Hybrid r=384: Val ~3.1 @ 40.9B tokens
  36L Full r=256: Val ~3.17 @ 20.4B tokens (better than 36L hybrid)
  This 24L Full r=384: Should show if fine-grained decomp helps 24L

=== Starting Training ===
Overriding config with config/train_gpt2_medium_grassmann_fullblock_r384.py:
# TIER 1 EXPERIMENT 3: 24L, r=384, FULL block decomposition
# Question: Does fine-grained decomposition help 24L like it helps 36L?
# Hypothesis: If full block outperforms hybrid, block granularity matters

# GPT-2 Medium architecture
n_layer = 24
n_head = 16
n_embd = 1024
block_size = 1024
dropout = 0.1
bias = False  # Grassmann requires no bias

# Enable Grassmann with FULL block decomposition
use_grassmann = True
use_full_block_decomp = True  # Use 16×16 grid instead of 3-block hybrid

# Full block decomposition configuration
full_block_size = 64  # 1024 / 64 = 16 blocks per dimension → 16×16 grid = 256 blocks
full_block_gating_mode = 'per_head'  # Options: 'per_head' (16 gates), 'per_block' (256 gates)

# Grassmann configuration
# Note: grass_rank is used for mlp.c_fc blocks, not for c_attn full blocks
# c_attn blocks use rank = full_block_size // 2 automatically (32 for 64×64 blocks)
grass_rank = 384  # For mlp.c_fc (4 blocks), matching other 24L experiments
grass_scale = 10.0  # Uniform x=10 scaling
grass_a = 1.0  # Identity-centered for non-skip layers
grass_b = 0.0
grass_lr = 2e-3  # Same as other 24L experiments

# Gating LRs
# For full block decomp: per_head mode has 16 gates/layer
gate_lr = 1.2e-3  # 2× learning_rate for gates
embed_lr = 3e-4   # 0.5× learning_rate for embeddings

# Training hyperparameters
learning_rate = 6e-4  # Base LR for AdamW components
max_iters = 100000  # Same as other 24L experiments
warmup_iters = 2000  # Standard warmup
lr_decay_iters = 100000  # Cosine decay to min_lr
min_lr = 6e-5  # 0.1 × learning_rate

# Multi-GPU batch configuration
# REDUCED for full block decomposition (768 blocks/layer uses more memory)
# 16 × 24 × 4 GPUs = 1536 sequences × 1024 seq_len = 1,572,864 tokens (same total)
# grad_accum MUST be divisible by 4 GPUs (DDP requirement)
batch_size = 16  # Per GPU (reduced from 32 due to memory constraints)
gradient_accumulation_steps = 24  # Doubled to maintain same tokens/iter (393K tokens)

# Regularization
weight_decay = 1e-1  # Standard for GPT-2

# Optimizer
beta1 = 0.9
beta2 = 0.95
grad_clip = 1.0

# Evaluation
eval_interval = 1000
eval_iters = 200
log_interval = 10

# Dataset
dataset = 'openwebtext'
data_dir = '/net/scratch2/junyuren/nanoGPT-manifold/data/openwebtext'
always_save_checkpoint = True

# CRITICAL: Save to scratch (home has strict disk quota!)
out_dir = '/net/scratch2/junyuren/nanoGPT-manifold/out-gpt2m-grass-fullblock-r384'

# Compile for performance
compile = True

# System
dtype = 'bfloat16'  # More stable than float16 for Grassmann
device = 'cuda'

# Phase identifier (for configure_optimizers_grassmann_phases)
grassmann_phase = 'phase3'  # c_attn + mlp.c_fc (non-skip-facing only)

Overriding config with config/train_gpt2_medium_grassmann_fullblock_r384.py:
# TIER 1 EXPERIMENT 3: 24L, r=384, FULL block decomposition
# Question: Does fine-grained decomposition help 24L like it helps 36L?
# Hypothesis: If full block outperforms hybrid, block granularity matters

# GPT-2 Medium architecture
n_layer = 24
n_head = 16
n_embd = 1024
block_size = 1024
dropout = 0.1
bias = False  # Grassmann requires no bias

# Enable Grassmann with FULL block decomposition
use_grassmann = True
use_full_block_decomp = True  # Use 16×16 grid instead of 3-block hybrid

# Full block decomposition configuration
full_block_size = 64  # 1024 / 64 = 16 blocks per dimension → 16×16 grid = 256 blocks
full_block_gating_mode = 'per_head'  # Options: 'per_head' (16 gates), 'per_block' (256 gates)

# Grassmann configuration
# Note: grass_rank is used for mlp.c_fc blocks, not for c_attn full blocks
# c_attn blocks use rank = full_block_size // 2 automatically (32 for 64×64 blocks)
grass_rank = 384  # For mlp.c_fc (4 blocks), matching other 24L experiments
grass_scale = 10.0  # Uniform x=10 scaling
grass_a = 1.0  # Identity-centered for non-skip layers
grass_b = 0.0
grass_lr = 2e-3  # Same as other 24L experiments

# Gating LRs
# For full block decomp: per_head mode has 16 gates/layer
gate_lr = 1.2e-3  # 2× learning_rate for gates
embed_lr = 3e-4   # 0.5× learning_rate for embeddings

# Training hyperparameters
learning_rate = 6e-4  # Base LR for AdamW components
max_iters = 100000  # Same as other 24L experiments
warmup_iters = 2000  # Standard warmup
lr_decay_iters = 100000  # Cosine decay to min_lr
min_lr = 6e-5  # 0.1 × learning_rate

# Multi-GPU batch configuration
# REDUCED for full block decomposition (768 blocks/layer uses more memory)
# 16 × 24 × 4 GPUs = 1536 sequences × 1024 seq_len = 1,572,864 tokens (same total)
# grad_accum MUST be divisible by 4 GPUs (DDP requirement)
batch_size = 16  # Per GPU (reduced from 32 due to memory constraints)
gradient_accumulation_steps = 24  # Doubled to maintain same tokens/iter (393K tokens)

# Regularization
weight_decay = 1e-1  # Standard for GPT-2

# Optimizer
beta1 = 0.9
beta2 = 0.95
grad_clip = 1.0

# Evaluation
eval_interval = 1000
eval_iters = 200
log_interval = 10

# Dataset
dataset = 'openwebtext'
data_dir = '/net/scratch2/junyuren/nanoGPT-manifold/data/openwebtext'
always_save_checkpoint = True

# CRITICAL: Save to scratch (home has strict disk quota!)
out_dir = '/net/scratch2/junyuren/nanoGPT-manifold/out-gpt2m-grass-fullblock-r384'

# Compile for performance
compile = True

# System
dtype = 'bfloat16'  # More stable than float16 for Grassmann
device = 'cuda'

# Phase identifier (for configure_optimizers_grassmann_phases)
grassmann_phase = 'phase3'  # c_attn + mlp.c_fc (non-skip-facing only)

Overriding config with config/train_gpt2_medium_grassmann_fullblock_r384.py:
# TIER 1 EXPERIMENT 3: 24L, r=384, FULL block decomposition
# Question: Does fine-grained decomposition help 24L like it helps 36L?
# Hypothesis: If full block outperforms hybrid, block granularity matters

# GPT-2 Medium architecture
n_layer = 24
n_head = 16
n_embd = 1024
block_size = 1024
dropout = 0.1
bias = False  # Grassmann requires no bias

# Enable Grassmann with FULL block decomposition
use_grassmann = True
use_full_block_decomp = True  # Use 16×16 grid instead of 3-block hybrid

# Full block decomposition configuration
full_block_size = 64  # 1024 / 64 = 16 blocks per dimension → 16×16 grid = 256 blocks
full_block_gating_mode = 'per_head'  # Options: 'per_head' (16 gates), 'per_block' (256 gates)

# Grassmann configuration
# Note: grass_rank is used for mlp.c_fc blocks, not for c_attn full blocks
# c_attn blocks use rank = full_block_size // 2 automatically (32 for 64×64 blocks)
grass_rank = 384  # For mlp.c_fc (4 blocks), matching other 24L experiments
grass_scale = 10.0  # Uniform x=10 scaling
grass_a = 1.0  # Identity-centered for non-skip layers
grass_b = 0.0
grass_lr = 2e-3  # Same as other 24L experiments

# Gating LRs
# For full block decomp: per_head mode has 16 gates/layer
gate_lr = 1.2e-3  # 2× learning_rate for gates
embed_lr = 3e-4   # 0.5× learning_rate for embeddings

# Training hyperparameters
learning_rate = 6e-4  # Base LR for AdamW components
max_iters = 100000  # Same as other 24L experiments
warmup_iters = 2000  # Standard warmup
lr_decay_iters = 100000  # Cosine decay to min_lr
min_lr = 6e-5  # 0.1 × learning_rate

# Multi-GPU batch configuration
# REDUCED for full block decomposition (768 blocks/layer uses more memory)
# 16 × 24 × 4 GPUs = 1536 sequences × 1024 seq_len = 1,572,864 tokens (same total)
# grad_accum MUST be divisible by 4 GPUs (DDP requirement)
batch_size = 16  # Per GPU (reduced from 32 due to memory constraints)
gradient_accumulation_steps = 24  # Doubled to maintain same tokens/iter (393K tokens)

# Regularization
weight_decay = 1e-1  # Standard for GPT-2

# Optimizer
beta1 = 0.9
beta2 = 0.95
grad_clip = 1.0

# Evaluation
eval_interval = 1000
eval_iters = 200
log_interval = 10

# Dataset
dataset = 'openwebtext'
data_dir = '/net/scratch2/junyuren/nanoGPT-manifold/data/openwebtext'
always_save_checkpoint = True

# CRITICAL: Save to scratch (home has strict disk quota!)
out_dir = '/net/scratch2/junyuren/nanoGPT-manifold/out-gpt2m-grass-fullblock-r384'

# Compile for performance
compile = True

# System
dtype = 'bfloat16'  # More stable than float16 for Grassmann
device = 'cuda'

# Phase identifier (for configure_optimizers_grassmann_phases)
grassmann_phase = 'phase3'  # c_attn + mlp.c_fc (non-skip-facing only)

tokens per iteration will be: 393,216
Initializing a new model from scratch
defaulting to vocab_size of GPT-2 to 50304 (50257 rounded up for efficiency)
Overriding config with config/train_gpt2_medium_grassmann_fullblock_r384.py:
# TIER 1 EXPERIMENT 3: 24L, r=384, FULL block decomposition
# Question: Does fine-grained decomposition help 24L like it helps 36L?
# Hypothesis: If full block outperforms hybrid, block granularity matters

# GPT-2 Medium architecture
n_layer = 24
n_head = 16
n_embd = 1024
block_size = 1024
dropout = 0.1
bias = False  # Grassmann requires no bias

# Enable Grassmann with FULL block decomposition
use_grassmann = True
use_full_block_decomp = True  # Use 16×16 grid instead of 3-block hybrid

# Full block decomposition configuration
full_block_size = 64  # 1024 / 64 = 16 blocks per dimension → 16×16 grid = 256 blocks
full_block_gating_mode = 'per_head'  # Options: 'per_head' (16 gates), 'per_block' (256 gates)

# Grassmann configuration
# Note: grass_rank is used for mlp.c_fc blocks, not for c_attn full blocks
# c_attn blocks use rank = full_block_size // 2 automatically (32 for 64×64 blocks)
grass_rank = 384  # For mlp.c_fc (4 blocks), matching other 24L experiments
grass_scale = 10.0  # Uniform x=10 scaling
grass_a = 1.0  # Identity-centered for non-skip layers
grass_b = 0.0
grass_lr = 2e-3  # Same as other 24L experiments

# Gating LRs
# For full block decomp: per_head mode has 16 gates/layer
gate_lr = 1.2e-3  # 2× learning_rate for gates
embed_lr = 3e-4   # 0.5× learning_rate for embeddings

# Training hyperparameters
learning_rate = 6e-4  # Base LR for AdamW components
max_iters = 100000  # Same as other 24L experiments
warmup_iters = 2000  # Standard warmup
lr_decay_iters = 100000  # Cosine decay to min_lr
min_lr = 6e-5  # 0.1 × learning_rate

# Multi-GPU batch configuration
# REDUCED for full block decomposition (768 blocks/layer uses more memory)
# 16 × 24 × 4 GPUs = 1536 sequences × 1024 seq_len = 1,572,864 tokens (same total)
# grad_accum MUST be divisible by 4 GPUs (DDP requirement)
batch_size = 16  # Per GPU (reduced from 32 due to memory constraints)
gradient_accumulation_steps = 24  # Doubled to maintain same tokens/iter (393K tokens)

# Regularization
weight_decay = 1e-1  # Standard for GPT-2

# Optimizer
beta1 = 0.9
beta2 = 0.95
grad_clip = 1.0

# Evaluation
eval_interval = 1000
eval_iters = 200
log_interval = 10

# Dataset
dataset = 'openwebtext'
data_dir = '/net/scratch2/junyuren/nanoGPT-manifold/data/openwebtext'
always_save_checkpoint = True

# CRITICAL: Save to scratch (home has strict disk quota!)
out_dir = '/net/scratch2/junyuren/nanoGPT-manifold/out-gpt2m-grass-fullblock-r384'

# Compile for performance
compile = True

# System
dtype = 'bfloat16'  # More stable than float16 for Grassmann
device = 'cuda'

# Phase identifier (for configure_optimizers_grassmann_phases)
grassmann_phase = 'phase3'  # c_attn + mlp.c_fc (non-skip-facing only)

tokens per iteration will be: 393,216
Initializing a new model from scratch
defaulting to vocab_size of GPT-2 to 50304 (50257 rounded up for efficiency)
tokens per iteration will be: 393,216
Initializing a new model from scratch
defaulting to vocab_size of GPT-2 to 50304 (50257 rounded up for efficiency)
tokens per iteration will be: 393,216
Initializing a new model from scratch
defaulting to vocab_size of GPT-2 to 50304 (50257 rounded up for efficiency)
number of parameters: 354.83M
number of parameters: 354.83M
number of parameters: 354.83M
number of parameters: 354.83M

=== Phase phase3 Grassmann Configuration ===

Per-block configuration (24 blocks):
  c_attn ranks:       [384, 384, 384, 384, 384, 384, 384, 384, 384, 384, 384, 384, 384, 384, 384, 384, 384, 384, 384, 384, 384, 384, 384, 384]
  c_attn scales:      ['1.00', '1.00', '1.00', '1.00', '1.00', '1.00', '1.00', '1.00', '1.00', '1.00', '1.00', '1.00', '1.00', '1.00', '1.00', '1.00', '1.00', '1.00', '1.00', '1.00', '1.00', '1.00', '1.00', '1.00']
  mlp.c_fc ranks:     [384, 384, 384, 384, 384, 384, 384, 384, 384, 384, 384, 384, 384, 384, 384, 384, 384, 384, 384, 384, 384, 384, 384, 384]
  mlp.c_fc scales:    ['1.00', '1.00', '1.00', '1.00', '1.00', '1.00', '1.00', '1.00', '1.00', '1.00', '1.00', '1.00', '1.00', '1.00', '1.00', '1.00', '1.00', '1.00', '1.00', '1.00', '1.00', '1.00', '1.00', '1.00']
Grassmann Muon parameters: 168 weight matrices, 176,160,768 params
AdamW optimizer groups:
  Gates:      120 tensors, 1,277,952 params, lr=1.20e-03, wd=0.1
  Projections: 48 tensors, 125,829,120 params, lr=6.00e-04, wd=0.1
  Embeddings: 2 tensors, 52,559,872 params, lr=3.00e-04, wd=0.0
  No decay:   49 tensors, 50,176 params, lr=6.00e-04, wd=0.0
  transformer.h.0.attn.c_attn.blocks.0.weight: k=1, G_{1.0,0.0,384}, lr=0.008, scale=1.0, type=None
  transformer.h.0.attn.c_attn.blocks.1.weight: k=1, G_{1.0,0.0,384}, lr=0.008, scale=1.0, type=None
  transformer.h.0.attn.c_attn.blocks.2.weight: k=1, G_{1.0,0.0,384}, lr=0.008, scale=1.0, type=None
  transformer.h.0.mlp.c_fc.blocks.0.weight: k=1, G_{1.0,0.0,384}, lr=0.008, scale=1.0, type=None
  transformer.h.0.mlp.c_fc.blocks.1.weight: k=1, G_{1.0,0.0,384}, lr=0.008, scale=1.0, type=None
  transformer.h.0.mlp.c_fc.blocks.2.weight: k=1, G_{1.0,0.0,384}, lr=0.008, scale=1.0, type=None
  transformer.h.0.mlp.c_fc.blocks.3.weight: k=1, G_{1.0,0.0,384}, lr=0.008, scale=1.0, type=None
  transformer.h.1.attn.c_attn.blocks.0.weight: k=1, G_{1.0,0.0,384}, lr=0.008, scale=1.0, type=None
  transformer.h.1.attn.c_attn.blocks.1.weight: k=1, G_{1.0,0.0,384}, lr=0.008, scale=1.0, type=None
  transformer.h.1.attn.c_attn.blocks.2.weight: k=1, G_{1.0,0.0,384}, lr=0.008, scale=1.0, type=None
  transformer.h.1.mlp.c_fc.blocks.0.weight: k=1, G_{1.0,0.0,384}, lr=0.008, scale=1.0, type=None
  transformer.h.1.mlp.c_fc.blocks.1.weight: k=1, G_{1.0,0.0,384}, lr=0.008, scale=1.0, type=None
  transformer.h.1.mlp.c_fc.blocks.2.weight: k=1, G_{1.0,0.0,384}, lr=0.008, scale=1.0, type=None
  transformer.h.1.mlp.c_fc.blocks.3.weight: k=1, G_{1.0,0.0,384}, lr=0.008, scale=1.0, type=None
  transformer.h.2.attn.c_attn.blocks.0.weight: k=1, G_{1.0,0.0,384}, lr=0.008, scale=1.0, type=None
  transformer.h.2.attn.c_attn.blocks.1.weight: k=1, G_{1.0,0.0,384}, lr=0.008, scale=1.0, type=None
  transformer.h.2.attn.c_attn.blocks.2.weight: k=1, G_{1.0,0.0,384}, lr=0.008, scale=1.0, type=None
  transformer.h.2.mlp.c_fc.blocks.0.weight: k=1, G_{1.0,0.0,384}, lr=0.008, scale=1.0, type=None
  transformer.h.2.mlp.c_fc.blocks.1.weight: k=1, G_{1.0,0.0,384}, lr=0.008, scale=1.0, type=None
  transformer.h.2.mlp.c_fc.blocks.2.weight: k=1, G_{1.0,0.0,384}, lr=0.008, scale=1.0, type=None
  transformer.h.2.mlp.c_fc.blocks.3.weight: k=1, G_{1.0,0.0,384}, lr=0.008, scale=1.0, type=None
  transformer.h.3.attn.c_attn.blocks.0.weight: k=1, G_{1.0,0.0,384}, lr=0.008, scale=1.0, type=None
  transformer.h.3.attn.c_attn.blocks.1.weight: k=1, G_{1.0,0.0,384}, lr=0.008, scale=1.0, type=None
  transformer.h.3.attn.c_attn.blocks.2.weight: k=1, G_{1.0,0.0,384}, lr=0.008, scale=1.0, type=None
  transformer.h.3.mlp.c_fc.blocks.0.weight: k=1, G_{1.0,0.0,384}, lr=0.008, scale=1.0, type=None
  transformer.h.3.mlp.c_fc.blocks.1.weight: k=1, G_{1.0,0.0,384}, lr=0.008, scale=1.0, type=None
  transformer.h.3.mlp.c_fc.blocks.2.weight: k=1, G_{1.0,0.0,384}, lr=0.008, scale=1.0, type=None
  transformer.h.3.mlp.c_fc.blocks.3.weight: k=1, G_{1.0,0.0,384}, lr=0.008, scale=1.0, type=None
  transformer.h.4.attn.c_attn.blocks.0.weight: k=1, G_{1.0,0.0,384}, lr=0.008, scale=1.0, type=None
  transformer.h.4.attn.c_attn.blocks.1.weight: k=1, G_{1.0,0.0,384}, lr=0.008, scale=1.0, type=None
  transformer.h.4.attn.c_attn.blocks.2.weight: k=1, G_{1.0,0.0,384}, lr=0.008, scale=1.0, type=None
  transformer.h.4.mlp.c_fc.blocks.0.weight: k=1, G_{1.0,0.0,384}, lr=0.008, scale=1.0, type=None
  transformer.h.4.mlp.c_fc.blocks.1.weight: k=1, G_{1.0,0.0,384}, lr=0.008, scale=1.0, type=None
  transformer.h.4.mlp.c_fc.blocks.2.weight: k=1, G_{1.0,0.0,384}, lr=0.008, scale=1.0, type=None
  transformer.h.4.mlp.c_fc.blocks.3.weight: k=1, G_{1.0,0.0,384}, lr=0.008, scale=1.0, type=None
  transformer.h.5.attn.c_attn.blocks.0.weight: k=1, G_{1.0,0.0,384}, lr=0.008, scale=1.0, type=None
  transformer.h.5.attn.c_attn.blocks.1.weight: k=1, G_{1.0,0.0,384}, lr=0.008, scale=1.0, type=None
  transformer.h.5.attn.c_attn.blocks.2.weight: k=1, G_{1.0,0.0,384}, lr=0.008, scale=1.0, type=None
  transformer.h.5.mlp.c_fc.blocks.0.weight: k=1, G_{1.0,0.0,384}, lr=0.008, scale=1.0, type=None
  transformer.h.5.mlp.c_fc.blocks.1.weight: k=1, G_{1.0,0.0,384}, lr=0.008, scale=1.0, type=None
  transformer.h.5.mlp.c_fc.blocks.2.weight: k=1, G_{1.0,0.0,384}, lr=0.008, scale=1.0, type=None
  transformer.h.5.mlp.c_fc.blocks.3.weight: k=1, G_{1.0,0.0,384}, lr=0.008, scale=1.0, type=None
  transformer.h.6.attn.c_attn.blocks.0.weight: k=1, G_{1.0,0.0,384}, lr=0.008, scale=1.0, type=None
  transformer.h.6.attn.c_attn.blocks.1.weight: k=1, G_{1.0,0.0,384}, lr=0.008, scale=1.0, type=None
  transformer.h.6.attn.c_attn.blocks.2.weight: k=1, G_{1.0,0.0,384}, lr=0.008, scale=1.0, type=None
  transformer.h.6.mlp.c_fc.blocks.0.weight: k=1, G_{1.0,0.0,384}, lr=0.008, scale=1.0, type=None
  transformer.h.6.mlp.c_fc.blocks.1.weight: k=1, G_{1.0,0.0,384}, lr=0.008, scale=1.0, type=None
  transformer.h.6.mlp.c_fc.blocks.2.weight: k=1, G_{1.0,0.0,384}, lr=0.008, scale=1.0, type=None
  transformer.h.6.mlp.c_fc.blocks.3.weight: k=1, G_{1.0,0.0,384}, lr=0.008, scale=1.0, type=None
  transformer.h.7.attn.c_attn.blocks.0.weight: k=1, G_{1.0,0.0,384}, lr=0.008, scale=1.0, type=None
  transformer.h.7.attn.c_attn.blocks.1.weight: k=1, G_{1.0,0.0,384}, lr=0.008, scale=1.0, type=None
  transformer.h.7.attn.c_attn.blocks.2.weight: k=1, G_{1.0,0.0,384}, lr=0.008, scale=1.0, type=None
  transformer.h.7.mlp.c_fc.blocks.0.weight: k=1, G_{1.0,0.0,384}, lr=0.008, scale=1.0, type=None
  transformer.h.7.mlp.c_fc.blocks.1.weight: k=1, G_{1.0,0.0,384}, lr=0.008, scale=1.0, type=None
  transformer.h.7.mlp.c_fc.blocks.2.weight: k=1, G_{1.0,0.0,384}, lr=0.008, scale=1.0, type=None
  transformer.h.7.mlp.c_fc.blocks.3.weight: k=1, G_{1.0,0.0,384}, lr=0.008, scale=1.0, type=None
  transformer.h.8.attn.c_attn.blocks.0.weight: k=1, G_{1.0,0.0,384}, lr=0.008, scale=1.0, type=None
  transformer.h.8.attn.c_attn.blocks.1.weight: k=1, G_{1.0,0.0,384}, lr=0.008, scale=1.0, type=None
  transformer.h.8.attn.c_attn.blocks.2.weight: k=1, G_{1.0,0.0,384}, lr=0.008, scale=1.0, type=None
  transformer.h.8.mlp.c_fc.blocks.0.weight: k=1, G_{1.0,0.0,384}, lr=0.008, scale=1.0, type=None
  transformer.h.8.mlp.c_fc.blocks.1.weight: k=1, G_{1.0,0.0,384}, lr=0.008, scale=1.0, type=None
  transformer.h.8.mlp.c_fc.blocks.2.weight: k=1, G_{1.0,0.0,384}, lr=0.008, scale=1.0, type=None
  transformer.h.8.mlp.c_fc.blocks.3.weight: k=1, G_{1.0,0.0,384}, lr=0.008, scale=1.0, type=None
  transformer.h.9.attn.c_attn.blocks.0.weight: k=1, G_{1.0,0.0,384}, lr=0.008, scale=1.0, type=None
  transformer.h.9.attn.c_attn.blocks.1.weight: k=1, G_{1.0,0.0,384}, lr=0.008, scale=1.0, type=None
  transformer.h.9.attn.c_attn.blocks.2.weight: k=1, G_{1.0,0.0,384}, lr=0.008, scale=1.0, type=None
  transformer.h.9.mlp.c_fc.blocks.0.weight: k=1, G_{1.0,0.0,384}, lr=0.008, scale=1.0, type=None
  transformer.h.9.mlp.c_fc.blocks.1.weight: k=1, G_{1.0,0.0,384}, lr=0.008, scale=1.0, type=None
  transformer.h.9.mlp.c_fc.blocks.2.weight: k=1, G_{1.0,0.0,384}, lr=0.008, scale=1.0, type=None
  transformer.h.9.mlp.c_fc.blocks.3.weight: k=1, G_{1.0,0.0,384}, lr=0.008, scale=1.0, type=None
  transformer.h.10.attn.c_attn.blocks.0.weight: k=1, G_{1.0,0.0,384}, lr=0.008, scale=1.0, type=None
  transformer.h.10.attn.c_attn.blocks.1.weight: k=1, G_{1.0,0.0,384}, lr=0.008, scale=1.0, type=None
  transformer.h.10.attn.c_attn.blocks.2.weight: k=1, G_{1.0,0.0,384}, lr=0.008, scale=1.0, type=None
  transformer.h.10.mlp.c_fc.blocks.0.weight: k=1, G_{1.0,0.0,384}, lr=0.008, scale=1.0, type=None
  transformer.h.10.mlp.c_fc.blocks.1.weight: k=1, G_{1.0,0.0,384}, lr=0.008, scale=1.0, type=None
  transformer.h.10.mlp.c_fc.blocks.2.weight: k=1, G_{1.0,0.0,384}, lr=0.008, scale=1.0, type=None
  transformer.h.10.mlp.c_fc.blocks.3.weight: k=1, G_{1.0,0.0,384}, lr=0.008, scale=1.0, type=None
  transformer.h.11.attn.c_attn.blocks.0.weight: k=1, G_{1.0,0.0,384}, lr=0.008, scale=1.0, type=None
  transformer.h.11.attn.c_attn.blocks.1.weight: k=1, G_{1.0,0.0,384}, lr=0.008, scale=1.0, type=None
  transformer.h.11.attn.c_attn.blocks.2.weight: k=1, G_{1.0,0.0,384}, lr=0.008, scale=1.0, type=None
  transformer.h.11.mlp.c_fc.blocks.0.weight: k=1, G_{1.0,0.0,384}, lr=0.008, scale=1.0, type=None
  transformer.h.11.mlp.c_fc.blocks.1.weight: k=1, G_{1.0,0.0,384}, lr=0.008, scale=1.0, type=None
  transformer.h.11.mlp.c_fc.blocks.2.weight: k=1, G_{1.0,0.0,384}, lr=0.008, scale=1.0, type=None
  transformer.h.11.mlp.c_fc.blocks.3.weight: k=1, G_{1.0,0.0,384}, lr=0.008, scale=1.0, type=None
  transformer.h.12.attn.c_attn.blocks.0.weight: k=1, G_{1.0,0.0,384}, lr=0.008, scale=1.0, type=None
  transformer.h.12.attn.c_attn.blocks.1.weight: k=1, G_{1.0,0.0,384}, lr=0.008, scale=1.0, type=None
  transformer.h.12.attn.c_attn.blocks.2.weight: k=1, G_{1.0,0.0,384}, lr=0.008, scale=1.0, type=None
  transformer.h.12.mlp.c_fc.blocks.0.weight: k=1, G_{1.0,0.0,384}, lr=0.008, scale=1.0, type=None
  transformer.h.12.mlp.c_fc.blocks.1.weight: k=1, G_{1.0,0.0,384}, lr=0.008, scale=1.0, type=None
  transformer.h.12.mlp.c_fc.blocks.2.weight: k=1, G_{1.0,0.0,384}, lr=0.008, scale=1.0, type=None
  transformer.h.12.mlp.c_fc.blocks.3.weight: k=1, G_{1.0,0.0,384}, lr=0.008, scale=1.0, type=None
  transformer.h.13.attn.c_attn.blocks.0.weight: k=1, G_{1.0,0.0,384}, lr=0.008, scale=1.0, type=None
  transformer.h.13.attn.c_attn.blocks.1.weight: k=1, G_{1.0,0.0,384}, lr=0.008, scale=1.0, type=None
  transformer.h.13.attn.c_attn.blocks.2.weight: k=1, G_{1.0,0.0,384}, lr=0.008, scale=1.0, type=None
  transformer.h.13.mlp.c_fc.blocks.0.weight: k=1, G_{1.0,0.0,384}, lr=0.008, scale=1.0, type=None
  transformer.h.13.mlp.c_fc.blocks.1.weight: k=1, G_{1.0,0.0,384}, lr=0.008, scale=1.0, type=None
  transformer.h.13.mlp.c_fc.blocks.2.weight: k=1, G_{1.0,0.0,384}, lr=0.008, scale=1.0, type=None
  transformer.h.13.mlp.c_fc.blocks.3.weight: k=1, G_{1.0,0.0,384}, lr=0.008, scale=1.0, type=None
  transformer.h.14.attn.c_attn.blocks.0.weight: k=1, G_{1.0,0.0,384}, lr=0.008, scale=1.0, type=None
  transformer.h.14.attn.c_attn.blocks.1.weight: k=1, G_{1.0,0.0,384}, lr=0.008, scale=1.0, type=None
  transformer.h.14.attn.c_attn.blocks.2.weight: k=1, G_{1.0,0.0,384}, lr=0.008, scale=1.0, type=None
  transformer.h.14.mlp.c_fc.blocks.0.weight: k=1, G_{1.0,0.0,384}, lr=0.008, scale=1.0, type=None
  transformer.h.14.mlp.c_fc.blocks.1.weight: k=1, G_{1.0,0.0,384}, lr=0.008, scale=1.0, type=None
  transformer.h.14.mlp.c_fc.blocks.2.weight: k=1, G_{1.0,0.0,384}, lr=0.008, scale=1.0, type=None
  transformer.h.14.mlp.c_fc.blocks.3.weight: k=1, G_{1.0,0.0,384}, lr=0.008, scale=1.0, type=None
  transformer.h.15.attn.c_attn.blocks.0.weight: k=1, G_{1.0,0.0,384}, lr=0.008, scale=1.0, type=None
  transformer.h.15.attn.c_attn.blocks.1.weight: k=1, G_{1.0,0.0,384}, lr=0.008, scale=1.0, type=None
  transformer.h.15.attn.c_attn.blocks.2.weight: k=1, G_{1.0,0.0,384}, lr=0.008, scale=1.0, type=None
  transformer.h.15.mlp.c_fc.blocks.0.weight: k=1, G_{1.0,0.0,384}, lr=0.008, scale=1.0, type=None
  transformer.h.15.mlp.c_fc.blocks.1.weight: k=1, G_{1.0,0.0,384}, lr=0.008, scale=1.0, type=None
  transformer.h.15.mlp.c_fc.blocks.2.weight: k=1, G_{1.0,0.0,384}, lr=0.008, scale=1.0, type=None
  transformer.h.15.mlp.c_fc.blocks.3.weight: k=1, G_{1.0,0.0,384}, lr=0.008, scale=1.0, type=None
  transformer.h.16.attn.c_attn.blocks.0.weight: k=1, G_{1.0,0.0,384}, lr=0.008, scale=1.0, type=None
  transformer.h.16.attn.c_attn.blocks.1.weight: k=1, G_{1.0,0.0,384}, lr=0.008, scale=1.0, type=None
  transformer.h.16.attn.c_attn.blocks.2.weight: k=1, G_{1.0,0.0,384}, lr=0.008, scale=1.0, type=None
  transformer.h.16.mlp.c_fc.blocks.0.weight: k=1, G_{1.0,0.0,384}, lr=0.008, scale=1.0, type=None
  transformer.h.16.mlp.c_fc.blocks.1.weight: k=1, G_{1.0,0.0,384}, lr=0.008, scale=1.0, type=None
  transformer.h.16.mlp.c_fc.blocks.2.weight: k=1, G_{1.0,0.0,384}, lr=0.008, scale=1.0, type=None
  transformer.h.16.mlp.c_fc.blocks.3.weight: k=1, G_{1.0,0.0,384}, lr=0.008, scale=1.0, type=None
  transformer.h.17.attn.c_attn.blocks.0.weight: k=1, G_{1.0,0.0,384}, lr=0.008, scale=1.0, type=None
  transformer.h.17.attn.c_attn.blocks.1.weight: k=1, G_{1.0,0.0,384}, lr=0.008, scale=1.0, type=None
  transformer.h.17.attn.c_attn.blocks.2.weight: k=1, G_{1.0,0.0,384}, lr=0.008, scale=1.0, type=None
  transformer.h.17.mlp.c_fc.blocks.0.weight: k=1, G_{1.0,0.0,384}, lr=0.008, scale=1.0, type=None
  transformer.h.17.mlp.c_fc.blocks.1.weight: k=1, G_{1.0,0.0,384}, lr=0.008, scale=1.0, type=None
  transformer.h.17.mlp.c_fc.blocks.2.weight: k=1, G_{1.0,0.0,384}, lr=0.008, scale=1.0, type=None
  transformer.h.17.mlp.c_fc.blocks.3.weight: k=1, G_{1.0,0.0,384}, lr=0.008, scale=1.0, type=None
  transformer.h.18.attn.c_attn.blocks.0.weight: k=1, G_{1.0,0.0,384}, lr=0.008, scale=1.0, type=None
  transformer.h.18.attn.c_attn.blocks.1.weight: k=1, G_{1.0,0.0,384}, lr=0.008, scale=1.0, type=None
  transformer.h.18.attn.c_attn.blocks.2.weight: k=1, G_{1.0,0.0,384}, lr=0.008, scale=1.0, type=None
  transformer.h.18.mlp.c_fc.blocks.0.weight: k=1, G_{1.0,0.0,384}, lr=0.008, scale=1.0, type=None
  transformer.h.18.mlp.c_fc.blocks.1.weight: k=1, G_{1.0,0.0,384}, lr=0.008, scale=1.0, type=None
  transformer.h.18.mlp.c_fc.blocks.2.weight: k=1, G_{1.0,0.0,384}, lr=0.008, scale=1.0, type=None
  transformer.h.18.mlp.c_fc.blocks.3.weight: k=1, G_{1.0,0.0,384}, lr=0.008, scale=1.0, type=None
  transformer.h.19.attn.c_attn.blocks.0.weight: k=1, G_{1.0,0.0,384}, lr=0.008, scale=1.0, type=None
  transformer.h.19.attn.c_attn.blocks.1.weight: k=1, G_{1.0,0.0,384}, lr=0.008, scale=1.0, type=None
  transformer.h.19.attn.c_attn.blocks.2.weight: k=1, G_{1.0,0.0,384}, lr=0.008, scale=1.0, type=None
  transformer.h.19.mlp.c_fc.blocks.0.weight: k=1, G_{1.0,0.0,384}, lr=0.008, scale=1.0, type=None
  transformer.h.19.mlp.c_fc.blocks.1.weight: k=1, G_{1.0,0.0,384}, lr=0.008, scale=1.0, type=None
  transformer.h.19.mlp.c_fc.blocks.2.weight: k=1, G_{1.0,0.0,384}, lr=0.008, scale=1.0, type=None
  transformer.h.19.mlp.c_fc.blocks.3.weight: k=1, G_{1.0,0.0,384}, lr=0.008, scale=1.0, type=None
  transformer.h.20.attn.c_attn.blocks.0.weight: k=1, G_{1.0,0.0,384}, lr=0.008, scale=1.0, type=None
  transformer.h.20.attn.c_attn.blocks.1.weight: k=1, G_{1.0,0.0,384}, lr=0.008, scale=1.0, type=None
  transformer.h.20.attn.c_attn.blocks.2.weight: k=1, G_{1.0,0.0,384}, lr=0.008, scale=1.0, type=None
  transformer.h.20.mlp.c_fc.blocks.0.weight: k=1, G_{1.0,0.0,384}, lr=0.008, scale=1.0, type=None
  transformer.h.20.mlp.c_fc.blocks.1.weight: k=1, G_{1.0,0.0,384}, lr=0.008, scale=1.0, type=None
  transformer.h.20.mlp.c_fc.blocks.2.weight: k=1, G_{1.0,0.0,384}, lr=0.008, scale=1.0, type=None
  transformer.h.20.mlp.c_fc.blocks.3.weight: k=1, G_{1.0,0.0,384}, lr=0.008, scale=1.0, type=None
  transformer.h.21.attn.c_attn.blocks.0.weight: k=1, G_{1.0,0.0,384}, lr=0.008, scale=1.0, type=None
  transformer.h.21.attn.c_attn.blocks.1.weight: k=1, G_{1.0,0.0,384}, lr=0.008, scale=1.0, type=None
  transformer.h.21.attn.c_attn.blocks.2.weight: k=1, G_{1.0,0.0,384}, lr=0.008, scale=1.0, type=None
  transformer.h.21.mlp.c_fc.blocks.0.weight: k=1, G_{1.0,0.0,384}, lr=0.008, scale=1.0, type=None
  transformer.h.21.mlp.c_fc.blocks.1.weight: k=1, G_{1.0,0.0,384}, lr=0.008, scale=1.0, type=None
  transformer.h.21.mlp.c_fc.blocks.2.weight: k=1, G_{1.0,0.0,384}, lr=0.008, scale=1.0, type=None
  transformer.h.21.mlp.c_fc.blocks.3.weight: k=1, G_{1.0,0.0,384}, lr=0.008, scale=1.0, type=None
  transformer.h.22.attn.c_attn.blocks.0.weight: k=1, G_{1.0,0.0,384}, lr=0.008, scale=1.0, type=None
  transformer.h.22.attn.c_attn.blocks.1.weight: k=1, G_{1.0,0.0,384}, lr=0.008, scale=1.0, type=None
  transformer.h.22.attn.c_attn.blocks.2.weight: k=1, G_{1.0,0.0,384}, lr=0.008, scale=1.0, type=None
  transformer.h.22.mlp.c_fc.blocks.0.weight: k=1, G_{1.0,0.0,384}, lr=0.008, scale=1.0, type=None
  transformer.h.22.mlp.c_fc.blocks.1.weight: k=1, G_{1.0,0.0,384}, lr=0.008, scale=1.0, type=None
  transformer.h.22.mlp.c_fc.blocks.2.weight: k=1, G_{1.0,0.0,384}, lr=0.008, scale=1.0, type=None
  transformer.h.22.mlp.c_fc.blocks.3.weight: k=1, G_{1.0,0.0,384}, lr=0.008, scale=1.0, type=None
  transformer.h.23.attn.c_attn.blocks.0.weight: k=1, G_{1.0,0.0,384}, lr=0.008, scale=1.0, type=None
  transformer.h.23.attn.c_attn.blocks.1.weight: k=1, G_{1.0,0.0,384}, lr=0.008, scale=1.0, type=None
  transformer.h.23.attn.c_attn.blocks.2.weight: k=1, G_{1.0,0.0,384}, lr=0.008, scale=1.0, type=None
  transformer.h.23.mlp.c_fc.blocks.0.weight: k=1, G_{1.0,0.0,384}, lr=0.008, scale=1.0, type=None
  transformer.h.23.mlp.c_fc.blocks.1.weight: k=1, G_{1.0,0.0,384}, lr=0.008, scale=1.0, type=None
  transformer.h.23.mlp.c_fc.blocks.2.weight: k=1, G_{1.0,0.0,384}, lr=0.008, scale=1.0, type=None
  transformer.h.23.mlp.c_fc.blocks.3.weight: k=1, G_{1.0,0.0,384}, lr=0.008, scale=1.0, type=None

=== Phase phase3 Grassmann Configuration ===

Per-block configuration (24 blocks):
  c_attn ranks:       [384, 384, 384, 384, 384, 384, 384, 384, 384, 384, 384, 384, 384, 384, 384, 384, 384, 384, 384, 384, 384, 384, 384, 384]
  c_attn scales:      ['1.00', '1.00', '1.00', '1.00', '1.00', '1.00', '1.00', '1.00', '1.00', '1.00', '1.00', '1.00', '1.00', '1.00', '1.00', '1.00', '1.00', '1.00', '1.00', '1.00', '1.00', '1.00', '1.00', '1.00']
  mlp.c_fc ranks:     [384, 384, 384, 384, 384, 384, 384, 384, 384, 384, 384, 384, 384, 384, 384, 384, 384, 384, 384, 384, 384, 384, 384, 384]
  mlp.c_fc scales:    ['1.00', '1.00', '1.00', '1.00', '1.00', '1.00', '1.00', '1.00', '1.00', '1.00', '1.00', '1.00', '1.00', '1.00', '1.00', '1.00', '1.00', '1.00', '1.00', '1.00', '1.00', '1.00', '1.00', '1.00']
Grassmann Muon parameters: 168 weight matrices, 176,160,768 params
AdamW optimizer groups:
  Gates:      120 tensors, 1,277,952 params, lr=1.20e-03, wd=0.1
  Projections: 48 tensors, 125,829,120 params, lr=6.00e-04, wd=0.1
  Embeddings: 2 tensors, 52,559,872 params, lr=3.00e-04, wd=0.0
  No decay:   49 tensors, 50,176 params, lr=6.00e-04, wd=0.0
  transformer.h.0.attn.c_attn.blocks.0.weight: k=1, G_{1.0,0.0,384}, lr=0.008, scale=1.0, type=None
  transformer.h.0.attn.c_attn.blocks.1.weight: k=1, G_{1.0,0.0,384}, lr=0.008, scale=1.0, type=None
  transformer.h.0.attn.c_attn.blocks.2.weight: k=1, G_{1.0,0.0,384}, lr=0.008, scale=1.0, type=None
  transformer.h.0.mlp.c_fc.blocks.0.weight: k=1, G_{1.0,0.0,384}, lr=0.008, scale=1.0, type=None
  transformer.h.0.mlp.c_fc.blocks.1.weight: k=1, G_{1.0,0.0,384}, lr=0.008, scale=1.0, type=None
  transformer.h.0.mlp.c_fc.blocks.2.weight: k=1, G_{1.0,0.0,384}, lr=0.008, scale=1.0, type=None
  transformer.h.0.mlp.c_fc.blocks.3.weight: k=1, G_{1.0,0.0,384}, lr=0.008, scale=1.0, type=None
  transformer.h.1.attn.c_attn.blocks.0.weight: k=1, G_{1.0,0.0,384}, lr=0.008, scale=1.0, type=None
  transformer.h.1.attn.c_attn.blocks.1.weight: k=1, G_{1.0,0.0,384}, lr=0.008, scale=1.0, type=None
  transformer.h.1.attn.c_attn.blocks.2.weight: k=1, G_{1.0,0.0,384}, lr=0.008, scale=1.0, type=None
  transformer.h.1.mlp.c_fc.blocks.0.weight: k=1, G_{1.0,0.0,384}, lr=0.008, scale=1.0, type=None
  transformer.h.1.mlp.c_fc.blocks.1.weight: k=1, G_{1.0,0.0,384}, lr=0.008, scale=1.0, type=None
  transformer.h.1.mlp.c_fc.blocks.2.weight: k=1, G_{1.0,0.0,384}, lr=0.008, scale=1.0, type=None
  transformer.h.1.mlp.c_fc.blocks.3.weight: k=1, G_{1.0,0.0,384}, lr=0.008, scale=1.0, type=None
  transformer.h.2.attn.c_attn.blocks.0.weight: k=1, G_{1.0,0.0,384}, lr=0.008, scale=1.0, type=None
  transformer.h.2.attn.c_attn.blocks.1.weight: k=1, G_{1.0,0.0,384}, lr=0.008, scale=1.0, type=None
  transformer.h.2.attn.c_attn.blocks.2.weight: k=1, G_{1.0,0.0,384}, lr=0.008, scale=1.0, type=None
  transformer.h.2.mlp.c_fc.blocks.0.weight: k=1, G_{1.0,0.0,384}, lr=0.008, scale=1.0, type=None
  transformer.h.2.mlp.c_fc.blocks.1.weight: k=1, G_{1.0,0.0,384}, lr=0.008, scale=1.0, type=None
  transformer.h.2.mlp.c_fc.blocks.2.weight: k=1, G_{1.0,0.0,384}, lr=0.008, scale=1.0, type=None
  transformer.h.2.mlp.c_fc.blocks.3.weight: k=1, G_{1.0,0.0,384}, lr=0.008, scale=1.0, type=None
  transformer.h.3.attn.c_attn.blocks.0.weight: k=1, G_{1.0,0.0,384}, lr=0.008, scale=1.0, type=None
  transformer.h.3.attn.c_attn.blocks.1.weight: k=1, G_{1.0,0.0,384}, lr=0.008, scale=1.0, type=None
  transformer.h.3.attn.c_attn.blocks.2.weight: k=1, G_{1.0,0.0,384}, lr=0.008, scale=1.0, type=None
  transformer.h.3.mlp.c_fc.blocks.0.weight: k=1, G_{1.0,0.0,384}, lr=0.008, scale=1.0, type=None
  transformer.h.3.mlp.c_fc.blocks.1.weight: k=1, G_{1.0,0.0,384}, lr=0.008, scale=1.0, type=None
  transformer.h.3.mlp.c_fc.blocks.2.weight: k=1, G_{1.0,0.0,384}, lr=0.008, scale=1.0, type=None
  transformer.h.3.mlp.c_fc.blocks.3.weight: k=1, G_{1.0,0.0,384}, lr=0.008, scale=1.0, type=None
  transformer.h.4.attn.c_attn.blocks.0.weight: k=1, G_{1.0,0.0,384}, lr=0.008, scale=1.0, type=None
  transformer.h.4.attn.c_attn.blocks.1.weight: k=1, G_{1.0,0.0,384}, lr=0.008, scale=1.0, type=None
  transformer.h.4.attn.c_attn.blocks.2.weight: k=1, G_{1.0,0.0,384}, lr=0.008, scale=1.0, type=None
  transformer.h.4.mlp.c_fc.blocks.0.weight: k=1, G_{1.0,0.0,384}, lr=0.008, scale=1.0, type=None
  transformer.h.4.mlp.c_fc.blocks.1.weight: k=1, G_{1.0,0.0,384}, lr=0.008, scale=1.0, type=None
  transformer.h.4.mlp.c_fc.blocks.2.weight: k=1, G_{1.0,0.0,384}, lr=0.008, scale=1.0, type=None
  transformer.h.4.mlp.c_fc.blocks.3.weight: k=1, G_{1.0,0.0,384}, lr=0.008, scale=1.0, type=None
  transformer.h.5.attn.c_attn.blocks.0.weight: k=1, G_{1.0,0.0,384}, lr=0.008, scale=1.0, type=None
  transformer.h.5.attn.c_attn.blocks.1.weight: k=1, G_{1.0,0.0,384}, lr=0.008, scale=1.0, type=None
  transformer.h.5.attn.c_attn.blocks.2.weight: k=1, G_{1.0,0.0,384}, lr=0.008, scale=1.0, type=None
  transformer.h.5.mlp.c_fc.blocks.0.weight: k=1, G_{1.0,0.0,384}, lr=0.008, scale=1.0, type=None
  transformer.h.5.mlp.c_fc.blocks.1.weight: k=1, G_{1.0,0.0,384}, lr=0.008, scale=1.0, type=None
  transformer.h.5.mlp.c_fc.blocks.2.weight: k=1, G_{1.0,0.0,384}, lr=0.008, scale=1.0, type=None
  transformer.h.5.mlp.c_fc.blocks.3.weight: k=1, G_{1.0,0.0,384}, lr=0.008, scale=1.0, type=None
  transformer.h.6.attn.c_attn.blocks.0.weight: k=1, G_{1.0,0.0,384}, lr=0.008, scale=1.0, type=None
  transformer.h.6.attn.c_attn.blocks.1.weight: k=1, G_{1.0,0.0,384}, lr=0.008, scale=1.0, type=None
  transformer.h.6.attn.c_attn.blocks.2.weight: k=1, G_{1.0,0.0,384}, lr=0.008, scale=1.0, type=None
  transformer.h.6.mlp.c_fc.blocks.0.weight: k=1, G_{1.0,0.0,384}, lr=0.008, scale=1.0, type=None
  transformer.h.6.mlp.c_fc.blocks.1.weight: k=1, G_{1.0,0.0,384}, lr=0.008, scale=1.0, type=None
  transformer.h.6.mlp.c_fc.blocks.2.weight: k=1, G_{1.0,0.0,384}, lr=0.008, scale=1.0, type=None
  transformer.h.6.mlp.c_fc.blocks.3.weight: k=1, G_{1.0,0.0,384}, lr=0.008, scale=1.0, type=None
  transformer.h.7.attn.c_attn.blocks.0.weight: k=1, G_{1.0,0.0,384}, lr=0.008, scale=1.0, type=None
  transformer.h.7.attn.c_attn.blocks.1.weight: k=1, G_{1.0,0.0,384}, lr=0.008, scale=1.0, type=None
  transformer.h.7.attn.c_attn.blocks.2.weight: k=1, G_{1.0,0.0,384}, lr=0.008, scale=1.0, type=None
  transformer.h.7.mlp.c_fc.blocks.0.weight: k=1, G_{1.0,0.0,384}, lr=0.008, scale=1.0, type=None
  transformer.h.7.mlp.c_fc.blocks.1.weight: k=1, G_{1.0,0.0,384}, lr=0.008, scale=1.0, type=None
  transformer.h.7.mlp.c_fc.blocks.2.weight: k=1, G_{1.0,0.0,384}, lr=0.008, scale=1.0, type=None
  transformer.h.7.mlp.c_fc.blocks.3.weight: k=1, G_{1.0,0.0,384}, lr=0.008, scale=1.0, type=None
  transformer.h.8.attn.c_attn.blocks.0.weight: k=1, G_{1.0,0.0,384}, lr=0.008, scale=1.0, type=None
  transformer.h.8.attn.c_attn.blocks.1.weight: k=1, G_{1.0,0.0,384}, lr=0.008, scale=1.0, type=None
  transformer.h.8.attn.c_attn.blocks.2.weight: k=1, G_{1.0,0.0,384}, lr=0.008, scale=1.0, type=None
  transformer.h.8.mlp.c_fc.blocks.0.weight: k=1, G_{1.0,0.0,384}, lr=0.008, scale=1.0, type=None
  transformer.h.8.mlp.c_fc.blocks.1.weight: k=1, G_{1.0,0.0,384}, lr=0.008, scale=1.0, type=None
  transformer.h.8.mlp.c_fc.blocks.2.weight: k=1, G_{1.0,0.0,384}, lr=0.008, scale=1.0, type=None
  transformer.h.8.mlp.c_fc.blocks.3.weight: k=1, G_{1.0,0.0,384}, lr=0.008, scale=1.0, type=None
  transformer.h.9.attn.c_attn.blocks.0.weight: k=1, G_{1.0,0.0,384}, lr=0.008, scale=1.0, type=None
  transformer.h.9.attn.c_attn.blocks.1.weight: k=1, G_{1.0,0.0,384}, lr=0.008, scale=1.0, type=None
  transformer.h.9.attn.c_attn.blocks.2.weight: k=1, G_{1.0,0.0,384}, lr=0.008, scale=1.0, type=None
  transformer.h.9.mlp.c_fc.blocks.0.weight: k=1, G_{1.0,0.0,384}, lr=0.008, scale=1.0, type=None
  transformer.h.9.mlp.c_fc.blocks.1.weight: k=1, G_{1.0,0.0,384}, lr=0.008, scale=1.0, type=None
  transformer.h.9.mlp.c_fc.blocks.2.weight: k=1, G_{1.0,0.0,384}, lr=0.008, scale=1.0, type=None
  transformer.h.9.mlp.c_fc.blocks.3.weight: k=1, G_{1.0,0.0,384}, lr=0.008, scale=1.0, type=None
  transformer.h.10.attn.c_attn.blocks.0.weight: k=1, G_{1.0,0.0,384}, lr=0.008, scale=1.0, type=None
  transformer.h.10.attn.c_attn.blocks.1.weight: k=1, G_{1.0,0.0,384}, lr=0.008, scale=1.0, type=None
  transformer.h.10.attn.c_attn.blocks.2.weight: k=1, G_{1.0,0.0,384}, lr=0.008, scale=1.0, type=None
  transformer.h.10.mlp.c_fc.blocks.0.weight: k=1, G_{1.0,0.0,384}, lr=0.008, scale=1.0, type=None
  transformer.h.10.mlp.c_fc.blocks.1.weight: k=1, G_{1.0,0.0,384}, lr=0.008, scale=1.0, type=None
  transformer.h.10.mlp.c_fc.blocks.2.weight: k=1, G_{1.0,0.0,384}, lr=0.008, scale=1.0, type=None
  transformer.h.10.mlp.c_fc.blocks.3.weight: k=1, G_{1.0,0.0,384}, lr=0.008, scale=1.0, type=None
  transformer.h.11.attn.c_attn.blocks.0.weight: k=1, G_{1.0,0.0,384}, lr=0.008, scale=1.0, type=None
  transformer.h.11.attn.c_attn.blocks.1.weight: k=1, G_{1.0,0.0,384}, lr=0.008, scale=1.0, type=None
  transformer.h.11.attn.c_attn.blocks.2.weight: k=1, G_{1.0,0.0,384}, lr=0.008, scale=1.0, type=None
  transformer.h.11.mlp.c_fc.blocks.0.weight: k=1, G_{1.0,0.0,384}, lr=0.008, scale=1.0, type=None
  transformer.h.11.mlp.c_fc.blocks.1.weight: k=1, G_{1.0,0.0,384}, lr=0.008, scale=1.0, type=None
  transformer.h.11.mlp.c_fc.blocks.2.weight: k=1, G_{1.0,0.0,384}, lr=0.008, scale=1.0, type=None
  transformer.h.11.mlp.c_fc.blocks.3.weight: k=1, G_{1.0,0.0,384}, lr=0.008, scale=1.0, type=None
  transformer.h.12.attn.c_attn.blocks.0.weight: k=1, G_{1.0,0.0,384}, lr=0.008, scale=1.0, type=None
  transformer.h.12.attn.c_attn.blocks.1.weight: k=1, G_{1.0,0.0,384}, lr=0.008, scale=1.0, type=None
  transformer.h.12.attn.c_attn.blocks.2.weight: k=1, G_{1.0,0.0,384}, lr=0.008, scale=1.0, type=None
  transformer.h.12.mlp.c_fc.blocks.0.weight: k=1, G_{1.0,0.0,384}, lr=0.008, scale=1.0, type=None
  transformer.h.12.mlp.c_fc.blocks.1.weight: k=1, G_{1.0,0.0,384}, lr=0.008, scale=1.0, type=None
  transformer.h.12.mlp.c_fc.blocks.2.weight: k=1, G_{1.0,0.0,384}, lr=0.008, scale=1.0, type=None
  transformer.h.12.mlp.c_fc.blocks.3.weight: k=1, G_{1.0,0.0,384}, lr=0.008, scale=1.0, type=None
  transformer.h.13.attn.c_attn.blocks.0.weight: k=1, G_{1.0,0.0,384}, lr=0.008, scale=1.0, type=None
  transformer.h.13.attn.c_attn.blocks.1.weight: k=1, G_{1.0,0.0,384}, lr=0.008, scale=1.0, type=None
  transformer.h.13.attn.c_attn.blocks.2.weight: k=1, G_{1.0,0.0,384}, lr=0.008, scale=1.0, type=None
  transformer.h.13.mlp.c_fc.blocks.0.weight: k=1, G_{1.0,0.0,384}, lr=0.008, scale=1.0, type=None
  transformer.h.13.mlp.c_fc.blocks.1.weight: k=1, G_{1.0,0.0,384}, lr=0.008, scale=1.0, type=None
  transformer.h.13.mlp.c_fc.blocks.2.weight: k=1, G_{1.0,0.0,384}, lr=0.008, scale=1.0, type=None
  transformer.h.13.mlp.c_fc.blocks.3.weight: k=1, G_{1.0,0.0,384}, lr=0.008, scale=1.0, type=None
  transformer.h.14.attn.c_attn.blocks.0.weight: k=1, G_{1.0,0.0,384}, lr=0.008, scale=1.0, type=None
  transformer.h.14.attn.c_attn.blocks.1.weight: k=1, G_{1.0,0.0,384}, lr=0.008, scale=1.0, type=None
  transformer.h.14.attn.c_attn.blocks.2.weight: k=1, G_{1.0,0.0,384}, lr=0.008, scale=1.0, type=None
  transformer.h.14.mlp.c_fc.blocks.0.weight: k=1, G_{1.0,0.0,384}, lr=0.008, scale=1.0, type=None
  transformer.h.14.mlp.c_fc.blocks.1.weight: k=1, G_{1.0,0.0,384}, lr=0.008, scale=1.0, type=None
  transformer.h.14.mlp.c_fc.blocks.2.weight: k=1, G_{1.0,0.0,384}, lr=0.008, scale=1.0, type=None
  transformer.h.14.mlp.c_fc.blocks.3.weight: k=1, G_{1.0,0.0,384}, lr=0.008, scale=1.0, type=None
  transformer.h.15.attn.c_attn.blocks.0.weight: k=1, G_{1.0,0.0,384}, lr=0.008, scale=1.0, type=None
  transformer.h.15.attn.c_attn.blocks.1.weight: k=1, G_{1.0,0.0,384}, lr=0.008, scale=1.0, type=None
  transformer.h.15.attn.c_attn.blocks.2.weight: k=1, G_{1.0,0.0,384}, lr=0.008, scale=1.0, type=None
  transformer.h.15.mlp.c_fc.blocks.0.weight: k=1, G_{1.0,0.0,384}, lr=0.008, scale=1.0, type=None
  transformer.h.15.mlp.c_fc.blocks.1.weight: k=1, G_{1.0,0.0,384}, lr=0.008, scale=1.0, type=None
  transformer.h.15.mlp.c_fc.blocks.2.weight: k=1, G_{1.0,0.0,384}, lr=0.008, scale=1.0, type=None
  transformer.h.15.mlp.c_fc.blocks.3.weight: k=1, G_{1.0,0.0,384}, lr=0.008, scale=1.0, type=None
  transformer.h.16.attn.c_attn.blocks.0.weight: k=1, G_{1.0,0.0,384}, lr=0.008, scale=1.0, type=None
  transformer.h.16.attn.c_attn.blocks.1.weight: k=1, G_{1.0,0.0,384}, lr=0.008, scale=1.0, type=None
  transformer.h.16.attn.c_attn.blocks.2.weight: k=1, G_{1.0,0.0,384}, lr=0.008, scale=1.0, type=None
  transformer.h.16.mlp.c_fc.blocks.0.weight: k=1, G_{1.0,0.0,384}, lr=0.008, scale=1.0, type=None
  transformer.h.16.mlp.c_fc.blocks.1.weight: k=1, G_{1.0,0.0,384}, lr=0.008, scale=1.0, type=None
  transformer.h.16.mlp.c_fc.blocks.2.weight: k=1, G_{1.0,0.0,384}, lr=0.008, scale=1.0, type=None
  transformer.h.16.mlp.c_fc.blocks.3.weight: k=1, G_{1.0,0.0,384}, lr=0.008, scale=1.0, type=None
  transformer.h.17.attn.c_attn.blocks.0.weight: k=1, G_{1.0,0.0,384}, lr=0.008, scale=1.0, type=None
  transformer.h.17.attn.c_attn.blocks.1.weight: k=1, G_{1.0,0.0,384}, lr=0.008, scale=1.0, type=None
  transformer.h.17.attn.c_attn.blocks.2.weight: k=1, G_{1.0,0.0,384}, lr=0.008, scale=1.0, type=None
  transformer.h.17.mlp.c_fc.blocks.0.weight: k=1, G_{1.0,0.0,384}, lr=0.008, scale=1.0, type=None
  transformer.h.17.mlp.c_fc.blocks.1.weight: k=1, G_{1.0,0.0,384}, lr=0.008, scale=1.0, type=None
  transformer.h.17.mlp.c_fc.blocks.2.weight: k=1, G_{1.0,0.0,384}, lr=0.008, scale=1.0, type=None
  transformer.h.17.mlp.c_fc.blocks.3.weight: k=1, G_{1.0,0.0,384}, lr=0.008, scale=1.0, type=None
  transformer.h.18.attn.c_attn.blocks.0.weight: k=1, G_{1.0,0.0,384}, lr=0.008, scale=1.0, type=None
  transformer.h.18.attn.c_attn.blocks.1.weight: k=1, G_{1.0,0.0,384}, lr=0.008, scale=1.0, type=None
  transformer.h.18.attn.c_attn.blocks.2.weight: k=1, G_{1.0,0.0,384}, lr=0.008, scale=1.0, type=None
  transformer.h.18.mlp.c_fc.blocks.0.weight: k=1, G_{1.0,0.0,384}, lr=0.008, scale=1.0, type=None
  transformer.h.18.mlp.c_fc.blocks.1.weight: k=1, G_{1.0,0.0,384}, lr=0.008, scale=1.0, type=None
  transformer.h.18.mlp.c_fc.blocks.2.weight: k=1, G_{1.0,0.0,384}, lr=0.008, scale=1.0, type=None
  transformer.h.18.mlp.c_fc.blocks.3.weight: k=1, G_{1.0,0.0,384}, lr=0.008, scale=1.0, type=None
  transformer.h.19.attn.c_attn.blocks.0.weight: k=1, G_{1.0,0.0,384}, lr=0.008, scale=1.0, type=None
  transformer.h.19.attn.c_attn.blocks.1.weight: k=1, G_{1.0,0.0,384}, lr=0.008, scale=1.0, type=None
  transformer.h.19.attn.c_attn.blocks.2.weight: k=1, G_{1.0,0.0,384}, lr=0.008, scale=1.0, type=None
  transformer.h.19.mlp.c_fc.blocks.0.weight: k=1, G_{1.0,0.0,384}, lr=0.008, scale=1.0, type=None
  transformer.h.19.mlp.c_fc.blocks.1.weight: k=1, G_{1.0,0.0,384}, lr=0.008, scale=1.0, type=None
  transformer.h.19.mlp.c_fc.blocks.2.weight: k=1, G_{1.0,0.0,384}, lr=0.008, scale=1.0, type=None
  transformer.h.19.mlp.c_fc.blocks.3.weight: k=1, G_{1.0,0.0,384}, lr=0.008, scale=1.0, type=None
  transformer.h.20.attn.c_attn.blocks.0.weight: k=1, G_{1.0,0.0,384}, lr=0.008, scale=1.0, type=None
  transformer.h.20.attn.c_attn.blocks.1.weight: k=1, G_{1.0,0.0,384}, lr=0.008, scale=1.0, type=None
  transformer.h.20.attn.c_attn.blocks.2.weight: k=1, G_{1.0,0.0,384}, lr=0.008, scale=1.0, type=None
  transformer.h.20.mlp.c_fc.blocks.0.weight: k=1, G_{1.0,0.0,384}, lr=0.008, scale=1.0, type=None
  transformer.h.20.mlp.c_fc.blocks.1.weight: k=1, G_{1.0,0.0,384}, lr=0.008, scale=1.0, type=None
  transformer.h.20.mlp.c_fc.blocks.2.weight: k=1, G_{1.0,0.0,384}, lr=0.008, scale=1.0, type=None
  transformer.h.20.mlp.c_fc.blocks.3.weight: k=1, G_{1.0,0.0,384}, lr=0.008, scale=1.0, type=None
  transformer.h.21.attn.c_attn.blocks.0.weight: k=1, G_{1.0,0.0,384}, lr=0.008, scale=1.0, type=None
  transformer.h.21.attn.c_attn.blocks.1.weight: k=1, G_{1.0,0.0,384}, lr=0.008, scale=1.0, type=None
  transformer.h.21.attn.c_attn.blocks.2.weight: k=1, G_{1.0,0.0,384}, lr=0.008, scale=1.0, type=None
  transformer.h.21.mlp.c_fc.blocks.0.weight: k=1, G_{1.0,0.0,384}, lr=0.008, scale=1.0, type=None
  transformer.h.21.mlp.c_fc.blocks.1.weight: k=1, G_{1.0,0.0,384}, lr=0.008, scale=1.0, type=None
  transformer.h.21.mlp.c_fc.blocks.2.weight: k=1, G_{1.0,0.0,384}, lr=0.008, scale=1.0, type=None
  transformer.h.21.mlp.c_fc.blocks.3.weight: k=1, G_{1.0,0.0,384}, lr=0.008, scale=1.0, type=None
  transformer.h.22.attn.c_attn.blocks.0.weight: k=1, G_{1.0,0.0,384}, lr=0.008, scale=1.0, type=None
  transformer.h.22.attn.c_attn.blocks.1.weight: k=1, G_{1.0,0.0,384}, lr=0.008, scale=1.0, type=None
  transformer.h.22.attn.c_attn.blocks.2.weight: k=1, G_{1.0,0.0,384}, lr=0.008, scale=1.0, type=None
  transformer.h.22.mlp.c_fc.blocks.0.weight: k=1, G_{1.0,0.0,384}, lr=0.008, scale=1.0, type=None
  transformer.h.22.mlp.c_fc.blocks.1.weight: k=1, G_{1.0,0.0,384}, lr=0.008, scale=1.0, type=None
  transformer.h.22.mlp.c_fc.blocks.2.weight: k=1, G_{1.0,0.0,384}, lr=0.008, scale=1.0, type=None
  transformer.h.22.mlp.c_fc.blocks.3.weight: k=1, G_{1.0,0.0,384}, lr=0.008, scale=1.0, type=None
  transformer.h.23.attn.c_attn.blocks.0.weight: k=1, G_{1.0,0.0,384}, lr=0.008, scale=1.0, type=None
  transformer.h.23.attn.c_attn.blocks.1.weight: k=1, G_{1.0,0.0,384}, lr=0.008, scale=1.0, type=None
  transformer.h.23.attn.c_attn.blocks.2.weight: k=1, G_{1.0,0.0,384}, lr=0.008, scale=1.0, type=None
  transformer.h.23.mlp.c_fc.blocks.0.weight: k=1, G_{1.0,0.0,384}, lr=0.008, scale=1.0, type=None
  transformer.h.23.mlp.c_fc.blocks.1.weight: k=1, G_{1.0,0.0,384}, lr=0.008, scale=1.0, type=None
  transformer.h.23.mlp.c_fc.blocks.2.weight: k=1, G_{1.0,0.0,384}, lr=0.008, scale=1.0, type=None
  transformer.h.23.mlp.c_fc.blocks.3.weight: k=1, G_{1.0,0.0,384}, lr=0.008, scale=1.0, type=None

=== Phase phase3 Grassmann Configuration ===

Per-block configuration (24 blocks):
  c_attn ranks:       [384, 384, 384, 384, 384, 384, 384, 384, 384, 384, 384, 384, 384, 384, 384, 384, 384, 384, 384, 384, 384, 384, 384, 384]
  c_attn scales:      ['1.00', '1.00', '1.00', '1.00', '1.00', '1.00', '1.00', '1.00', '1.00', '1.00', '1.00', '1.00', '1.00', '1.00', '1.00', '1.00', '1.00', '1.00', '1.00', '1.00', '1.00', '1.00', '1.00', '1.00']
  mlp.c_fc ranks:     [384, 384, 384, 384, 384, 384, 384, 384, 384, 384, 384, 384, 384, 384, 384, 384, 384, 384, 384, 384, 384, 384, 384, 384]
  mlp.c_fc scales:    ['1.00', '1.00', '1.00', '1.00', '1.00', '1.00', '1.00', '1.00', '1.00', '1.00', '1.00', '1.00', '1.00', '1.00', '1.00', '1.00', '1.00', '1.00', '1.00', '1.00', '1.00', '1.00', '1.00', '1.00']
Grassmann Muon parameters: 168 weight matrices, 176,160,768 params
AdamW optimizer groups:
  Gates:      120 tensors, 1,277,952 params, lr=1.20e-03, wd=0.1
  Projections: 48 tensors, 125,829,120 params, lr=6.00e-04, wd=0.1
  Embeddings: 2 tensors, 52,559,872 params, lr=3.00e-04, wd=0.0
  No decay:   49 tensors, 50,176 params, lr=6.00e-04, wd=0.0
  transformer.h.0.attn.c_attn.blocks.0.weight: k=1, G_{1.0,0.0,384}, lr=0.008, scale=1.0, type=None
  transformer.h.0.attn.c_attn.blocks.1.weight: k=1, G_{1.0,0.0,384}, lr=0.008, scale=1.0, type=None
  transformer.h.0.attn.c_attn.blocks.2.weight: k=1, G_{1.0,0.0,384}, lr=0.008, scale=1.0, type=None
  transformer.h.0.mlp.c_fc.blocks.0.weight: k=1, G_{1.0,0.0,384}, lr=0.008, scale=1.0, type=None
  transformer.h.0.mlp.c_fc.blocks.1.weight: k=1, G_{1.0,0.0,384}, lr=0.008, scale=1.0, type=None
  transformer.h.0.mlp.c_fc.blocks.2.weight: k=1, G_{1.0,0.0,384}, lr=0.008, scale=1.0, type=None
  transformer.h.0.mlp.c_fc.blocks.3.weight: k=1, G_{1.0,0.0,384}, lr=0.008, scale=1.0, type=None
  transformer.h.1.attn.c_attn.blocks.0.weight: k=1, G_{1.0,0.0,384}, lr=0.008, scale=1.0, type=None
  transformer.h.1.attn.c_attn.blocks.1.weight: k=1, G_{1.0,0.0,384}, lr=0.008, scale=1.0, type=None
  transformer.h.1.attn.c_attn.blocks.2.weight: k=1, G_{1.0,0.0,384}, lr=0.008, scale=1.0, type=None
  transformer.h.1.mlp.c_fc.blocks.0.weight: k=1, G_{1.0,0.0,384}, lr=0.008, scale=1.0, type=None
  transformer.h.1.mlp.c_fc.blocks.1.weight: k=1, G_{1.0,0.0,384}, lr=0.008, scale=1.0, type=None
  transformer.h.1.mlp.c_fc.blocks.2.weight: k=1, G_{1.0,0.0,384}, lr=0.008, scale=1.0, type=None
  transformer.h.1.mlp.c_fc.blocks.3.weight: k=1, G_{1.0,0.0,384}, lr=0.008, scale=1.0, type=None
  transformer.h.2.attn.c_attn.blocks.0.weight: k=1, G_{1.0,0.0,384}, lr=0.008, scale=1.0, type=None
  transformer.h.2.attn.c_attn.blocks.1.weight: k=1, G_{1.0,0.0,384}, lr=0.008, scale=1.0, type=None
  transformer.h.2.attn.c_attn.blocks.2.weight: k=1, G_{1.0,0.0,384}, lr=0.008, scale=1.0, type=None
  transformer.h.2.mlp.c_fc.blocks.0.weight: k=1, G_{1.0,0.0,384}, lr=0.008, scale=1.0, type=None
  transformer.h.2.mlp.c_fc.blocks.1.weight: k=1, G_{1.0,0.0,384}, lr=0.008, scale=1.0, type=None
  transformer.h.2.mlp.c_fc.blocks.2.weight: k=1, G_{1.0,0.0,384}, lr=0.008, scale=1.0, type=None
  transformer.h.2.mlp.c_fc.blocks.3.weight: k=1, G_{1.0,0.0,384}, lr=0.008, scale=1.0, type=None
  transformer.h.3.attn.c_attn.blocks.0.weight: k=1, G_{1.0,0.0,384}, lr=0.008, scale=1.0, type=None
  transformer.h.3.attn.c_attn.blocks.1.weight: k=1, G_{1.0,0.0,384}, lr=0.008, scale=1.0, type=None
  transformer.h.3.attn.c_attn.blocks.2.weight: k=1, G_{1.0,0.0,384}, lr=0.008, scale=1.0, type=None
  transformer.h.3.mlp.c_fc.blocks.0.weight: k=1, G_{1.0,0.0,384}, lr=0.008, scale=1.0, type=None
  transformer.h.3.mlp.c_fc.blocks.1.weight: k=1, G_{1.0,0.0,384}, lr=0.008, scale=1.0, type=None
  transformer.h.3.mlp.c_fc.blocks.2.weight: k=1, G_{1.0,0.0,384}, lr=0.008, scale=1.0, type=None
  transformer.h.3.mlp.c_fc.blocks.3.weight: k=1, G_{1.0,0.0,384}, lr=0.008, scale=1.0, type=None
  transformer.h.4.attn.c_attn.blocks.0.weight: k=1, G_{1.0,0.0,384}, lr=0.008, scale=1.0, type=None
  transformer.h.4.attn.c_attn.blocks.1.weight: k=1, G_{1.0,0.0,384}, lr=0.008, scale=1.0, type=None
  transformer.h.4.attn.c_attn.blocks.2.weight: k=1, G_{1.0,0.0,384}, lr=0.008, scale=1.0, type=None
  transformer.h.4.mlp.c_fc.blocks.0.weight: k=1, G_{1.0,0.0,384}, lr=0.008, scale=1.0, type=None
  transformer.h.4.mlp.c_fc.blocks.1.weight: k=1, G_{1.0,0.0,384}, lr=0.008, scale=1.0, type=None
  transformer.h.4.mlp.c_fc.blocks.2.weight: k=1, G_{1.0,0.0,384}, lr=0.008, scale=1.0, type=None
  transformer.h.4.mlp.c_fc.blocks.3.weight: k=1, G_{1.0,0.0,384}, lr=0.008, scale=1.0, type=None
  transformer.h.5.attn.c_attn.blocks.0.weight: k=1, G_{1.0,0.0,384}, lr=0.008, scale=1.0, type=None
  transformer.h.5.attn.c_attn.blocks.1.weight: k=1, G_{1.0,0.0,384}, lr=0.008, scale=1.0, type=None
  transformer.h.5.attn.c_attn.blocks.2.weight: k=1, G_{1.0,0.0,384}, lr=0.008, scale=1.0, type=None
  transformer.h.5.mlp.c_fc.blocks.0.weight: k=1, G_{1.0,0.0,384}, lr=0.008, scale=1.0, type=None
  transformer.h.5.mlp.c_fc.blocks.1.weight: k=1, G_{1.0,0.0,384}, lr=0.008, scale=1.0, type=None
  transformer.h.5.mlp.c_fc.blocks.2.weight: k=1, G_{1.0,0.0,384}, lr=0.008, scale=1.0, type=None
  transformer.h.5.mlp.c_fc.blocks.3.weight: k=1, G_{1.0,0.0,384}, lr=0.008, scale=1.0, type=None
  transformer.h.6.attn.c_attn.blocks.0.weight: k=1, G_{1.0,0.0,384}, lr=0.008, scale=1.0, type=None
  transformer.h.6.attn.c_attn.blocks.1.weight: k=1, G_{1.0,0.0,384}, lr=0.008, scale=1.0, type=None
  transformer.h.6.attn.c_attn.blocks.2.weight: k=1, G_{1.0,0.0,384}, lr=0.008, scale=1.0, type=None
  transformer.h.6.mlp.c_fc.blocks.0.weight: k=1, G_{1.0,0.0,384}, lr=0.008, scale=1.0, type=None
  transformer.h.6.mlp.c_fc.blocks.1.weight: k=1, G_{1.0,0.0,384}, lr=0.008, scale=1.0, type=None
  transformer.h.6.mlp.c_fc.blocks.2.weight: k=1, G_{1.0,0.0,384}, lr=0.008, scale=1.0, type=None
  transformer.h.6.mlp.c_fc.blocks.3.weight: k=1, G_{1.0,0.0,384}, lr=0.008, scale=1.0, type=None
  transformer.h.7.attn.c_attn.blocks.0.weight: k=1, G_{1.0,0.0,384}, lr=0.008, scale=1.0, type=None
  transformer.h.7.attn.c_attn.blocks.1.weight: k=1, G_{1.0,0.0,384}, lr=0.008, scale=1.0, type=None
  transformer.h.7.attn.c_attn.blocks.2.weight: k=1, G_{1.0,0.0,384}, lr=0.008, scale=1.0, type=None
  transformer.h.7.mlp.c_fc.blocks.0.weight: k=1, G_{1.0,0.0,384}, lr=0.008, scale=1.0, type=None
  transformer.h.7.mlp.c_fc.blocks.1.weight: k=1, G_{1.0,0.0,384}, lr=0.008, scale=1.0, type=None
  transformer.h.7.mlp.c_fc.blocks.2.weight: k=1, G_{1.0,0.0,384}, lr=0.008, scale=1.0, type=None
  transformer.h.7.mlp.c_fc.blocks.3.weight: k=1, G_{1.0,0.0,384}, lr=0.008, scale=1.0, type=None
  transformer.h.8.attn.c_attn.blocks.0.weight: k=1, G_{1.0,0.0,384}, lr=0.008, scale=1.0, type=None
  transformer.h.8.attn.c_attn.blocks.1.weight: k=1, G_{1.0,0.0,384}, lr=0.008, scale=1.0, type=None
  transformer.h.8.attn.c_attn.blocks.2.weight: k=1, G_{1.0,0.0,384}, lr=0.008, scale=1.0, type=None
  transformer.h.8.mlp.c_fc.blocks.0.weight: k=1, G_{1.0,0.0,384}, lr=0.008, scale=1.0, type=None
  transformer.h.8.mlp.c_fc.blocks.1.weight: k=1, G_{1.0,0.0,384}, lr=0.008, scale=1.0, type=None
  transformer.h.8.mlp.c_fc.blocks.2.weight: k=1, G_{1.0,0.0,384}, lr=0.008, scale=1.0, type=None
  transformer.h.8.mlp.c_fc.blocks.3.weight: k=1, G_{1.0,0.0,384}, lr=0.008, scale=1.0, type=None
  transformer.h.9.attn.c_attn.blocks.0.weight: k=1, G_{1.0,0.0,384}, lr=0.008, scale=1.0, type=None
  transformer.h.9.attn.c_attn.blocks.1.weight: k=1, G_{1.0,0.0,384}, lr=0.008, scale=1.0, type=None
  transformer.h.9.attn.c_attn.blocks.2.weight: k=1, G_{1.0,0.0,384}, lr=0.008, scale=1.0, type=None
  transformer.h.9.mlp.c_fc.blocks.0.weight: k=1, G_{1.0,0.0,384}, lr=0.008, scale=1.0, type=None
  transformer.h.9.mlp.c_fc.blocks.1.weight: k=1, G_{1.0,0.0,384}, lr=0.008, scale=1.0, type=None
  transformer.h.9.mlp.c_fc.blocks.2.weight: k=1, G_{1.0,0.0,384}, lr=0.008, scale=1.0, type=None
  transformer.h.9.mlp.c_fc.blocks.3.weight: k=1, G_{1.0,0.0,384}, lr=0.008, scale=1.0, type=None
  transformer.h.10.attn.c_attn.blocks.0.weight: k=1, G_{1.0,0.0,384}, lr=0.008, scale=1.0, type=None
  transformer.h.10.attn.c_attn.blocks.1.weight: k=1, G_{1.0,0.0,384}, lr=0.008, scale=1.0, type=None
  transformer.h.10.attn.c_attn.blocks.2.weight: k=1, G_{1.0,0.0,384}, lr=0.008, scale=1.0, type=None
  transformer.h.10.mlp.c_fc.blocks.0.weight: k=1, G_{1.0,0.0,384}, lr=0.008, scale=1.0, type=None
  transformer.h.10.mlp.c_fc.blocks.1.weight: k=1, G_{1.0,0.0,384}, lr=0.008, scale=1.0, type=None
  transformer.h.10.mlp.c_fc.blocks.2.weight: k=1, G_{1.0,0.0,384}, lr=0.008, scale=1.0, type=None
  transformer.h.10.mlp.c_fc.blocks.3.weight: k=1, G_{1.0,0.0,384}, lr=0.008, scale=1.0, type=None
  transformer.h.11.attn.c_attn.blocks.0.weight: k=1, G_{1.0,0.0,384}, lr=0.008, scale=1.0, type=None
  transformer.h.11.attn.c_attn.blocks.1.weight: k=1, G_{1.0,0.0,384}, lr=0.008, scale=1.0, type=None
  transformer.h.11.attn.c_attn.blocks.2.weight: k=1, G_{1.0,0.0,384}, lr=0.008, scale=1.0, type=None
  transformer.h.11.mlp.c_fc.blocks.0.weight: k=1, G_{1.0,0.0,384}, lr=0.008, scale=1.0, type=None
  transformer.h.11.mlp.c_fc.blocks.1.weight: k=1, G_{1.0,0.0,384}, lr=0.008, scale=1.0, type=None
  transformer.h.11.mlp.c_fc.blocks.2.weight: k=1, G_{1.0,0.0,384}, lr=0.008, scale=1.0, type=None
  transformer.h.11.mlp.c_fc.blocks.3.weight: k=1, G_{1.0,0.0,384}, lr=0.008, scale=1.0, type=None
  transformer.h.12.attn.c_attn.blocks.0.weight: k=1, G_{1.0,0.0,384}, lr=0.008, scale=1.0, type=None
=== Phase phase3 Grassmann Configuration ===

  transformer.h.12.attn.c_attn.blocks.1.weight: k=1, G_{1.0,0.0,384}, lr=0.008, scale=1.0, type=None
Per-block configuration (24 blocks):

  transformer.h.12.attn.c_attn.blocks.2.weight: k=1, G_{1.0,0.0,384}, lr=0.008, scale=1.0, type=None
  transformer.h.12.mlp.c_fc.blocks.0.weight: k=1, G_{1.0,0.0,384}, lr=0.008, scale=1.0, type=None  c_attn ranks:       [384, 384, 384, 384, 384, 384, 384, 384, 384, 384, 384, 384, 384, 384, 384, 384, 384, 384, 384, 384, 384, 384, 384, 384]

  transformer.h.12.mlp.c_fc.blocks.1.weight: k=1, G_{1.0,0.0,384}, lr=0.008, scale=1.0, type=None
  transformer.h.12.mlp.c_fc.blocks.2.weight: k=1, G_{1.0,0.0,384}, lr=0.008, scale=1.0, type=None
  transformer.h.12.mlp.c_fc.blocks.3.weight: k=1, G_{1.0,0.0,384}, lr=0.008, scale=1.0, type=None  c_attn scales:      ['1.00', '1.00', '1.00', '1.00', '1.00', '1.00', '1.00', '1.00', '1.00', '1.00', '1.00', '1.00', '1.00', '1.00', '1.00', '1.00', '1.00', '1.00', '1.00', '1.00', '1.00', '1.00', '1.00', '1.00']

  transformer.h.13.attn.c_attn.blocks.0.weight: k=1, G_{1.0,0.0,384}, lr=0.008, scale=1.0, type=None  mlp.c_fc ranks:     [384, 384, 384, 384, 384, 384, 384, 384, 384, 384, 384, 384, 384, 384, 384, 384, 384, 384, 384, 384, 384, 384, 384, 384]

  transformer.h.13.attn.c_attn.blocks.1.weight: k=1, G_{1.0,0.0,384}, lr=0.008, scale=1.0, type=None
  mlp.c_fc scales:    ['1.00', '1.00', '1.00', '1.00', '1.00', '1.00', '1.00', '1.00', '1.00', '1.00', '1.00', '1.00', '1.00', '1.00', '1.00', '1.00', '1.00', '1.00', '1.00', '1.00', '1.00', '1.00', '1.00', '1.00']  transformer.h.13.attn.c_attn.blocks.2.weight: k=1, G_{1.0,0.0,384}, lr=0.008, scale=1.0, type=None

  transformer.h.13.mlp.c_fc.blocks.0.weight: k=1, G_{1.0,0.0,384}, lr=0.008, scale=1.0, type=None
  transformer.h.13.mlp.c_fc.blocks.1.weight: k=1, G_{1.0,0.0,384}, lr=0.008, scale=1.0, type=None
  transformer.h.13.mlp.c_fc.blocks.2.weight: k=1, G_{1.0,0.0,384}, lr=0.008, scale=1.0, type=None
  transformer.h.13.mlp.c_fc.blocks.3.weight: k=1, G_{1.0,0.0,384}, lr=0.008, scale=1.0, type=None
  transformer.h.14.attn.c_attn.blocks.0.weight: k=1, G_{1.0,0.0,384}, lr=0.008, scale=1.0, type=None
  transformer.h.14.attn.c_attn.blocks.1.weight: k=1, G_{1.0,0.0,384}, lr=0.008, scale=1.0, type=None
  transformer.h.14.attn.c_attn.blocks.2.weight: k=1, G_{1.0,0.0,384}, lr=0.008, scale=1.0, type=None
  transformer.h.14.mlp.c_fc.blocks.0.weight: k=1, G_{1.0,0.0,384}, lr=0.008, scale=1.0, type=None
  transformer.h.14.mlp.c_fc.blocks.1.weight: k=1, G_{1.0,0.0,384}, lr=0.008, scale=1.0, type=None
  transformer.h.14.mlp.c_fc.blocks.2.weight: k=1, G_{1.0,0.0,384}, lr=0.008, scale=1.0, type=None
  transformer.h.14.mlp.c_fc.blocks.3.weight: k=1, G_{1.0,0.0,384}, lr=0.008, scale=1.0, type=None
  transformer.h.15.attn.c_attn.blocks.0.weight: k=1, G_{1.0,0.0,384}, lr=0.008, scale=1.0, type=None
  transformer.h.15.attn.c_attn.blocks.1.weight: k=1, G_{1.0,0.0,384}, lr=0.008, scale=1.0, type=None
  transformer.h.15.attn.c_attn.blocks.2.weight: k=1, G_{1.0,0.0,384}, lr=0.008, scale=1.0, type=None
  transformer.h.15.mlp.c_fc.blocks.0.weight: k=1, G_{1.0,0.0,384}, lr=0.008, scale=1.0, type=None
  transformer.h.15.mlp.c_fc.blocks.1.weight: k=1, G_{1.0,0.0,384}, lr=0.008, scale=1.0, type=None
  transformer.h.15.mlp.c_fc.blocks.2.weight: k=1, G_{1.0,0.0,384}, lr=0.008, scale=1.0, type=None
  transformer.h.15.mlp.c_fc.blocks.3.weight: k=1, G_{1.0,0.0,384}, lr=0.008, scale=1.0, type=None
  transformer.h.16.attn.c_attn.blocks.0.weight: k=1, G_{1.0,0.0,384}, lr=0.008, scale=1.0, type=None
  transformer.h.16.attn.c_attn.blocks.1.weight: k=1, G_{1.0,0.0,384}, lr=0.008, scale=1.0, type=None
  transformer.h.16.attn.c_attn.blocks.2.weight: k=1, G_{1.0,0.0,384}, lr=0.008, scale=1.0, type=None
  transformer.h.16.mlp.c_fc.blocks.0.weight: k=1, G_{1.0,0.0,384}, lr=0.008, scale=1.0, type=None
  transformer.h.16.mlp.c_fc.blocks.1.weight: k=1, G_{1.0,0.0,384}, lr=0.008, scale=1.0, type=None
  transformer.h.16.mlp.c_fc.blocks.2.weight: k=1, G_{1.0,0.0,384}, lr=0.008, scale=1.0, type=None
  transformer.h.16.mlp.c_fc.blocks.3.weight: k=1, G_{1.0,0.0,384}, lr=0.008, scale=1.0, type=None
  transformer.h.17.attn.c_attn.blocks.0.weight: k=1, G_{1.0,0.0,384}, lr=0.008, scale=1.0, type=None
  transformer.h.17.attn.c_attn.blocks.1.weight: k=1, G_{1.0,0.0,384}, lr=0.008, scale=1.0, type=None
  transformer.h.17.attn.c_attn.blocks.2.weight: k=1, G_{1.0,0.0,384}, lr=0.008, scale=1.0, type=None
  transformer.h.17.mlp.c_fc.blocks.0.weight: k=1, G_{1.0,0.0,384}, lr=0.008, scale=1.0, type=None
  transformer.h.17.mlp.c_fc.blocks.1.weight: k=1, G_{1.0,0.0,384}, lr=0.008, scale=1.0, type=None
  transformer.h.17.mlp.c_fc.blocks.2.weight: k=1, G_{1.0,0.0,384}, lr=0.008, scale=1.0, type=None
  transformer.h.17.mlp.c_fc.blocks.3.weight: k=1, G_{1.0,0.0,384}, lr=0.008, scale=1.0, type=None
  transformer.h.18.attn.c_attn.blocks.0.weight: k=1, G_{1.0,0.0,384}, lr=0.008, scale=1.0, type=None
  transformer.h.18.attn.c_attn.blocks.1.weight: k=1, G_{1.0,0.0,384}, lr=0.008, scale=1.0, type=None
  transformer.h.18.attn.c_attn.blocks.2.weight: k=1, G_{1.0,0.0,384}, lr=0.008, scale=1.0, type=None
  transformer.h.18.mlp.c_fc.blocks.0.weight: k=1, G_{1.0,0.0,384}, lr=0.008, scale=1.0, type=None
  transformer.h.18.mlp.c_fc.blocks.1.weight: k=1, G_{1.0,0.0,384}, lr=0.008, scale=1.0, type=None
  transformer.h.18.mlp.c_fc.blocks.2.weight: k=1, G_{1.0,0.0,384}, lr=0.008, scale=1.0, type=None
  transformer.h.18.mlp.c_fc.blocks.3.weight: k=1, G_{1.0,0.0,384}, lr=0.008, scale=1.0, type=None
  transformer.h.19.attn.c_attn.blocks.0.weight: k=1, G_{1.0,0.0,384}, lr=0.008, scale=1.0, type=None
  transformer.h.19.attn.c_attn.blocks.1.weight: k=1, G_{1.0,0.0,384}, lr=0.008, scale=1.0, type=None
  transformer.h.19.attn.c_attn.blocks.2.weight: k=1, G_{1.0,0.0,384}, lr=0.008, scale=1.0, type=None
  transformer.h.19.mlp.c_fc.blocks.0.weight: k=1, G_{1.0,0.0,384}, lr=0.008, scale=1.0, type=None
  transformer.h.19.mlp.c_fc.blocks.1.weight: k=1, G_{1.0,0.0,384}, lr=0.008, scale=1.0, type=None
  transformer.h.19.mlp.c_fc.blocks.2.weight: k=1, G_{1.0,0.0,384}, lr=0.008, scale=1.0, type=None
  transformer.h.19.mlp.c_fc.blocks.3.weight: k=1, G_{1.0,0.0,384}, lr=0.008, scale=1.0, type=None
  transformer.h.20.attn.c_attn.blocks.0.weight: k=1, G_{1.0,0.0,384}, lr=0.008, scale=1.0, type=None
  transformer.h.20.attn.c_attn.blocks.1.weight: k=1, G_{1.0,0.0,384}, lr=0.008, scale=1.0, type=None
  transformer.h.20.attn.c_attn.blocks.2.weight: k=1, G_{1.0,0.0,384}, lr=0.008, scale=1.0, type=None
  transformer.h.20.mlp.c_fc.blocks.0.weight: k=1, G_{1.0,0.0,384}, lr=0.008, scale=1.0, type=None
  transformer.h.20.mlp.c_fc.blocks.1.weight: k=1, G_{1.0,0.0,384}, lr=0.008, scale=1.0, type=None
  transformer.h.20.mlp.c_fc.blocks.2.weight: k=1, G_{1.0,0.0,384}, lr=0.008, scale=1.0, type=None
  transformer.h.20.mlp.c_fc.blocks.3.weight: k=1, G_{1.0,0.0,384}, lr=0.008, scale=1.0, type=None
  transformer.h.21.attn.c_attn.blocks.0.weight: k=1, G_{1.0,0.0,384}, lr=0.008, scale=1.0, type=None
  transformer.h.21.attn.c_attn.blocks.1.weight: k=1, G_{1.0,0.0,384}, lr=0.008, scale=1.0, type=None
  transformer.h.21.attn.c_attn.blocks.2.weight: k=1, G_{1.0,0.0,384}, lr=0.008, scale=1.0, type=None
  transformer.h.21.mlp.c_fc.blocks.0.weight: k=1, G_{1.0,0.0,384}, lr=0.008, scale=1.0, type=None
  transformer.h.21.mlp.c_fc.blocks.1.weight: k=1, G_{1.0,0.0,384}, lr=0.008, scale=1.0, type=None
  transformer.h.21.mlp.c_fc.blocks.2.weight: k=1, G_{1.0,0.0,384}, lr=0.008, scale=1.0, type=None
  transformer.h.21.mlp.c_fc.blocks.3.weight: k=1, G_{1.0,0.0,384}, lr=0.008, scale=1.0, type=None
  transformer.h.22.attn.c_attn.blocks.0.weight: k=1, G_{1.0,0.0,384}, lr=0.008, scale=1.0, type=None
  transformer.h.22.attn.c_attn.blocks.1.weight: k=1, G_{1.0,0.0,384}, lr=0.008, scale=1.0, type=None
  transformer.h.22.attn.c_attn.blocks.2.weight: k=1, G_{1.0,0.0,384}, lr=0.008, scale=1.0, type=None
  transformer.h.22.mlp.c_fc.blocks.0.weight: k=1, G_{1.0,0.0,384}, lr=0.008, scale=1.0, type=None
  transformer.h.22.mlp.c_fc.blocks.1.weight: k=1, G_{1.0,0.0,384}, lr=0.008, scale=1.0, type=None
  transformer.h.22.mlp.c_fc.blocks.2.weight: k=1, G_{1.0,0.0,384}, lr=0.008, scale=1.0, type=None
  transformer.h.22.mlp.c_fc.blocks.3.weight: k=1, G_{1.0,0.0,384}, lr=0.008, scale=1.0, type=None
  transformer.h.23.attn.c_attn.blocks.0.weight: k=1, G_{1.0,0.0,384}, lr=0.008, scale=1.0, type=None
  transformer.h.23.attn.c_attn.blocks.1.weight: k=1, G_{1.0,0.0,384}, lr=0.008, scale=1.0, type=None
  transformer.h.23.attn.c_attn.blocks.2.weight: k=1, G_{1.0,0.0,384}, lr=0.008, scale=1.0, type=None
  transformer.h.23.mlp.c_fc.blocks.0.weight: k=1, G_{1.0,0.0,384}, lr=0.008, scale=1.0, type=None
  transformer.h.23.mlp.c_fc.blocks.1.weight: k=1, G_{1.0,0.0,384}, lr=0.008, scale=1.0, type=None
  transformer.h.23.mlp.c_fc.blocks.2.weight: k=1, G_{1.0,0.0,384}, lr=0.008, scale=1.0, type=None
  transformer.h.23.mlp.c_fc.blocks.3.weight: k=1, G_{1.0,0.0,384}, lr=0.008, scale=1.0, type=None
Grassmann Muon parameters: 168 weight matrices, 176,160,768 params
AdamW optimizer groups:
  Gates:      120 tensors, 1,277,952 params, lr=1.20e-03, wd=0.1
  Projections: 48 tensors, 125,829,120 params, lr=6.00e-04, wd=0.1
  Embeddings: 2 tensors, 52,559,872 params, lr=3.00e-04, wd=0.0
  No decay:   49 tensors, 50,176 params, lr=6.00e-04, wd=0.0
  transformer.h.0.attn.c_attn.blocks.0.weight: k=1, G_{1.0,0.0,384}, lr=0.008, scale=1.0, type=None
  transformer.h.0.attn.c_attn.blocks.1.weight: k=1, G_{1.0,0.0,384}, lr=0.008, scale=1.0, type=None
  transformer.h.0.attn.c_attn.blocks.2.weight: k=1, G_{1.0,0.0,384}, lr=0.008, scale=1.0, type=None
  transformer.h.0.mlp.c_fc.blocks.0.weight: k=1, G_{1.0,0.0,384}, lr=0.008, scale=1.0, type=None
  transformer.h.0.mlp.c_fc.blocks.1.weight: k=1, G_{1.0,0.0,384}, lr=0.008, scale=1.0, type=None
  transformer.h.0.mlp.c_fc.blocks.2.weight: k=1, G_{1.0,0.0,384}, lr=0.008, scale=1.0, type=None
  transformer.h.0.mlp.c_fc.blocks.3.weight: k=1, G_{1.0,0.0,384}, lr=0.008, scale=1.0, type=None
  transformer.h.1.attn.c_attn.blocks.0.weight: k=1, G_{1.0,0.0,384}, lr=0.008, scale=1.0, type=None
  transformer.h.1.attn.c_attn.blocks.1.weight: k=1, G_{1.0,0.0,384}, lr=0.008, scale=1.0, type=None
  transformer.h.1.attn.c_attn.blocks.2.weight: k=1, G_{1.0,0.0,384}, lr=0.008, scale=1.0, type=None
  transformer.h.1.mlp.c_fc.blocks.0.weight: k=1, G_{1.0,0.0,384}, lr=0.008, scale=1.0, type=None
  transformer.h.1.mlp.c_fc.blocks.1.weight: k=1, G_{1.0,0.0,384}, lr=0.008, scale=1.0, type=None
  transformer.h.1.mlp.c_fc.blocks.2.weight: k=1, G_{1.0,0.0,384}, lr=0.008, scale=1.0, type=None
  transformer.h.1.mlp.c_fc.blocks.3.weight: k=1, G_{1.0,0.0,384}, lr=0.008, scale=1.0, type=None
  transformer.h.2.attn.c_attn.blocks.0.weight: k=1, G_{1.0,0.0,384}, lr=0.008, scale=1.0, type=None
  transformer.h.2.attn.c_attn.blocks.1.weight: k=1, G_{1.0,0.0,384}, lr=0.008, scale=1.0, type=None
  transformer.h.2.attn.c_attn.blocks.2.weight: k=1, G_{1.0,0.0,384}, lr=0.008, scale=1.0, type=None
  transformer.h.2.mlp.c_fc.blocks.0.weight: k=1, G_{1.0,0.0,384}, lr=0.008, scale=1.0, type=None
  transformer.h.2.mlp.c_fc.blocks.1.weight: k=1, G_{1.0,0.0,384}, lr=0.008, scale=1.0, type=None
  transformer.h.2.mlp.c_fc.blocks.2.weight: k=1, G_{1.0,0.0,384}, lr=0.008, scale=1.0, type=None
  transformer.h.2.mlp.c_fc.blocks.3.weight: k=1, G_{1.0,0.0,384}, lr=0.008, scale=1.0, type=None
  transformer.h.3.attn.c_attn.blocks.0.weight: k=1, G_{1.0,0.0,384}, lr=0.008, scale=1.0, type=None
  transformer.h.3.attn.c_attn.blocks.1.weight: k=1, G_{1.0,0.0,384}, lr=0.008, scale=1.0, type=None
  transformer.h.3.attn.c_attn.blocks.2.weight: k=1, G_{1.0,0.0,384}, lr=0.008, scale=1.0, type=None
  transformer.h.3.mlp.c_fc.blocks.0.weight: k=1, G_{1.0,0.0,384}, lr=0.008, scale=1.0, type=None
  transformer.h.3.mlp.c_fc.blocks.1.weight: k=1, G_{1.0,0.0,384}, lr=0.008, scale=1.0, type=None
  transformer.h.3.mlp.c_fc.blocks.2.weight: k=1, G_{1.0,0.0,384}, lr=0.008, scale=1.0, type=None
  transformer.h.3.mlp.c_fc.blocks.3.weight: k=1, G_{1.0,0.0,384}, lr=0.008, scale=1.0, type=None
  transformer.h.4.attn.c_attn.blocks.0.weight: k=1, G_{1.0,0.0,384}, lr=0.008, scale=1.0, type=None
  transformer.h.4.attn.c_attn.blocks.1.weight: k=1, G_{1.0,0.0,384}, lr=0.008, scale=1.0, type=None
  transformer.h.4.attn.c_attn.blocks.2.weight: k=1, G_{1.0,0.0,384}, lr=0.008, scale=1.0, type=None
  transformer.h.4.mlp.c_fc.blocks.0.weight: k=1, G_{1.0,0.0,384}, lr=0.008, scale=1.0, type=None
  transformer.h.4.mlp.c_fc.blocks.1.weight: k=1, G_{1.0,0.0,384}, lr=0.008, scale=1.0, type=None
  transformer.h.4.mlp.c_fc.blocks.2.weight: k=1, G_{1.0,0.0,384}, lr=0.008, scale=1.0, type=None
  transformer.h.4.mlp.c_fc.blocks.3.weight: k=1, G_{1.0,0.0,384}, lr=0.008, scale=1.0, type=None
  transformer.h.5.attn.c_attn.blocks.0.weight: k=1, G_{1.0,0.0,384}, lr=0.008, scale=1.0, type=None
  transformer.h.5.attn.c_attn.blocks.1.weight: k=1, G_{1.0,0.0,384}, lr=0.008, scale=1.0, type=None
  transformer.h.5.attn.c_attn.blocks.2.weight: k=1, G_{1.0,0.0,384}, lr=0.008, scale=1.0, type=None
  transformer.h.5.mlp.c_fc.blocks.0.weight: k=1, G_{1.0,0.0,384}, lr=0.008, scale=1.0, type=None
  transformer.h.5.mlp.c_fc.blocks.1.weight: k=1, G_{1.0,0.0,384}, lr=0.008, scale=1.0, type=None
  transformer.h.5.mlp.c_fc.blocks.2.weight: k=1, G_{1.0,0.0,384}, lr=0.008, scale=1.0, type=None
  transformer.h.5.mlp.c_fc.blocks.3.weight: k=1, G_{1.0,0.0,384}, lr=0.008, scale=1.0, type=None
  transformer.h.6.attn.c_attn.blocks.0.weight: k=1, G_{1.0,0.0,384}, lr=0.008, scale=1.0, type=None
  transformer.h.6.attn.c_attn.blocks.1.weight: k=1, G_{1.0,0.0,384}, lr=0.008, scale=1.0, type=None
  transformer.h.6.attn.c_attn.blocks.2.weight: k=1, G_{1.0,0.0,384}, lr=0.008, scale=1.0, type=None
  transformer.h.6.mlp.c_fc.blocks.0.weight: k=1, G_{1.0,0.0,384}, lr=0.008, scale=1.0, type=None
  transformer.h.6.mlp.c_fc.blocks.1.weight: k=1, G_{1.0,0.0,384}, lr=0.008, scale=1.0, type=None
  transformer.h.6.mlp.c_fc.blocks.2.weight: k=1, G_{1.0,0.0,384}, lr=0.008, scale=1.0, type=None
  transformer.h.6.mlp.c_fc.blocks.3.weight: k=1, G_{1.0,0.0,384}, lr=0.008, scale=1.0, type=None
  transformer.h.7.attn.c_attn.blocks.0.weight: k=1, G_{1.0,0.0,384}, lr=0.008, scale=1.0, type=None
  transformer.h.7.attn.c_attn.blocks.1.weight: k=1, G_{1.0,0.0,384}, lr=0.008, scale=1.0, type=None
  transformer.h.7.attn.c_attn.blocks.2.weight: k=1, G_{1.0,0.0,384}, lr=0.008, scale=1.0, type=None
  transformer.h.7.mlp.c_fc.blocks.0.weight: k=1, G_{1.0,0.0,384}, lr=0.008, scale=1.0, type=None
  transformer.h.7.mlp.c_fc.blocks.1.weight: k=1, G_{1.0,0.0,384}, lr=0.008, scale=1.0, type=None
  transformer.h.7.mlp.c_fc.blocks.2.weight: k=1, G_{1.0,0.0,384}, lr=0.008, scale=1.0, type=None
  transformer.h.7.mlp.c_fc.blocks.3.weight: k=1, G_{1.0,0.0,384}, lr=0.008, scale=1.0, type=None
  transformer.h.8.attn.c_attn.blocks.0.weight: k=1, G_{1.0,0.0,384}, lr=0.008, scale=1.0, type=None
  transformer.h.8.attn.c_attn.blocks.1.weight: k=1, G_{1.0,0.0,384}, lr=0.008, scale=1.0, type=None
  transformer.h.8.attn.c_attn.blocks.2.weight: k=1, G_{1.0,0.0,384}, lr=0.008, scale=1.0, type=None
  transformer.h.8.mlp.c_fc.blocks.0.weight: k=1, G_{1.0,0.0,384}, lr=0.008, scale=1.0, type=None
  transformer.h.8.mlp.c_fc.blocks.1.weight: k=1, G_{1.0,0.0,384}, lr=0.008, scale=1.0, type=None
  transformer.h.8.mlp.c_fc.blocks.2.weight: k=1, G_{1.0,0.0,384}, lr=0.008, scale=1.0, type=None
  transformer.h.8.mlp.c_fc.blocks.3.weight: k=1, G_{1.0,0.0,384}, lr=0.008, scale=1.0, type=None
  transformer.h.9.attn.c_attn.blocks.0.weight: k=1, G_{1.0,0.0,384}, lr=0.008, scale=1.0, type=None
  transformer.h.9.attn.c_attn.blocks.1.weight: k=1, G_{1.0,0.0,384}, lr=0.008, scale=1.0, type=None
  transformer.h.9.attn.c_attn.blocks.2.weight: k=1, G_{1.0,0.0,384}, lr=0.008, scale=1.0, type=None
  transformer.h.9.mlp.c_fc.blocks.0.weight: k=1, G_{1.0,0.0,384}, lr=0.008, scale=1.0, type=None
  transformer.h.9.mlp.c_fc.blocks.1.weight: k=1, G_{1.0,0.0,384}, lr=0.008, scale=1.0, type=None
  transformer.h.9.mlp.c_fc.blocks.2.weight: k=1, G_{1.0,0.0,384}, lr=0.008, scale=1.0, type=None
  transformer.h.9.mlp.c_fc.blocks.3.weight: k=1, G_{1.0,0.0,384}, lr=0.008, scale=1.0, type=None
  transformer.h.10.attn.c_attn.blocks.0.weight: k=1, G_{1.0,0.0,384}, lr=0.008, scale=1.0, type=None
  transformer.h.10.attn.c_attn.blocks.1.weight: k=1, G_{1.0,0.0,384}, lr=0.008, scale=1.0, type=None
  transformer.h.10.attn.c_attn.blocks.2.weight: k=1, G_{1.0,0.0,384}, lr=0.008, scale=1.0, type=None
  transformer.h.10.mlp.c_fc.blocks.0.weight: k=1, G_{1.0,0.0,384}, lr=0.008, scale=1.0, type=None
  transformer.h.10.mlp.c_fc.blocks.1.weight: k=1, G_{1.0,0.0,384}, lr=0.008, scale=1.0, type=None
  transformer.h.10.mlp.c_fc.blocks.2.weight: k=1, G_{1.0,0.0,384}, lr=0.008, scale=1.0, type=None
  transformer.h.10.mlp.c_fc.blocks.3.weight: k=1, G_{1.0,0.0,384}, lr=0.008, scale=1.0, type=None
  transformer.h.11.attn.c_attn.blocks.0.weight: k=1, G_{1.0,0.0,384}, lr=0.008, scale=1.0, type=None
  transformer.h.11.attn.c_attn.blocks.1.weight: k=1, G_{1.0,0.0,384}, lr=0.008, scale=1.0, type=None
  transformer.h.11.attn.c_attn.blocks.2.weight: k=1, G_{1.0,0.0,384}, lr=0.008, scale=1.0, type=None
  transformer.h.11.mlp.c_fc.blocks.0.weight: k=1, G_{1.0,0.0,384}, lr=0.008, scale=1.0, type=None
  transformer.h.11.mlp.c_fc.blocks.1.weight: k=1, G_{1.0,0.0,384}, lr=0.008, scale=1.0, type=None
  transformer.h.11.mlp.c_fc.blocks.2.weight: k=1, G_{1.0,0.0,384}, lr=0.008, scale=1.0, type=None
  transformer.h.11.mlp.c_fc.blocks.3.weight: k=1, G_{1.0,0.0,384}, lr=0.008, scale=1.0, type=None
  transformer.h.12.attn.c_attn.blocks.0.weight: k=1, G_{1.0,0.0,384}, lr=0.008, scale=1.0, type=None
  transformer.h.12.attn.c_attn.blocks.1.weight: k=1, G_{1.0,0.0,384}, lr=0.008, scale=1.0, type=None
  transformer.h.12.attn.c_attn.blocks.2.weight: k=1, G_{1.0,0.0,384}, lr=0.008, scale=1.0, type=None
  transformer.h.12.mlp.c_fc.blocks.0.weight: k=1, G_{1.0,0.0,384}, lr=0.008, scale=1.0, type=None
  transformer.h.12.mlp.c_fc.blocks.1.weight: k=1, G_{1.0,0.0,384}, lr=0.008, scale=1.0, type=None
  transformer.h.12.mlp.c_fc.blocks.2.weight: k=1, G_{1.0,0.0,384}, lr=0.008, scale=1.0, type=None
  transformer.h.12.mlp.c_fc.blocks.3.weight: k=1, G_{1.0,0.0,384}, lr=0.008, scale=1.0, type=None
  transformer.h.13.attn.c_attn.blocks.0.weight: k=1, G_{1.0,0.0,384}, lr=0.008, scale=1.0, type=None
  transformer.h.13.attn.c_attn.blocks.1.weight: k=1, G_{1.0,0.0,384}, lr=0.008, scale=1.0, type=None
  transformer.h.13.attn.c_attn.blocks.2.weight: k=1, G_{1.0,0.0,384}, lr=0.008, scale=1.0, type=None
  transformer.h.13.mlp.c_fc.blocks.0.weight: k=1, G_{1.0,0.0,384}, lr=0.008, scale=1.0, type=None
  transformer.h.13.mlp.c_fc.blocks.1.weight: k=1, G_{1.0,0.0,384}, lr=0.008, scale=1.0, type=None
  transformer.h.13.mlp.c_fc.blocks.2.weight: k=1, G_{1.0,0.0,384}, lr=0.008, scale=1.0, type=None
  transformer.h.13.mlp.c_fc.blocks.3.weight: k=1, G_{1.0,0.0,384}, lr=0.008, scale=1.0, type=None
  transformer.h.14.attn.c_attn.blocks.0.weight: k=1, G_{1.0,0.0,384}, lr=0.008, scale=1.0, type=None
  transformer.h.14.attn.c_attn.blocks.1.weight: k=1, G_{1.0,0.0,384}, lr=0.008, scale=1.0, type=None
  transformer.h.14.attn.c_attn.blocks.2.weight: k=1, G_{1.0,0.0,384}, lr=0.008, scale=1.0, type=None
  transformer.h.14.mlp.c_fc.blocks.0.weight: k=1, G_{1.0,0.0,384}, lr=0.008, scale=1.0, type=None
  transformer.h.14.mlp.c_fc.blocks.1.weight: k=1, G_{1.0,0.0,384}, lr=0.008, scale=1.0, type=None
  transformer.h.14.mlp.c_fc.blocks.2.weight: k=1, G_{1.0,0.0,384}, lr=0.008, scale=1.0, type=None
  transformer.h.14.mlp.c_fc.blocks.3.weight: k=1, G_{1.0,0.0,384}, lr=0.008, scale=1.0, type=None
  transformer.h.15.attn.c_attn.blocks.0.weight: k=1, G_{1.0,0.0,384}, lr=0.008, scale=1.0, type=None
  transformer.h.15.attn.c_attn.blocks.1.weight: k=1, G_{1.0,0.0,384}, lr=0.008, scale=1.0, type=None
  transformer.h.15.attn.c_attn.blocks.2.weight: k=1, G_{1.0,0.0,384}, lr=0.008, scale=1.0, type=None
  transformer.h.15.mlp.c_fc.blocks.0.weight: k=1, G_{1.0,0.0,384}, lr=0.008, scale=1.0, type=None
  transformer.h.15.mlp.c_fc.blocks.1.weight: k=1, G_{1.0,0.0,384}, lr=0.008, scale=1.0, type=None
  transformer.h.15.mlp.c_fc.blocks.2.weight: k=1, G_{1.0,0.0,384}, lr=0.008, scale=1.0, type=None
  transformer.h.15.mlp.c_fc.blocks.3.weight: k=1, G_{1.0,0.0,384}, lr=0.008, scale=1.0, type=None
  transformer.h.16.attn.c_attn.blocks.0.weight: k=1, G_{1.0,0.0,384}, lr=0.008, scale=1.0, type=None
  transformer.h.16.attn.c_attn.blocks.1.weight: k=1, G_{1.0,0.0,384}, lr=0.008, scale=1.0, type=None
  transformer.h.16.attn.c_attn.blocks.2.weight: k=1, G_{1.0,0.0,384}, lr=0.008, scale=1.0, type=None
  transformer.h.16.mlp.c_fc.blocks.0.weight: k=1, G_{1.0,0.0,384}, lr=0.008, scale=1.0, type=None
  transformer.h.16.mlp.c_fc.blocks.1.weight: k=1, G_{1.0,0.0,384}, lr=0.008, scale=1.0, type=None
  transformer.h.16.mlp.c_fc.blocks.2.weight: k=1, G_{1.0,0.0,384}, lr=0.008, scale=1.0, type=None
  transformer.h.16.mlp.c_fc.blocks.3.weight: k=1, G_{1.0,0.0,384}, lr=0.008, scale=1.0, type=None
  transformer.h.17.attn.c_attn.blocks.0.weight: k=1, G_{1.0,0.0,384}, lr=0.008, scale=1.0, type=None
  transformer.h.17.attn.c_attn.blocks.1.weight: k=1, G_{1.0,0.0,384}, lr=0.008, scale=1.0, type=None
  transformer.h.17.attn.c_attn.blocks.2.weight: k=1, G_{1.0,0.0,384}, lr=0.008, scale=1.0, type=None
  transformer.h.17.mlp.c_fc.blocks.0.weight: k=1, G_{1.0,0.0,384}, lr=0.008, scale=1.0, type=None
  transformer.h.17.mlp.c_fc.blocks.1.weight: k=1, G_{1.0,0.0,384}, lr=0.008, scale=1.0, type=None
  transformer.h.17.mlp.c_fc.blocks.2.weight: k=1, G_{1.0,0.0,384}, lr=0.008, scale=1.0, type=None
  transformer.h.17.mlp.c_fc.blocks.3.weight: k=1, G_{1.0,0.0,384}, lr=0.008, scale=1.0, type=None
  transformer.h.18.attn.c_attn.blocks.0.weight: k=1, G_{1.0,0.0,384}, lr=0.008, scale=1.0, type=None
  transformer.h.18.attn.c_attn.blocks.1.weight: k=1, G_{1.0,0.0,384}, lr=0.008, scale=1.0, type=None
  transformer.h.18.attn.c_attn.blocks.2.weight: k=1, G_{1.0,0.0,384}, lr=0.008, scale=1.0, type=None
  transformer.h.18.mlp.c_fc.blocks.0.weight: k=1, G_{1.0,0.0,384}, lr=0.008, scale=1.0, type=None
  transformer.h.18.mlp.c_fc.blocks.1.weight: k=1, G_{1.0,0.0,384}, lr=0.008, scale=1.0, type=None
  transformer.h.18.mlp.c_fc.blocks.2.weight: k=1, G_{1.0,0.0,384}, lr=0.008, scale=1.0, type=None
  transformer.h.18.mlp.c_fc.blocks.3.weight: k=1, G_{1.0,0.0,384}, lr=0.008, scale=1.0, type=None
  transformer.h.19.attn.c_attn.blocks.0.weight: k=1, G_{1.0,0.0,384}, lr=0.008, scale=1.0, type=None
  transformer.h.19.attn.c_attn.blocks.1.weight: k=1, G_{1.0,0.0,384}, lr=0.008, scale=1.0, type=None
  transformer.h.19.attn.c_attn.blocks.2.weight: k=1, G_{1.0,0.0,384}, lr=0.008, scale=1.0, type=None
  transformer.h.19.mlp.c_fc.blocks.0.weight: k=1, G_{1.0,0.0,384}, lr=0.008, scale=1.0, type=None
  transformer.h.19.mlp.c_fc.blocks.1.weight: k=1, G_{1.0,0.0,384}, lr=0.008, scale=1.0, type=None
  transformer.h.19.mlp.c_fc.blocks.2.weight: k=1, G_{1.0,0.0,384}, lr=0.008, scale=1.0, type=None
  transformer.h.19.mlp.c_fc.blocks.3.weight: k=1, G_{1.0,0.0,384}, lr=0.008, scale=1.0, type=None
  transformer.h.20.attn.c_attn.blocks.0.weight: k=1, G_{1.0,0.0,384}, lr=0.008, scale=1.0, type=None
  transformer.h.20.attn.c_attn.blocks.1.weight: k=1, G_{1.0,0.0,384}, lr=0.008, scale=1.0, type=None
  transformer.h.20.attn.c_attn.blocks.2.weight: k=1, G_{1.0,0.0,384}, lr=0.008, scale=1.0, type=None
  transformer.h.20.mlp.c_fc.blocks.0.weight: k=1, G_{1.0,0.0,384}, lr=0.008, scale=1.0, type=None
  transformer.h.20.mlp.c_fc.blocks.1.weight: k=1, G_{1.0,0.0,384}, lr=0.008, scale=1.0, type=None
  transformer.h.20.mlp.c_fc.blocks.2.weight: k=1, G_{1.0,0.0,384}, lr=0.008, scale=1.0, type=None
  transformer.h.20.mlp.c_fc.blocks.3.weight: k=1, G_{1.0,0.0,384}, lr=0.008, scale=1.0, type=None
  transformer.h.21.attn.c_attn.blocks.0.weight: k=1, G_{1.0,0.0,384}, lr=0.008, scale=1.0, type=None
  transformer.h.21.attn.c_attn.blocks.1.weight: k=1, G_{1.0,0.0,384}, lr=0.008, scale=1.0, type=None
  transformer.h.21.attn.c_attn.blocks.2.weight: k=1, G_{1.0,0.0,384}, lr=0.008, scale=1.0, type=None
  transformer.h.21.mlp.c_fc.blocks.0.weight: k=1, G_{1.0,0.0,384}, lr=0.008, scale=1.0, type=None
  transformer.h.21.mlp.c_fc.blocks.1.weight: k=1, G_{1.0,0.0,384}, lr=0.008, scale=1.0, type=None
  transformer.h.21.mlp.c_fc.blocks.2.weight: k=1, G_{1.0,0.0,384}, lr=0.008, scale=1.0, type=None
  transformer.h.21.mlp.c_fc.blocks.3.weight: k=1, G_{1.0,0.0,384}, lr=0.008, scale=1.0, type=None
  transformer.h.22.attn.c_attn.blocks.0.weight: k=1, G_{1.0,0.0,384}, lr=0.008, scale=1.0, type=None
  transformer.h.22.attn.c_attn.blocks.1.weight: k=1, G_{1.0,0.0,384}, lr=0.008, scale=1.0, type=None
  transformer.h.22.attn.c_attn.blocks.2.weight: k=1, G_{1.0,0.0,384}, lr=0.008, scale=1.0, type=None
  transformer.h.22.mlp.c_fc.blocks.0.weight: k=1, G_{1.0,0.0,384}, lr=0.008, scale=1.0, type=None
  transformer.h.22.mlp.c_fc.blocks.1.weight: k=1, G_{1.0,0.0,384}, lr=0.008, scale=1.0, type=None
  transformer.h.22.mlp.c_fc.blocks.2.weight: k=1, G_{1.0,0.0,384}, lr=0.008, scale=1.0, type=None
  transformer.h.22.mlp.c_fc.blocks.3.weight: k=1, G_{1.0,0.0,384}, lr=0.008, scale=1.0, type=None
  transformer.h.23.attn.c_attn.blocks.0.weight: k=1, G_{1.0,0.0,384}, lr=0.008, scale=1.0, type=None
  transformer.h.23.attn.c_attn.blocks.1.weight: k=1, G_{1.0,0.0,384}, lr=0.008, scale=1.0, type=None
  transformer.h.23.attn.c_attn.blocks.2.weight: k=1, G_{1.0,0.0,384}, lr=0.008, scale=1.0, type=None
  transformer.h.23.mlp.c_fc.blocks.0.weight: k=1, G_{1.0,0.0,384}, lr=0.008, scale=1.0, type=None
  transformer.h.23.mlp.c_fc.blocks.1.weight: k=1, G_{1.0,0.0,384}, lr=0.008, scale=1.0, type=None
  transformer.h.23.mlp.c_fc.blocks.2.weight: k=1, G_{1.0,0.0,384}, lr=0.008, scale=1.0, type=None
  transformer.h.23.mlp.c_fc.blocks.3.weight: k=1, G_{1.0,0.0,384}, lr=0.008, scale=1.0, type=None
using fused AdamW: True
using fused AdamW: True

=== Initializing Grassmann Weights (Block Decomposition) ===
Number of weight types to initialize: 168

Initializing attn.c_attn.blocks.0.: k=1, G_{1.0,0.0,384}, type=None
using fused AdamW: True

=== Initializing Grassmann Weights (Block Decomposition) ===
Number of weight types to initialize: 168

Initializing attn.c_attn.blocks.0.: k=1, G_{1.0,0.0,384}, type=None

=== Initializing Grassmann Weights (Block Decomposition) ===
Number of weight types to initialize: 168

Initializing attn.c_attn.blocks.0.: k=1, G_{1.0,0.0,384}, type=None
  Initialized transformer.h.0.attn.c_attn.blocks.0.weight (1024, 1024) on G_{1.0,0.0,384}
  Initialized transformer.h.1.attn.c_attn.blocks.0.weight (1024, 1024) on G_{1.0,0.0,384}
  Initialized transformer.h.2.attn.c_attn.blocks.0.weight (1024, 1024) on G_{1.0,0.0,384}
  Initialized transformer.h.3.attn.c_attn.blocks.0.weight (1024, 1024) on G_{1.0,0.0,384}
  Initialized transformer.h.4.attn.c_attn.blocks.0.weight (1024, 1024) on G_{1.0,0.0,384}
  Initialized transformer.h.5.attn.c_attn.blocks.0.weight (1024, 1024) on G_{1.0,0.0,384}
  Initialized transformer.h.6.attn.c_attn.blocks.0.weight (1024, 1024) on G_{1.0,0.0,384}
  Initialized transformer.h.7.attn.c_attn.blocks.0.weight (1024, 1024) on G_{1.0,0.0,384}
  Initialized transformer.h.8.attn.c_attn.blocks.0.weight (1024, 1024) on G_{1.0,0.0,384}
  Initialized transformer.h.0.attn.c_attn.blocks.0.weight (1024, 1024) on G_{1.0,0.0,384}
  Initialized transformer.h.0.attn.c_attn.blocks.0.weight (1024, 1024) on G_{1.0,0.0,384}
  Initialized transformer.h.1.attn.c_attn.blocks.0.weight (1024, 1024) on G_{1.0,0.0,384}
  Initialized transformer.h.1.attn.c_attn.blocks.0.weight (1024, 1024) on G_{1.0,0.0,384}
  Initialized transformer.h.2.attn.c_attn.blocks.0.weight (1024, 1024) on G_{1.0,0.0,384}
  Initialized transformer.h.2.attn.c_attn.blocks.0.weight (1024, 1024) on G_{1.0,0.0,384}
  Initialized transformer.h.9.attn.c_attn.blocks.0.weight (1024, 1024) on G_{1.0,0.0,384}
  Initialized transformer.h.3.attn.c_attn.blocks.0.weight (1024, 1024) on G_{1.0,0.0,384}
  Initialized transformer.h.3.attn.c_attn.blocks.0.weight (1024, 1024) on G_{1.0,0.0,384}
  Initialized transformer.h.4.attn.c_attn.blocks.0.weight (1024, 1024) on G_{1.0,0.0,384}
  Initialized transformer.h.4.attn.c_attn.blocks.0.weight (1024, 1024) on G_{1.0,0.0,384}
  Initialized transformer.h.5.attn.c_attn.blocks.0.weight (1024, 1024) on G_{1.0,0.0,384}
  Initialized transformer.h.5.attn.c_attn.blocks.0.weight (1024, 1024) on G_{1.0,0.0,384}
  Initialized transformer.h.10.attn.c_attn.blocks.0.weight (1024, 1024) on G_{1.0,0.0,384}
  Initialized transformer.h.6.attn.c_attn.blocks.0.weight (1024, 1024) on G_{1.0,0.0,384}
  Initialized transformer.h.6.attn.c_attn.blocks.0.weight (1024, 1024) on G_{1.0,0.0,384}
  Initialized transformer.h.11.attn.c_attn.blocks.0.weight (1024, 1024) on G_{1.0,0.0,384}
  Initialized transformer.h.7.attn.c_attn.blocks.0.weight (1024, 1024) on G_{1.0,0.0,384}
  Initialized transformer.h.7.attn.c_attn.blocks.0.weight (1024, 1024) on G_{1.0,0.0,384}
  Initialized transformer.h.12.attn.c_attn.blocks.0.weight (1024, 1024) on G_{1.0,0.0,384}
  Initialized transformer.h.8.attn.c_attn.blocks.0.weight (1024, 1024) on G_{1.0,0.0,384}
  Initialized transformer.h.8.attn.c_attn.blocks.0.weight (1024, 1024) on G_{1.0,0.0,384}
  Initialized transformer.h.13.attn.c_attn.blocks.0.weight (1024, 1024) on G_{1.0,0.0,384}
  Initialized transformer.h.9.attn.c_attn.blocks.0.weight (1024, 1024) on G_{1.0,0.0,384}
  Initialized transformer.h.9.attn.c_attn.blocks.0.weight (1024, 1024) on G_{1.0,0.0,384}
  Initialized transformer.h.14.attn.c_attn.blocks.0.weight (1024, 1024) on G_{1.0,0.0,384}
  Initialized transformer.h.10.attn.c_attn.blocks.0.weight (1024, 1024) on G_{1.0,0.0,384}
  Initialized transformer.h.10.attn.c_attn.blocks.0.weight (1024, 1024) on G_{1.0,0.0,384}
  Initialized transformer.h.15.attn.c_attn.blocks.0.weight (1024, 1024) on G_{1.0,0.0,384}
  Initialized transformer.h.11.attn.c_attn.blocks.0.weight (1024, 1024) on G_{1.0,0.0,384}
  Initialized transformer.h.11.attn.c_attn.blocks.0.weight (1024, 1024) on G_{1.0,0.0,384}
  Initialized transformer.h.16.attn.c_attn.blocks.0.weight (1024, 1024) on G_{1.0,0.0,384}
  Initialized transformer.h.12.attn.c_attn.blocks.0.weight (1024, 1024) on G_{1.0,0.0,384}
  Initialized transformer.h.12.attn.c_attn.blocks.0.weight (1024, 1024) on G_{1.0,0.0,384}
  Initialized transformer.h.17.attn.c_attn.blocks.0.weight (1024, 1024) on G_{1.0,0.0,384}
  Initialized transformer.h.13.attn.c_attn.blocks.0.weight (1024, 1024) on G_{1.0,0.0,384}
  Initialized transformer.h.13.attn.c_attn.blocks.0.weight (1024, 1024) on G_{1.0,0.0,384}
  Initialized transformer.h.18.attn.c_attn.blocks.0.weight (1024, 1024) on G_{1.0,0.0,384}
  Initialized transformer.h.14.attn.c_attn.blocks.0.weight (1024, 1024) on G_{1.0,0.0,384}
  Initialized transformer.h.14.attn.c_attn.blocks.0.weight (1024, 1024) on G_{1.0,0.0,384}
  Initialized transformer.h.19.attn.c_attn.blocks.0.weight (1024, 1024) on G_{1.0,0.0,384}
  Initialized transformer.h.15.attn.c_attn.blocks.0.weight (1024, 1024) on G_{1.0,0.0,384}
  Initialized transformer.h.15.attn.c_attn.blocks.0.weight (1024, 1024) on G_{1.0,0.0,384}
  Initialized transformer.h.20.attn.c_attn.blocks.0.weight (1024, 1024) on G_{1.0,0.0,384}
  Initialized transformer.h.16.attn.c_attn.blocks.0.weight (1024, 1024) on G_{1.0,0.0,384}
  Initialized transformer.h.16.attn.c_attn.blocks.0.weight (1024, 1024) on G_{1.0,0.0,384}
  Initialized transformer.h.21.attn.c_attn.blocks.0.weight (1024, 1024) on G_{1.0,0.0,384}
  Initialized transformer.h.17.attn.c_attn.blocks.0.weight (1024, 1024) on G_{1.0,0.0,384}
  Initialized transformer.h.17.attn.c_attn.blocks.0.weight (1024, 1024) on G_{1.0,0.0,384}
  Initialized transformer.h.22.attn.c_attn.blocks.0.weight (1024, 1024) on G_{1.0,0.0,384}
  Initialized transformer.h.18.attn.c_attn.blocks.0.weight (1024, 1024) on G_{1.0,0.0,384}
  Initialized transformer.h.18.attn.c_attn.blocks.0.weight (1024, 1024) on G_{1.0,0.0,384}
  Initialized transformer.h.23.attn.c_attn.blocks.0.weight (1024, 1024) on G_{1.0,0.0,384}

Initializing attn.c_attn.blocks.1.: k=1, G_{1.0,0.0,384}, type=None
  Initialized transformer.h.19.attn.c_attn.blocks.0.weight (1024, 1024) on G_{1.0,0.0,384}
  Initialized transformer.h.19.attn.c_attn.blocks.0.weight (1024, 1024) on G_{1.0,0.0,384}
  Initialized transformer.h.0.attn.c_attn.blocks.1.weight (1024, 1024) on G_{1.0,0.0,384}
  Initialized transformer.h.20.attn.c_attn.blocks.0.weight (1024, 1024) on G_{1.0,0.0,384}
  Initialized transformer.h.20.attn.c_attn.blocks.0.weight (1024, 1024) on G_{1.0,0.0,384}
  Initialized transformer.h.1.attn.c_attn.blocks.1.weight (1024, 1024) on G_{1.0,0.0,384}
  Initialized transformer.h.21.attn.c_attn.blocks.0.weight (1024, 1024) on G_{1.0,0.0,384}
  Initialized transformer.h.21.attn.c_attn.blocks.0.weight (1024, 1024) on G_{1.0,0.0,384}
  Initialized transformer.h.22.attn.c_attn.blocks.0.weight (1024, 1024) on G_{1.0,0.0,384}
  Initialized transformer.h.2.attn.c_attn.blocks.1.weight (1024, 1024) on G_{1.0,0.0,384}
  Initialized transformer.h.22.attn.c_attn.blocks.0.weight (1024, 1024) on G_{1.0,0.0,384}
  Initialized transformer.h.23.attn.c_attn.blocks.0.weight (1024, 1024) on G_{1.0,0.0,384}

Initializing attn.c_attn.blocks.1.: k=1, G_{1.0,0.0,384}, type=None
  Initialized transformer.h.3.attn.c_attn.blocks.1.weight (1024, 1024) on G_{1.0,0.0,384}
  Initialized transformer.h.23.attn.c_attn.blocks.0.weight (1024, 1024) on G_{1.0,0.0,384}

Initializing attn.c_attn.blocks.1.: k=1, G_{1.0,0.0,384}, type=None
  Initialized transformer.h.0.attn.c_attn.blocks.1.weight (1024, 1024) on G_{1.0,0.0,384}
  Initialized transformer.h.4.attn.c_attn.blocks.1.weight (1024, 1024) on G_{1.0,0.0,384}
  Initialized transformer.h.0.attn.c_attn.blocks.1.weight (1024, 1024) on G_{1.0,0.0,384}
  Initialized transformer.h.1.attn.c_attn.blocks.1.weight (1024, 1024) on G_{1.0,0.0,384}
  Initialized transformer.h.5.attn.c_attn.blocks.1.weight (1024, 1024) on G_{1.0,0.0,384}
  Initialized transformer.h.1.attn.c_attn.blocks.1.weight (1024, 1024) on G_{1.0,0.0,384}
  Initialized transformer.h.2.attn.c_attn.blocks.1.weight (1024, 1024) on G_{1.0,0.0,384}
  Initialized transformer.h.6.attn.c_attn.blocks.1.weight (1024, 1024) on G_{1.0,0.0,384}
  Initialized transformer.h.2.attn.c_attn.blocks.1.weight (1024, 1024) on G_{1.0,0.0,384}
  Initialized transformer.h.3.attn.c_attn.blocks.1.weight (1024, 1024) on G_{1.0,0.0,384}
  Initialized transformer.h.7.attn.c_attn.blocks.1.weight (1024, 1024) on G_{1.0,0.0,384}
  Initialized transformer.h.3.attn.c_attn.blocks.1.weight (1024, 1024) on G_{1.0,0.0,384}
  Initialized transformer.h.4.attn.c_attn.blocks.1.weight (1024, 1024) on G_{1.0,0.0,384}
  Initialized transformer.h.8.attn.c_attn.blocks.1.weight (1024, 1024) on G_{1.0,0.0,384}
  Initialized transformer.h.4.attn.c_attn.blocks.1.weight (1024, 1024) on G_{1.0,0.0,384}
  Initialized transformer.h.5.attn.c_attn.blocks.1.weight (1024, 1024) on G_{1.0,0.0,384}
  Initialized transformer.h.9.attn.c_attn.blocks.1.weight (1024, 1024) on G_{1.0,0.0,384}
  Initialized transformer.h.5.attn.c_attn.blocks.1.weight (1024, 1024) on G_{1.0,0.0,384}
  Initialized transformer.h.6.attn.c_attn.blocks.1.weight (1024, 1024) on G_{1.0,0.0,384}
  Initialized transformer.h.10.attn.c_attn.blocks.1.weight (1024, 1024) on G_{1.0,0.0,384}
  Initialized transformer.h.6.attn.c_attn.blocks.1.weight (1024, 1024) on G_{1.0,0.0,384}
  Initialized transformer.h.7.attn.c_attn.blocks.1.weight (1024, 1024) on G_{1.0,0.0,384}
  Initialized transformer.h.11.attn.c_attn.blocks.1.weight (1024, 1024) on G_{1.0,0.0,384}
  Initialized transformer.h.7.attn.c_attn.blocks.1.weight (1024, 1024) on G_{1.0,0.0,384}
  Initialized transformer.h.8.attn.c_attn.blocks.1.weight (1024, 1024) on G_{1.0,0.0,384}
  Initialized transformer.h.12.attn.c_attn.blocks.1.weight (1024, 1024) on G_{1.0,0.0,384}
  Initialized transformer.h.8.attn.c_attn.blocks.1.weight (1024, 1024) on G_{1.0,0.0,384}
  Initialized transformer.h.9.attn.c_attn.blocks.1.weight (1024, 1024) on G_{1.0,0.0,384}
  Initialized transformer.h.13.attn.c_attn.blocks.1.weight (1024, 1024) on G_{1.0,0.0,384}
  Initialized transformer.h.9.attn.c_attn.blocks.1.weight (1024, 1024) on G_{1.0,0.0,384}
  Initialized transformer.h.10.attn.c_attn.blocks.1.weight (1024, 1024) on G_{1.0,0.0,384}
  Initialized transformer.h.14.attn.c_attn.blocks.1.weight (1024, 1024) on G_{1.0,0.0,384}
  Initialized transformer.h.10.attn.c_attn.blocks.1.weight (1024, 1024) on G_{1.0,0.0,384}
  Initialized transformer.h.11.attn.c_attn.blocks.1.weight (1024, 1024) on G_{1.0,0.0,384}
  Initialized transformer.h.15.attn.c_attn.blocks.1.weight (1024, 1024) on G_{1.0,0.0,384}
  Initialized transformer.h.11.attn.c_attn.blocks.1.weight (1024, 1024) on G_{1.0,0.0,384}
  Initialized transformer.h.12.attn.c_attn.blocks.1.weight (1024, 1024) on G_{1.0,0.0,384}
  Initialized transformer.h.16.attn.c_attn.blocks.1.weight (1024, 1024) on G_{1.0,0.0,384}
  Initialized transformer.h.12.attn.c_attn.blocks.1.weight (1024, 1024) on G_{1.0,0.0,384}
  Initialized transformer.h.13.attn.c_attn.blocks.1.weight (1024, 1024) on G_{1.0,0.0,384}
  Initialized transformer.h.17.attn.c_attn.blocks.1.weight (1024, 1024) on G_{1.0,0.0,384}
  Initialized transformer.h.13.attn.c_attn.blocks.1.weight (1024, 1024) on G_{1.0,0.0,384}
  Initialized transformer.h.14.attn.c_attn.blocks.1.weight (1024, 1024) on G_{1.0,0.0,384}
  Initialized transformer.h.18.attn.c_attn.blocks.1.weight (1024, 1024) on G_{1.0,0.0,384}
  Initialized transformer.h.14.attn.c_attn.blocks.1.weight (1024, 1024) on G_{1.0,0.0,384}
  Initialized transformer.h.15.attn.c_attn.blocks.1.weight (1024, 1024) on G_{1.0,0.0,384}
  Initialized transformer.h.19.attn.c_attn.blocks.1.weight (1024, 1024) on G_{1.0,0.0,384}
  Initialized transformer.h.15.attn.c_attn.blocks.1.weight (1024, 1024) on G_{1.0,0.0,384}
  Initialized transformer.h.16.attn.c_attn.blocks.1.weight (1024, 1024) on G_{1.0,0.0,384}
  Initialized transformer.h.20.attn.c_attn.blocks.1.weight (1024, 1024) on G_{1.0,0.0,384}
  Initialized transformer.h.16.attn.c_attn.blocks.1.weight (1024, 1024) on G_{1.0,0.0,384}
  Initialized transformer.h.17.attn.c_attn.blocks.1.weight (1024, 1024) on G_{1.0,0.0,384}
  Initialized transformer.h.21.attn.c_attn.blocks.1.weight (1024, 1024) on G_{1.0,0.0,384}
  Initialized transformer.h.17.attn.c_attn.blocks.1.weight (1024, 1024) on G_{1.0,0.0,384}
  Initialized transformer.h.18.attn.c_attn.blocks.1.weight (1024, 1024) on G_{1.0,0.0,384}
  Initialized transformer.h.22.attn.c_attn.blocks.1.weight (1024, 1024) on G_{1.0,0.0,384}
  Initialized transformer.h.18.attn.c_attn.blocks.1.weight (1024, 1024) on G_{1.0,0.0,384}
  Initialized transformer.h.19.attn.c_attn.blocks.1.weight (1024, 1024) on G_{1.0,0.0,384}
  Initialized transformer.h.23.attn.c_attn.blocks.1.weight (1024, 1024) on G_{1.0,0.0,384}

Initializing attn.c_attn.blocks.2.: k=1, G_{1.0,0.0,384}, type=None
  Initialized transformer.h.19.attn.c_attn.blocks.1.weight (1024, 1024) on G_{1.0,0.0,384}
  Initialized transformer.h.20.attn.c_attn.blocks.1.weight (1024, 1024) on G_{1.0,0.0,384}
  Initialized transformer.h.0.attn.c_attn.blocks.2.weight (1024, 1024) on G_{1.0,0.0,384}
  Initialized transformer.h.20.attn.c_attn.blocks.1.weight (1024, 1024) on G_{1.0,0.0,384}
  Initialized transformer.h.21.attn.c_attn.blocks.1.weight (1024, 1024) on G_{1.0,0.0,384}
  Initialized transformer.h.1.attn.c_attn.blocks.2.weight (1024, 1024) on G_{1.0,0.0,384}
  Initialized transformer.h.21.attn.c_attn.blocks.1.weight (1024, 1024) on G_{1.0,0.0,384}
  Initialized transformer.h.22.attn.c_attn.blocks.1.weight (1024, 1024) on G_{1.0,0.0,384}
  Initialized transformer.h.2.attn.c_attn.blocks.2.weight (1024, 1024) on G_{1.0,0.0,384}
  Initialized transformer.h.22.attn.c_attn.blocks.1.weight (1024, 1024) on G_{1.0,0.0,384}
  Initialized transformer.h.23.attn.c_attn.blocks.1.weight (1024, 1024) on G_{1.0,0.0,384}

Initializing attn.c_attn.blocks.2.: k=1, G_{1.0,0.0,384}, type=None
  Initialized transformer.h.3.attn.c_attn.blocks.2.weight (1024, 1024) on G_{1.0,0.0,384}
  Initialized transformer.h.23.attn.c_attn.blocks.1.weight (1024, 1024) on G_{1.0,0.0,384}

Initializing attn.c_attn.blocks.2.: k=1, G_{1.0,0.0,384}, type=None
  Initialized transformer.h.0.attn.c_attn.blocks.2.weight (1024, 1024) on G_{1.0,0.0,384}
  Initialized transformer.h.4.attn.c_attn.blocks.2.weight (1024, 1024) on G_{1.0,0.0,384}
  Initialized transformer.h.0.attn.c_attn.blocks.2.weight (1024, 1024) on G_{1.0,0.0,384}
  Initialized transformer.h.1.attn.c_attn.blocks.2.weight (1024, 1024) on G_{1.0,0.0,384}
  Initialized transformer.h.5.attn.c_attn.blocks.2.weight (1024, 1024) on G_{1.0,0.0,384}
  Initialized transformer.h.1.attn.c_attn.blocks.2.weight (1024, 1024) on G_{1.0,0.0,384}
  Initialized transformer.h.2.attn.c_attn.blocks.2.weight (1024, 1024) on G_{1.0,0.0,384}
  Initialized transformer.h.6.attn.c_attn.blocks.2.weight (1024, 1024) on G_{1.0,0.0,384}
  Initialized transformer.h.2.attn.c_attn.blocks.2.weight (1024, 1024) on G_{1.0,0.0,384}
  Initialized transformer.h.3.attn.c_attn.blocks.2.weight (1024, 1024) on G_{1.0,0.0,384}
  Initialized transformer.h.7.attn.c_attn.blocks.2.weight (1024, 1024) on G_{1.0,0.0,384}
  Initialized transformer.h.3.attn.c_attn.blocks.2.weight (1024, 1024) on G_{1.0,0.0,384}
  Initialized transformer.h.4.attn.c_attn.blocks.2.weight (1024, 1024) on G_{1.0,0.0,384}
  Initialized transformer.h.8.attn.c_attn.blocks.2.weight (1024, 1024) on G_{1.0,0.0,384}
  Initialized transformer.h.4.attn.c_attn.blocks.2.weight (1024, 1024) on G_{1.0,0.0,384}
  Initialized transformer.h.5.attn.c_attn.blocks.2.weight (1024, 1024) on G_{1.0,0.0,384}
  Initialized transformer.h.9.attn.c_attn.blocks.2.weight (1024, 1024) on G_{1.0,0.0,384}
  Initialized transformer.h.5.attn.c_attn.blocks.2.weight (1024, 1024) on G_{1.0,0.0,384}
  Initialized transformer.h.6.attn.c_attn.blocks.2.weight (1024, 1024) on G_{1.0,0.0,384}
  Initialized transformer.h.10.attn.c_attn.blocks.2.weight (1024, 1024) on G_{1.0,0.0,384}
  Initialized transformer.h.6.attn.c_attn.blocks.2.weight (1024, 1024) on G_{1.0,0.0,384}
  Initialized transformer.h.7.attn.c_attn.blocks.2.weight (1024, 1024) on G_{1.0,0.0,384}
  Initialized transformer.h.11.attn.c_attn.blocks.2.weight (1024, 1024) on G_{1.0,0.0,384}
  Initialized transformer.h.7.attn.c_attn.blocks.2.weight (1024, 1024) on G_{1.0,0.0,384}
  Initialized transformer.h.8.attn.c_attn.blocks.2.weight (1024, 1024) on G_{1.0,0.0,384}
  Initialized transformer.h.12.attn.c_attn.blocks.2.weight (1024, 1024) on G_{1.0,0.0,384}
  Initialized transformer.h.8.attn.c_attn.blocks.2.weight (1024, 1024) on G_{1.0,0.0,384}
  Initialized transformer.h.9.attn.c_attn.blocks.2.weight (1024, 1024) on G_{1.0,0.0,384}
  Initialized transformer.h.13.attn.c_attn.blocks.2.weight (1024, 1024) on G_{1.0,0.0,384}
  Initialized transformer.h.9.attn.c_attn.blocks.2.weight (1024, 1024) on G_{1.0,0.0,384}
  Initialized transformer.h.10.attn.c_attn.blocks.2.weight (1024, 1024) on G_{1.0,0.0,384}
  Initialized transformer.h.14.attn.c_attn.blocks.2.weight (1024, 1024) on G_{1.0,0.0,384}
  Initialized transformer.h.10.attn.c_attn.blocks.2.weight (1024, 1024) on G_{1.0,0.0,384}
  Initialized transformer.h.11.attn.c_attn.blocks.2.weight (1024, 1024) on G_{1.0,0.0,384}
  Initialized transformer.h.15.attn.c_attn.blocks.2.weight (1024, 1024) on G_{1.0,0.0,384}
  Initialized transformer.h.11.attn.c_attn.blocks.2.weight (1024, 1024) on G_{1.0,0.0,384}
  Initialized transformer.h.12.attn.c_attn.blocks.2.weight (1024, 1024) on G_{1.0,0.0,384}
  Initialized transformer.h.16.attn.c_attn.blocks.2.weight (1024, 1024) on G_{1.0,0.0,384}
  Initialized transformer.h.12.attn.c_attn.blocks.2.weight (1024, 1024) on G_{1.0,0.0,384}
  Initialized transformer.h.13.attn.c_attn.blocks.2.weight (1024, 1024) on G_{1.0,0.0,384}
  Initialized transformer.h.17.attn.c_attn.blocks.2.weight (1024, 1024) on G_{1.0,0.0,384}
  Initialized transformer.h.13.attn.c_attn.blocks.2.weight (1024, 1024) on G_{1.0,0.0,384}
  Initialized transformer.h.14.attn.c_attn.blocks.2.weight (1024, 1024) on G_{1.0,0.0,384}
  Initialized transformer.h.18.attn.c_attn.blocks.2.weight (1024, 1024) on G_{1.0,0.0,384}
  Initialized transformer.h.14.attn.c_attn.blocks.2.weight (1024, 1024) on G_{1.0,0.0,384}
  Initialized transformer.h.15.attn.c_attn.blocks.2.weight (1024, 1024) on G_{1.0,0.0,384}
  Initialized transformer.h.19.attn.c_attn.blocks.2.weight (1024, 1024) on G_{1.0,0.0,384}
  Initialized transformer.h.15.attn.c_attn.blocks.2.weight (1024, 1024) on G_{1.0,0.0,384}
  Initialized transformer.h.16.attn.c_attn.blocks.2.weight (1024, 1024) on G_{1.0,0.0,384}
  Initialized transformer.h.20.attn.c_attn.blocks.2.weight (1024, 1024) on G_{1.0,0.0,384}
  Initialized transformer.h.16.attn.c_attn.blocks.2.weight (1024, 1024) on G_{1.0,0.0,384}
  Initialized transformer.h.17.attn.c_attn.blocks.2.weight (1024, 1024) on G_{1.0,0.0,384}
  Initialized transformer.h.21.attn.c_attn.blocks.2.weight (1024, 1024) on G_{1.0,0.0,384}
  Initialized transformer.h.17.attn.c_attn.blocks.2.weight (1024, 1024) on G_{1.0,0.0,384}
  Initialized transformer.h.18.attn.c_attn.blocks.2.weight (1024, 1024) on G_{1.0,0.0,384}
  Initialized transformer.h.22.attn.c_attn.blocks.2.weight (1024, 1024) on G_{1.0,0.0,384}
  Initialized transformer.h.18.attn.c_attn.blocks.2.weight (1024, 1024) on G_{1.0,0.0,384}
  Initialized transformer.h.19.attn.c_attn.blocks.2.weight (1024, 1024) on G_{1.0,0.0,384}
  Initialized transformer.h.23.attn.c_attn.blocks.2.weight (1024, 1024) on G_{1.0,0.0,384}

Initializing mlp.c_fc.blocks.0.: k=1, G_{1.0,0.0,384}, type=None
  Initialized transformer.h.19.attn.c_attn.blocks.2.weight (1024, 1024) on G_{1.0,0.0,384}
  Initialized transformer.h.20.attn.c_attn.blocks.2.weight (1024, 1024) on G_{1.0,0.0,384}
  Initialized transformer.h.0.mlp.c_fc.blocks.0.weight (1024, 1024) on G_{1.0,0.0,384}
  Initialized transformer.h.20.attn.c_attn.blocks.2.weight (1024, 1024) on G_{1.0,0.0,384}
  Initialized transformer.h.21.attn.c_attn.blocks.2.weight (1024, 1024) on G_{1.0,0.0,384}
  Initialized transformer.h.1.mlp.c_fc.blocks.0.weight (1024, 1024) on G_{1.0,0.0,384}
  Initialized transformer.h.21.attn.c_attn.blocks.2.weight (1024, 1024) on G_{1.0,0.0,384}
  Initialized transformer.h.22.attn.c_attn.blocks.2.weight (1024, 1024) on G_{1.0,0.0,384}
  Initialized transformer.h.2.mlp.c_fc.blocks.0.weight (1024, 1024) on G_{1.0,0.0,384}
  Initialized transformer.h.22.attn.c_attn.blocks.2.weight (1024, 1024) on G_{1.0,0.0,384}
  Initialized transformer.h.23.attn.c_attn.blocks.2.weight (1024, 1024) on G_{1.0,0.0,384}

Initializing mlp.c_fc.blocks.0.: k=1, G_{1.0,0.0,384}, type=None
  Initialized transformer.h.3.mlp.c_fc.blocks.0.weight (1024, 1024) on G_{1.0,0.0,384}
  Initialized transformer.h.23.attn.c_attn.blocks.2.weight (1024, 1024) on G_{1.0,0.0,384}

Initializing mlp.c_fc.blocks.0.: k=1, G_{1.0,0.0,384}, type=None
  Initialized transformer.h.0.mlp.c_fc.blocks.0.weight (1024, 1024) on G_{1.0,0.0,384}
  Initialized transformer.h.4.mlp.c_fc.blocks.0.weight (1024, 1024) on G_{1.0,0.0,384}
  Initialized transformer.h.0.mlp.c_fc.blocks.0.weight (1024, 1024) on G_{1.0,0.0,384}
  Initialized transformer.h.1.mlp.c_fc.blocks.0.weight (1024, 1024) on G_{1.0,0.0,384}
  Initialized transformer.h.5.mlp.c_fc.blocks.0.weight (1024, 1024) on G_{1.0,0.0,384}  Initialized transformer.h.1.mlp.c_fc.blocks.0.weight (1024, 1024) on G_{1.0,0.0,384}

  Initialized transformer.h.2.mlp.c_fc.blocks.0.weight (1024, 1024) on G_{1.0,0.0,384}
  Initialized transformer.h.2.mlp.c_fc.blocks.0.weight (1024, 1024) on G_{1.0,0.0,384}
  Initialized transformer.h.6.mlp.c_fc.blocks.0.weight (1024, 1024) on G_{1.0,0.0,384}
  Initialized transformer.h.3.mlp.c_fc.blocks.0.weight (1024, 1024) on G_{1.0,0.0,384}
  Initialized transformer.h.3.mlp.c_fc.blocks.0.weight (1024, 1024) on G_{1.0,0.0,384}
  Initialized transformer.h.7.mlp.c_fc.blocks.0.weight (1024, 1024) on G_{1.0,0.0,384}
  Initialized transformer.h.4.mlp.c_fc.blocks.0.weight (1024, 1024) on G_{1.0,0.0,384}
  Initialized transformer.h.4.mlp.c_fc.blocks.0.weight (1024, 1024) on G_{1.0,0.0,384}
  Initialized transformer.h.8.mlp.c_fc.blocks.0.weight (1024, 1024) on G_{1.0,0.0,384}
  Initialized transformer.h.5.mlp.c_fc.blocks.0.weight (1024, 1024) on G_{1.0,0.0,384}
  Initialized transformer.h.5.mlp.c_fc.blocks.0.weight (1024, 1024) on G_{1.0,0.0,384}
  Initialized transformer.h.6.mlp.c_fc.blocks.0.weight (1024, 1024) on G_{1.0,0.0,384}
  Initialized transformer.h.9.mlp.c_fc.blocks.0.weight (1024, 1024) on G_{1.0,0.0,384}
  Initialized transformer.h.7.mlp.c_fc.blocks.0.weight (1024, 1024) on G_{1.0,0.0,384}  Initialized transformer.h.6.mlp.c_fc.blocks.0.weight (1024, 1024) on G_{1.0,0.0,384}

  Initialized transformer.h.10.mlp.c_fc.blocks.0.weight (1024, 1024) on G_{1.0,0.0,384}
  Initialized transformer.h.8.mlp.c_fc.blocks.0.weight (1024, 1024) on G_{1.0,0.0,384}
  Initialized transformer.h.7.mlp.c_fc.blocks.0.weight (1024, 1024) on G_{1.0,0.0,384}
  Initialized transformer.h.11.mlp.c_fc.blocks.0.weight (1024, 1024) on G_{1.0,0.0,384}
  Initialized transformer.h.9.mlp.c_fc.blocks.0.weight (1024, 1024) on G_{1.0,0.0,384}
  Initialized transformer.h.8.mlp.c_fc.blocks.0.weight (1024, 1024) on G_{1.0,0.0,384}
  Initialized transformer.h.12.mlp.c_fc.blocks.0.weight (1024, 1024) on G_{1.0,0.0,384}
  Initialized transformer.h.10.mlp.c_fc.blocks.0.weight (1024, 1024) on G_{1.0,0.0,384}
  Initialized transformer.h.9.mlp.c_fc.blocks.0.weight (1024, 1024) on G_{1.0,0.0,384}
  Initialized transformer.h.13.mlp.c_fc.blocks.0.weight (1024, 1024) on G_{1.0,0.0,384}
  Initialized transformer.h.11.mlp.c_fc.blocks.0.weight (1024, 1024) on G_{1.0,0.0,384}
  Initialized transformer.h.10.mlp.c_fc.blocks.0.weight (1024, 1024) on G_{1.0,0.0,384}
  Initialized transformer.h.14.mlp.c_fc.blocks.0.weight (1024, 1024) on G_{1.0,0.0,384}
  Initialized transformer.h.12.mlp.c_fc.blocks.0.weight (1024, 1024) on G_{1.0,0.0,384}
  Initialized transformer.h.11.mlp.c_fc.blocks.0.weight (1024, 1024) on G_{1.0,0.0,384}
  Initialized transformer.h.15.mlp.c_fc.blocks.0.weight (1024, 1024) on G_{1.0,0.0,384}
  Initialized transformer.h.13.mlp.c_fc.blocks.0.weight (1024, 1024) on G_{1.0,0.0,384}
  Initialized transformer.h.12.mlp.c_fc.blocks.0.weight (1024, 1024) on G_{1.0,0.0,384}
  Initialized transformer.h.16.mlp.c_fc.blocks.0.weight (1024, 1024) on G_{1.0,0.0,384}
  Initialized transformer.h.14.mlp.c_fc.blocks.0.weight (1024, 1024) on G_{1.0,0.0,384}
  Initialized transformer.h.13.mlp.c_fc.blocks.0.weight (1024, 1024) on G_{1.0,0.0,384}
  Initialized transformer.h.17.mlp.c_fc.blocks.0.weight (1024, 1024) on G_{1.0,0.0,384}
  Initialized transformer.h.15.mlp.c_fc.blocks.0.weight (1024, 1024) on G_{1.0,0.0,384}
  Initialized transformer.h.14.mlp.c_fc.blocks.0.weight (1024, 1024) on G_{1.0,0.0,384}
  Initialized transformer.h.18.mlp.c_fc.blocks.0.weight (1024, 1024) on G_{1.0,0.0,384}
  Initialized transformer.h.16.mlp.c_fc.blocks.0.weight (1024, 1024) on G_{1.0,0.0,384}
  Initialized transformer.h.15.mlp.c_fc.blocks.0.weight (1024, 1024) on G_{1.0,0.0,384}
  Initialized transformer.h.19.mlp.c_fc.blocks.0.weight (1024, 1024) on G_{1.0,0.0,384}
  Initialized transformer.h.17.mlp.c_fc.blocks.0.weight (1024, 1024) on G_{1.0,0.0,384}
  Initialized transformer.h.16.mlp.c_fc.blocks.0.weight (1024, 1024) on G_{1.0,0.0,384}
  Initialized transformer.h.20.mlp.c_fc.blocks.0.weight (1024, 1024) on G_{1.0,0.0,384}
  Initialized transformer.h.18.mlp.c_fc.blocks.0.weight (1024, 1024) on G_{1.0,0.0,384}
  Initialized transformer.h.17.mlp.c_fc.blocks.0.weight (1024, 1024) on G_{1.0,0.0,384}
  Initialized transformer.h.21.mlp.c_fc.blocks.0.weight (1024, 1024) on G_{1.0,0.0,384}
  Initialized transformer.h.19.mlp.c_fc.blocks.0.weight (1024, 1024) on G_{1.0,0.0,384}
  Initialized transformer.h.18.mlp.c_fc.blocks.0.weight (1024, 1024) on G_{1.0,0.0,384}
  Initialized transformer.h.22.mlp.c_fc.blocks.0.weight (1024, 1024) on G_{1.0,0.0,384}
  Initialized transformer.h.20.mlp.c_fc.blocks.0.weight (1024, 1024) on G_{1.0,0.0,384}
  Initialized transformer.h.19.mlp.c_fc.blocks.0.weight (1024, 1024) on G_{1.0,0.0,384}
  Initialized transformer.h.23.mlp.c_fc.blocks.0.weight (1024, 1024) on G_{1.0,0.0,384}

Initializing mlp.c_fc.blocks.1.: k=1, G_{1.0,0.0,384}, type=None
  Initialized transformer.h.21.mlp.c_fc.blocks.0.weight (1024, 1024) on G_{1.0,0.0,384}
  Initialized transformer.h.20.mlp.c_fc.blocks.0.weight (1024, 1024) on G_{1.0,0.0,384}
  Initialized transformer.h.0.mlp.c_fc.blocks.1.weight (1024, 1024) on G_{1.0,0.0,384}
  Initialized transformer.h.22.mlp.c_fc.blocks.0.weight (1024, 1024) on G_{1.0,0.0,384}
  Initialized transformer.h.21.mlp.c_fc.blocks.0.weight (1024, 1024) on G_{1.0,0.0,384}
  Initialized transformer.h.1.mlp.c_fc.blocks.1.weight (1024, 1024) on G_{1.0,0.0,384}
  Initialized transformer.h.23.mlp.c_fc.blocks.0.weight (1024, 1024) on G_{1.0,0.0,384}

Initializing mlp.c_fc.blocks.1.: k=1, G_{1.0,0.0,384}, type=None
  Initialized transformer.h.22.mlp.c_fc.blocks.0.weight (1024, 1024) on G_{1.0,0.0,384}
  Initialized transformer.h.2.mlp.c_fc.blocks.1.weight (1024, 1024) on G_{1.0,0.0,384}
  Initialized transformer.h.0.mlp.c_fc.blocks.1.weight (1024, 1024) on G_{1.0,0.0,384}
  Initialized transformer.h.23.mlp.c_fc.blocks.0.weight (1024, 1024) on G_{1.0,0.0,384}

Initializing mlp.c_fc.blocks.1.: k=1, G_{1.0,0.0,384}, type=None
  Initialized transformer.h.3.mlp.c_fc.blocks.1.weight (1024, 1024) on G_{1.0,0.0,384}
  Initialized transformer.h.1.mlp.c_fc.blocks.1.weight (1024, 1024) on G_{1.0,0.0,384}
  Initialized transformer.h.0.mlp.c_fc.blocks.1.weight (1024, 1024) on G_{1.0,0.0,384}
  Initialized transformer.h.4.mlp.c_fc.blocks.1.weight (1024, 1024) on G_{1.0,0.0,384}
  Initialized transformer.h.2.mlp.c_fc.blocks.1.weight (1024, 1024) on G_{1.0,0.0,384}
  Initialized transformer.h.1.mlp.c_fc.blocks.1.weight (1024, 1024) on G_{1.0,0.0,384}
  Initialized transformer.h.5.mlp.c_fc.blocks.1.weight (1024, 1024) on G_{1.0,0.0,384}
  Initialized transformer.h.3.mlp.c_fc.blocks.1.weight (1024, 1024) on G_{1.0,0.0,384}
  Initialized transformer.h.2.mlp.c_fc.blocks.1.weight (1024, 1024) on G_{1.0,0.0,384}
  Initialized transformer.h.6.mlp.c_fc.blocks.1.weight (1024, 1024) on G_{1.0,0.0,384}
  Initialized transformer.h.4.mlp.c_fc.blocks.1.weight (1024, 1024) on G_{1.0,0.0,384}
  Initialized transformer.h.3.mlp.c_fc.blocks.1.weight (1024, 1024) on G_{1.0,0.0,384}
  Initialized transformer.h.7.mlp.c_fc.blocks.1.weight (1024, 1024) on G_{1.0,0.0,384}
  Initialized transformer.h.5.mlp.c_fc.blocks.1.weight (1024, 1024) on G_{1.0,0.0,384}
  Initialized transformer.h.4.mlp.c_fc.blocks.1.weight (1024, 1024) on G_{1.0,0.0,384}
  Initialized transformer.h.8.mlp.c_fc.blocks.1.weight (1024, 1024) on G_{1.0,0.0,384}
  Initialized transformer.h.6.mlp.c_fc.blocks.1.weight (1024, 1024) on G_{1.0,0.0,384}
  Initialized transformer.h.5.mlp.c_fc.blocks.1.weight (1024, 1024) on G_{1.0,0.0,384}
  Initialized transformer.h.9.mlp.c_fc.blocks.1.weight (1024, 1024) on G_{1.0,0.0,384}
  Initialized transformer.h.7.mlp.c_fc.blocks.1.weight (1024, 1024) on G_{1.0,0.0,384}
  Initialized transformer.h.6.mlp.c_fc.blocks.1.weight (1024, 1024) on G_{1.0,0.0,384}
  Initialized transformer.h.10.mlp.c_fc.blocks.1.weight (1024, 1024) on G_{1.0,0.0,384}
  Initialized transformer.h.8.mlp.c_fc.blocks.1.weight (1024, 1024) on G_{1.0,0.0,384}
  Initialized transformer.h.7.mlp.c_fc.blocks.1.weight (1024, 1024) on G_{1.0,0.0,384}
  Initialized transformer.h.11.mlp.c_fc.blocks.1.weight (1024, 1024) on G_{1.0,0.0,384}
  Initialized transformer.h.9.mlp.c_fc.blocks.1.weight (1024, 1024) on G_{1.0,0.0,384}
  Initialized transformer.h.8.mlp.c_fc.blocks.1.weight (1024, 1024) on G_{1.0,0.0,384}
  Initialized transformer.h.12.mlp.c_fc.blocks.1.weight (1024, 1024) on G_{1.0,0.0,384}
  Initialized transformer.h.10.mlp.c_fc.blocks.1.weight (1024, 1024) on G_{1.0,0.0,384}
  Initialized transformer.h.9.mlp.c_fc.blocks.1.weight (1024, 1024) on G_{1.0,0.0,384}
  Initialized transformer.h.13.mlp.c_fc.blocks.1.weight (1024, 1024) on G_{1.0,0.0,384}
  Initialized transformer.h.11.mlp.c_fc.blocks.1.weight (1024, 1024) on G_{1.0,0.0,384}
  Initialized transformer.h.10.mlp.c_fc.blocks.1.weight (1024, 1024) on G_{1.0,0.0,384}
  Initialized transformer.h.14.mlp.c_fc.blocks.1.weight (1024, 1024) on G_{1.0,0.0,384}
  Initialized transformer.h.12.mlp.c_fc.blocks.1.weight (1024, 1024) on G_{1.0,0.0,384}
  Initialized transformer.h.11.mlp.c_fc.blocks.1.weight (1024, 1024) on G_{1.0,0.0,384}
  Initialized transformer.h.15.mlp.c_fc.blocks.1.weight (1024, 1024) on G_{1.0,0.0,384}
  Initialized transformer.h.13.mlp.c_fc.blocks.1.weight (1024, 1024) on G_{1.0,0.0,384}
  Initialized transformer.h.12.mlp.c_fc.blocks.1.weight (1024, 1024) on G_{1.0,0.0,384}
  Initialized transformer.h.16.mlp.c_fc.blocks.1.weight (1024, 1024) on G_{1.0,0.0,384}
  Initialized transformer.h.14.mlp.c_fc.blocks.1.weight (1024, 1024) on G_{1.0,0.0,384}
  Initialized transformer.h.13.mlp.c_fc.blocks.1.weight (1024, 1024) on G_{1.0,0.0,384}
  Initialized transformer.h.17.mlp.c_fc.blocks.1.weight (1024, 1024) on G_{1.0,0.0,384}
  Initialized transformer.h.15.mlp.c_fc.blocks.1.weight (1024, 1024) on G_{1.0,0.0,384}
  Initialized transformer.h.14.mlp.c_fc.blocks.1.weight (1024, 1024) on G_{1.0,0.0,384}
  Initialized transformer.h.18.mlp.c_fc.blocks.1.weight (1024, 1024) on G_{1.0,0.0,384}
  Initialized transformer.h.16.mlp.c_fc.blocks.1.weight (1024, 1024) on G_{1.0,0.0,384}
  Initialized transformer.h.15.mlp.c_fc.blocks.1.weight (1024, 1024) on G_{1.0,0.0,384}
  Initialized transformer.h.19.mlp.c_fc.blocks.1.weight (1024, 1024) on G_{1.0,0.0,384}
  Initialized transformer.h.17.mlp.c_fc.blocks.1.weight (1024, 1024) on G_{1.0,0.0,384}
  Initialized transformer.h.16.mlp.c_fc.blocks.1.weight (1024, 1024) on G_{1.0,0.0,384}
  Initialized transformer.h.20.mlp.c_fc.blocks.1.weight (1024, 1024) on G_{1.0,0.0,384}
  Initialized transformer.h.18.mlp.c_fc.blocks.1.weight (1024, 1024) on G_{1.0,0.0,384}
  Initialized transformer.h.17.mlp.c_fc.blocks.1.weight (1024, 1024) on G_{1.0,0.0,384}
  Initialized transformer.h.21.mlp.c_fc.blocks.1.weight (1024, 1024) on G_{1.0,0.0,384}
  Initialized transformer.h.19.mlp.c_fc.blocks.1.weight (1024, 1024) on G_{1.0,0.0,384}
  Initialized transformer.h.18.mlp.c_fc.blocks.1.weight (1024, 1024) on G_{1.0,0.0,384}
  Initialized transformer.h.22.mlp.c_fc.blocks.1.weight (1024, 1024) on G_{1.0,0.0,384}
  Initialized transformer.h.20.mlp.c_fc.blocks.1.weight (1024, 1024) on G_{1.0,0.0,384}
  Initialized transformer.h.19.mlp.c_fc.blocks.1.weight (1024, 1024) on G_{1.0,0.0,384}
  Initialized transformer.h.23.mlp.c_fc.blocks.1.weight (1024, 1024) on G_{1.0,0.0,384}

Initializing mlp.c_fc.blocks.2.: k=1, G_{1.0,0.0,384}, type=None
  Initialized transformer.h.21.mlp.c_fc.blocks.1.weight (1024, 1024) on G_{1.0,0.0,384}
  Initialized transformer.h.20.mlp.c_fc.blocks.1.weight (1024, 1024) on G_{1.0,0.0,384}
  Initialized transformer.h.0.mlp.c_fc.blocks.2.weight (1024, 1024) on G_{1.0,0.0,384}
  Initialized transformer.h.22.mlp.c_fc.blocks.1.weight (1024, 1024) on G_{1.0,0.0,384}
  Initialized transformer.h.21.mlp.c_fc.blocks.1.weight (1024, 1024) on G_{1.0,0.0,384}
  Initialized transformer.h.1.mlp.c_fc.blocks.2.weight (1024, 1024) on G_{1.0,0.0,384}
  Initialized transformer.h.23.mlp.c_fc.blocks.1.weight (1024, 1024) on G_{1.0,0.0,384}

Initializing mlp.c_fc.blocks.2.: k=1, G_{1.0,0.0,384}, type=None
  Initialized transformer.h.22.mlp.c_fc.blocks.1.weight (1024, 1024) on G_{1.0,0.0,384}
  Initialized transformer.h.2.mlp.c_fc.blocks.2.weight (1024, 1024) on G_{1.0,0.0,384}
  Initialized transformer.h.0.mlp.c_fc.blocks.2.weight (1024, 1024) on G_{1.0,0.0,384}
  Initialized transformer.h.23.mlp.c_fc.blocks.1.weight (1024, 1024) on G_{1.0,0.0,384}

Initializing mlp.c_fc.blocks.2.: k=1, G_{1.0,0.0,384}, type=None
  Initialized transformer.h.3.mlp.c_fc.blocks.2.weight (1024, 1024) on G_{1.0,0.0,384}
  Initialized transformer.h.1.mlp.c_fc.blocks.2.weight (1024, 1024) on G_{1.0,0.0,384}
  Initialized transformer.h.0.mlp.c_fc.blocks.2.weight (1024, 1024) on G_{1.0,0.0,384}
  Initialized transformer.h.4.mlp.c_fc.blocks.2.weight (1024, 1024) on G_{1.0,0.0,384}
  Initialized transformer.h.2.mlp.c_fc.blocks.2.weight (1024, 1024) on G_{1.0,0.0,384}
  Initialized transformer.h.1.mlp.c_fc.blocks.2.weight (1024, 1024) on G_{1.0,0.0,384}
  Initialized transformer.h.5.mlp.c_fc.blocks.2.weight (1024, 1024) on G_{1.0,0.0,384}
  Initialized transformer.h.3.mlp.c_fc.blocks.2.weight (1024, 1024) on G_{1.0,0.0,384}
  Initialized transformer.h.2.mlp.c_fc.blocks.2.weight (1024, 1024) on G_{1.0,0.0,384}
  Initialized transformer.h.6.mlp.c_fc.blocks.2.weight (1024, 1024) on G_{1.0,0.0,384}
  Initialized transformer.h.4.mlp.c_fc.blocks.2.weight (1024, 1024) on G_{1.0,0.0,384}
  Initialized transformer.h.3.mlp.c_fc.blocks.2.weight (1024, 1024) on G_{1.0,0.0,384}
  Initialized transformer.h.7.mlp.c_fc.blocks.2.weight (1024, 1024) on G_{1.0,0.0,384}
  Initialized transformer.h.5.mlp.c_fc.blocks.2.weight (1024, 1024) on G_{1.0,0.0,384}
  Initialized transformer.h.4.mlp.c_fc.blocks.2.weight (1024, 1024) on G_{1.0,0.0,384}
  Initialized transformer.h.8.mlp.c_fc.blocks.2.weight (1024, 1024) on G_{1.0,0.0,384}
  Initialized transformer.h.6.mlp.c_fc.blocks.2.weight (1024, 1024) on G_{1.0,0.0,384}
  Initialized transformer.h.5.mlp.c_fc.blocks.2.weight (1024, 1024) on G_{1.0,0.0,384}
  Initialized transformer.h.9.mlp.c_fc.blocks.2.weight (1024, 1024) on G_{1.0,0.0,384}
  Initialized transformer.h.7.mlp.c_fc.blocks.2.weight (1024, 1024) on G_{1.0,0.0,384}
  Initialized transformer.h.6.mlp.c_fc.blocks.2.weight (1024, 1024) on G_{1.0,0.0,384}
  Initialized transformer.h.10.mlp.c_fc.blocks.2.weight (1024, 1024) on G_{1.0,0.0,384}
  Initialized transformer.h.8.mlp.c_fc.blocks.2.weight (1024, 1024) on G_{1.0,0.0,384}
  Initialized transformer.h.7.mlp.c_fc.blocks.2.weight (1024, 1024) on G_{1.0,0.0,384}
  Initialized transformer.h.11.mlp.c_fc.blocks.2.weight (1024, 1024) on G_{1.0,0.0,384}
  Initialized transformer.h.9.mlp.c_fc.blocks.2.weight (1024, 1024) on G_{1.0,0.0,384}
  Initialized transformer.h.8.mlp.c_fc.blocks.2.weight (1024, 1024) on G_{1.0,0.0,384}
  Initialized transformer.h.12.mlp.c_fc.blocks.2.weight (1024, 1024) on G_{1.0,0.0,384}
  Initialized transformer.h.10.mlp.c_fc.blocks.2.weight (1024, 1024) on G_{1.0,0.0,384}
  Initialized transformer.h.9.mlp.c_fc.blocks.2.weight (1024, 1024) on G_{1.0,0.0,384}
  Initialized transformer.h.13.mlp.c_fc.blocks.2.weight (1024, 1024) on G_{1.0,0.0,384}
  Initialized transformer.h.11.mlp.c_fc.blocks.2.weight (1024, 1024) on G_{1.0,0.0,384}
  Initialized transformer.h.10.mlp.c_fc.blocks.2.weight (1024, 1024) on G_{1.0,0.0,384}
  Initialized transformer.h.14.mlp.c_fc.blocks.2.weight (1024, 1024) on G_{1.0,0.0,384}
  Initialized transformer.h.12.mlp.c_fc.blocks.2.weight (1024, 1024) on G_{1.0,0.0,384}
  Initialized transformer.h.11.mlp.c_fc.blocks.2.weight (1024, 1024) on G_{1.0,0.0,384}
  Initialized transformer.h.15.mlp.c_fc.blocks.2.weight (1024, 1024) on G_{1.0,0.0,384}
  Initialized transformer.h.13.mlp.c_fc.blocks.2.weight (1024, 1024) on G_{1.0,0.0,384}
  Initialized transformer.h.12.mlp.c_fc.blocks.2.weight (1024, 1024) on G_{1.0,0.0,384}
  Initialized transformer.h.16.mlp.c_fc.blocks.2.weight (1024, 1024) on G_{1.0,0.0,384}
  Initialized transformer.h.14.mlp.c_fc.blocks.2.weight (1024, 1024) on G_{1.0,0.0,384}
  Initialized transformer.h.13.mlp.c_fc.blocks.2.weight (1024, 1024) on G_{1.0,0.0,384}
  Initialized transformer.h.17.mlp.c_fc.blocks.2.weight (1024, 1024) on G_{1.0,0.0,384}
  Initialized transformer.h.15.mlp.c_fc.blocks.2.weight (1024, 1024) on G_{1.0,0.0,384}
  Initialized transformer.h.14.mlp.c_fc.blocks.2.weight (1024, 1024) on G_{1.0,0.0,384}
  Initialized transformer.h.16.mlp.c_fc.blocks.2.weight (1024, 1024) on G_{1.0,0.0,384}
  Initialized transformer.h.18.mlp.c_fc.blocks.2.weight (1024, 1024) on G_{1.0,0.0,384}
  Initialized transformer.h.15.mlp.c_fc.blocks.2.weight (1024, 1024) on G_{1.0,0.0,384}
  Initialized transformer.h.17.mlp.c_fc.blocks.2.weight (1024, 1024) on G_{1.0,0.0,384}
  Initialized transformer.h.19.mlp.c_fc.blocks.2.weight (1024, 1024) on G_{1.0,0.0,384}
  Initialized transformer.h.16.mlp.c_fc.blocks.2.weight (1024, 1024) on G_{1.0,0.0,384}
  Initialized transformer.h.18.mlp.c_fc.blocks.2.weight (1024, 1024) on G_{1.0,0.0,384}
  Initialized transformer.h.20.mlp.c_fc.blocks.2.weight (1024, 1024) on G_{1.0,0.0,384}
  Initialized transformer.h.17.mlp.c_fc.blocks.2.weight (1024, 1024) on G_{1.0,0.0,384}
  Initialized transformer.h.19.mlp.c_fc.blocks.2.weight (1024, 1024) on G_{1.0,0.0,384}
  Initialized transformer.h.21.mlp.c_fc.blocks.2.weight (1024, 1024) on G_{1.0,0.0,384}
  Initialized transformer.h.18.mlp.c_fc.blocks.2.weight (1024, 1024) on G_{1.0,0.0,384}
  Initialized transformer.h.20.mlp.c_fc.blocks.2.weight (1024, 1024) on G_{1.0,0.0,384}
  Initialized transformer.h.22.mlp.c_fc.blocks.2.weight (1024, 1024) on G_{1.0,0.0,384}
  Initialized transformer.h.19.mlp.c_fc.blocks.2.weight (1024, 1024) on G_{1.0,0.0,384}
  Initialized transformer.h.21.mlp.c_fc.blocks.2.weight (1024, 1024) on G_{1.0,0.0,384}
  Initialized transformer.h.23.mlp.c_fc.blocks.2.weight (1024, 1024) on G_{1.0,0.0,384}

Initializing mlp.c_fc.blocks.3.: k=1, G_{1.0,0.0,384}, type=None
  Initialized transformer.h.20.mlp.c_fc.blocks.2.weight (1024, 1024) on G_{1.0,0.0,384}
  Initialized transformer.h.22.mlp.c_fc.blocks.2.weight (1024, 1024) on G_{1.0,0.0,384}
  Initialized transformer.h.0.mlp.c_fc.blocks.3.weight (1024, 1024) on G_{1.0,0.0,384}
  Initialized transformer.h.21.mlp.c_fc.blocks.2.weight (1024, 1024) on G_{1.0,0.0,384}
  Initialized transformer.h.23.mlp.c_fc.blocks.2.weight (1024, 1024) on G_{1.0,0.0,384}

Initializing mlp.c_fc.blocks.3.: k=1, G_{1.0,0.0,384}, type=None
  Initialized transformer.h.1.mlp.c_fc.blocks.3.weight (1024, 1024) on G_{1.0,0.0,384}
  Initialized transformer.h.22.mlp.c_fc.blocks.2.weight (1024, 1024) on G_{1.0,0.0,384}
  Initialized transformer.h.0.mlp.c_fc.blocks.3.weight (1024, 1024) on G_{1.0,0.0,384}
  Initialized transformer.h.2.mlp.c_fc.blocks.3.weight (1024, 1024) on G_{1.0,0.0,384}
  Initialized transformer.h.23.mlp.c_fc.blocks.2.weight (1024, 1024) on G_{1.0,0.0,384}

Initializing mlp.c_fc.blocks.3.: k=1, G_{1.0,0.0,384}, type=None
  Initialized transformer.h.1.mlp.c_fc.blocks.3.weight (1024, 1024) on G_{1.0,0.0,384}
  Initialized transformer.h.3.mlp.c_fc.blocks.3.weight (1024, 1024) on G_{1.0,0.0,384}
  Initialized transformer.h.0.mlp.c_fc.blocks.3.weight (1024, 1024) on G_{1.0,0.0,384}
  Initialized transformer.h.2.mlp.c_fc.blocks.3.weight (1024, 1024) on G_{1.0,0.0,384}
  Initialized transformer.h.4.mlp.c_fc.blocks.3.weight (1024, 1024) on G_{1.0,0.0,384}
  Initialized transformer.h.1.mlp.c_fc.blocks.3.weight (1024, 1024) on G_{1.0,0.0,384}
  Initialized transformer.h.3.mlp.c_fc.blocks.3.weight (1024, 1024) on G_{1.0,0.0,384}
  Initialized transformer.h.5.mlp.c_fc.blocks.3.weight (1024, 1024) on G_{1.0,0.0,384}
  Initialized transformer.h.2.mlp.c_fc.blocks.3.weight (1024, 1024) on G_{1.0,0.0,384}
  Initialized transformer.h.4.mlp.c_fc.blocks.3.weight (1024, 1024) on G_{1.0,0.0,384}
  Initialized transformer.h.6.mlp.c_fc.blocks.3.weight (1024, 1024) on G_{1.0,0.0,384}
  Initialized transformer.h.3.mlp.c_fc.blocks.3.weight (1024, 1024) on G_{1.0,0.0,384}
  Initialized transformer.h.5.mlp.c_fc.blocks.3.weight (1024, 1024) on G_{1.0,0.0,384}
  Initialized transformer.h.7.mlp.c_fc.blocks.3.weight (1024, 1024) on G_{1.0,0.0,384}
  Initialized transformer.h.4.mlp.c_fc.blocks.3.weight (1024, 1024) on G_{1.0,0.0,384}
  Initialized transformer.h.6.mlp.c_fc.blocks.3.weight (1024, 1024) on G_{1.0,0.0,384}
  Initialized transformer.h.8.mlp.c_fc.blocks.3.weight (1024, 1024) on G_{1.0,0.0,384}
  Initialized transformer.h.5.mlp.c_fc.blocks.3.weight (1024, 1024) on G_{1.0,0.0,384}
  Initialized transformer.h.7.mlp.c_fc.blocks.3.weight (1024, 1024) on G_{1.0,0.0,384}
  Initialized transformer.h.9.mlp.c_fc.blocks.3.weight (1024, 1024) on G_{1.0,0.0,384}
  Initialized transformer.h.6.mlp.c_fc.blocks.3.weight (1024, 1024) on G_{1.0,0.0,384}
  Initialized transformer.h.8.mlp.c_fc.blocks.3.weight (1024, 1024) on G_{1.0,0.0,384}
  Initialized transformer.h.10.mlp.c_fc.blocks.3.weight (1024, 1024) on G_{1.0,0.0,384}
  Initialized transformer.h.7.mlp.c_fc.blocks.3.weight (1024, 1024) on G_{1.0,0.0,384}
  Initialized transformer.h.9.mlp.c_fc.blocks.3.weight (1024, 1024) on G_{1.0,0.0,384}
  Initialized transformer.h.11.mlp.c_fc.blocks.3.weight (1024, 1024) on G_{1.0,0.0,384}
  Initialized transformer.h.8.mlp.c_fc.blocks.3.weight (1024, 1024) on G_{1.0,0.0,384}
  Initialized transformer.h.10.mlp.c_fc.blocks.3.weight (1024, 1024) on G_{1.0,0.0,384}
  Initialized transformer.h.12.mlp.c_fc.blocks.3.weight (1024, 1024) on G_{1.0,0.0,384}
  Initialized transformer.h.9.mlp.c_fc.blocks.3.weight (1024, 1024) on G_{1.0,0.0,384}
  Initialized transformer.h.11.mlp.c_fc.blocks.3.weight (1024, 1024) on G_{1.0,0.0,384}
  Initialized transformer.h.13.mlp.c_fc.blocks.3.weight (1024, 1024) on G_{1.0,0.0,384}
  Initialized transformer.h.10.mlp.c_fc.blocks.3.weight (1024, 1024) on G_{1.0,0.0,384}
  Initialized transformer.h.12.mlp.c_fc.blocks.3.weight (1024, 1024) on G_{1.0,0.0,384}
  Initialized transformer.h.14.mlp.c_fc.blocks.3.weight (1024, 1024) on G_{1.0,0.0,384}
  Initialized transformer.h.11.mlp.c_fc.blocks.3.weight (1024, 1024) on G_{1.0,0.0,384}
  Initialized transformer.h.13.mlp.c_fc.blocks.3.weight (1024, 1024) on G_{1.0,0.0,384}
  Initialized transformer.h.15.mlp.c_fc.blocks.3.weight (1024, 1024) on G_{1.0,0.0,384}
  Initialized transformer.h.12.mlp.c_fc.blocks.3.weight (1024, 1024) on G_{1.0,0.0,384}
  Initialized transformer.h.14.mlp.c_fc.blocks.3.weight (1024, 1024) on G_{1.0,0.0,384}
  Initialized transformer.h.16.mlp.c_fc.blocks.3.weight (1024, 1024) on G_{1.0,0.0,384}
  Initialized transformer.h.13.mlp.c_fc.blocks.3.weight (1024, 1024) on G_{1.0,0.0,384}
  Initialized transformer.h.15.mlp.c_fc.blocks.3.weight (1024, 1024) on G_{1.0,0.0,384}
  Initialized transformer.h.17.mlp.c_fc.blocks.3.weight (1024, 1024) on G_{1.0,0.0,384}
  Initialized transformer.h.14.mlp.c_fc.blocks.3.weight (1024, 1024) on G_{1.0,0.0,384}
  Initialized transformer.h.16.mlp.c_fc.blocks.3.weight (1024, 1024) on G_{1.0,0.0,384}
  Initialized transformer.h.18.mlp.c_fc.blocks.3.weight (1024, 1024) on G_{1.0,0.0,384}
  Initialized transformer.h.17.mlp.c_fc.blocks.3.weight (1024, 1024) on G_{1.0,0.0,384}
  Initialized transformer.h.15.mlp.c_fc.blocks.3.weight (1024, 1024) on G_{1.0,0.0,384}
  Initialized transformer.h.19.mlp.c_fc.blocks.3.weight (1024, 1024) on G_{1.0,0.0,384}
  Initialized transformer.h.18.mlp.c_fc.blocks.3.weight (1024, 1024) on G_{1.0,0.0,384}
  Initialized transformer.h.16.mlp.c_fc.blocks.3.weight (1024, 1024) on G_{1.0,0.0,384}
  Initialized transformer.h.20.mlp.c_fc.blocks.3.weight (1024, 1024) on G_{1.0,0.0,384}
  Initialized transformer.h.19.mlp.c_fc.blocks.3.weight (1024, 1024) on G_{1.0,0.0,384}
  Initialized transformer.h.17.mlp.c_fc.blocks.3.weight (1024, 1024) on G_{1.0,0.0,384}
  Initialized transformer.h.21.mlp.c_fc.blocks.3.weight (1024, 1024) on G_{1.0,0.0,384}
  Initialized transformer.h.20.mlp.c_fc.blocks.3.weight (1024, 1024) on G_{1.0,0.0,384}
  Initialized transformer.h.18.mlp.c_fc.blocks.3.weight (1024, 1024) on G_{1.0,0.0,384}
  Initialized transformer.h.22.mlp.c_fc.blocks.3.weight (1024, 1024) on G_{1.0,0.0,384}
  Initialized transformer.h.21.mlp.c_fc.blocks.3.weight (1024, 1024) on G_{1.0,0.0,384}
  Initialized transformer.h.19.mlp.c_fc.blocks.3.weight (1024, 1024) on G_{1.0,0.0,384}
  Initialized transformer.h.23.mlp.c_fc.blocks.3.weight (1024, 1024) on G_{1.0,0.0,384}

Initializing transformer.h.1.attn.c_attn.blocks.0.: k=1, G_{1.0,0.0,384}, type=None
  Initialized transformer.h.22.mlp.c_fc.blocks.3.weight (1024, 1024) on G_{1.0,0.0,384}
  Initialized transformer.h.20.mlp.c_fc.blocks.3.weight (1024, 1024) on G_{1.0,0.0,384}
  Initialized transformer.h.1.attn.c_attn.blocks.0.weight (1024, 1024) on G_{1.0,0.0,384}

Initializing transformer.h.1.attn.c_attn.blocks.1.: k=1, G_{1.0,0.0,384}, type=None
  Initialized transformer.h.23.mlp.c_fc.blocks.3.weight (1024, 1024) on G_{1.0,0.0,384}

Initializing transformer.h.1.attn.c_attn.blocks.0.: k=1, G_{1.0,0.0,384}, type=None
  Initialized transformer.h.21.mlp.c_fc.blocks.3.weight (1024, 1024) on G_{1.0,0.0,384}
  Initialized transformer.h.1.attn.c_attn.blocks.1.weight (1024, 1024) on G_{1.0,0.0,384}

Initializing transformer.h.1.attn.c_attn.blocks.2.: k=1, G_{1.0,0.0,384}, type=None
  Initialized transformer.h.1.attn.c_attn.blocks.0.weight (1024, 1024) on G_{1.0,0.0,384}
  Initialized transformer.h.22.mlp.c_fc.blocks.3.weight (1024, 1024) on G_{1.0,0.0,384}

Initializing transformer.h.1.attn.c_attn.blocks.1.: k=1, G_{1.0,0.0,384}, type=None
  Initialized transformer.h.1.attn.c_attn.blocks.2.weight (1024, 1024) on G_{1.0,0.0,384}

Initializing transformer.h.1.mlp.c_fc.blocks.0.: k=1, G_{1.0,0.0,384}, type=None
  Initialized transformer.h.1.attn.c_attn.blocks.1.weight (1024, 1024) on G_{1.0,0.0,384}
  Initialized transformer.h.23.mlp.c_fc.blocks.3.weight (1024, 1024) on G_{1.0,0.0,384}

Initializing transformer.h.1.attn.c_attn.blocks.0.: k=1, G_{1.0,0.0,384}, type=None

Initializing transformer.h.1.attn.c_attn.blocks.2.: k=1, G_{1.0,0.0,384}, type=None
  Initialized transformer.h.1.mlp.c_fc.blocks.0.weight (1024, 1024) on G_{1.0,0.0,384}

Initializing transformer.h.1.mlp.c_fc.blocks.1.: k=1, G_{1.0,0.0,384}, type=None
  Initialized transformer.h.1.attn.c_attn.blocks.2.weight (1024, 1024) on G_{1.0,0.0,384}

Initializing transformer.h.1.mlp.c_fc.blocks.0.: k=1, G_{1.0,0.0,384}, type=None
  Initialized transformer.h.1.attn.c_attn.blocks.0.weight (1024, 1024) on G_{1.0,0.0,384}

Initializing transformer.h.1.attn.c_attn.blocks.1.: k=1, G_{1.0,0.0,384}, type=None
  Initialized transformer.h.1.mlp.c_fc.blocks.1.weight (1024, 1024) on G_{1.0,0.0,384}

Initializing transformer.h.1.mlp.c_fc.blocks.2.: k=1, G_{1.0,0.0,384}, type=None
  Initialized transformer.h.1.mlp.c_fc.blocks.0.weight (1024, 1024) on G_{1.0,0.0,384}

Initializing transformer.h.1.mlp.c_fc.blocks.1.: k=1, G_{1.0,0.0,384}, type=None
  Initialized transformer.h.1.attn.c_attn.blocks.1.weight (1024, 1024) on G_{1.0,0.0,384}

Initializing transformer.h.1.attn.c_attn.blocks.2.: k=1, G_{1.0,0.0,384}, type=None
  Initialized transformer.h.1.mlp.c_fc.blocks.2.weight (1024, 1024) on G_{1.0,0.0,384}

Initializing transformer.h.1.mlp.c_fc.blocks.3.: k=1, G_{1.0,0.0,384}, type=None
  Initialized transformer.h.1.mlp.c_fc.blocks.1.weight (1024, 1024) on G_{1.0,0.0,384}

Initializing transformer.h.1.mlp.c_fc.blocks.2.: k=1, G_{1.0,0.0,384}, type=None
  Initialized transformer.h.1.attn.c_attn.blocks.2.weight (1024, 1024) on G_{1.0,0.0,384}

Initializing transformer.h.1.mlp.c_fc.blocks.0.: k=1, G_{1.0,0.0,384}, type=None
  Initialized transformer.h.1.mlp.c_fc.blocks.3.weight (1024, 1024) on G_{1.0,0.0,384}

Initializing transformer.h.2.attn.c_attn.blocks.0.: k=1, G_{1.0,0.0,384}, type=None
  Initialized transformer.h.1.mlp.c_fc.blocks.2.weight (1024, 1024) on G_{1.0,0.0,384}

Initializing transformer.h.1.mlp.c_fc.blocks.3.: k=1, G_{1.0,0.0,384}, type=None
  Initialized transformer.h.1.mlp.c_fc.blocks.0.weight (1024, 1024) on G_{1.0,0.0,384}

Initializing transformer.h.1.mlp.c_fc.blocks.1.: k=1, G_{1.0,0.0,384}, type=None
  Initialized transformer.h.2.attn.c_attn.blocks.0.weight (1024, 1024) on G_{1.0,0.0,384}

Initializing transformer.h.2.attn.c_attn.blocks.1.: k=1, G_{1.0,0.0,384}, type=None
  Initialized transformer.h.1.mlp.c_fc.blocks.3.weight (1024, 1024) on G_{1.0,0.0,384}

Initializing transformer.h.2.attn.c_attn.blocks.0.: k=1, G_{1.0,0.0,384}, type=None
  Initialized transformer.h.1.mlp.c_fc.blocks.1.weight (1024, 1024) on G_{1.0,0.0,384}

Initializing transformer.h.1.mlp.c_fc.blocks.2.: k=1, G_{1.0,0.0,384}, type=None
  Initialized transformer.h.2.attn.c_attn.blocks.1.weight (1024, 1024) on G_{1.0,0.0,384}

Initializing transformer.h.2.attn.c_attn.blocks.2.: k=1, G_{1.0,0.0,384}, type=None
  Initialized transformer.h.2.attn.c_attn.blocks.0.weight (1024, 1024) on G_{1.0,0.0,384}

Initializing transformer.h.2.attn.c_attn.blocks.1.: k=1, G_{1.0,0.0,384}, type=None
  Initialized transformer.h.1.mlp.c_fc.blocks.2.weight (1024, 1024) on G_{1.0,0.0,384}

Initializing transformer.h.1.mlp.c_fc.blocks.3.: k=1, G_{1.0,0.0,384}, type=None
  Initialized transformer.h.2.attn.c_attn.blocks.2.weight (1024, 1024) on G_{1.0,0.0,384}

Initializing transformer.h.2.mlp.c_fc.blocks.0.: k=1, G_{1.0,0.0,384}, type=None
  Initialized transformer.h.2.attn.c_attn.blocks.1.weight (1024, 1024) on G_{1.0,0.0,384}

Initializing transformer.h.2.attn.c_attn.blocks.2.: k=1, G_{1.0,0.0,384}, type=None
  Initialized transformer.h.1.mlp.c_fc.blocks.3.weight (1024, 1024) on G_{1.0,0.0,384}

Initializing transformer.h.2.attn.c_attn.blocks.0.: k=1, G_{1.0,0.0,384}, type=None
  Initialized transformer.h.2.mlp.c_fc.blocks.0.weight (1024, 1024) on G_{1.0,0.0,384}

Initializing transformer.h.2.mlp.c_fc.blocks.1.: k=1, G_{1.0,0.0,384}, type=None
  Initialized transformer.h.2.attn.c_attn.blocks.2.weight (1024, 1024) on G_{1.0,0.0,384}

Initializing transformer.h.2.mlp.c_fc.blocks.0.: k=1, G_{1.0,0.0,384}, type=None
  Initialized transformer.h.2.attn.c_attn.blocks.0.weight (1024, 1024) on G_{1.0,0.0,384}

Initializing transformer.h.2.attn.c_attn.blocks.1.: k=1, G_{1.0,0.0,384}, type=None
  Initialized transformer.h.2.mlp.c_fc.blocks.1.weight (1024, 1024) on G_{1.0,0.0,384}

Initializing transformer.h.2.mlp.c_fc.blocks.2.: k=1, G_{1.0,0.0,384}, type=None
  Initialized transformer.h.2.mlp.c_fc.blocks.0.weight (1024, 1024) on G_{1.0,0.0,384}

Initializing transformer.h.2.mlp.c_fc.blocks.1.: k=1, G_{1.0,0.0,384}, type=None
  Initialized transformer.h.2.attn.c_attn.blocks.1.weight (1024, 1024) on G_{1.0,0.0,384}

Initializing transformer.h.2.attn.c_attn.blocks.2.: k=1, G_{1.0,0.0,384}, type=None
  Initialized transformer.h.2.mlp.c_fc.blocks.2.weight (1024, 1024) on G_{1.0,0.0,384}

Initializing transformer.h.2.mlp.c_fc.blocks.3.: k=1, G_{1.0,0.0,384}, type=None
  Initialized transformer.h.2.mlp.c_fc.blocks.1.weight (1024, 1024) on G_{1.0,0.0,384}

Initializing transformer.h.2.mlp.c_fc.blocks.2.: k=1, G_{1.0,0.0,384}, type=None
  Initialized transformer.h.2.attn.c_attn.blocks.2.weight (1024, 1024) on G_{1.0,0.0,384}

Initializing transformer.h.2.mlp.c_fc.blocks.0.: k=1, G_{1.0,0.0,384}, type=None
  Initialized transformer.h.2.mlp.c_fc.blocks.3.weight (1024, 1024) on G_{1.0,0.0,384}

Initializing transformer.h.3.attn.c_attn.blocks.0.: k=1, G_{1.0,0.0,384}, type=None
  Initialized transformer.h.2.mlp.c_fc.blocks.2.weight (1024, 1024) on G_{1.0,0.0,384}

Initializing transformer.h.2.mlp.c_fc.blocks.3.: k=1, G_{1.0,0.0,384}, type=None
  Initialized transformer.h.2.mlp.c_fc.blocks.0.weight (1024, 1024) on G_{1.0,0.0,384}

Initializing transformer.h.2.mlp.c_fc.blocks.1.: k=1, G_{1.0,0.0,384}, type=None
  Initialized transformer.h.3.attn.c_attn.blocks.0.weight (1024, 1024) on G_{1.0,0.0,384}

Initializing transformer.h.3.attn.c_attn.blocks.1.: k=1, G_{1.0,0.0,384}, type=None
  Initialized transformer.h.2.mlp.c_fc.blocks.3.weight (1024, 1024) on G_{1.0,0.0,384}

Initializing transformer.h.3.attn.c_attn.blocks.0.: k=1, G_{1.0,0.0,384}, type=None
  Initialized transformer.h.2.mlp.c_fc.blocks.1.weight (1024, 1024) on G_{1.0,0.0,384}

Initializing transformer.h.2.mlp.c_fc.blocks.2.: k=1, G_{1.0,0.0,384}, type=None
  Initialized transformer.h.3.attn.c_attn.blocks.1.weight (1024, 1024) on G_{1.0,0.0,384}

Initializing transformer.h.3.attn.c_attn.blocks.2.: k=1, G_{1.0,0.0,384}, type=None
  Initialized transformer.h.3.attn.c_attn.blocks.0.weight (1024, 1024) on G_{1.0,0.0,384}

Initializing transformer.h.3.attn.c_attn.blocks.1.: k=1, G_{1.0,0.0,384}, type=None
  Initialized transformer.h.2.mlp.c_fc.blocks.2.weight (1024, 1024) on G_{1.0,0.0,384}

Initializing transformer.h.2.mlp.c_fc.blocks.3.: k=1, G_{1.0,0.0,384}, type=None
  Initialized transformer.h.3.attn.c_attn.blocks.2.weight (1024, 1024) on G_{1.0,0.0,384}

Initializing transformer.h.3.mlp.c_fc.blocks.0.: k=1, G_{1.0,0.0,384}, type=None
  Initialized transformer.h.3.attn.c_attn.blocks.1.weight (1024, 1024) on G_{1.0,0.0,384}

Initializing transformer.h.3.attn.c_attn.blocks.2.: k=1, G_{1.0,0.0,384}, type=None
  Initialized transformer.h.2.mlp.c_fc.blocks.3.weight (1024, 1024) on G_{1.0,0.0,384}

Initializing transformer.h.3.attn.c_attn.blocks.0.: k=1, G_{1.0,0.0,384}, type=None
  Initialized transformer.h.3.mlp.c_fc.blocks.0.weight (1024, 1024) on G_{1.0,0.0,384}

Initializing transformer.h.3.mlp.c_fc.blocks.1.: k=1, G_{1.0,0.0,384}, type=None
  Initialized transformer.h.3.attn.c_attn.blocks.2.weight (1024, 1024) on G_{1.0,0.0,384}

Initializing transformer.h.3.mlp.c_fc.blocks.0.: k=1, G_{1.0,0.0,384}, type=None
  Initialized transformer.h.3.attn.c_attn.blocks.0.weight (1024, 1024) on G_{1.0,0.0,384}

Initializing transformer.h.3.attn.c_attn.blocks.1.: k=1, G_{1.0,0.0,384}, type=None
  Initialized transformer.h.3.mlp.c_fc.blocks.1.weight (1024, 1024) on G_{1.0,0.0,384}

Initializing transformer.h.3.mlp.c_fc.blocks.2.: k=1, G_{1.0,0.0,384}, type=None
  Initialized transformer.h.3.mlp.c_fc.blocks.0.weight (1024, 1024) on G_{1.0,0.0,384}

Initializing transformer.h.3.mlp.c_fc.blocks.1.: k=1, G_{1.0,0.0,384}, type=None
  Initialized transformer.h.3.attn.c_attn.blocks.1.weight (1024, 1024) on G_{1.0,0.0,384}

Initializing transformer.h.3.attn.c_attn.blocks.2.: k=1, G_{1.0,0.0,384}, type=None
  Initialized transformer.h.3.mlp.c_fc.blocks.2.weight (1024, 1024) on G_{1.0,0.0,384}
  Initialized transformer.h.3.mlp.c_fc.blocks.1.weight (1024, 1024) on G_{1.0,0.0,384}

Initializing transformer.h.3.mlp.c_fc.blocks.3.: k=1, G_{1.0,0.0,384}, type=None

Initializing transformer.h.3.mlp.c_fc.blocks.2.: k=1, G_{1.0,0.0,384}, type=None
  Initialized transformer.h.3.attn.c_attn.blocks.2.weight (1024, 1024) on G_{1.0,0.0,384}

Initializing transformer.h.3.mlp.c_fc.blocks.0.: k=1, G_{1.0,0.0,384}, type=None
  Initialized transformer.h.3.mlp.c_fc.blocks.3.weight (1024, 1024) on G_{1.0,0.0,384}
  Initialized transformer.h.3.mlp.c_fc.blocks.2.weight (1024, 1024) on G_{1.0,0.0,384}

Initializing transformer.h.4.attn.c_attn.blocks.0.: k=1, G_{1.0,0.0,384}, type=None

Initializing transformer.h.3.mlp.c_fc.blocks.3.: k=1, G_{1.0,0.0,384}, type=None
  Initialized transformer.h.3.mlp.c_fc.blocks.0.weight (1024, 1024) on G_{1.0,0.0,384}

Initializing transformer.h.3.mlp.c_fc.blocks.1.: k=1, G_{1.0,0.0,384}, type=None
  Initialized transformer.h.4.attn.c_attn.blocks.0.weight (1024, 1024) on G_{1.0,0.0,384}
  Initialized transformer.h.3.mlp.c_fc.blocks.3.weight (1024, 1024) on G_{1.0,0.0,384}

Initializing transformer.h.4.attn.c_attn.blocks.1.: k=1, G_{1.0,0.0,384}, type=None

Initializing transformer.h.4.attn.c_attn.blocks.0.: k=1, G_{1.0,0.0,384}, type=None
  Initialized transformer.h.3.mlp.c_fc.blocks.1.weight (1024, 1024) on G_{1.0,0.0,384}

Initializing transformer.h.3.mlp.c_fc.blocks.2.: k=1, G_{1.0,0.0,384}, type=None
  Initialized transformer.h.4.attn.c_attn.blocks.1.weight (1024, 1024) on G_{1.0,0.0,384}
  Initialized transformer.h.4.attn.c_attn.blocks.0.weight (1024, 1024) on G_{1.0,0.0,384}

Initializing transformer.h.4.attn.c_attn.blocks.2.: k=1, G_{1.0,0.0,384}, type=None

Initializing transformer.h.4.attn.c_attn.blocks.1.: k=1, G_{1.0,0.0,384}, type=None
  Initialized transformer.h.3.mlp.c_fc.blocks.2.weight (1024, 1024) on G_{1.0,0.0,384}

Initializing transformer.h.3.mlp.c_fc.blocks.3.: k=1, G_{1.0,0.0,384}, type=None
  Initialized transformer.h.4.attn.c_attn.blocks.2.weight (1024, 1024) on G_{1.0,0.0,384}
  Initialized transformer.h.4.attn.c_attn.blocks.1.weight (1024, 1024) on G_{1.0,0.0,384}

Initializing transformer.h.4.mlp.c_fc.blocks.0.: k=1, G_{1.0,0.0,384}, type=None

Initializing transformer.h.4.attn.c_attn.blocks.2.: k=1, G_{1.0,0.0,384}, type=None
  Initialized transformer.h.3.mlp.c_fc.blocks.3.weight (1024, 1024) on G_{1.0,0.0,384}

Initializing transformer.h.4.attn.c_attn.blocks.0.: k=1, G_{1.0,0.0,384}, type=None
  Initialized transformer.h.4.mlp.c_fc.blocks.0.weight (1024, 1024) on G_{1.0,0.0,384}
  Initialized transformer.h.4.attn.c_attn.blocks.2.weight (1024, 1024) on G_{1.0,0.0,384}

Initializing transformer.h.4.mlp.c_fc.blocks.1.: k=1, G_{1.0,0.0,384}, type=None

Initializing transformer.h.4.mlp.c_fc.blocks.0.: k=1, G_{1.0,0.0,384}, type=None
  Initialized transformer.h.4.attn.c_attn.blocks.0.weight (1024, 1024) on G_{1.0,0.0,384}

Initializing transformer.h.4.attn.c_attn.blocks.1.: k=1, G_{1.0,0.0,384}, type=None
  Initialized transformer.h.4.mlp.c_fc.blocks.0.weight (1024, 1024) on G_{1.0,0.0,384}
  Initialized transformer.h.4.mlp.c_fc.blocks.1.weight (1024, 1024) on G_{1.0,0.0,384}

Initializing transformer.h.4.mlp.c_fc.blocks.1.: k=1, G_{1.0,0.0,384}, type=None

Initializing transformer.h.4.mlp.c_fc.blocks.2.: k=1, G_{1.0,0.0,384}, type=None
  Initialized transformer.h.4.attn.c_attn.blocks.1.weight (1024, 1024) on G_{1.0,0.0,384}

Initializing transformer.h.4.attn.c_attn.blocks.2.: k=1, G_{1.0,0.0,384}, type=None
  Initialized transformer.h.4.mlp.c_fc.blocks.1.weight (1024, 1024) on G_{1.0,0.0,384}
  Initialized transformer.h.4.mlp.c_fc.blocks.2.weight (1024, 1024) on G_{1.0,0.0,384}

Initializing transformer.h.4.mlp.c_fc.blocks.2.: k=1, G_{1.0,0.0,384}, type=None

Initializing transformer.h.4.mlp.c_fc.blocks.3.: k=1, G_{1.0,0.0,384}, type=None
  Initialized transformer.h.4.attn.c_attn.blocks.2.weight (1024, 1024) on G_{1.0,0.0,384}

Initializing transformer.h.4.mlp.c_fc.blocks.0.: k=1, G_{1.0,0.0,384}, type=None
  Initialized transformer.h.4.mlp.c_fc.blocks.2.weight (1024, 1024) on G_{1.0,0.0,384}
  Initialized transformer.h.4.mlp.c_fc.blocks.3.weight (1024, 1024) on G_{1.0,0.0,384}

Initializing transformer.h.4.mlp.c_fc.blocks.3.: k=1, G_{1.0,0.0,384}, type=None

Initializing transformer.h.5.attn.c_attn.blocks.0.: k=1, G_{1.0,0.0,384}, type=None
  Initialized transformer.h.4.mlp.c_fc.blocks.0.weight (1024, 1024) on G_{1.0,0.0,384}

Initializing transformer.h.4.mlp.c_fc.blocks.1.: k=1, G_{1.0,0.0,384}, type=None
  Initialized transformer.h.4.mlp.c_fc.blocks.3.weight (1024, 1024) on G_{1.0,0.0,384}
  Initialized transformer.h.5.attn.c_attn.blocks.0.weight (1024, 1024) on G_{1.0,0.0,384}

Initializing transformer.h.5.attn.c_attn.blocks.0.: k=1, G_{1.0,0.0,384}, type=None

Initializing transformer.h.5.attn.c_attn.blocks.1.: k=1, G_{1.0,0.0,384}, type=None
  Initialized transformer.h.4.mlp.c_fc.blocks.1.weight (1024, 1024) on G_{1.0,0.0,384}

Initializing transformer.h.4.mlp.c_fc.blocks.2.: k=1, G_{1.0,0.0,384}, type=None
  Initialized transformer.h.5.attn.c_attn.blocks.0.weight (1024, 1024) on G_{1.0,0.0,384}
  Initialized transformer.h.5.attn.c_attn.blocks.1.weight (1024, 1024) on G_{1.0,0.0,384}

Initializing transformer.h.5.attn.c_attn.blocks.1.: k=1, G_{1.0,0.0,384}, type=None

Initializing transformer.h.5.attn.c_attn.blocks.2.: k=1, G_{1.0,0.0,384}, type=None
  Initialized transformer.h.4.mlp.c_fc.blocks.2.weight (1024, 1024) on G_{1.0,0.0,384}

Initializing transformer.h.4.mlp.c_fc.blocks.3.: k=1, G_{1.0,0.0,384}, type=None
  Initialized transformer.h.5.attn.c_attn.blocks.1.weight (1024, 1024) on G_{1.0,0.0,384}

Initializing transformer.h.5.attn.c_attn.blocks.2.: k=1, G_{1.0,0.0,384}, type=None
  Initialized transformer.h.5.attn.c_attn.blocks.2.weight (1024, 1024) on G_{1.0,0.0,384}

Initializing transformer.h.5.mlp.c_fc.blocks.0.: k=1, G_{1.0,0.0,384}, type=None
  Initialized transformer.h.4.mlp.c_fc.blocks.3.weight (1024, 1024) on G_{1.0,0.0,384}

Initializing transformer.h.5.attn.c_attn.blocks.0.: k=1, G_{1.0,0.0,384}, type=None
  Initialized transformer.h.5.attn.c_attn.blocks.2.weight (1024, 1024) on G_{1.0,0.0,384}

Initializing transformer.h.5.mlp.c_fc.blocks.0.: k=1, G_{1.0,0.0,384}, type=None
  Initialized transformer.h.5.mlp.c_fc.blocks.0.weight (1024, 1024) on G_{1.0,0.0,384}

Initializing transformer.h.5.mlp.c_fc.blocks.1.: k=1, G_{1.0,0.0,384}, type=None
  Initialized transformer.h.5.attn.c_attn.blocks.0.weight (1024, 1024) on G_{1.0,0.0,384}

Initializing transformer.h.5.attn.c_attn.blocks.1.: k=1, G_{1.0,0.0,384}, type=None
  Initialized transformer.h.5.mlp.c_fc.blocks.0.weight (1024, 1024) on G_{1.0,0.0,384}

Initializing transformer.h.5.mlp.c_fc.blocks.1.: k=1, G_{1.0,0.0,384}, type=None
  Initialized transformer.h.5.mlp.c_fc.blocks.1.weight (1024, 1024) on G_{1.0,0.0,384}

Initializing transformer.h.5.mlp.c_fc.blocks.2.: k=1, G_{1.0,0.0,384}, type=None
  Initialized transformer.h.5.attn.c_attn.blocks.1.weight (1024, 1024) on G_{1.0,0.0,384}

Initializing transformer.h.5.attn.c_attn.blocks.2.: k=1, G_{1.0,0.0,384}, type=None
  Initialized transformer.h.5.mlp.c_fc.blocks.1.weight (1024, 1024) on G_{1.0,0.0,384}

Initializing transformer.h.5.mlp.c_fc.blocks.2.: k=1, G_{1.0,0.0,384}, type=None
  Initialized transformer.h.5.mlp.c_fc.blocks.2.weight (1024, 1024) on G_{1.0,0.0,384}

Initializing transformer.h.5.mlp.c_fc.blocks.3.: k=1, G_{1.0,0.0,384}, type=None
  Initialized transformer.h.5.attn.c_attn.blocks.2.weight (1024, 1024) on G_{1.0,0.0,384}

Initializing transformer.h.5.mlp.c_fc.blocks.0.: k=1, G_{1.0,0.0,384}, type=None
  Initialized transformer.h.5.mlp.c_fc.blocks.2.weight (1024, 1024) on G_{1.0,0.0,384}

Initializing transformer.h.5.mlp.c_fc.blocks.3.: k=1, G_{1.0,0.0,384}, type=None
  Initialized transformer.h.5.mlp.c_fc.blocks.3.weight (1024, 1024) on G_{1.0,0.0,384}

Initializing transformer.h.6.attn.c_attn.blocks.0.: k=1, G_{1.0,0.0,384}, type=None
  Initialized transformer.h.5.mlp.c_fc.blocks.0.weight (1024, 1024) on G_{1.0,0.0,384}

Initializing transformer.h.5.mlp.c_fc.blocks.1.: k=1, G_{1.0,0.0,384}, type=None
  Initialized transformer.h.5.mlp.c_fc.blocks.3.weight (1024, 1024) on G_{1.0,0.0,384}

Initializing transformer.h.6.attn.c_attn.blocks.0.: k=1, G_{1.0,0.0,384}, type=None
  Initialized transformer.h.6.attn.c_attn.blocks.0.weight (1024, 1024) on G_{1.0,0.0,384}

Initializing transformer.h.6.attn.c_attn.blocks.1.: k=1, G_{1.0,0.0,384}, type=None
  Initialized transformer.h.5.mlp.c_fc.blocks.1.weight (1024, 1024) on G_{1.0,0.0,384}

Initializing transformer.h.5.mlp.c_fc.blocks.2.: k=1, G_{1.0,0.0,384}, type=None
  Initialized transformer.h.6.attn.c_attn.blocks.0.weight (1024, 1024) on G_{1.0,0.0,384}

Initializing transformer.h.6.attn.c_attn.blocks.1.: k=1, G_{1.0,0.0,384}, type=None
  Initialized transformer.h.6.attn.c_attn.blocks.1.weight (1024, 1024) on G_{1.0,0.0,384}

Initializing transformer.h.6.attn.c_attn.blocks.2.: k=1, G_{1.0,0.0,384}, type=None
  Initialized transformer.h.5.mlp.c_fc.blocks.2.weight (1024, 1024) on G_{1.0,0.0,384}

Initializing transformer.h.5.mlp.c_fc.blocks.3.: k=1, G_{1.0,0.0,384}, type=None
  Initialized transformer.h.6.attn.c_attn.blocks.1.weight (1024, 1024) on G_{1.0,0.0,384}

Initializing transformer.h.6.attn.c_attn.blocks.2.: k=1, G_{1.0,0.0,384}, type=None
  Initialized transformer.h.6.attn.c_attn.blocks.2.weight (1024, 1024) on G_{1.0,0.0,384}

Initializing transformer.h.6.mlp.c_fc.blocks.0.: k=1, G_{1.0,0.0,384}, type=None
  Initialized transformer.h.5.mlp.c_fc.blocks.3.weight (1024, 1024) on G_{1.0,0.0,384}

Initializing transformer.h.6.attn.c_attn.blocks.0.: k=1, G_{1.0,0.0,384}, type=None
  Initialized transformer.h.6.attn.c_attn.blocks.2.weight (1024, 1024) on G_{1.0,0.0,384}

Initializing transformer.h.6.mlp.c_fc.blocks.0.: k=1, G_{1.0,0.0,384}, type=None
  Initialized transformer.h.6.mlp.c_fc.blocks.0.weight (1024, 1024) on G_{1.0,0.0,384}

Initializing transformer.h.6.mlp.c_fc.blocks.1.: k=1, G_{1.0,0.0,384}, type=None
  Initialized transformer.h.6.attn.c_attn.blocks.0.weight (1024, 1024) on G_{1.0,0.0,384}

Initializing transformer.h.6.attn.c_attn.blocks.1.: k=1, G_{1.0,0.0,384}, type=None
  Initialized transformer.h.6.mlp.c_fc.blocks.0.weight (1024, 1024) on G_{1.0,0.0,384}

Initializing transformer.h.6.mlp.c_fc.blocks.1.: k=1, G_{1.0,0.0,384}, type=None
  Initialized transformer.h.6.mlp.c_fc.blocks.1.weight (1024, 1024) on G_{1.0,0.0,384}

Initializing transformer.h.6.mlp.c_fc.blocks.2.: k=1, G_{1.0,0.0,384}, type=None
  Initialized transformer.h.6.attn.c_attn.blocks.1.weight (1024, 1024) on G_{1.0,0.0,384}

Initializing transformer.h.6.attn.c_attn.blocks.2.: k=1, G_{1.0,0.0,384}, type=None
  Initialized transformer.h.6.mlp.c_fc.blocks.1.weight (1024, 1024) on G_{1.0,0.0,384}

Initializing transformer.h.6.mlp.c_fc.blocks.2.: k=1, G_{1.0,0.0,384}, type=None
  Initialized transformer.h.6.mlp.c_fc.blocks.2.weight (1024, 1024) on G_{1.0,0.0,384}

Initializing transformer.h.6.mlp.c_fc.blocks.3.: k=1, G_{1.0,0.0,384}, type=None
  Initialized transformer.h.6.attn.c_attn.blocks.2.weight (1024, 1024) on G_{1.0,0.0,384}

Initializing transformer.h.6.mlp.c_fc.blocks.0.: k=1, G_{1.0,0.0,384}, type=None
  Initialized transformer.h.6.mlp.c_fc.blocks.2.weight (1024, 1024) on G_{1.0,0.0,384}

Initializing transformer.h.6.mlp.c_fc.blocks.3.: k=1, G_{1.0,0.0,384}, type=None
  Initialized transformer.h.6.mlp.c_fc.blocks.3.weight (1024, 1024) on G_{1.0,0.0,384}

Initializing transformer.h.7.attn.c_attn.blocks.0.: k=1, G_{1.0,0.0,384}, type=None
  Initialized transformer.h.6.mlp.c_fc.blocks.0.weight (1024, 1024) on G_{1.0,0.0,384}

Initializing transformer.h.6.mlp.c_fc.blocks.1.: k=1, G_{1.0,0.0,384}, type=None
  Initialized transformer.h.6.mlp.c_fc.blocks.3.weight (1024, 1024) on G_{1.0,0.0,384}

Initializing transformer.h.7.attn.c_attn.blocks.0.: k=1, G_{1.0,0.0,384}, type=None
  Initialized transformer.h.7.attn.c_attn.blocks.0.weight (1024, 1024) on G_{1.0,0.0,384}

Initializing transformer.h.7.attn.c_attn.blocks.1.: k=1, G_{1.0,0.0,384}, type=None
  Initialized transformer.h.6.mlp.c_fc.blocks.1.weight (1024, 1024) on G_{1.0,0.0,384}

Initializing transformer.h.6.mlp.c_fc.blocks.2.: k=1, G_{1.0,0.0,384}, type=None
  Initialized transformer.h.7.attn.c_attn.blocks.0.weight (1024, 1024) on G_{1.0,0.0,384}

Initializing transformer.h.7.attn.c_attn.blocks.1.: k=1, G_{1.0,0.0,384}, type=None
  Initialized transformer.h.7.attn.c_attn.blocks.1.weight (1024, 1024) on G_{1.0,0.0,384}

Initializing transformer.h.7.attn.c_attn.blocks.2.: k=1, G_{1.0,0.0,384}, type=None
  Initialized transformer.h.6.mlp.c_fc.blocks.2.weight (1024, 1024) on G_{1.0,0.0,384}

Initializing transformer.h.6.mlp.c_fc.blocks.3.: k=1, G_{1.0,0.0,384}, type=None
  Initialized transformer.h.7.attn.c_attn.blocks.1.weight (1024, 1024) on G_{1.0,0.0,384}

Initializing transformer.h.7.attn.c_attn.blocks.2.: k=1, G_{1.0,0.0,384}, type=None
  Initialized transformer.h.7.attn.c_attn.blocks.2.weight (1024, 1024) on G_{1.0,0.0,384}

Initializing transformer.h.7.mlp.c_fc.blocks.0.: k=1, G_{1.0,0.0,384}, type=None
  Initialized transformer.h.6.mlp.c_fc.blocks.3.weight (1024, 1024) on G_{1.0,0.0,384}

Initializing transformer.h.7.attn.c_attn.blocks.0.: k=1, G_{1.0,0.0,384}, type=None
  Initialized transformer.h.7.attn.c_attn.blocks.2.weight (1024, 1024) on G_{1.0,0.0,384}

Initializing transformer.h.7.mlp.c_fc.blocks.0.: k=1, G_{1.0,0.0,384}, type=None
  Initialized transformer.h.7.mlp.c_fc.blocks.0.weight (1024, 1024) on G_{1.0,0.0,384}

Initializing transformer.h.7.mlp.c_fc.blocks.1.: k=1, G_{1.0,0.0,384}, type=None
  Initialized transformer.h.7.attn.c_attn.blocks.0.weight (1024, 1024) on G_{1.0,0.0,384}

Initializing transformer.h.7.attn.c_attn.blocks.1.: k=1, G_{1.0,0.0,384}, type=None
  Initialized transformer.h.7.mlp.c_fc.blocks.0.weight (1024, 1024) on G_{1.0,0.0,384}

Initializing transformer.h.7.mlp.c_fc.blocks.1.: k=1, G_{1.0,0.0,384}, type=None
  Initialized transformer.h.7.mlp.c_fc.blocks.1.weight (1024, 1024) on G_{1.0,0.0,384}

Initializing transformer.h.7.mlp.c_fc.blocks.2.: k=1, G_{1.0,0.0,384}, type=None
  Initialized transformer.h.7.attn.c_attn.blocks.1.weight (1024, 1024) on G_{1.0,0.0,384}

Initializing transformer.h.7.attn.c_attn.blocks.2.: k=1, G_{1.0,0.0,384}, type=None
  Initialized transformer.h.7.mlp.c_fc.blocks.1.weight (1024, 1024) on G_{1.0,0.0,384}

Initializing transformer.h.7.mlp.c_fc.blocks.2.: k=1, G_{1.0,0.0,384}, type=None
  Initialized transformer.h.7.mlp.c_fc.blocks.2.weight (1024, 1024) on G_{1.0,0.0,384}

Initializing transformer.h.7.mlp.c_fc.blocks.3.: k=1, G_{1.0,0.0,384}, type=None
  Initialized transformer.h.7.attn.c_attn.blocks.2.weight (1024, 1024) on G_{1.0,0.0,384}

Initializing transformer.h.7.mlp.c_fc.blocks.0.: k=1, G_{1.0,0.0,384}, type=None
  Initialized transformer.h.7.mlp.c_fc.blocks.2.weight (1024, 1024) on G_{1.0,0.0,384}

Initializing transformer.h.7.mlp.c_fc.blocks.3.: k=1, G_{1.0,0.0,384}, type=None
  Initialized transformer.h.7.mlp.c_fc.blocks.3.weight (1024, 1024) on G_{1.0,0.0,384}

Initializing transformer.h.8.attn.c_attn.blocks.0.: k=1, G_{1.0,0.0,384}, type=None
  Initialized transformer.h.7.mlp.c_fc.blocks.0.weight (1024, 1024) on G_{1.0,0.0,384}

Initializing transformer.h.7.mlp.c_fc.blocks.1.: k=1, G_{1.0,0.0,384}, type=None
  Initialized transformer.h.7.mlp.c_fc.blocks.3.weight (1024, 1024) on G_{1.0,0.0,384}

Initializing transformer.h.8.attn.c_attn.blocks.0.: k=1, G_{1.0,0.0,384}, type=None
  Initialized transformer.h.8.attn.c_attn.blocks.0.weight (1024, 1024) on G_{1.0,0.0,384}

Initializing transformer.h.8.attn.c_attn.blocks.1.: k=1, G_{1.0,0.0,384}, type=None
  Initialized transformer.h.7.mlp.c_fc.blocks.1.weight (1024, 1024) on G_{1.0,0.0,384}

Initializing transformer.h.7.mlp.c_fc.blocks.2.: k=1, G_{1.0,0.0,384}, type=None
  Initialized transformer.h.8.attn.c_attn.blocks.0.weight (1024, 1024) on G_{1.0,0.0,384}

Initializing transformer.h.8.attn.c_attn.blocks.1.: k=1, G_{1.0,0.0,384}, type=None
  Initialized transformer.h.8.attn.c_attn.blocks.1.weight (1024, 1024) on G_{1.0,0.0,384}

Initializing transformer.h.8.attn.c_attn.blocks.2.: k=1, G_{1.0,0.0,384}, type=None
  Initialized transformer.h.7.mlp.c_fc.blocks.2.weight (1024, 1024) on G_{1.0,0.0,384}

Initializing transformer.h.7.mlp.c_fc.blocks.3.: k=1, G_{1.0,0.0,384}, type=None
  Initialized transformer.h.8.attn.c_attn.blocks.1.weight (1024, 1024) on G_{1.0,0.0,384}

Initializing transformer.h.8.attn.c_attn.blocks.2.: k=1, G_{1.0,0.0,384}, type=None
  Initialized transformer.h.8.attn.c_attn.blocks.2.weight (1024, 1024) on G_{1.0,0.0,384}

Initializing transformer.h.8.mlp.c_fc.blocks.0.: k=1, G_{1.0,0.0,384}, type=None
  Initialized transformer.h.7.mlp.c_fc.blocks.3.weight (1024, 1024) on G_{1.0,0.0,384}

Initializing transformer.h.8.attn.c_attn.blocks.0.: k=1, G_{1.0,0.0,384}, type=None
  Initialized transformer.h.8.attn.c_attn.blocks.2.weight (1024, 1024) on G_{1.0,0.0,384}

Initializing transformer.h.8.mlp.c_fc.blocks.0.: k=1, G_{1.0,0.0,384}, type=None
  Initialized transformer.h.8.mlp.c_fc.blocks.0.weight (1024, 1024) on G_{1.0,0.0,384}

Initializing transformer.h.8.mlp.c_fc.blocks.1.: k=1, G_{1.0,0.0,384}, type=None
  Initialized transformer.h.8.attn.c_attn.blocks.0.weight (1024, 1024) on G_{1.0,0.0,384}

Initializing transformer.h.8.attn.c_attn.blocks.1.: k=1, G_{1.0,0.0,384}, type=None
  Initialized transformer.h.8.mlp.c_fc.blocks.0.weight (1024, 1024) on G_{1.0,0.0,384}

Initializing transformer.h.8.mlp.c_fc.blocks.1.: k=1, G_{1.0,0.0,384}, type=None
  Initialized transformer.h.8.mlp.c_fc.blocks.1.weight (1024, 1024) on G_{1.0,0.0,384}

Initializing transformer.h.8.mlp.c_fc.blocks.2.: k=1, G_{1.0,0.0,384}, type=None
  Initialized transformer.h.8.attn.c_attn.blocks.1.weight (1024, 1024) on G_{1.0,0.0,384}

Initializing transformer.h.8.attn.c_attn.blocks.2.: k=1, G_{1.0,0.0,384}, type=None
  Initialized transformer.h.8.mlp.c_fc.blocks.1.weight (1024, 1024) on G_{1.0,0.0,384}

Initializing transformer.h.8.mlp.c_fc.blocks.2.: k=1, G_{1.0,0.0,384}, type=None
  Initialized transformer.h.8.mlp.c_fc.blocks.2.weight (1024, 1024) on G_{1.0,0.0,384}

Initializing transformer.h.8.mlp.c_fc.blocks.3.: k=1, G_{1.0,0.0,384}, type=None
  Initialized transformer.h.8.attn.c_attn.blocks.2.weight (1024, 1024) on G_{1.0,0.0,384}

Initializing transformer.h.8.mlp.c_fc.blocks.0.: k=1, G_{1.0,0.0,384}, type=None
  Initialized transformer.h.8.mlp.c_fc.blocks.2.weight (1024, 1024) on G_{1.0,0.0,384}

Initializing transformer.h.8.mlp.c_fc.blocks.3.: k=1, G_{1.0,0.0,384}, type=None
  Initialized transformer.h.8.mlp.c_fc.blocks.3.weight (1024, 1024) on G_{1.0,0.0,384}

Initializing transformer.h.9.attn.c_attn.blocks.0.: k=1, G_{1.0,0.0,384}, type=None
  Initialized transformer.h.8.mlp.c_fc.blocks.0.weight (1024, 1024) on G_{1.0,0.0,384}

Initializing transformer.h.8.mlp.c_fc.blocks.1.: k=1, G_{1.0,0.0,384}, type=None
  Initialized transformer.h.8.mlp.c_fc.blocks.3.weight (1024, 1024) on G_{1.0,0.0,384}

Initializing transformer.h.9.attn.c_attn.blocks.0.: k=1, G_{1.0,0.0,384}, type=None
  Initialized transformer.h.9.attn.c_attn.blocks.0.weight (1024, 1024) on G_{1.0,0.0,384}

Initializing transformer.h.9.attn.c_attn.blocks.1.: k=1, G_{1.0,0.0,384}, type=None
  Initialized transformer.h.8.mlp.c_fc.blocks.1.weight (1024, 1024) on G_{1.0,0.0,384}

Initializing transformer.h.8.mlp.c_fc.blocks.2.: k=1, G_{1.0,0.0,384}, type=None
  Initialized transformer.h.9.attn.c_attn.blocks.0.weight (1024, 1024) on G_{1.0,0.0,384}

Initializing transformer.h.9.attn.c_attn.blocks.1.: k=1, G_{1.0,0.0,384}, type=None
  Initialized transformer.h.9.attn.c_attn.blocks.1.weight (1024, 1024) on G_{1.0,0.0,384}

Initializing transformer.h.9.attn.c_attn.blocks.2.: k=1, G_{1.0,0.0,384}, type=None
  Initialized transformer.h.8.mlp.c_fc.blocks.2.weight (1024, 1024) on G_{1.0,0.0,384}

Initializing transformer.h.8.mlp.c_fc.blocks.3.: k=1, G_{1.0,0.0,384}, type=None
  Initialized transformer.h.9.attn.c_attn.blocks.1.weight (1024, 1024) on G_{1.0,0.0,384}

Initializing transformer.h.9.attn.c_attn.blocks.2.: k=1, G_{1.0,0.0,384}, type=None
  Initialized transformer.h.9.attn.c_attn.blocks.2.weight (1024, 1024) on G_{1.0,0.0,384}

Initializing transformer.h.9.mlp.c_fc.blocks.0.: k=1, G_{1.0,0.0,384}, type=None
  Initialized transformer.h.8.mlp.c_fc.blocks.3.weight (1024, 1024) on G_{1.0,0.0,384}

Initializing transformer.h.9.attn.c_attn.blocks.0.: k=1, G_{1.0,0.0,384}, type=None
  Initialized transformer.h.9.attn.c_attn.blocks.2.weight (1024, 1024) on G_{1.0,0.0,384}

Initializing transformer.h.9.mlp.c_fc.blocks.0.: k=1, G_{1.0,0.0,384}, type=None
  Initialized transformer.h.9.mlp.c_fc.blocks.0.weight (1024, 1024) on G_{1.0,0.0,384}

Initializing transformer.h.9.mlp.c_fc.blocks.1.: k=1, G_{1.0,0.0,384}, type=None
  Initialized transformer.h.9.attn.c_attn.blocks.0.weight (1024, 1024) on G_{1.0,0.0,384}

Initializing transformer.h.9.attn.c_attn.blocks.1.: k=1, G_{1.0,0.0,384}, type=None
  Initialized transformer.h.9.mlp.c_fc.blocks.0.weight (1024, 1024) on G_{1.0,0.0,384}

Initializing transformer.h.9.mlp.c_fc.blocks.1.: k=1, G_{1.0,0.0,384}, type=None
  Initialized transformer.h.9.mlp.c_fc.blocks.1.weight (1024, 1024) on G_{1.0,0.0,384}

Initializing transformer.h.9.mlp.c_fc.blocks.2.: k=1, G_{1.0,0.0,384}, type=None
  Initialized transformer.h.9.attn.c_attn.blocks.1.weight (1024, 1024) on G_{1.0,0.0,384}

Initializing transformer.h.9.attn.c_attn.blocks.2.: k=1, G_{1.0,0.0,384}, type=None
  Initialized transformer.h.9.mlp.c_fc.blocks.1.weight (1024, 1024) on G_{1.0,0.0,384}

Initializing transformer.h.9.mlp.c_fc.blocks.2.: k=1, G_{1.0,0.0,384}, type=None
  Initialized transformer.h.9.mlp.c_fc.blocks.2.weight (1024, 1024) on G_{1.0,0.0,384}

Initializing transformer.h.9.mlp.c_fc.blocks.3.: k=1, G_{1.0,0.0,384}, type=None
  Initialized transformer.h.9.attn.c_attn.blocks.2.weight (1024, 1024) on G_{1.0,0.0,384}

Initializing transformer.h.9.mlp.c_fc.blocks.0.: k=1, G_{1.0,0.0,384}, type=None
  Initialized transformer.h.9.mlp.c_fc.blocks.2.weight (1024, 1024) on G_{1.0,0.0,384}

Initializing transformer.h.9.mlp.c_fc.blocks.3.: k=1, G_{1.0,0.0,384}, type=None
  Initialized transformer.h.9.mlp.c_fc.blocks.3.weight (1024, 1024) on G_{1.0,0.0,384}

Initializing transformer.h.10.attn.c_attn.blocks.0.: k=1, G_{1.0,0.0,384}, type=None
  Initialized transformer.h.9.mlp.c_fc.blocks.0.weight (1024, 1024) on G_{1.0,0.0,384}

Initializing transformer.h.9.mlp.c_fc.blocks.1.: k=1, G_{1.0,0.0,384}, type=None
  Initialized transformer.h.9.mlp.c_fc.blocks.3.weight (1024, 1024) on G_{1.0,0.0,384}

Initializing transformer.h.10.attn.c_attn.blocks.0.: k=1, G_{1.0,0.0,384}, type=None
  Initialized transformer.h.10.attn.c_attn.blocks.0.weight (1024, 1024) on G_{1.0,0.0,384}

Initializing transformer.h.10.attn.c_attn.blocks.1.: k=1, G_{1.0,0.0,384}, type=None
  Initialized transformer.h.9.mlp.c_fc.blocks.1.weight (1024, 1024) on G_{1.0,0.0,384}

Initializing transformer.h.9.mlp.c_fc.blocks.2.: k=1, G_{1.0,0.0,384}, type=None
  Initialized transformer.h.10.attn.c_attn.blocks.0.weight (1024, 1024) on G_{1.0,0.0,384}

Initializing transformer.h.10.attn.c_attn.blocks.1.: k=1, G_{1.0,0.0,384}, type=None
  Initialized transformer.h.10.attn.c_attn.blocks.1.weight (1024, 1024) on G_{1.0,0.0,384}

Initializing transformer.h.10.attn.c_attn.blocks.2.: k=1, G_{1.0,0.0,384}, type=None
  Initialized transformer.h.9.mlp.c_fc.blocks.2.weight (1024, 1024) on G_{1.0,0.0,384}

Initializing transformer.h.9.mlp.c_fc.blocks.3.: k=1, G_{1.0,0.0,384}, type=None
  Initialized transformer.h.10.attn.c_attn.blocks.1.weight (1024, 1024) on G_{1.0,0.0,384}

Initializing transformer.h.10.attn.c_attn.blocks.2.: k=1, G_{1.0,0.0,384}, type=None
  Initialized transformer.h.10.attn.c_attn.blocks.2.weight (1024, 1024) on G_{1.0,0.0,384}

Initializing transformer.h.10.mlp.c_fc.blocks.0.: k=1, G_{1.0,0.0,384}, type=None
  Initialized transformer.h.9.mlp.c_fc.blocks.3.weight (1024, 1024) on G_{1.0,0.0,384}

Initializing transformer.h.10.attn.c_attn.blocks.0.: k=1, G_{1.0,0.0,384}, type=None
  Initialized transformer.h.10.attn.c_attn.blocks.2.weight (1024, 1024) on G_{1.0,0.0,384}

Initializing transformer.h.10.mlp.c_fc.blocks.0.: k=1, G_{1.0,0.0,384}, type=None
  Initialized transformer.h.10.mlp.c_fc.blocks.0.weight (1024, 1024) on G_{1.0,0.0,384}

Initializing transformer.h.10.mlp.c_fc.blocks.1.: k=1, G_{1.0,0.0,384}, type=None
  Initialized transformer.h.10.attn.c_attn.blocks.0.weight (1024, 1024) on G_{1.0,0.0,384}

Initializing transformer.h.10.attn.c_attn.blocks.1.: k=1, G_{1.0,0.0,384}, type=None
  Initialized transformer.h.10.mlp.c_fc.blocks.0.weight (1024, 1024) on G_{1.0,0.0,384}

Initializing transformer.h.10.mlp.c_fc.blocks.1.: k=1, G_{1.0,0.0,384}, type=None
  Initialized transformer.h.10.mlp.c_fc.blocks.1.weight (1024, 1024) on G_{1.0,0.0,384}

Initializing transformer.h.10.mlp.c_fc.blocks.2.: k=1, G_{1.0,0.0,384}, type=None
  Initialized transformer.h.10.attn.c_attn.blocks.1.weight (1024, 1024) on G_{1.0,0.0,384}
  Initialized transformer.h.10.mlp.c_fc.blocks.1.weight (1024, 1024) on G_{1.0,0.0,384}

Initializing transformer.h.10.attn.c_attn.blocks.2.: k=1, G_{1.0,0.0,384}, type=None

Initializing transformer.h.10.mlp.c_fc.blocks.2.: k=1, G_{1.0,0.0,384}, type=None
  Initialized transformer.h.10.mlp.c_fc.blocks.2.weight (1024, 1024) on G_{1.0,0.0,384}

Initializing transformer.h.10.mlp.c_fc.blocks.3.: k=1, G_{1.0,0.0,384}, type=None
  Initialized transformer.h.10.attn.c_attn.blocks.2.weight (1024, 1024) on G_{1.0,0.0,384}
  Initialized transformer.h.10.mlp.c_fc.blocks.2.weight (1024, 1024) on G_{1.0,0.0,384}

Initializing transformer.h.10.mlp.c_fc.blocks.0.: k=1, G_{1.0,0.0,384}, type=None

Initializing transformer.h.10.mlp.c_fc.blocks.3.: k=1, G_{1.0,0.0,384}, type=None
  Initialized transformer.h.10.mlp.c_fc.blocks.3.weight (1024, 1024) on G_{1.0,0.0,384}

Initializing transformer.h.11.attn.c_attn.blocks.0.: k=1, G_{1.0,0.0,384}, type=None
  Initialized transformer.h.10.mlp.c_fc.blocks.0.weight (1024, 1024) on G_{1.0,0.0,384}
  Initialized transformer.h.10.mlp.c_fc.blocks.3.weight (1024, 1024) on G_{1.0,0.0,384}

Initializing transformer.h.10.mlp.c_fc.blocks.1.: k=1, G_{1.0,0.0,384}, type=None

Initializing transformer.h.11.attn.c_attn.blocks.0.: k=1, G_{1.0,0.0,384}, type=None
  Initialized transformer.h.11.attn.c_attn.blocks.0.weight (1024, 1024) on G_{1.0,0.0,384}

Initializing transformer.h.11.attn.c_attn.blocks.1.: k=1, G_{1.0,0.0,384}, type=None
  Initialized transformer.h.10.mlp.c_fc.blocks.1.weight (1024, 1024) on G_{1.0,0.0,384}
  Initialized transformer.h.11.attn.c_attn.blocks.0.weight (1024, 1024) on G_{1.0,0.0,384}

Initializing transformer.h.10.mlp.c_fc.blocks.2.: k=1, G_{1.0,0.0,384}, type=None

Initializing transformer.h.11.attn.c_attn.blocks.1.: k=1, G_{1.0,0.0,384}, type=None
  Initialized transformer.h.11.attn.c_attn.blocks.1.weight (1024, 1024) on G_{1.0,0.0,384}

Initializing transformer.h.11.attn.c_attn.blocks.2.: k=1, G_{1.0,0.0,384}, type=None
  Initialized transformer.h.10.mlp.c_fc.blocks.2.weight (1024, 1024) on G_{1.0,0.0,384}
  Initialized transformer.h.11.attn.c_attn.blocks.1.weight (1024, 1024) on G_{1.0,0.0,384}

Initializing transformer.h.10.mlp.c_fc.blocks.3.: k=1, G_{1.0,0.0,384}, type=None

Initializing transformer.h.11.attn.c_attn.blocks.2.: k=1, G_{1.0,0.0,384}, type=None
  Initialized transformer.h.11.attn.c_attn.blocks.2.weight (1024, 1024) on G_{1.0,0.0,384}

Initializing transformer.h.11.mlp.c_fc.blocks.0.: k=1, G_{1.0,0.0,384}, type=None
  Initialized transformer.h.11.attn.c_attn.blocks.2.weight (1024, 1024) on G_{1.0,0.0,384}
  Initialized transformer.h.10.mlp.c_fc.blocks.3.weight (1024, 1024) on G_{1.0,0.0,384}

Initializing transformer.h.11.mlp.c_fc.blocks.0.: k=1, G_{1.0,0.0,384}, type=None

Initializing transformer.h.11.attn.c_attn.blocks.0.: k=1, G_{1.0,0.0,384}, type=None
  Initialized transformer.h.11.mlp.c_fc.blocks.0.weight (1024, 1024) on G_{1.0,0.0,384}

Initializing transformer.h.11.mlp.c_fc.blocks.1.: k=1, G_{1.0,0.0,384}, type=None
  Initialized transformer.h.11.mlp.c_fc.blocks.0.weight (1024, 1024) on G_{1.0,0.0,384}
  Initialized transformer.h.11.attn.c_attn.blocks.0.weight (1024, 1024) on G_{1.0,0.0,384}

Initializing transformer.h.11.mlp.c_fc.blocks.1.: k=1, G_{1.0,0.0,384}, type=None

Initializing transformer.h.11.attn.c_attn.blocks.1.: k=1, G_{1.0,0.0,384}, type=None
  Initialized transformer.h.11.mlp.c_fc.blocks.1.weight (1024, 1024) on G_{1.0,0.0,384}

Initializing transformer.h.11.mlp.c_fc.blocks.2.: k=1, G_{1.0,0.0,384}, type=None
  Initialized transformer.h.11.mlp.c_fc.blocks.1.weight (1024, 1024) on G_{1.0,0.0,384}
  Initialized transformer.h.11.attn.c_attn.blocks.1.weight (1024, 1024) on G_{1.0,0.0,384}

Initializing transformer.h.11.mlp.c_fc.blocks.2.: k=1, G_{1.0,0.0,384}, type=None

Initializing transformer.h.11.attn.c_attn.blocks.2.: k=1, G_{1.0,0.0,384}, type=None
  Initialized transformer.h.11.mlp.c_fc.blocks.2.weight (1024, 1024) on G_{1.0,0.0,384}

Initializing transformer.h.11.mlp.c_fc.blocks.3.: k=1, G_{1.0,0.0,384}, type=None
  Initialized transformer.h.11.mlp.c_fc.blocks.2.weight (1024, 1024) on G_{1.0,0.0,384}
  Initialized transformer.h.11.attn.c_attn.blocks.2.weight (1024, 1024) on G_{1.0,0.0,384}

Initializing transformer.h.11.mlp.c_fc.blocks.3.: k=1, G_{1.0,0.0,384}, type=None

Initializing transformer.h.11.mlp.c_fc.blocks.0.: k=1, G_{1.0,0.0,384}, type=None
  Initialized transformer.h.11.mlp.c_fc.blocks.3.weight (1024, 1024) on G_{1.0,0.0,384}

Initializing transformer.h.12.attn.c_attn.blocks.0.: k=1, G_{1.0,0.0,384}, type=None
  Initialized transformer.h.11.mlp.c_fc.blocks.3.weight (1024, 1024) on G_{1.0,0.0,384}
  Initialized transformer.h.11.mlp.c_fc.blocks.0.weight (1024, 1024) on G_{1.0,0.0,384}

Initializing transformer.h.12.attn.c_attn.blocks.0.: k=1, G_{1.0,0.0,384}, type=None

Initializing transformer.h.11.mlp.c_fc.blocks.1.: k=1, G_{1.0,0.0,384}, type=None
  Initialized transformer.h.12.attn.c_attn.blocks.0.weight (1024, 1024) on G_{1.0,0.0,384}
  Initialized transformer.h.12.attn.c_attn.blocks.0.weight (1024, 1024) on G_{1.0,0.0,384}

Initializing transformer.h.12.attn.c_attn.blocks.1.: k=1, G_{1.0,0.0,384}, type=None

Initializing transformer.h.12.attn.c_attn.blocks.1.: k=1, G_{1.0,0.0,384}, type=None
  Initialized transformer.h.11.mlp.c_fc.blocks.1.weight (1024, 1024) on G_{1.0,0.0,384}

Initializing transformer.h.11.mlp.c_fc.blocks.2.: k=1, G_{1.0,0.0,384}, type=None
  Initialized transformer.h.12.attn.c_attn.blocks.1.weight (1024, 1024) on G_{1.0,0.0,384}
  Initialized transformer.h.12.attn.c_attn.blocks.1.weight (1024, 1024) on G_{1.0,0.0,384}

Initializing transformer.h.12.attn.c_attn.blocks.2.: k=1, G_{1.0,0.0,384}, type=None

Initializing transformer.h.12.attn.c_attn.blocks.2.: k=1, G_{1.0,0.0,384}, type=None
  Initialized transformer.h.11.mlp.c_fc.blocks.2.weight (1024, 1024) on G_{1.0,0.0,384}

Initializing transformer.h.11.mlp.c_fc.blocks.3.: k=1, G_{1.0,0.0,384}, type=None
  Initialized transformer.h.12.attn.c_attn.blocks.2.weight (1024, 1024) on G_{1.0,0.0,384}
  Initialized transformer.h.12.attn.c_attn.blocks.2.weight (1024, 1024) on G_{1.0,0.0,384}

Initializing transformer.h.12.mlp.c_fc.blocks.0.: k=1, G_{1.0,0.0,384}, type=None

Initializing transformer.h.12.mlp.c_fc.blocks.0.: k=1, G_{1.0,0.0,384}, type=None
  Initialized transformer.h.11.mlp.c_fc.blocks.3.weight (1024, 1024) on G_{1.0,0.0,384}

Initializing transformer.h.12.attn.c_attn.blocks.0.: k=1, G_{1.0,0.0,384}, type=None
  Initialized transformer.h.12.mlp.c_fc.blocks.0.weight (1024, 1024) on G_{1.0,0.0,384}
  Initialized transformer.h.12.mlp.c_fc.blocks.0.weight (1024, 1024) on G_{1.0,0.0,384}

Initializing transformer.h.12.mlp.c_fc.blocks.1.: k=1, G_{1.0,0.0,384}, type=None

Initializing transformer.h.12.mlp.c_fc.blocks.1.: k=1, G_{1.0,0.0,384}, type=None
  Initialized transformer.h.12.attn.c_attn.blocks.0.weight (1024, 1024) on G_{1.0,0.0,384}

Initializing transformer.h.12.attn.c_attn.blocks.1.: k=1, G_{1.0,0.0,384}, type=None
  Initialized transformer.h.12.mlp.c_fc.blocks.1.weight (1024, 1024) on G_{1.0,0.0,384}
  Initialized transformer.h.12.mlp.c_fc.blocks.1.weight (1024, 1024) on G_{1.0,0.0,384}

Initializing transformer.h.12.mlp.c_fc.blocks.2.: k=1, G_{1.0,0.0,384}, type=None

Initializing transformer.h.12.mlp.c_fc.blocks.2.: k=1, G_{1.0,0.0,384}, type=None
  Initialized transformer.h.12.attn.c_attn.blocks.1.weight (1024, 1024) on G_{1.0,0.0,384}

Initializing transformer.h.12.attn.c_attn.blocks.2.: k=1, G_{1.0,0.0,384}, type=None
  Initialized transformer.h.12.mlp.c_fc.blocks.2.weight (1024, 1024) on G_{1.0,0.0,384}
  Initialized transformer.h.12.mlp.c_fc.blocks.2.weight (1024, 1024) on G_{1.0,0.0,384}

Initializing transformer.h.12.mlp.c_fc.blocks.3.: k=1, G_{1.0,0.0,384}, type=None

Initializing transformer.h.12.mlp.c_fc.blocks.3.: k=1, G_{1.0,0.0,384}, type=None
  Initialized transformer.h.12.attn.c_attn.blocks.2.weight (1024, 1024) on G_{1.0,0.0,384}

Initializing transformer.h.12.mlp.c_fc.blocks.0.: k=1, G_{1.0,0.0,384}, type=None
  Initialized transformer.h.12.mlp.c_fc.blocks.3.weight (1024, 1024) on G_{1.0,0.0,384}

Initializing transformer.h.13.attn.c_attn.blocks.0.: k=1, G_{1.0,0.0,384}, type=None
  Initialized transformer.h.12.mlp.c_fc.blocks.3.weight (1024, 1024) on G_{1.0,0.0,384}

Initializing transformer.h.13.attn.c_attn.blocks.0.: k=1, G_{1.0,0.0,384}, type=None
  Initialized transformer.h.12.mlp.c_fc.blocks.0.weight (1024, 1024) on G_{1.0,0.0,384}

Initializing transformer.h.12.mlp.c_fc.blocks.1.: k=1, G_{1.0,0.0,384}, type=None
  Initialized transformer.h.13.attn.c_attn.blocks.0.weight (1024, 1024) on G_{1.0,0.0,384}

Initializing transformer.h.13.attn.c_attn.blocks.1.: k=1, G_{1.0,0.0,384}, type=None
  Initialized transformer.h.13.attn.c_attn.blocks.0.weight (1024, 1024) on G_{1.0,0.0,384}

Initializing transformer.h.13.attn.c_attn.blocks.1.: k=1, G_{1.0,0.0,384}, type=None
  Initialized transformer.h.12.mlp.c_fc.blocks.1.weight (1024, 1024) on G_{1.0,0.0,384}

Initializing transformer.h.12.mlp.c_fc.blocks.2.: k=1, G_{1.0,0.0,384}, type=None
  Initialized transformer.h.13.attn.c_attn.blocks.1.weight (1024, 1024) on G_{1.0,0.0,384}

Initializing transformer.h.13.attn.c_attn.blocks.2.: k=1, G_{1.0,0.0,384}, type=None
  Initialized transformer.h.13.attn.c_attn.blocks.1.weight (1024, 1024) on G_{1.0,0.0,384}

Initializing transformer.h.13.attn.c_attn.blocks.2.: k=1, G_{1.0,0.0,384}, type=None
  Initialized transformer.h.12.mlp.c_fc.blocks.2.weight (1024, 1024) on G_{1.0,0.0,384}

Initializing transformer.h.12.mlp.c_fc.blocks.3.: k=1, G_{1.0,0.0,384}, type=None
  Initialized transformer.h.13.attn.c_attn.blocks.2.weight (1024, 1024) on G_{1.0,0.0,384}

Initializing transformer.h.13.mlp.c_fc.blocks.0.: k=1, G_{1.0,0.0,384}, type=None
  Initialized transformer.h.13.attn.c_attn.blocks.2.weight (1024, 1024) on G_{1.0,0.0,384}

Initializing transformer.h.13.mlp.c_fc.blocks.0.: k=1, G_{1.0,0.0,384}, type=None
  Initialized transformer.h.12.mlp.c_fc.blocks.3.weight (1024, 1024) on G_{1.0,0.0,384}

Initializing transformer.h.13.attn.c_attn.blocks.0.: k=1, G_{1.0,0.0,384}, type=None
  Initialized transformer.h.13.mlp.c_fc.blocks.0.weight (1024, 1024) on G_{1.0,0.0,384}

Initializing transformer.h.13.mlp.c_fc.blocks.1.: k=1, G_{1.0,0.0,384}, type=None
  Initialized transformer.h.13.mlp.c_fc.blocks.0.weight (1024, 1024) on G_{1.0,0.0,384}

Initializing transformer.h.13.mlp.c_fc.blocks.1.: k=1, G_{1.0,0.0,384}, type=None
  Initialized transformer.h.13.attn.c_attn.blocks.0.weight (1024, 1024) on G_{1.0,0.0,384}

Initializing transformer.h.13.attn.c_attn.blocks.1.: k=1, G_{1.0,0.0,384}, type=None
  Initialized transformer.h.13.mlp.c_fc.blocks.1.weight (1024, 1024) on G_{1.0,0.0,384}

Initializing transformer.h.13.mlp.c_fc.blocks.2.: k=1, G_{1.0,0.0,384}, type=None
  Initialized transformer.h.13.mlp.c_fc.blocks.1.weight (1024, 1024) on G_{1.0,0.0,384}

Initializing transformer.h.13.mlp.c_fc.blocks.2.: k=1, G_{1.0,0.0,384}, type=None
  Initialized transformer.h.13.attn.c_attn.blocks.1.weight (1024, 1024) on G_{1.0,0.0,384}

Initializing transformer.h.13.attn.c_attn.blocks.2.: k=1, G_{1.0,0.0,384}, type=None
  Initialized transformer.h.13.mlp.c_fc.blocks.2.weight (1024, 1024) on G_{1.0,0.0,384}

Initializing transformer.h.13.mlp.c_fc.blocks.3.: k=1, G_{1.0,0.0,384}, type=None
  Initialized transformer.h.13.mlp.c_fc.blocks.2.weight (1024, 1024) on G_{1.0,0.0,384}

Initializing transformer.h.13.mlp.c_fc.blocks.3.: k=1, G_{1.0,0.0,384}, type=None
  Initialized transformer.h.13.attn.c_attn.blocks.2.weight (1024, 1024) on G_{1.0,0.0,384}

Initializing transformer.h.13.mlp.c_fc.blocks.0.: k=1, G_{1.0,0.0,384}, type=None
  Initialized transformer.h.13.mlp.c_fc.blocks.3.weight (1024, 1024) on G_{1.0,0.0,384}

Initializing transformer.h.14.attn.c_attn.blocks.0.: k=1, G_{1.0,0.0,384}, type=None
  Initialized transformer.h.13.mlp.c_fc.blocks.3.weight (1024, 1024) on G_{1.0,0.0,384}
  Initialized transformer.h.13.mlp.c_fc.blocks.0.weight (1024, 1024) on G_{1.0,0.0,384}

Initializing transformer.h.14.attn.c_attn.blocks.0.: k=1, G_{1.0,0.0,384}, type=None

Initializing transformer.h.13.mlp.c_fc.blocks.1.: k=1, G_{1.0,0.0,384}, type=None
  Initialized transformer.h.14.attn.c_attn.blocks.0.weight (1024, 1024) on G_{1.0,0.0,384}

Initializing transformer.h.14.attn.c_attn.blocks.1.: k=1, G_{1.0,0.0,384}, type=None
  Initialized transformer.h.14.attn.c_attn.blocks.0.weight (1024, 1024) on G_{1.0,0.0,384}

Initializing transformer.h.14.attn.c_attn.blocks.1.: k=1, G_{1.0,0.0,384}, type=None
  Initialized transformer.h.13.mlp.c_fc.blocks.1.weight (1024, 1024) on G_{1.0,0.0,384}

Initializing transformer.h.13.mlp.c_fc.blocks.2.: k=1, G_{1.0,0.0,384}, type=None
  Initialized transformer.h.14.attn.c_attn.blocks.1.weight (1024, 1024) on G_{1.0,0.0,384}

Initializing transformer.h.14.attn.c_attn.blocks.2.: k=1, G_{1.0,0.0,384}, type=None
  Initialized transformer.h.14.attn.c_attn.blocks.1.weight (1024, 1024) on G_{1.0,0.0,384}
  Initialized transformer.h.13.mlp.c_fc.blocks.2.weight (1024, 1024) on G_{1.0,0.0,384}

Initializing transformer.h.14.attn.c_attn.blocks.2.: k=1, G_{1.0,0.0,384}, type=None

Initializing transformer.h.13.mlp.c_fc.blocks.3.: k=1, G_{1.0,0.0,384}, type=None
  Initialized transformer.h.14.attn.c_attn.blocks.2.weight (1024, 1024) on G_{1.0,0.0,384}

Initializing transformer.h.14.mlp.c_fc.blocks.0.: k=1, G_{1.0,0.0,384}, type=None
  Initialized transformer.h.14.attn.c_attn.blocks.2.weight (1024, 1024) on G_{1.0,0.0,384}
  Initialized transformer.h.13.mlp.c_fc.blocks.3.weight (1024, 1024) on G_{1.0,0.0,384}

Initializing transformer.h.14.mlp.c_fc.blocks.0.: k=1, G_{1.0,0.0,384}, type=None

Initializing transformer.h.14.attn.c_attn.blocks.0.: k=1, G_{1.0,0.0,384}, type=None
  Initialized transformer.h.14.mlp.c_fc.blocks.0.weight (1024, 1024) on G_{1.0,0.0,384}

Initializing transformer.h.14.mlp.c_fc.blocks.1.: k=1, G_{1.0,0.0,384}, type=None
  Initialized transformer.h.14.mlp.c_fc.blocks.0.weight (1024, 1024) on G_{1.0,0.0,384}
  Initialized transformer.h.14.attn.c_attn.blocks.0.weight (1024, 1024) on G_{1.0,0.0,384}

Initializing transformer.h.14.mlp.c_fc.blocks.1.: k=1, G_{1.0,0.0,384}, type=None

Initializing transformer.h.14.attn.c_attn.blocks.1.: k=1, G_{1.0,0.0,384}, type=None
  Initialized transformer.h.14.mlp.c_fc.blocks.1.weight (1024, 1024) on G_{1.0,0.0,384}

Initializing transformer.h.14.mlp.c_fc.blocks.2.: k=1, G_{1.0,0.0,384}, type=None
  Initialized transformer.h.14.mlp.c_fc.blocks.1.weight (1024, 1024) on G_{1.0,0.0,384}
  Initialized transformer.h.14.attn.c_attn.blocks.1.weight (1024, 1024) on G_{1.0,0.0,384}

Initializing transformer.h.14.mlp.c_fc.blocks.2.: k=1, G_{1.0,0.0,384}, type=None

Initializing transformer.h.14.attn.c_attn.blocks.2.: k=1, G_{1.0,0.0,384}, type=None
  Initialized transformer.h.14.mlp.c_fc.blocks.2.weight (1024, 1024) on G_{1.0,0.0,384}

Initializing transformer.h.14.mlp.c_fc.blocks.3.: k=1, G_{1.0,0.0,384}, type=None
  Initialized transformer.h.14.mlp.c_fc.blocks.2.weight (1024, 1024) on G_{1.0,0.0,384}
  Initialized transformer.h.14.attn.c_attn.blocks.2.weight (1024, 1024) on G_{1.0,0.0,384}

Initializing transformer.h.14.mlp.c_fc.blocks.3.: k=1, G_{1.0,0.0,384}, type=None

Initializing transformer.h.14.mlp.c_fc.blocks.0.: k=1, G_{1.0,0.0,384}, type=None
  Initialized transformer.h.14.mlp.c_fc.blocks.3.weight (1024, 1024) on G_{1.0,0.0,384}

Initializing transformer.h.15.attn.c_attn.blocks.0.: k=1, G_{1.0,0.0,384}, type=None
  Initialized transformer.h.14.mlp.c_fc.blocks.3.weight (1024, 1024) on G_{1.0,0.0,384}
  Initialized transformer.h.14.mlp.c_fc.blocks.0.weight (1024, 1024) on G_{1.0,0.0,384}

Initializing transformer.h.15.attn.c_attn.blocks.0.: k=1, G_{1.0,0.0,384}, type=None

Initializing transformer.h.14.mlp.c_fc.blocks.1.: k=1, G_{1.0,0.0,384}, type=None
  Initialized transformer.h.15.attn.c_attn.blocks.0.weight (1024, 1024) on G_{1.0,0.0,384}

Initializing transformer.h.15.attn.c_attn.blocks.1.: k=1, G_{1.0,0.0,384}, type=None
  Initialized transformer.h.15.attn.c_attn.blocks.0.weight (1024, 1024) on G_{1.0,0.0,384}
  Initialized transformer.h.14.mlp.c_fc.blocks.1.weight (1024, 1024) on G_{1.0,0.0,384}

Initializing transformer.h.15.attn.c_attn.blocks.1.: k=1, G_{1.0,0.0,384}, type=None

Initializing transformer.h.14.mlp.c_fc.blocks.2.: k=1, G_{1.0,0.0,384}, type=None
  Initialized transformer.h.15.attn.c_attn.blocks.1.weight (1024, 1024) on G_{1.0,0.0,384}

Initializing transformer.h.15.attn.c_attn.blocks.2.: k=1, G_{1.0,0.0,384}, type=None
  Initialized transformer.h.15.attn.c_attn.blocks.1.weight (1024, 1024) on G_{1.0,0.0,384}
  Initialized transformer.h.14.mlp.c_fc.blocks.2.weight (1024, 1024) on G_{1.0,0.0,384}

Initializing transformer.h.15.attn.c_attn.blocks.2.: k=1, G_{1.0,0.0,384}, type=None

Initializing transformer.h.14.mlp.c_fc.blocks.3.: k=1, G_{1.0,0.0,384}, type=None
  Initialized transformer.h.15.attn.c_attn.blocks.2.weight (1024, 1024) on G_{1.0,0.0,384}

Initializing transformer.h.15.mlp.c_fc.blocks.0.: k=1, G_{1.0,0.0,384}, type=None
  Initialized transformer.h.15.attn.c_attn.blocks.2.weight (1024, 1024) on G_{1.0,0.0,384}
  Initialized transformer.h.14.mlp.c_fc.blocks.3.weight (1024, 1024) on G_{1.0,0.0,384}

Initializing transformer.h.15.mlp.c_fc.blocks.0.: k=1, G_{1.0,0.0,384}, type=None

Initializing transformer.h.15.attn.c_attn.blocks.0.: k=1, G_{1.0,0.0,384}, type=None
  Initialized transformer.h.15.mlp.c_fc.blocks.0.weight (1024, 1024) on G_{1.0,0.0,384}

Initializing transformer.h.15.mlp.c_fc.blocks.1.: k=1, G_{1.0,0.0,384}, type=None
  Initialized transformer.h.15.mlp.c_fc.blocks.0.weight (1024, 1024) on G_{1.0,0.0,384}  Initialized transformer.h.15.attn.c_attn.blocks.0.weight (1024, 1024) on G_{1.0,0.0,384}


Initializing transformer.h.15.mlp.c_fc.blocks.1.: k=1, G_{1.0,0.0,384}, type=None

Initializing transformer.h.15.attn.c_attn.blocks.1.: k=1, G_{1.0,0.0,384}, type=None
  Initialized transformer.h.15.mlp.c_fc.blocks.1.weight (1024, 1024) on G_{1.0,0.0,384}

Initializing transformer.h.15.mlp.c_fc.blocks.2.: k=1, G_{1.0,0.0,384}, type=None
  Initialized transformer.h.15.attn.c_attn.blocks.1.weight (1024, 1024) on G_{1.0,0.0,384}
  Initialized transformer.h.15.mlp.c_fc.blocks.1.weight (1024, 1024) on G_{1.0,0.0,384}

Initializing transformer.h.15.attn.c_attn.blocks.2.: k=1, G_{1.0,0.0,384}, type=None

Initializing transformer.h.15.mlp.c_fc.blocks.2.: k=1, G_{1.0,0.0,384}, type=None
  Initialized transformer.h.15.mlp.c_fc.blocks.2.weight (1024, 1024) on G_{1.0,0.0,384}

Initializing transformer.h.15.mlp.c_fc.blocks.3.: k=1, G_{1.0,0.0,384}, type=None
  Initialized transformer.h.15.attn.c_attn.blocks.2.weight (1024, 1024) on G_{1.0,0.0,384}
  Initialized transformer.h.15.mlp.c_fc.blocks.2.weight (1024, 1024) on G_{1.0,0.0,384}

Initializing transformer.h.15.mlp.c_fc.blocks.0.: k=1, G_{1.0,0.0,384}, type=None

Initializing transformer.h.15.mlp.c_fc.blocks.3.: k=1, G_{1.0,0.0,384}, type=None
  Initialized transformer.h.15.mlp.c_fc.blocks.3.weight (1024, 1024) on G_{1.0,0.0,384}

Initializing transformer.h.16.attn.c_attn.blocks.0.: k=1, G_{1.0,0.0,384}, type=None
  Initialized transformer.h.15.mlp.c_fc.blocks.0.weight (1024, 1024) on G_{1.0,0.0,384}
  Initialized transformer.h.15.mlp.c_fc.blocks.3.weight (1024, 1024) on G_{1.0,0.0,384}

Initializing transformer.h.15.mlp.c_fc.blocks.1.: k=1, G_{1.0,0.0,384}, type=None

Initializing transformer.h.16.attn.c_attn.blocks.0.: k=1, G_{1.0,0.0,384}, type=None
  Initialized transformer.h.16.attn.c_attn.blocks.0.weight (1024, 1024) on G_{1.0,0.0,384}

Initializing transformer.h.16.attn.c_attn.blocks.1.: k=1, G_{1.0,0.0,384}, type=None
  Initialized transformer.h.15.mlp.c_fc.blocks.1.weight (1024, 1024) on G_{1.0,0.0,384}
  Initialized transformer.h.16.attn.c_attn.blocks.0.weight (1024, 1024) on G_{1.0,0.0,384}

Initializing transformer.h.15.mlp.c_fc.blocks.2.: k=1, G_{1.0,0.0,384}, type=None

Initializing transformer.h.16.attn.c_attn.blocks.1.: k=1, G_{1.0,0.0,384}, type=None
  Initialized transformer.h.16.attn.c_attn.blocks.1.weight (1024, 1024) on G_{1.0,0.0,384}

Initializing transformer.h.16.attn.c_attn.blocks.2.: k=1, G_{1.0,0.0,384}, type=None
  Initialized transformer.h.15.mlp.c_fc.blocks.2.weight (1024, 1024) on G_{1.0,0.0,384}
  Initialized transformer.h.16.attn.c_attn.blocks.1.weight (1024, 1024) on G_{1.0,0.0,384}

Initializing transformer.h.15.mlp.c_fc.blocks.3.: k=1, G_{1.0,0.0,384}, type=None

Initializing transformer.h.16.attn.c_attn.blocks.2.: k=1, G_{1.0,0.0,384}, type=None
  Initialized transformer.h.16.attn.c_attn.blocks.2.weight (1024, 1024) on G_{1.0,0.0,384}

Initializing transformer.h.16.mlp.c_fc.blocks.0.: k=1, G_{1.0,0.0,384}, type=None
  Initialized transformer.h.15.mlp.c_fc.blocks.3.weight (1024, 1024) on G_{1.0,0.0,384}
  Initialized transformer.h.16.attn.c_attn.blocks.2.weight (1024, 1024) on G_{1.0,0.0,384}

Initializing transformer.h.16.attn.c_attn.blocks.0.: k=1, G_{1.0,0.0,384}, type=None

Initializing transformer.h.16.mlp.c_fc.blocks.0.: k=1, G_{1.0,0.0,384}, type=None
  Initialized transformer.h.16.mlp.c_fc.blocks.0.weight (1024, 1024) on G_{1.0,0.0,384}

Initializing transformer.h.16.mlp.c_fc.blocks.1.: k=1, G_{1.0,0.0,384}, type=None
  Initialized transformer.h.16.attn.c_attn.blocks.0.weight (1024, 1024) on G_{1.0,0.0,384}
  Initialized transformer.h.16.mlp.c_fc.blocks.0.weight (1024, 1024) on G_{1.0,0.0,384}

Initializing transformer.h.16.attn.c_attn.blocks.1.: k=1, G_{1.0,0.0,384}, type=None

Initializing transformer.h.16.mlp.c_fc.blocks.1.: k=1, G_{1.0,0.0,384}, type=None
  Initialized transformer.h.16.mlp.c_fc.blocks.1.weight (1024, 1024) on G_{1.0,0.0,384}

Initializing transformer.h.16.mlp.c_fc.blocks.2.: k=1, G_{1.0,0.0,384}, type=None
  Initialized transformer.h.16.attn.c_attn.blocks.1.weight (1024, 1024) on G_{1.0,0.0,384}
  Initialized transformer.h.16.mlp.c_fc.blocks.1.weight (1024, 1024) on G_{1.0,0.0,384}

Initializing transformer.h.16.attn.c_attn.blocks.2.: k=1, G_{1.0,0.0,384}, type=None

Initializing transformer.h.16.mlp.c_fc.blocks.2.: k=1, G_{1.0,0.0,384}, type=None
  Initialized transformer.h.16.mlp.c_fc.blocks.2.weight (1024, 1024) on G_{1.0,0.0,384}

Initializing transformer.h.16.mlp.c_fc.blocks.3.: k=1, G_{1.0,0.0,384}, type=None
  Initialized transformer.h.16.attn.c_attn.blocks.2.weight (1024, 1024) on G_{1.0,0.0,384}

Initializing transformer.h.16.mlp.c_fc.blocks.0.: k=1, G_{1.0,0.0,384}, type=None
  Initialized transformer.h.16.mlp.c_fc.blocks.2.weight (1024, 1024) on G_{1.0,0.0,384}

Initializing transformer.h.16.mlp.c_fc.blocks.3.: k=1, G_{1.0,0.0,384}, type=None
  Initialized transformer.h.16.mlp.c_fc.blocks.3.weight (1024, 1024) on G_{1.0,0.0,384}

Initializing transformer.h.17.attn.c_attn.blocks.0.: k=1, G_{1.0,0.0,384}, type=None
  Initialized transformer.h.16.mlp.c_fc.blocks.0.weight (1024, 1024) on G_{1.0,0.0,384}

Initializing transformer.h.16.mlp.c_fc.blocks.1.: k=1, G_{1.0,0.0,384}, type=None
  Initialized transformer.h.16.mlp.c_fc.blocks.3.weight (1024, 1024) on G_{1.0,0.0,384}

Initializing transformer.h.17.attn.c_attn.blocks.0.: k=1, G_{1.0,0.0,384}, type=None
  Initialized transformer.h.17.attn.c_attn.blocks.0.weight (1024, 1024) on G_{1.0,0.0,384}

Initializing transformer.h.17.attn.c_attn.blocks.1.: k=1, G_{1.0,0.0,384}, type=None
  Initialized transformer.h.16.mlp.c_fc.blocks.1.weight (1024, 1024) on G_{1.0,0.0,384}

Initializing transformer.h.16.mlp.c_fc.blocks.2.: k=1, G_{1.0,0.0,384}, type=None
  Initialized transformer.h.17.attn.c_attn.blocks.0.weight (1024, 1024) on G_{1.0,0.0,384}

Initializing transformer.h.17.attn.c_attn.blocks.1.: k=1, G_{1.0,0.0,384}, type=None
  Initialized transformer.h.17.attn.c_attn.blocks.1.weight (1024, 1024) on G_{1.0,0.0,384}

Initializing transformer.h.17.attn.c_attn.blocks.2.: k=1, G_{1.0,0.0,384}, type=None
  Initialized transformer.h.16.mlp.c_fc.blocks.2.weight (1024, 1024) on G_{1.0,0.0,384}

Initializing transformer.h.16.mlp.c_fc.blocks.3.: k=1, G_{1.0,0.0,384}, type=None
  Initialized transformer.h.17.attn.c_attn.blocks.1.weight (1024, 1024) on G_{1.0,0.0,384}

Initializing transformer.h.17.attn.c_attn.blocks.2.: k=1, G_{1.0,0.0,384}, type=None
  Initialized transformer.h.17.attn.c_attn.blocks.2.weight (1024, 1024) on G_{1.0,0.0,384}

Initializing transformer.h.17.mlp.c_fc.blocks.0.: k=1, G_{1.0,0.0,384}, type=None
  Initialized transformer.h.16.mlp.c_fc.blocks.3.weight (1024, 1024) on G_{1.0,0.0,384}

Initializing transformer.h.17.attn.c_attn.blocks.0.: k=1, G_{1.0,0.0,384}, type=None
  Initialized transformer.h.17.attn.c_attn.blocks.2.weight (1024, 1024) on G_{1.0,0.0,384}

Initializing transformer.h.17.mlp.c_fc.blocks.0.: k=1, G_{1.0,0.0,384}, type=None
  Initialized transformer.h.17.mlp.c_fc.blocks.0.weight (1024, 1024) on G_{1.0,0.0,384}

Initializing transformer.h.17.mlp.c_fc.blocks.1.: k=1, G_{1.0,0.0,384}, type=None
  Initialized transformer.h.17.attn.c_attn.blocks.0.weight (1024, 1024) on G_{1.0,0.0,384}

Initializing transformer.h.17.attn.c_attn.blocks.1.: k=1, G_{1.0,0.0,384}, type=None
  Initialized transformer.h.17.mlp.c_fc.blocks.0.weight (1024, 1024) on G_{1.0,0.0,384}

Initializing transformer.h.17.mlp.c_fc.blocks.1.: k=1, G_{1.0,0.0,384}, type=None
  Initialized transformer.h.17.mlp.c_fc.blocks.1.weight (1024, 1024) on G_{1.0,0.0,384}

Initializing transformer.h.17.mlp.c_fc.blocks.2.: k=1, G_{1.0,0.0,384}, type=None
  Initialized transformer.h.17.attn.c_attn.blocks.1.weight (1024, 1024) on G_{1.0,0.0,384}

Initializing transformer.h.17.attn.c_attn.blocks.2.: k=1, G_{1.0,0.0,384}, type=None
  Initialized transformer.h.17.mlp.c_fc.blocks.1.weight (1024, 1024) on G_{1.0,0.0,384}

Initializing transformer.h.17.mlp.c_fc.blocks.2.: k=1, G_{1.0,0.0,384}, type=None
  Initialized transformer.h.17.mlp.c_fc.blocks.2.weight (1024, 1024) on G_{1.0,0.0,384}

Initializing transformer.h.17.mlp.c_fc.blocks.3.: k=1, G_{1.0,0.0,384}, type=None
  Initialized transformer.h.17.attn.c_attn.blocks.2.weight (1024, 1024) on G_{1.0,0.0,384}

Initializing transformer.h.17.mlp.c_fc.blocks.0.: k=1, G_{1.0,0.0,384}, type=None
  Initialized transformer.h.17.mlp.c_fc.blocks.2.weight (1024, 1024) on G_{1.0,0.0,384}

Initializing transformer.h.17.mlp.c_fc.blocks.3.: k=1, G_{1.0,0.0,384}, type=None
  Initialized transformer.h.17.mlp.c_fc.blocks.3.weight (1024, 1024) on G_{1.0,0.0,384}

Initializing transformer.h.18.attn.c_attn.blocks.0.: k=1, G_{1.0,0.0,384}, type=None
  Initialized transformer.h.17.mlp.c_fc.blocks.0.weight (1024, 1024) on G_{1.0,0.0,384}

Initializing transformer.h.17.mlp.c_fc.blocks.1.: k=1, G_{1.0,0.0,384}, type=None
  Initialized transformer.h.17.mlp.c_fc.blocks.3.weight (1024, 1024) on G_{1.0,0.0,384}

Initializing transformer.h.18.attn.c_attn.blocks.0.: k=1, G_{1.0,0.0,384}, type=None
  Initialized transformer.h.18.attn.c_attn.blocks.0.weight (1024, 1024) on G_{1.0,0.0,384}

Initializing transformer.h.18.attn.c_attn.blocks.1.: k=1, G_{1.0,0.0,384}, type=None
  Initialized transformer.h.17.mlp.c_fc.blocks.1.weight (1024, 1024) on G_{1.0,0.0,384}

Initializing transformer.h.17.mlp.c_fc.blocks.2.: k=1, G_{1.0,0.0,384}, type=None
  Initialized transformer.h.18.attn.c_attn.blocks.0.weight (1024, 1024) on G_{1.0,0.0,384}

Initializing transformer.h.18.attn.c_attn.blocks.1.: k=1, G_{1.0,0.0,384}, type=None
  Initialized transformer.h.18.attn.c_attn.blocks.1.weight (1024, 1024) on G_{1.0,0.0,384}

Initializing transformer.h.18.attn.c_attn.blocks.2.: k=1, G_{1.0,0.0,384}, type=None
  Initialized transformer.h.17.mlp.c_fc.blocks.2.weight (1024, 1024) on G_{1.0,0.0,384}

Initializing transformer.h.17.mlp.c_fc.blocks.3.: k=1, G_{1.0,0.0,384}, type=None
  Initialized transformer.h.18.attn.c_attn.blocks.1.weight (1024, 1024) on G_{1.0,0.0,384}

Initializing transformer.h.18.attn.c_attn.blocks.2.: k=1, G_{1.0,0.0,384}, type=None
  Initialized transformer.h.18.attn.c_attn.blocks.2.weight (1024, 1024) on G_{1.0,0.0,384}

Initializing transformer.h.18.mlp.c_fc.blocks.0.: k=1, G_{1.0,0.0,384}, type=None
  Initialized transformer.h.17.mlp.c_fc.blocks.3.weight (1024, 1024) on G_{1.0,0.0,384}

Initializing transformer.h.18.attn.c_attn.blocks.0.: k=1, G_{1.0,0.0,384}, type=None
  Initialized transformer.h.18.attn.c_attn.blocks.2.weight (1024, 1024) on G_{1.0,0.0,384}

Initializing transformer.h.18.mlp.c_fc.blocks.0.: k=1, G_{1.0,0.0,384}, type=None
  Initialized transformer.h.18.mlp.c_fc.blocks.0.weight (1024, 1024) on G_{1.0,0.0,384}

Initializing transformer.h.18.mlp.c_fc.blocks.1.: k=1, G_{1.0,0.0,384}, type=None
  Initialized transformer.h.18.attn.c_attn.blocks.0.weight (1024, 1024) on G_{1.0,0.0,384}

Initializing transformer.h.18.attn.c_attn.blocks.1.: k=1, G_{1.0,0.0,384}, type=None
  Initialized transformer.h.18.mlp.c_fc.blocks.0.weight (1024, 1024) on G_{1.0,0.0,384}

Initializing transformer.h.18.mlp.c_fc.blocks.1.: k=1, G_{1.0,0.0,384}, type=None
  Initialized transformer.h.18.mlp.c_fc.blocks.1.weight (1024, 1024) on G_{1.0,0.0,384}

Initializing transformer.h.18.mlp.c_fc.blocks.2.: k=1, G_{1.0,0.0,384}, type=None
  Initialized transformer.h.18.attn.c_attn.blocks.1.weight (1024, 1024) on G_{1.0,0.0,384}

Initializing transformer.h.18.attn.c_attn.blocks.2.: k=1, G_{1.0,0.0,384}, type=None
  Initialized transformer.h.18.mlp.c_fc.blocks.1.weight (1024, 1024) on G_{1.0,0.0,384}

Initializing transformer.h.18.mlp.c_fc.blocks.2.: k=1, G_{1.0,0.0,384}, type=None
  Initialized transformer.h.18.mlp.c_fc.blocks.2.weight (1024, 1024) on G_{1.0,0.0,384}

Initializing transformer.h.18.mlp.c_fc.blocks.3.: k=1, G_{1.0,0.0,384}, type=None
  Initialized transformer.h.18.attn.c_attn.blocks.2.weight (1024, 1024) on G_{1.0,0.0,384}

Initializing transformer.h.18.mlp.c_fc.blocks.0.: k=1, G_{1.0,0.0,384}, type=None
  Initialized transformer.h.18.mlp.c_fc.blocks.2.weight (1024, 1024) on G_{1.0,0.0,384}

Initializing transformer.h.18.mlp.c_fc.blocks.3.: k=1, G_{1.0,0.0,384}, type=None
  Initialized transformer.h.18.mlp.c_fc.blocks.3.weight (1024, 1024) on G_{1.0,0.0,384}

Initializing transformer.h.19.attn.c_attn.blocks.0.: k=1, G_{1.0,0.0,384}, type=None
  Initialized transformer.h.18.mlp.c_fc.blocks.0.weight (1024, 1024) on G_{1.0,0.0,384}

Initializing transformer.h.18.mlp.c_fc.blocks.1.: k=1, G_{1.0,0.0,384}, type=None
  Initialized transformer.h.18.mlp.c_fc.blocks.3.weight (1024, 1024) on G_{1.0,0.0,384}

Initializing transformer.h.19.attn.c_attn.blocks.0.: k=1, G_{1.0,0.0,384}, type=None
  Initialized transformer.h.19.attn.c_attn.blocks.0.weight (1024, 1024) on G_{1.0,0.0,384}

Initializing transformer.h.19.attn.c_attn.blocks.1.: k=1, G_{1.0,0.0,384}, type=None
  Initialized transformer.h.18.mlp.c_fc.blocks.1.weight (1024, 1024) on G_{1.0,0.0,384}

Initializing transformer.h.18.mlp.c_fc.blocks.2.: k=1, G_{1.0,0.0,384}, type=None
  Initialized transformer.h.19.attn.c_attn.blocks.0.weight (1024, 1024) on G_{1.0,0.0,384}

Initializing transformer.h.19.attn.c_attn.blocks.1.: k=1, G_{1.0,0.0,384}, type=None
  Initialized transformer.h.19.attn.c_attn.blocks.1.weight (1024, 1024) on G_{1.0,0.0,384}

Initializing transformer.h.19.attn.c_attn.blocks.2.: k=1, G_{1.0,0.0,384}, type=None
  Initialized transformer.h.18.mlp.c_fc.blocks.2.weight (1024, 1024) on G_{1.0,0.0,384}

Initializing transformer.h.18.mlp.c_fc.blocks.3.: k=1, G_{1.0,0.0,384}, type=None
  Initialized transformer.h.19.attn.c_attn.blocks.1.weight (1024, 1024) on G_{1.0,0.0,384}

Initializing transformer.h.19.attn.c_attn.blocks.2.: k=1, G_{1.0,0.0,384}, type=None
  Initialized transformer.h.19.attn.c_attn.blocks.2.weight (1024, 1024) on G_{1.0,0.0,384}

Initializing transformer.h.19.mlp.c_fc.blocks.0.: k=1, G_{1.0,0.0,384}, type=None
  Initialized transformer.h.18.mlp.c_fc.blocks.3.weight (1024, 1024) on G_{1.0,0.0,384}

Initializing transformer.h.19.attn.c_attn.blocks.0.: k=1, G_{1.0,0.0,384}, type=None
  Initialized transformer.h.19.attn.c_attn.blocks.2.weight (1024, 1024) on G_{1.0,0.0,384}

Initializing transformer.h.19.mlp.c_fc.blocks.0.: k=1, G_{1.0,0.0,384}, type=None
  Initialized transformer.h.19.mlp.c_fc.blocks.0.weight (1024, 1024) on G_{1.0,0.0,384}

Initializing transformer.h.19.mlp.c_fc.blocks.1.: k=1, G_{1.0,0.0,384}, type=None
  Initialized transformer.h.19.attn.c_attn.blocks.0.weight (1024, 1024) on G_{1.0,0.0,384}

Initializing transformer.h.19.attn.c_attn.blocks.1.: k=1, G_{1.0,0.0,384}, type=None
  Initialized transformer.h.19.mlp.c_fc.blocks.0.weight (1024, 1024) on G_{1.0,0.0,384}

Initializing transformer.h.19.mlp.c_fc.blocks.1.: k=1, G_{1.0,0.0,384}, type=None
  Initialized transformer.h.19.mlp.c_fc.blocks.1.weight (1024, 1024) on G_{1.0,0.0,384}

Initializing transformer.h.19.mlp.c_fc.blocks.2.: k=1, G_{1.0,0.0,384}, type=None
  Initialized transformer.h.19.attn.c_attn.blocks.1.weight (1024, 1024) on G_{1.0,0.0,384}

Initializing transformer.h.19.attn.c_attn.blocks.2.: k=1, G_{1.0,0.0,384}, type=None
  Initialized transformer.h.19.mlp.c_fc.blocks.1.weight (1024, 1024) on G_{1.0,0.0,384}

Initializing transformer.h.19.mlp.c_fc.blocks.2.: k=1, G_{1.0,0.0,384}, type=None
  Initialized transformer.h.19.mlp.c_fc.blocks.2.weight (1024, 1024) on G_{1.0,0.0,384}

Initializing transformer.h.19.mlp.c_fc.blocks.3.: k=1, G_{1.0,0.0,384}, type=None
  Initialized transformer.h.19.attn.c_attn.blocks.2.weight (1024, 1024) on G_{1.0,0.0,384}

Initializing transformer.h.19.mlp.c_fc.blocks.0.: k=1, G_{1.0,0.0,384}, type=None
  Initialized transformer.h.19.mlp.c_fc.blocks.2.weight (1024, 1024) on G_{1.0,0.0,384}

Initializing transformer.h.19.mlp.c_fc.blocks.3.: k=1, G_{1.0,0.0,384}, type=None
  Initialized transformer.h.19.mlp.c_fc.blocks.3.weight (1024, 1024) on G_{1.0,0.0,384}

Initializing transformer.h.20.attn.c_attn.blocks.0.: k=1, G_{1.0,0.0,384}, type=None
  Initialized transformer.h.19.mlp.c_fc.blocks.0.weight (1024, 1024) on G_{1.0,0.0,384}

Initializing transformer.h.19.mlp.c_fc.blocks.1.: k=1, G_{1.0,0.0,384}, type=None
  Initialized transformer.h.19.mlp.c_fc.blocks.3.weight (1024, 1024) on G_{1.0,0.0,384}

Initializing transformer.h.20.attn.c_attn.blocks.0.: k=1, G_{1.0,0.0,384}, type=None
  Initialized transformer.h.20.attn.c_attn.blocks.0.weight (1024, 1024) on G_{1.0,0.0,384}

Initializing transformer.h.20.attn.c_attn.blocks.1.: k=1, G_{1.0,0.0,384}, type=None
  Initialized transformer.h.19.mlp.c_fc.blocks.1.weight (1024, 1024) on G_{1.0,0.0,384}

Initializing transformer.h.19.mlp.c_fc.blocks.2.: k=1, G_{1.0,0.0,384}, type=None
  Initialized transformer.h.20.attn.c_attn.blocks.0.weight (1024, 1024) on G_{1.0,0.0,384}

Initializing transformer.h.20.attn.c_attn.blocks.1.: k=1, G_{1.0,0.0,384}, type=None
  Initialized transformer.h.20.attn.c_attn.blocks.1.weight (1024, 1024) on G_{1.0,0.0,384}

Initializing transformer.h.20.attn.c_attn.blocks.2.: k=1, G_{1.0,0.0,384}, type=None
  Initialized transformer.h.19.mlp.c_fc.blocks.2.weight (1024, 1024) on G_{1.0,0.0,384}

Initializing transformer.h.19.mlp.c_fc.blocks.3.: k=1, G_{1.0,0.0,384}, type=None
  Initialized transformer.h.20.attn.c_attn.blocks.1.weight (1024, 1024) on G_{1.0,0.0,384}

Initializing transformer.h.20.attn.c_attn.blocks.2.: k=1, G_{1.0,0.0,384}, type=None
  Initialized transformer.h.20.attn.c_attn.blocks.2.weight (1024, 1024) on G_{1.0,0.0,384}

Initializing transformer.h.20.mlp.c_fc.blocks.0.: k=1, G_{1.0,0.0,384}, type=None
  Initialized transformer.h.19.mlp.c_fc.blocks.3.weight (1024, 1024) on G_{1.0,0.0,384}

Initializing transformer.h.20.attn.c_attn.blocks.0.: k=1, G_{1.0,0.0,384}, type=None
  Initialized transformer.h.20.attn.c_attn.blocks.2.weight (1024, 1024) on G_{1.0,0.0,384}
  Initialized transformer.h.20.mlp.c_fc.blocks.0.weight (1024, 1024) on G_{1.0,0.0,384}

Initializing transformer.h.20.mlp.c_fc.blocks.0.: k=1, G_{1.0,0.0,384}, type=None

Initializing transformer.h.20.mlp.c_fc.blocks.1.: k=1, G_{1.0,0.0,384}, type=None
  Initialized transformer.h.20.attn.c_attn.blocks.0.weight (1024, 1024) on G_{1.0,0.0,384}

Initializing transformer.h.20.attn.c_attn.blocks.1.: k=1, G_{1.0,0.0,384}, type=None
  Initialized transformer.h.20.mlp.c_fc.blocks.0.weight (1024, 1024) on G_{1.0,0.0,384}  Initialized transformer.h.20.mlp.c_fc.blocks.1.weight (1024, 1024) on G_{1.0,0.0,384}


Initializing transformer.h.20.mlp.c_fc.blocks.2.: k=1, G_{1.0,0.0,384}, type=None
Initializing transformer.h.20.mlp.c_fc.blocks.1.: k=1, G_{1.0,0.0,384}, type=None

  Initialized transformer.h.20.attn.c_attn.blocks.1.weight (1024, 1024) on G_{1.0,0.0,384}

Initializing transformer.h.20.attn.c_attn.blocks.2.: k=1, G_{1.0,0.0,384}, type=None
  Initialized transformer.h.20.mlp.c_fc.blocks.2.weight (1024, 1024) on G_{1.0,0.0,384}
  Initialized transformer.h.20.mlp.c_fc.blocks.1.weight (1024, 1024) on G_{1.0,0.0,384}

Initializing transformer.h.20.mlp.c_fc.blocks.3.: k=1, G_{1.0,0.0,384}, type=None

Initializing transformer.h.20.mlp.c_fc.blocks.2.: k=1, G_{1.0,0.0,384}, type=None
  Initialized transformer.h.20.attn.c_attn.blocks.2.weight (1024, 1024) on G_{1.0,0.0,384}

Initializing transformer.h.20.mlp.c_fc.blocks.0.: k=1, G_{1.0,0.0,384}, type=None
  Initialized transformer.h.20.mlp.c_fc.blocks.3.weight (1024, 1024) on G_{1.0,0.0,384}

Initializing transformer.h.21.attn.c_attn.blocks.0.: k=1, G_{1.0,0.0,384}, type=None
  Initialized transformer.h.20.mlp.c_fc.blocks.2.weight (1024, 1024) on G_{1.0,0.0,384}

Initializing transformer.h.20.mlp.c_fc.blocks.3.: k=1, G_{1.0,0.0,384}, type=None
  Initialized transformer.h.20.mlp.c_fc.blocks.0.weight (1024, 1024) on G_{1.0,0.0,384}

Initializing transformer.h.20.mlp.c_fc.blocks.1.: k=1, G_{1.0,0.0,384}, type=None
  Initialized transformer.h.21.attn.c_attn.blocks.0.weight (1024, 1024) on G_{1.0,0.0,384}

Initializing transformer.h.21.attn.c_attn.blocks.1.: k=1, G_{1.0,0.0,384}, type=None
  Initialized transformer.h.20.mlp.c_fc.blocks.3.weight (1024, 1024) on G_{1.0,0.0,384}

Initializing transformer.h.21.attn.c_attn.blocks.0.: k=1, G_{1.0,0.0,384}, type=None
  Initialized transformer.h.20.mlp.c_fc.blocks.1.weight (1024, 1024) on G_{1.0,0.0,384}

Initializing transformer.h.20.mlp.c_fc.blocks.2.: k=1, G_{1.0,0.0,384}, type=None
  Initialized transformer.h.21.attn.c_attn.blocks.1.weight (1024, 1024) on G_{1.0,0.0,384}

Initializing transformer.h.21.attn.c_attn.blocks.2.: k=1, G_{1.0,0.0,384}, type=None
  Initialized transformer.h.21.attn.c_attn.blocks.0.weight (1024, 1024) on G_{1.0,0.0,384}

Initializing transformer.h.21.attn.c_attn.blocks.1.: k=1, G_{1.0,0.0,384}, type=None
  Initialized transformer.h.20.mlp.c_fc.blocks.2.weight (1024, 1024) on G_{1.0,0.0,384}

Initializing transformer.h.20.mlp.c_fc.blocks.3.: k=1, G_{1.0,0.0,384}, type=None
  Initialized transformer.h.21.attn.c_attn.blocks.2.weight (1024, 1024) on G_{1.0,0.0,384}

Initializing transformer.h.21.mlp.c_fc.blocks.0.: k=1, G_{1.0,0.0,384}, type=None
  Initialized transformer.h.21.attn.c_attn.blocks.1.weight (1024, 1024) on G_{1.0,0.0,384}

Initializing transformer.h.21.attn.c_attn.blocks.2.: k=1, G_{1.0,0.0,384}, type=None
  Initialized transformer.h.20.mlp.c_fc.blocks.3.weight (1024, 1024) on G_{1.0,0.0,384}

Initializing transformer.h.21.attn.c_attn.blocks.0.: k=1, G_{1.0,0.0,384}, type=None
  Initialized transformer.h.21.mlp.c_fc.blocks.0.weight (1024, 1024) on G_{1.0,0.0,384}

Initializing transformer.h.21.mlp.c_fc.blocks.1.: k=1, G_{1.0,0.0,384}, type=None
  Initialized transformer.h.21.attn.c_attn.blocks.2.weight (1024, 1024) on G_{1.0,0.0,384}

Initializing transformer.h.21.mlp.c_fc.blocks.0.: k=1, G_{1.0,0.0,384}, type=None
  Initialized transformer.h.21.attn.c_attn.blocks.0.weight (1024, 1024) on G_{1.0,0.0,384}

Initializing transformer.h.21.attn.c_attn.blocks.1.: k=1, G_{1.0,0.0,384}, type=None
  Initialized transformer.h.21.mlp.c_fc.blocks.1.weight (1024, 1024) on G_{1.0,0.0,384}

Initializing transformer.h.21.mlp.c_fc.blocks.2.: k=1, G_{1.0,0.0,384}, type=None
  Initialized transformer.h.21.mlp.c_fc.blocks.0.weight (1024, 1024) on G_{1.0,0.0,384}

Initializing transformer.h.21.mlp.c_fc.blocks.1.: k=1, G_{1.0,0.0,384}, type=None
  Initialized transformer.h.21.attn.c_attn.blocks.1.weight (1024, 1024) on G_{1.0,0.0,384}

Initializing transformer.h.21.attn.c_attn.blocks.2.: k=1, G_{1.0,0.0,384}, type=None
  Initialized transformer.h.21.mlp.c_fc.blocks.2.weight (1024, 1024) on G_{1.0,0.0,384}

Initializing transformer.h.21.mlp.c_fc.blocks.3.: k=1, G_{1.0,0.0,384}, type=None
  Initialized transformer.h.21.mlp.c_fc.blocks.1.weight (1024, 1024) on G_{1.0,0.0,384}

Initializing transformer.h.21.mlp.c_fc.blocks.2.: k=1, G_{1.0,0.0,384}, type=None
  Initialized transformer.h.21.attn.c_attn.blocks.2.weight (1024, 1024) on G_{1.0,0.0,384}

Initializing transformer.h.21.mlp.c_fc.blocks.0.: k=1, G_{1.0,0.0,384}, type=None
  Initialized transformer.h.21.mlp.c_fc.blocks.3.weight (1024, 1024) on G_{1.0,0.0,384}

Initializing transformer.h.22.attn.c_attn.blocks.0.: k=1, G_{1.0,0.0,384}, type=None
  Initialized transformer.h.21.mlp.c_fc.blocks.2.weight (1024, 1024) on G_{1.0,0.0,384}

Initializing transformer.h.21.mlp.c_fc.blocks.3.: k=1, G_{1.0,0.0,384}, type=None
  Initialized transformer.h.21.mlp.c_fc.blocks.0.weight (1024, 1024) on G_{1.0,0.0,384}

Initializing transformer.h.21.mlp.c_fc.blocks.1.: k=1, G_{1.0,0.0,384}, type=None
  Initialized transformer.h.22.attn.c_attn.blocks.0.weight (1024, 1024) on G_{1.0,0.0,384}

Initializing transformer.h.22.attn.c_attn.blocks.1.: k=1, G_{1.0,0.0,384}, type=None
  Initialized transformer.h.21.mlp.c_fc.blocks.3.weight (1024, 1024) on G_{1.0,0.0,384}

Initializing transformer.h.22.attn.c_attn.blocks.0.: k=1, G_{1.0,0.0,384}, type=None
  Initialized transformer.h.21.mlp.c_fc.blocks.1.weight (1024, 1024) on G_{1.0,0.0,384}

Initializing transformer.h.21.mlp.c_fc.blocks.2.: k=1, G_{1.0,0.0,384}, type=None
  Initialized transformer.h.22.attn.c_attn.blocks.1.weight (1024, 1024) on G_{1.0,0.0,384}

Initializing transformer.h.22.attn.c_attn.blocks.2.: k=1, G_{1.0,0.0,384}, type=None
  Initialized transformer.h.22.attn.c_attn.blocks.0.weight (1024, 1024) on G_{1.0,0.0,384}

Initializing transformer.h.22.attn.c_attn.blocks.1.: k=1, G_{1.0,0.0,384}, type=None
  Initialized transformer.h.21.mlp.c_fc.blocks.2.weight (1024, 1024) on G_{1.0,0.0,384}

Initializing transformer.h.21.mlp.c_fc.blocks.3.: k=1, G_{1.0,0.0,384}, type=None
  Initialized transformer.h.22.attn.c_attn.blocks.2.weight (1024, 1024) on G_{1.0,0.0,384}

Initializing transformer.h.22.mlp.c_fc.blocks.0.: k=1, G_{1.0,0.0,384}, type=None
  Initialized transformer.h.22.attn.c_attn.blocks.1.weight (1024, 1024) on G_{1.0,0.0,384}

Initializing transformer.h.22.attn.c_attn.blocks.2.: k=1, G_{1.0,0.0,384}, type=None
  Initialized transformer.h.21.mlp.c_fc.blocks.3.weight (1024, 1024) on G_{1.0,0.0,384}

Initializing transformer.h.22.attn.c_attn.blocks.0.: k=1, G_{1.0,0.0,384}, type=None
  Initialized transformer.h.22.mlp.c_fc.blocks.0.weight (1024, 1024) on G_{1.0,0.0,384}

Initializing transformer.h.22.mlp.c_fc.blocks.1.: k=1, G_{1.0,0.0,384}, type=None
  Initialized transformer.h.22.attn.c_attn.blocks.2.weight (1024, 1024) on G_{1.0,0.0,384}

Initializing transformer.h.22.mlp.c_fc.blocks.0.: k=1, G_{1.0,0.0,384}, type=None
  Initialized transformer.h.22.attn.c_attn.blocks.0.weight (1024, 1024) on G_{1.0,0.0,384}

Initializing transformer.h.22.attn.c_attn.blocks.1.: k=1, G_{1.0,0.0,384}, type=None
  Initialized transformer.h.22.mlp.c_fc.blocks.1.weight (1024, 1024) on G_{1.0,0.0,384}

Initializing transformer.h.22.mlp.c_fc.blocks.2.: k=1, G_{1.0,0.0,384}, type=None
  Initialized transformer.h.22.mlp.c_fc.blocks.0.weight (1024, 1024) on G_{1.0,0.0,384}

Initializing transformer.h.22.mlp.c_fc.blocks.1.: k=1, G_{1.0,0.0,384}, type=None
  Initialized transformer.h.22.attn.c_attn.blocks.1.weight (1024, 1024) on G_{1.0,0.0,384}
  Initialized transformer.h.22.mlp.c_fc.blocks.2.weight (1024, 1024) on G_{1.0,0.0,384}

Initializing transformer.h.22.attn.c_attn.blocks.2.: k=1, G_{1.0,0.0,384}, type=None
Initializing transformer.h.22.mlp.c_fc.blocks.3.: k=1, G_{1.0,0.0,384}, type=None

  Initialized transformer.h.22.mlp.c_fc.blocks.1.weight (1024, 1024) on G_{1.0,0.0,384}

Initializing transformer.h.22.mlp.c_fc.blocks.2.: k=1, G_{1.0,0.0,384}, type=None
  Initialized transformer.h.22.mlp.c_fc.blocks.3.weight (1024, 1024) on G_{1.0,0.0,384}
  Initialized transformer.h.22.attn.c_attn.blocks.2.weight (1024, 1024) on G_{1.0,0.0,384}

Initializing transformer.h.23.attn.c_attn.blocks.0.: k=1, G_{1.0,0.0,384}, type=None

Initializing transformer.h.22.mlp.c_fc.blocks.0.: k=1, G_{1.0,0.0,384}, type=None
  Initialized transformer.h.22.mlp.c_fc.blocks.2.weight (1024, 1024) on G_{1.0,0.0,384}

Initializing transformer.h.22.mlp.c_fc.blocks.3.: k=1, G_{1.0,0.0,384}, type=None
  Initialized transformer.h.23.attn.c_attn.blocks.0.weight (1024, 1024) on G_{1.0,0.0,384}

Initializing transformer.h.23.attn.c_attn.blocks.1.: k=1, G_{1.0,0.0,384}, type=None
  Initialized transformer.h.22.mlp.c_fc.blocks.0.weight (1024, 1024) on G_{1.0,0.0,384}

Initializing transformer.h.22.mlp.c_fc.blocks.1.: k=1, G_{1.0,0.0,384}, type=None
  Initialized transformer.h.22.mlp.c_fc.blocks.3.weight (1024, 1024) on G_{1.0,0.0,384}

Initializing transformer.h.23.attn.c_attn.blocks.0.: k=1, G_{1.0,0.0,384}, type=None
  Initialized transformer.h.23.attn.c_attn.blocks.1.weight (1024, 1024) on G_{1.0,0.0,384}

Initializing transformer.h.23.attn.c_attn.blocks.2.: k=1, G_{1.0,0.0,384}, type=None
  Initialized transformer.h.22.mlp.c_fc.blocks.1.weight (1024, 1024) on G_{1.0,0.0,384}

Initializing transformer.h.22.mlp.c_fc.blocks.2.: k=1, G_{1.0,0.0,384}, type=None
  Initialized transformer.h.23.attn.c_attn.blocks.0.weight (1024, 1024) on G_{1.0,0.0,384}

Initializing transformer.h.23.attn.c_attn.blocks.1.: k=1, G_{1.0,0.0,384}, type=None
  Initialized transformer.h.23.attn.c_attn.blocks.2.weight (1024, 1024) on G_{1.0,0.0,384}

Initializing transformer.h.23.mlp.c_fc.blocks.0.: k=1, G_{1.0,0.0,384}, type=None
  Initialized transformer.h.22.mlp.c_fc.blocks.2.weight (1024, 1024) on G_{1.0,0.0,384}

Initializing transformer.h.22.mlp.c_fc.blocks.3.: k=1, G_{1.0,0.0,384}, type=None
  Initialized transformer.h.23.attn.c_attn.blocks.1.weight (1024, 1024) on G_{1.0,0.0,384}

Initializing transformer.h.23.attn.c_attn.blocks.2.: k=1, G_{1.0,0.0,384}, type=None
  Initialized transformer.h.23.mlp.c_fc.blocks.0.weight (1024, 1024) on G_{1.0,0.0,384}

Initializing transformer.h.23.mlp.c_fc.blocks.1.: k=1, G_{1.0,0.0,384}, type=None
  Initialized transformer.h.22.mlp.c_fc.blocks.3.weight (1024, 1024) on G_{1.0,0.0,384}

Initializing transformer.h.23.attn.c_attn.blocks.0.: k=1, G_{1.0,0.0,384}, type=None
  Initialized transformer.h.23.attn.c_attn.blocks.2.weight (1024, 1024) on G_{1.0,0.0,384}

Initializing transformer.h.23.mlp.c_fc.blocks.0.: k=1, G_{1.0,0.0,384}, type=None
  Initialized transformer.h.23.mlp.c_fc.blocks.1.weight (1024, 1024) on G_{1.0,0.0,384}

Initializing transformer.h.23.mlp.c_fc.blocks.2.: k=1, G_{1.0,0.0,384}, type=None
  Initialized transformer.h.23.attn.c_attn.blocks.0.weight (1024, 1024) on G_{1.0,0.0,384}

Initializing transformer.h.23.attn.c_attn.blocks.1.: k=1, G_{1.0,0.0,384}, type=None
  Initialized transformer.h.23.mlp.c_fc.blocks.0.weight (1024, 1024) on G_{1.0,0.0,384}

Initializing transformer.h.23.mlp.c_fc.blocks.1.: k=1, G_{1.0,0.0,384}, type=None
  Initialized transformer.h.23.mlp.c_fc.blocks.2.weight (1024, 1024) on G_{1.0,0.0,384}

Initializing transformer.h.23.mlp.c_fc.blocks.3.: k=1, G_{1.0,0.0,384}, type=None
  Initialized transformer.h.23.attn.c_attn.blocks.1.weight (1024, 1024) on G_{1.0,0.0,384}

Initializing transformer.h.23.attn.c_attn.blocks.2.: k=1, G_{1.0,0.0,384}, type=None
  Initialized transformer.h.23.mlp.c_fc.blocks.1.weight (1024, 1024) on G_{1.0,0.0,384}

Initializing transformer.h.23.mlp.c_fc.blocks.2.: k=1, G_{1.0,0.0,384}, type=None
  Initialized transformer.h.23.mlp.c_fc.blocks.3.weight (1024, 1024) on G_{1.0,0.0,384}

Grassmann block initialization complete.

=== Setting up component-specific dropout ===
AdamW components: dropout = 0.1
Grassmann components: dropout = 0.05
Component-specific dropout setup complete.

=== Setting up norm-preserving scaling (Phase phase3) ===
  Initialized transformer.h.23.attn.c_attn.blocks.2.weight (1024, 1024) on G_{1.0,0.0,384}

Initializing transformer.h.23.mlp.c_fc.blocks.0.: k=1, G_{1.0,0.0,384}, type=None
  Initialized transformer.h.23.mlp.c_fc.blocks.2.weight (1024, 1024) on G_{1.0,0.0,384}

Initializing transformer.h.23.mlp.c_fc.blocks.3.: k=1, G_{1.0,0.0,384}, type=None
  Initialized transformer.h.23.mlp.c_fc.blocks.0.weight (1024, 1024) on G_{1.0,0.0,384}

Initializing transformer.h.23.mlp.c_fc.blocks.1.: k=1, G_{1.0,0.0,384}, type=None
  Initialized transformer.h.23.mlp.c_fc.blocks.3.weight (1024, 1024) on G_{1.0,0.0,384}

Grassmann block initialization complete.

=== Setting up component-specific dropout ===
AdamW components: dropout = 0.1
Grassmann components: dropout = 0.05
Component-specific dropout setup complete.

=== Setting up norm-preserving scaling (Phase phase3) ===
  Initialized transformer.h.23.mlp.c_fc.blocks.1.weight (1024, 1024) on G_{1.0,0.0,384}

Initializing transformer.h.23.mlp.c_fc.blocks.2.: k=1, G_{1.0,0.0,384}, type=None
  Initialized transformer.h.23.mlp.c_fc.blocks.2.weight (1024, 1024) on G_{1.0,0.0,384}

Initializing transformer.h.23.mlp.c_fc.blocks.3.: k=1, G_{1.0,0.0,384}, type=None
  Initialized transformer.h.23.mlp.c_fc.blocks.3.weight (1024, 1024) on G_{1.0,0.0,384}

Grassmann block initialization complete.

=== Setting up component-specific dropout ===
AdamW components: dropout = 0.1
Grassmann components: dropout = 0.05
Component-specific dropout setup complete.

=== Setting up norm-preserving scaling (Phase phase3) ===
  Added frozen 0.5×I scaling after mlp.c_fc (device=cuda:0)
  Added frozen 0.5×I scaling after mlp.c_fc (device=cuda:1)
  Added frozen 0.5×I scaling after mlp.c_fc (device=cuda:3)
  Added frozen 0.5×I scaling after mlp.c_fc (device=cuda:0)
  Added frozen 0.5×I scaling after mlp.c_fc (device=cuda:1)
  Added frozen 0.5×I scaling after mlp.c_fc (device=cuda:3)
  Added frozen 0.5×I scaling after mlp.c_fc (device=cuda:0)
  Added frozen 0.5×I scaling after mlp.c_fc (device=cuda:1)
  Added frozen 0.5×I scaling after mlp.c_fc (device=cuda:3)
  Added frozen 0.5×I scaling after mlp.c_fc (device=cuda:1)
  Added frozen 0.5×I scaling after mlp.c_fc (device=cuda:0)
  Added frozen 0.5×I scaling after mlp.c_fc (device=cuda:3)
  Added frozen 0.5×I scaling after mlp.c_fc (device=cuda:0)
  Added frozen 0.5×I scaling after mlp.c_fc (device=cuda:1)
  Added frozen 0.5×I scaling after mlp.c_fc (device=cuda:3)
  Added frozen 0.5×I scaling after mlp.c_fc (device=cuda:0)
  Added frozen 0.5×I scaling after mlp.c_fc (device=cuda:1)
  Added frozen 0.5×I scaling after mlp.c_fc (device=cuda:3)
  Added frozen 0.5×I scaling after mlp.c_fc (device=cuda:0)
  Added frozen 0.5×I scaling after mlp.c_fc (device=cuda:1)
  Added frozen 0.5×I scaling after mlp.c_fc (device=cuda:3)
  Added frozen 0.5×I scaling after mlp.c_fc (device=cuda:0)
  Added frozen 0.5×I scaling after mlp.c_fc (device=cuda:1)
  Added frozen 0.5×I scaling after mlp.c_fc (device=cuda:3)
  Added frozen 0.5×I scaling after mlp.c_fc (device=cuda:0)
  Added frozen 0.5×I scaling after mlp.c_fc (device=cuda:1)
  Added frozen 0.5×I scaling after mlp.c_fc (device=cuda:3)
  Added frozen 0.5×I scaling after mlp.c_fc (device=cuda:0)
  Added frozen 0.5×I scaling after mlp.c_fc (device=cuda:1)
  Added frozen 0.5×I scaling after mlp.c_fc (device=cuda:3)
  Added frozen 0.5×I scaling after mlp.c_fc (device=cuda:0)
  Added frozen 0.5×I scaling after mlp.c_fc (device=cuda:1)
  Added frozen 0.5×I scaling after mlp.c_fc (device=cuda:3)
  Added frozen 0.5×I scaling after mlp.c_fc (device=cuda:0)
  Added frozen 0.5×I scaling after mlp.c_fc (device=cuda:1)
  Added frozen 0.5×I scaling after mlp.c_fc (device=cuda:3)
  Added frozen 0.5×I scaling after mlp.c_fc (device=cuda:0)
  Added frozen 0.5×I scaling after mlp.c_fc (device=cuda:1)
  Added frozen 0.5×I scaling after mlp.c_fc (device=cuda:3)
  Added frozen 0.5×I scaling after mlp.c_fc (device=cuda:0)
  Added frozen 0.5×I scaling after mlp.c_fc (device=cuda:1)
  Added frozen 0.5×I scaling after mlp.c_fc (device=cuda:3)
  Added frozen 0.5×I scaling after mlp.c_fc (device=cuda:0)
  Added frozen 0.5×I scaling after mlp.c_fc (device=cuda:1)
  Added frozen 0.5×I scaling after mlp.c_fc (device=cuda:3)
  Added frozen 0.5×I scaling after mlp.c_fc (device=cuda:0)
  Added frozen 0.5×I scaling after mlp.c_fc (device=cuda:1)
  Added frozen 0.5×I scaling after mlp.c_fc (device=cuda:3)
  Added frozen 0.5×I scaling after mlp.c_fc (device=cuda:0)
  Added frozen 0.5×I scaling after mlp.c_fc (device=cuda:1)
  Added frozen 0.5×I scaling after mlp.c_fc (device=cuda:3)
  Added frozen 0.5×I scaling after mlp.c_fc (device=cuda:0)
  Added frozen 0.5×I scaling after mlp.c_fc (device=cuda:1)
  Added frozen 0.5×I scaling after mlp.c_fc (device=cuda:3)
  Added frozen 0.5×I scaling after mlp.c_fc (device=cuda:0)
using fused AdamW: True

=== Initializing Grassmann Weights (Block Decomposition) ===
Number of weight types to initialize: 168

Initializing attn.c_attn.blocks.0.: k=1, G_{1.0,0.0,384}, type=None
  Added frozen 0.5×I scaling after mlp.c_fc (device=cuda:1)
  Added frozen 0.5×I scaling after mlp.c_fc (device=cuda:3)
  Initialized transformer.h.0.attn.c_attn.blocks.0.weight (1024, 1024) on G_{1.0,0.0,384}
  Initialized transformer.h.1.attn.c_attn.blocks.0.weight (1024, 1024) on G_{1.0,0.0,384}
  Initialized transformer.h.2.attn.c_attn.blocks.0.weight (1024, 1024) on G_{1.0,0.0,384}
  Initialized transformer.h.3.attn.c_attn.blocks.0.weight (1024, 1024) on G_{1.0,0.0,384}
  Initialized transformer.h.4.attn.c_attn.blocks.0.weight (1024, 1024) on G_{1.0,0.0,384}
  Initialized transformer.h.5.attn.c_attn.blocks.0.weight (1024, 1024) on G_{1.0,0.0,384}
  Initialized transformer.h.6.attn.c_attn.blocks.0.weight (1024, 1024) on G_{1.0,0.0,384}
  Initialized transformer.h.7.attn.c_attn.blocks.0.weight (1024, 1024) on G_{1.0,0.0,384}
  Added frozen 0.5×I scaling after mlp.c_fc (device=cuda:0)
  Initialized transformer.h.8.attn.c_attn.blocks.0.weight (1024, 1024) on G_{1.0,0.0,384}
  Initialized transformer.h.9.attn.c_attn.blocks.0.weight (1024, 1024) on G_{1.0,0.0,384}
  Initialized transformer.h.10.attn.c_attn.blocks.0.weight (1024, 1024) on G_{1.0,0.0,384}
  Initialized transformer.h.11.attn.c_attn.blocks.0.weight (1024, 1024) on G_{1.0,0.0,384}
  Added frozen 0.5×I scaling after mlp.c_fc (device=cuda:1)
  Initialized transformer.h.12.attn.c_attn.blocks.0.weight (1024, 1024) on G_{1.0,0.0,384}
  Initialized transformer.h.13.attn.c_attn.blocks.0.weight (1024, 1024) on G_{1.0,0.0,384}
  Initialized transformer.h.14.attn.c_attn.blocks.0.weight (1024, 1024) on G_{1.0,0.0,384}
  Initialized transformer.h.15.attn.c_attn.blocks.0.weight (1024, 1024) on G_{1.0,0.0,384}
  Initialized transformer.h.16.attn.c_attn.blocks.0.weight (1024, 1024) on G_{1.0,0.0,384}
  Initialized transformer.h.17.attn.c_attn.blocks.0.weight (1024, 1024) on G_{1.0,0.0,384}
  Initialized transformer.h.18.attn.c_attn.blocks.0.weight (1024, 1024) on G_{1.0,0.0,384}
  Initialized transformer.h.19.attn.c_attn.blocks.0.weight (1024, 1024) on G_{1.0,0.0,384}
  Initialized transformer.h.20.attn.c_attn.blocks.0.weight (1024, 1024) on G_{1.0,0.0,384}
  Initialized transformer.h.21.attn.c_attn.blocks.0.weight (1024, 1024) on G_{1.0,0.0,384}
  Initialized transformer.h.22.attn.c_attn.blocks.0.weight (1024, 1024) on G_{1.0,0.0,384}
  Initialized transformer.h.23.attn.c_attn.blocks.0.weight (1024, 1024) on G_{1.0,0.0,384}

Initializing attn.c_attn.blocks.1.: k=1, G_{1.0,0.0,384}, type=None
  Initialized transformer.h.0.attn.c_attn.blocks.1.weight (1024, 1024) on G_{1.0,0.0,384}
  Initialized transformer.h.1.attn.c_attn.blocks.1.weight (1024, 1024) on G_{1.0,0.0,384}
  Initialized transformer.h.2.attn.c_attn.blocks.1.weight (1024, 1024) on G_{1.0,0.0,384}
  Added frozen 0.5×I scaling after mlp.c_fc (device=cuda:3)
  Initialized transformer.h.3.attn.c_attn.blocks.1.weight (1024, 1024) on G_{1.0,0.0,384}
  Initialized transformer.h.4.attn.c_attn.blocks.1.weight (1024, 1024) on G_{1.0,0.0,384}
  Initialized transformer.h.5.attn.c_attn.blocks.1.weight (1024, 1024) on G_{1.0,0.0,384}
  Initialized transformer.h.6.attn.c_attn.blocks.1.weight (1024, 1024) on G_{1.0,0.0,384}
  Initialized transformer.h.7.attn.c_attn.blocks.1.weight (1024, 1024) on G_{1.0,0.0,384}
  Initialized transformer.h.8.attn.c_attn.blocks.1.weight (1024, 1024) on G_{1.0,0.0,384}
  Initialized transformer.h.9.attn.c_attn.blocks.1.weight (1024, 1024) on G_{1.0,0.0,384}
  Initialized transformer.h.10.attn.c_attn.blocks.1.weight (1024, 1024) on G_{1.0,0.0,384}
  Initialized transformer.h.11.attn.c_attn.blocks.1.weight (1024, 1024) on G_{1.0,0.0,384}
  Initialized transformer.h.12.attn.c_attn.blocks.1.weight (1024, 1024) on G_{1.0,0.0,384}
  Initialized transformer.h.13.attn.c_attn.blocks.1.weight (1024, 1024) on G_{1.0,0.0,384}
  Initialized transformer.h.14.attn.c_attn.blocks.1.weight (1024, 1024) on G_{1.0,0.0,384}
  Added frozen 0.5×I scaling after mlp.c_fc (device=cuda:0)
  Initialized transformer.h.15.attn.c_attn.blocks.1.weight (1024, 1024) on G_{1.0,0.0,384}
  Initialized transformer.h.16.attn.c_attn.blocks.1.weight (1024, 1024) on G_{1.0,0.0,384}
  Initialized transformer.h.17.attn.c_attn.blocks.1.weight (1024, 1024) on G_{1.0,0.0,384}
  Initialized transformer.h.18.attn.c_attn.blocks.1.weight (1024, 1024) on G_{1.0,0.0,384}
  Added frozen 0.5×I scaling after mlp.c_fc (device=cuda:1)
  Initialized transformer.h.19.attn.c_attn.blocks.1.weight (1024, 1024) on G_{1.0,0.0,384}
  Initialized transformer.h.20.attn.c_attn.blocks.1.weight (1024, 1024) on G_{1.0,0.0,384}
  Initialized transformer.h.21.attn.c_attn.blocks.1.weight (1024, 1024) on G_{1.0,0.0,384}
  Initialized transformer.h.22.attn.c_attn.blocks.1.weight (1024, 1024) on G_{1.0,0.0,384}
  Initialized transformer.h.23.attn.c_attn.blocks.1.weight (1024, 1024) on G_{1.0,0.0,384}

Initializing attn.c_attn.blocks.2.: k=1, G_{1.0,0.0,384}, type=None
  Initialized transformer.h.0.attn.c_attn.blocks.2.weight (1024, 1024) on G_{1.0,0.0,384}
  Initialized transformer.h.1.attn.c_attn.blocks.2.weight (1024, 1024) on G_{1.0,0.0,384}
  Initialized transformer.h.2.attn.c_attn.blocks.2.weight (1024, 1024) on G_{1.0,0.0,384}
  Initialized transformer.h.3.attn.c_attn.blocks.2.weight (1024, 1024) on G_{1.0,0.0,384}
  Initialized transformer.h.4.attn.c_attn.blocks.2.weight (1024, 1024) on G_{1.0,0.0,384}
  Initialized transformer.h.5.attn.c_attn.blocks.2.weight (1024, 1024) on G_{1.0,0.0,384}
  Initialized transformer.h.6.attn.c_attn.blocks.2.weight (1024, 1024) on G_{1.0,0.0,384}
  Initialized transformer.h.7.attn.c_attn.blocks.2.weight (1024, 1024) on G_{1.0,0.0,384}
  Initialized transformer.h.8.attn.c_attn.blocks.2.weight (1024, 1024) on G_{1.0,0.0,384}
  Initialized transformer.h.9.attn.c_attn.blocks.2.weight (1024, 1024) on G_{1.0,0.0,384}
  Initialized transformer.h.10.attn.c_attn.blocks.2.weight (1024, 1024) on G_{1.0,0.0,384}
  Added frozen 0.5×I scaling after mlp.c_fc (device=cuda:3)
  Initialized transformer.h.11.attn.c_attn.blocks.2.weight (1024, 1024) on G_{1.0,0.0,384}
  Initialized transformer.h.12.attn.c_attn.blocks.2.weight (1024, 1024) on G_{1.0,0.0,384}
  Initialized transformer.h.13.attn.c_attn.blocks.2.weight (1024, 1024) on G_{1.0,0.0,384}
  Initialized transformer.h.14.attn.c_attn.blocks.2.weight (1024, 1024) on G_{1.0,0.0,384}
  Initialized transformer.h.15.attn.c_attn.blocks.2.weight (1024, 1024) on G_{1.0,0.0,384}
  Initialized transformer.h.16.attn.c_attn.blocks.2.weight (1024, 1024) on G_{1.0,0.0,384}
  Initialized transformer.h.17.attn.c_attn.blocks.2.weight (1024, 1024) on G_{1.0,0.0,384}
  Initialized transformer.h.18.attn.c_attn.blocks.2.weight (1024, 1024) on G_{1.0,0.0,384}
  Initialized transformer.h.19.attn.c_attn.blocks.2.weight (1024, 1024) on G_{1.0,0.0,384}
  Initialized transformer.h.20.attn.c_attn.blocks.2.weight (1024, 1024) on G_{1.0,0.0,384}
  Initialized transformer.h.21.attn.c_attn.blocks.2.weight (1024, 1024) on G_{1.0,0.0,384}
  Initialized transformer.h.22.attn.c_attn.blocks.2.weight (1024, 1024) on G_{1.0,0.0,384}
  Initialized transformer.h.23.attn.c_attn.blocks.2.weight (1024, 1024) on G_{1.0,0.0,384}

Initializing mlp.c_fc.blocks.0.: k=1, G_{1.0,0.0,384}, type=None
  Added frozen 0.5×I scaling after mlp.c_fc (device=cuda:0)
  Initialized transformer.h.0.mlp.c_fc.blocks.0.weight (1024, 1024) on G_{1.0,0.0,384}
  Initialized transformer.h.1.mlp.c_fc.blocks.0.weight (1024, 1024) on G_{1.0,0.0,384}
  Initialized transformer.h.2.mlp.c_fc.blocks.0.weight (1024, 1024) on G_{1.0,0.0,384}
  Added frozen 0.5×I scaling after mlp.c_fc (device=cuda:1)
  Initialized transformer.h.3.mlp.c_fc.blocks.0.weight (1024, 1024) on G_{1.0,0.0,384}
  Initialized transformer.h.4.mlp.c_fc.blocks.0.weight (1024, 1024) on G_{1.0,0.0,384}
  Initialized transformer.h.5.mlp.c_fc.blocks.0.weight (1024, 1024) on G_{1.0,0.0,384}
  Initialized transformer.h.6.mlp.c_fc.blocks.0.weight (1024, 1024) on G_{1.0,0.0,384}
  Initialized transformer.h.7.mlp.c_fc.blocks.0.weight (1024, 1024) on G_{1.0,0.0,384}
  Initialized transformer.h.8.mlp.c_fc.blocks.0.weight (1024, 1024) on G_{1.0,0.0,384}
  Initialized transformer.h.9.mlp.c_fc.blocks.0.weight (1024, 1024) on G_{1.0,0.0,384}
  Initialized transformer.h.10.mlp.c_fc.blocks.0.weight (1024, 1024) on G_{1.0,0.0,384}
  Initialized transformer.h.11.mlp.c_fc.blocks.0.weight (1024, 1024) on G_{1.0,0.0,384}
  Initialized transformer.h.12.mlp.c_fc.blocks.0.weight (1024, 1024) on G_{1.0,0.0,384}
  Initialized transformer.h.13.mlp.c_fc.blocks.0.weight (1024, 1024) on G_{1.0,0.0,384}
  Initialized transformer.h.14.mlp.c_fc.blocks.0.weight (1024, 1024) on G_{1.0,0.0,384}
  Initialized transformer.h.15.mlp.c_fc.blocks.0.weight (1024, 1024) on G_{1.0,0.0,384}
  Initialized transformer.h.16.mlp.c_fc.blocks.0.weight (1024, 1024) on G_{1.0,0.0,384}
  Initialized transformer.h.17.mlp.c_fc.blocks.0.weight (1024, 1024) on G_{1.0,0.0,384}
  Initialized transformer.h.18.mlp.c_fc.blocks.0.weight (1024, 1024) on G_{1.0,0.0,384}
  Initialized transformer.h.19.mlp.c_fc.blocks.0.weight (1024, 1024) on G_{1.0,0.0,384}
  Added frozen 0.5×I scaling after mlp.c_fc (device=cuda:3)
  Initialized transformer.h.20.mlp.c_fc.blocks.0.weight (1024, 1024) on G_{1.0,0.0,384}
  Initialized transformer.h.21.mlp.c_fc.blocks.0.weight (1024, 1024) on G_{1.0,0.0,384}
  Initialized transformer.h.22.mlp.c_fc.blocks.0.weight (1024, 1024) on G_{1.0,0.0,384}
  Initialized transformer.h.23.mlp.c_fc.blocks.0.weight (1024, 1024) on G_{1.0,0.0,384}

Initializing mlp.c_fc.blocks.1.: k=1, G_{1.0,0.0,384}, type=None
  Initialized transformer.h.0.mlp.c_fc.blocks.1.weight (1024, 1024) on G_{1.0,0.0,384}
  Initialized transformer.h.1.mlp.c_fc.blocks.1.weight (1024, 1024) on G_{1.0,0.0,384}
  Initialized transformer.h.2.mlp.c_fc.blocks.1.weight (1024, 1024) on G_{1.0,0.0,384}
  Initialized transformer.h.3.mlp.c_fc.blocks.1.weight (1024, 1024) on G_{1.0,0.0,384}
  Initialized transformer.h.4.mlp.c_fc.blocks.1.weight (1024, 1024) on G_{1.0,0.0,384}
  Initialized transformer.h.5.mlp.c_fc.blocks.1.weight (1024, 1024) on G_{1.0,0.0,384}
  Initialized transformer.h.6.mlp.c_fc.blocks.1.weight (1024, 1024) on G_{1.0,0.0,384}
  Initialized transformer.h.7.mlp.c_fc.blocks.1.weight (1024, 1024) on G_{1.0,0.0,384}
  Initialized transformer.h.8.mlp.c_fc.blocks.1.weight (1024, 1024) on G_{1.0,0.0,384}
  Added frozen 0.5×I scaling after mlp.c_fc (device=cuda:0)
  Initialized transformer.h.9.mlp.c_fc.blocks.1.weight (1024, 1024) on G_{1.0,0.0,384}
  Initialized transformer.h.10.mlp.c_fc.blocks.1.weight (1024, 1024) on G_{1.0,0.0,384}
  Added frozen 0.5×I scaling after mlp.c_fc (device=cuda:1)
  Initialized transformer.h.11.mlp.c_fc.blocks.1.weight (1024, 1024) on G_{1.0,0.0,384}
  Initialized transformer.h.12.mlp.c_fc.blocks.1.weight (1024, 1024) on G_{1.0,0.0,384}
  Initialized transformer.h.13.mlp.c_fc.blocks.1.weight (1024, 1024) on G_{1.0,0.0,384}
  Initialized transformer.h.14.mlp.c_fc.blocks.1.weight (1024, 1024) on G_{1.0,0.0,384}
  Initialized transformer.h.15.mlp.c_fc.blocks.1.weight (1024, 1024) on G_{1.0,0.0,384}
  Initialized transformer.h.16.mlp.c_fc.blocks.1.weight (1024, 1024) on G_{1.0,0.0,384}
  Initialized transformer.h.17.mlp.c_fc.blocks.1.weight (1024, 1024) on G_{1.0,0.0,384}
  Initialized transformer.h.18.mlp.c_fc.blocks.1.weight (1024, 1024) on G_{1.0,0.0,384}
  Initialized transformer.h.19.mlp.c_fc.blocks.1.weight (1024, 1024) on G_{1.0,0.0,384}
  Initialized transformer.h.20.mlp.c_fc.blocks.1.weight (1024, 1024) on G_{1.0,0.0,384}
  Initialized transformer.h.21.mlp.c_fc.blocks.1.weight (1024, 1024) on G_{1.0,0.0,384}
  Initialized transformer.h.22.mlp.c_fc.blocks.1.weight (1024, 1024) on G_{1.0,0.0,384}
  Initialized transformer.h.23.mlp.c_fc.blocks.1.weight (1024, 1024) on G_{1.0,0.0,384}

Initializing mlp.c_fc.blocks.2.: k=1, G_{1.0,0.0,384}, type=None
  Initialized transformer.h.0.mlp.c_fc.blocks.2.weight (1024, 1024) on G_{1.0,0.0,384}
  Initialized transformer.h.1.mlp.c_fc.blocks.2.weight (1024, 1024) on G_{1.0,0.0,384}
  Initialized transformer.h.2.mlp.c_fc.blocks.2.weight (1024, 1024) on G_{1.0,0.0,384}
  Initialized transformer.h.3.mlp.c_fc.blocks.2.weight (1024, 1024) on G_{1.0,0.0,384}
  Added frozen 0.5×I scaling after mlp.c_fc (device=cuda:3)
  Initialized transformer.h.4.mlp.c_fc.blocks.2.weight (1024, 1024) on G_{1.0,0.0,384}
  Initialized transformer.h.5.mlp.c_fc.blocks.2.weight (1024, 1024) on G_{1.0,0.0,384}
  Initialized transformer.h.6.mlp.c_fc.blocks.2.weight (1024, 1024) on G_{1.0,0.0,384}
  Initialized transformer.h.7.mlp.c_fc.blocks.2.weight (1024, 1024) on G_{1.0,0.0,384}
  Initialized transformer.h.8.mlp.c_fc.blocks.2.weight (1024, 1024) on G_{1.0,0.0,384}
  Initialized transformer.h.9.mlp.c_fc.blocks.2.weight (1024, 1024) on G_{1.0,0.0,384}
  Initialized transformer.h.10.mlp.c_fc.blocks.2.weight (1024, 1024) on G_{1.0,0.0,384}
  Initialized transformer.h.11.mlp.c_fc.blocks.2.weight (1024, 1024) on G_{1.0,0.0,384}
  Initialized transformer.h.12.mlp.c_fc.blocks.2.weight (1024, 1024) on G_{1.0,0.0,384}
  Initialized transformer.h.13.mlp.c_fc.blocks.2.weight (1024, 1024) on G_{1.0,0.0,384}
  Initialized transformer.h.14.mlp.c_fc.blocks.2.weight (1024, 1024) on G_{1.0,0.0,384}
  Initialized transformer.h.15.mlp.c_fc.blocks.2.weight (1024, 1024) on G_{1.0,0.0,384}
  Initialized transformer.h.16.mlp.c_fc.blocks.2.weight (1024, 1024) on G_{1.0,0.0,384}
  Added frozen 0.5×I scaling after mlp.c_fc (device=cuda:0)
Norm-preserving scaling setup complete.
compiling the model... (takes a ~minute)
  Initialized transformer.h.17.mlp.c_fc.blocks.2.weight (1024, 1024) on G_{1.0,0.0,384}
  Initialized transformer.h.18.mlp.c_fc.blocks.2.weight (1024, 1024) on G_{1.0,0.0,384}
  Added frozen 0.5×I scaling after mlp.c_fc (device=cuda:1)
Norm-preserving scaling setup complete.
compiling the model... (takes a ~minute)
  Initialized transformer.h.19.mlp.c_fc.blocks.2.weight (1024, 1024) on G_{1.0,0.0,384}
  Initialized transformer.h.20.mlp.c_fc.blocks.2.weight (1024, 1024) on G_{1.0,0.0,384}
  Initialized transformer.h.21.mlp.c_fc.blocks.2.weight (1024, 1024) on G_{1.0,0.0,384}
  Initialized transformer.h.22.mlp.c_fc.blocks.2.weight (1024, 1024) on G_{1.0,0.0,384}
  Initialized transformer.h.23.mlp.c_fc.blocks.2.weight (1024, 1024) on G_{1.0,0.0,384}

Initializing mlp.c_fc.blocks.3.: k=1, G_{1.0,0.0,384}, type=None
  Initialized transformer.h.0.mlp.c_fc.blocks.3.weight (1024, 1024) on G_{1.0,0.0,384}
  Initialized transformer.h.1.mlp.c_fc.blocks.3.weight (1024, 1024) on G_{1.0,0.0,384}
  Initialized transformer.h.2.mlp.c_fc.blocks.3.weight (1024, 1024) on G_{1.0,0.0,384}
  Initialized transformer.h.3.mlp.c_fc.blocks.3.weight (1024, 1024) on G_{1.0,0.0,384}
  Initialized transformer.h.4.mlp.c_fc.blocks.3.weight (1024, 1024) on G_{1.0,0.0,384}
  Initialized transformer.h.5.mlp.c_fc.blocks.3.weight (1024, 1024) on G_{1.0,0.0,384}
  Initialized transformer.h.6.mlp.c_fc.blocks.3.weight (1024, 1024) on G_{1.0,0.0,384}
  Initialized transformer.h.7.mlp.c_fc.blocks.3.weight (1024, 1024) on G_{1.0,0.0,384}
  Initialized transformer.h.8.mlp.c_fc.blocks.3.weight (1024, 1024) on G_{1.0,0.0,384}
  Initialized transformer.h.9.mlp.c_fc.blocks.3.weight (1024, 1024) on G_{1.0,0.0,384}
  Initialized transformer.h.10.mlp.c_fc.blocks.3.weight (1024, 1024) on G_{1.0,0.0,384}
  Initialized transformer.h.11.mlp.c_fc.blocks.3.weight (1024, 1024) on G_{1.0,0.0,384}
  Initialized transformer.h.12.mlp.c_fc.blocks.3.weight (1024, 1024) on G_{1.0,0.0,384}
  Initialized transformer.h.13.mlp.c_fc.blocks.3.weight (1024, 1024) on G_{1.0,0.0,384}
  Added frozen 0.5×I scaling after mlp.c_fc (device=cuda:3)
Norm-preserving scaling setup complete.
compiling the model... (takes a ~minute)
  Initialized transformer.h.14.mlp.c_fc.blocks.3.weight (1024, 1024) on G_{1.0,0.0,384}
  Initialized transformer.h.15.mlp.c_fc.blocks.3.weight (1024, 1024) on G_{1.0,0.0,384}
  Initialized transformer.h.16.mlp.c_fc.blocks.3.weight (1024, 1024) on G_{1.0,0.0,384}
  Initialized transformer.h.17.mlp.c_fc.blocks.3.weight (1024, 1024) on G_{1.0,0.0,384}
  Initialized transformer.h.18.mlp.c_fc.blocks.3.weight (1024, 1024) on G_{1.0,0.0,384}
  Initialized transformer.h.19.mlp.c_fc.blocks.3.weight (1024, 1024) on G_{1.0,0.0,384}
  Initialized transformer.h.20.mlp.c_fc.blocks.3.weight (1024, 1024) on G_{1.0,0.0,384}
  Initialized transformer.h.21.mlp.c_fc.blocks.3.weight (1024, 1024) on G_{1.0,0.0,384}
  Initialized transformer.h.22.mlp.c_fc.blocks.3.weight (1024, 1024) on G_{1.0,0.0,384}
  Initialized transformer.h.23.mlp.c_fc.blocks.3.weight (1024, 1024) on G_{1.0,0.0,384}

Initializing transformer.h.1.attn.c_attn.blocks.0.: k=1, G_{1.0,0.0,384}, type=None
  Initialized transformer.h.1.attn.c_attn.blocks.0.weight (1024, 1024) on G_{1.0,0.0,384}

Initializing transformer.h.1.attn.c_attn.blocks.1.: k=1, G_{1.0,0.0,384}, type=None
  Initialized transformer.h.1.attn.c_attn.blocks.1.weight (1024, 1024) on G_{1.0,0.0,384}

Initializing transformer.h.1.attn.c_attn.blocks.2.: k=1, G_{1.0,0.0,384}, type=None
  Initialized transformer.h.1.attn.c_attn.blocks.2.weight (1024, 1024) on G_{1.0,0.0,384}

Initializing transformer.h.1.mlp.c_fc.blocks.0.: k=1, G_{1.0,0.0,384}, type=None
  Initialized transformer.h.1.mlp.c_fc.blocks.0.weight (1024, 1024) on G_{1.0,0.0,384}

Initializing transformer.h.1.mlp.c_fc.blocks.1.: k=1, G_{1.0,0.0,384}, type=None
  Initialized transformer.h.1.mlp.c_fc.blocks.1.weight (1024, 1024) on G_{1.0,0.0,384}

Initializing transformer.h.1.mlp.c_fc.blocks.2.: k=1, G_{1.0,0.0,384}, type=None
  Initialized transformer.h.1.mlp.c_fc.blocks.2.weight (1024, 1024) on G_{1.0,0.0,384}

Initializing transformer.h.1.mlp.c_fc.blocks.3.: k=1, G_{1.0,0.0,384}, type=None
  Initialized transformer.h.1.mlp.c_fc.blocks.3.weight (1024, 1024) on G_{1.0,0.0,384}

Initializing transformer.h.2.attn.c_attn.blocks.0.: k=1, G_{1.0,0.0,384}, type=None
  Initialized transformer.h.2.attn.c_attn.blocks.0.weight (1024, 1024) on G_{1.0,0.0,384}

Initializing transformer.h.2.attn.c_attn.blocks.1.: k=1, G_{1.0,0.0,384}, type=None
  Initialized transformer.h.2.attn.c_attn.blocks.1.weight (1024, 1024) on G_{1.0,0.0,384}

Initializing transformer.h.2.attn.c_attn.blocks.2.: k=1, G_{1.0,0.0,384}, type=None
  Initialized transformer.h.2.attn.c_attn.blocks.2.weight (1024, 1024) on G_{1.0,0.0,384}

Initializing transformer.h.2.mlp.c_fc.blocks.0.: k=1, G_{1.0,0.0,384}, type=None
  Initialized transformer.h.2.mlp.c_fc.blocks.0.weight (1024, 1024) on G_{1.0,0.0,384}

Initializing transformer.h.2.mlp.c_fc.blocks.1.: k=1, G_{1.0,0.0,384}, type=None
  Initialized transformer.h.2.mlp.c_fc.blocks.1.weight (1024, 1024) on G_{1.0,0.0,384}

Initializing transformer.h.2.mlp.c_fc.blocks.2.: k=1, G_{1.0,0.0,384}, type=None
  Initialized transformer.h.2.mlp.c_fc.blocks.2.weight (1024, 1024) on G_{1.0,0.0,384}

Initializing transformer.h.2.mlp.c_fc.blocks.3.: k=1, G_{1.0,0.0,384}, type=None
  Initialized transformer.h.2.mlp.c_fc.blocks.3.weight (1024, 1024) on G_{1.0,0.0,384}

Initializing transformer.h.3.attn.c_attn.blocks.0.: k=1, G_{1.0,0.0,384}, type=None
  Initialized transformer.h.3.attn.c_attn.blocks.0.weight (1024, 1024) on G_{1.0,0.0,384}

Initializing transformer.h.3.attn.c_attn.blocks.1.: k=1, G_{1.0,0.0,384}, type=None
  Initialized transformer.h.3.attn.c_attn.blocks.1.weight (1024, 1024) on G_{1.0,0.0,384}

Initializing transformer.h.3.attn.c_attn.blocks.2.: k=1, G_{1.0,0.0,384}, type=None
  Initialized transformer.h.3.attn.c_attn.blocks.2.weight (1024, 1024) on G_{1.0,0.0,384}

Initializing transformer.h.3.mlp.c_fc.blocks.0.: k=1, G_{1.0,0.0,384}, type=None
  Initialized transformer.h.3.mlp.c_fc.blocks.0.weight (1024, 1024) on G_{1.0,0.0,384}

Initializing transformer.h.3.mlp.c_fc.blocks.1.: k=1, G_{1.0,0.0,384}, type=None
  Initialized transformer.h.3.mlp.c_fc.blocks.1.weight (1024, 1024) on G_{1.0,0.0,384}

Initializing transformer.h.3.mlp.c_fc.blocks.2.: k=1, G_{1.0,0.0,384}, type=None
  Initialized transformer.h.3.mlp.c_fc.blocks.2.weight (1024, 1024) on G_{1.0,0.0,384}

Initializing transformer.h.3.mlp.c_fc.blocks.3.: k=1, G_{1.0,0.0,384}, type=None
  Initialized transformer.h.3.mlp.c_fc.blocks.3.weight (1024, 1024) on G_{1.0,0.0,384}

Initializing transformer.h.4.attn.c_attn.blocks.0.: k=1, G_{1.0,0.0,384}, type=None
  Initialized transformer.h.4.attn.c_attn.blocks.0.weight (1024, 1024) on G_{1.0,0.0,384}

Initializing transformer.h.4.attn.c_attn.blocks.1.: k=1, G_{1.0,0.0,384}, type=None
  Initialized transformer.h.4.attn.c_attn.blocks.1.weight (1024, 1024) on G_{1.0,0.0,384}

Initializing transformer.h.4.attn.c_attn.blocks.2.: k=1, G_{1.0,0.0,384}, type=None
  Initialized transformer.h.4.attn.c_attn.blocks.2.weight (1024, 1024) on G_{1.0,0.0,384}

Initializing transformer.h.4.mlp.c_fc.blocks.0.: k=1, G_{1.0,0.0,384}, type=None
  Initialized transformer.h.4.mlp.c_fc.blocks.0.weight (1024, 1024) on G_{1.0,0.0,384}

Initializing transformer.h.4.mlp.c_fc.blocks.1.: k=1, G_{1.0,0.0,384}, type=None
  Initialized transformer.h.4.mlp.c_fc.blocks.1.weight (1024, 1024) on G_{1.0,0.0,384}

Initializing transformer.h.4.mlp.c_fc.blocks.2.: k=1, G_{1.0,0.0,384}, type=None
  Initialized transformer.h.4.mlp.c_fc.blocks.2.weight (1024, 1024) on G_{1.0,0.0,384}

Initializing transformer.h.4.mlp.c_fc.blocks.3.: k=1, G_{1.0,0.0,384}, type=None
  Initialized transformer.h.4.mlp.c_fc.blocks.3.weight (1024, 1024) on G_{1.0,0.0,384}

Initializing transformer.h.5.attn.c_attn.blocks.0.: k=1, G_{1.0,0.0,384}, type=None
  Initialized transformer.h.5.attn.c_attn.blocks.0.weight (1024, 1024) on G_{1.0,0.0,384}

Initializing transformer.h.5.attn.c_attn.blocks.1.: k=1, G_{1.0,0.0,384}, type=None
  Initialized transformer.h.5.attn.c_attn.blocks.1.weight (1024, 1024) on G_{1.0,0.0,384}

Initializing transformer.h.5.attn.c_attn.blocks.2.: k=1, G_{1.0,0.0,384}, type=None
  Initialized transformer.h.5.attn.c_attn.blocks.2.weight (1024, 1024) on G_{1.0,0.0,384}

Initializing transformer.h.5.mlp.c_fc.blocks.0.: k=1, G_{1.0,0.0,384}, type=None
  Initialized transformer.h.5.mlp.c_fc.blocks.0.weight (1024, 1024) on G_{1.0,0.0,384}

Initializing transformer.h.5.mlp.c_fc.blocks.1.: k=1, G_{1.0,0.0,384}, type=None
  Initialized transformer.h.5.mlp.c_fc.blocks.1.weight (1024, 1024) on G_{1.0,0.0,384}

Initializing transformer.h.5.mlp.c_fc.blocks.2.: k=1, G_{1.0,0.0,384}, type=None
  Initialized transformer.h.5.mlp.c_fc.blocks.2.weight (1024, 1024) on G_{1.0,0.0,384}

Initializing transformer.h.5.mlp.c_fc.blocks.3.: k=1, G_{1.0,0.0,384}, type=None
  Initialized transformer.h.5.mlp.c_fc.blocks.3.weight (1024, 1024) on G_{1.0,0.0,384}

Initializing transformer.h.6.attn.c_attn.blocks.0.: k=1, G_{1.0,0.0,384}, type=None
  Initialized transformer.h.6.attn.c_attn.blocks.0.weight (1024, 1024) on G_{1.0,0.0,384}

Initializing transformer.h.6.attn.c_attn.blocks.1.: k=1, G_{1.0,0.0,384}, type=None
  Initialized transformer.h.6.attn.c_attn.blocks.1.weight (1024, 1024) on G_{1.0,0.0,384}

Initializing transformer.h.6.attn.c_attn.blocks.2.: k=1, G_{1.0,0.0,384}, type=None
  Initialized transformer.h.6.attn.c_attn.blocks.2.weight (1024, 1024) on G_{1.0,0.0,384}

Initializing transformer.h.6.mlp.c_fc.blocks.0.: k=1, G_{1.0,0.0,384}, type=None
  Initialized transformer.h.6.mlp.c_fc.blocks.0.weight (1024, 1024) on G_{1.0,0.0,384}

Initializing transformer.h.6.mlp.c_fc.blocks.1.: k=1, G_{1.0,0.0,384}, type=None
  Initialized transformer.h.6.mlp.c_fc.blocks.1.weight (1024, 1024) on G_{1.0,0.0,384}

Initializing transformer.h.6.mlp.c_fc.blocks.2.: k=1, G_{1.0,0.0,384}, type=None
  Initialized transformer.h.6.mlp.c_fc.blocks.2.weight (1024, 1024) on G_{1.0,0.0,384}

Initializing transformer.h.6.mlp.c_fc.blocks.3.: k=1, G_{1.0,0.0,384}, type=None
  Initialized transformer.h.6.mlp.c_fc.blocks.3.weight (1024, 1024) on G_{1.0,0.0,384}

Initializing transformer.h.7.attn.c_attn.blocks.0.: k=1, G_{1.0,0.0,384}, type=None
  Initialized transformer.h.7.attn.c_attn.blocks.0.weight (1024, 1024) on G_{1.0,0.0,384}

Initializing transformer.h.7.attn.c_attn.blocks.1.: k=1, G_{1.0,0.0,384}, type=None
  Initialized transformer.h.7.attn.c_attn.blocks.1.weight (1024, 1024) on G_{1.0,0.0,384}

Initializing transformer.h.7.attn.c_attn.blocks.2.: k=1, G_{1.0,0.0,384}, type=None
  Initialized transformer.h.7.attn.c_attn.blocks.2.weight (1024, 1024) on G_{1.0,0.0,384}

Initializing transformer.h.7.mlp.c_fc.blocks.0.: k=1, G_{1.0,0.0,384}, type=None
  Initialized transformer.h.7.mlp.c_fc.blocks.0.weight (1024, 1024) on G_{1.0,0.0,384}

Initializing transformer.h.7.mlp.c_fc.blocks.1.: k=1, G_{1.0,0.0,384}, type=None
  Initialized transformer.h.7.mlp.c_fc.blocks.1.weight (1024, 1024) on G_{1.0,0.0,384}

Initializing transformer.h.7.mlp.c_fc.blocks.2.: k=1, G_{1.0,0.0,384}, type=None
  Initialized transformer.h.7.mlp.c_fc.blocks.2.weight (1024, 1024) on G_{1.0,0.0,384}

Initializing transformer.h.7.mlp.c_fc.blocks.3.: k=1, G_{1.0,0.0,384}, type=None
  Initialized transformer.h.7.mlp.c_fc.blocks.3.weight (1024, 1024) on G_{1.0,0.0,384}

Initializing transformer.h.8.attn.c_attn.blocks.0.: k=1, G_{1.0,0.0,384}, type=None
  Initialized transformer.h.8.attn.c_attn.blocks.0.weight (1024, 1024) on G_{1.0,0.0,384}

Initializing transformer.h.8.attn.c_attn.blocks.1.: k=1, G_{1.0,0.0,384}, type=None
  Initialized transformer.h.8.attn.c_attn.blocks.1.weight (1024, 1024) on G_{1.0,0.0,384}

Initializing transformer.h.8.attn.c_attn.blocks.2.: k=1, G_{1.0,0.0,384}, type=None
  Initialized transformer.h.8.attn.c_attn.blocks.2.weight (1024, 1024) on G_{1.0,0.0,384}

Initializing transformer.h.8.mlp.c_fc.blocks.0.: k=1, G_{1.0,0.0,384}, type=None
  Initialized transformer.h.8.mlp.c_fc.blocks.0.weight (1024, 1024) on G_{1.0,0.0,384}

Initializing transformer.h.8.mlp.c_fc.blocks.1.: k=1, G_{1.0,0.0,384}, type=None
  Initialized transformer.h.8.mlp.c_fc.blocks.1.weight (1024, 1024) on G_{1.0,0.0,384}

Initializing transformer.h.8.mlp.c_fc.blocks.2.: k=1, G_{1.0,0.0,384}, type=None
  Initialized transformer.h.8.mlp.c_fc.blocks.2.weight (1024, 1024) on G_{1.0,0.0,384}

Initializing transformer.h.8.mlp.c_fc.blocks.3.: k=1, G_{1.0,0.0,384}, type=None
  Initialized transformer.h.8.mlp.c_fc.blocks.3.weight (1024, 1024) on G_{1.0,0.0,384}

Initializing transformer.h.9.attn.c_attn.blocks.0.: k=1, G_{1.0,0.0,384}, type=None
  Initialized transformer.h.9.attn.c_attn.blocks.0.weight (1024, 1024) on G_{1.0,0.0,384}

Initializing transformer.h.9.attn.c_attn.blocks.1.: k=1, G_{1.0,0.0,384}, type=None
  Initialized transformer.h.9.attn.c_attn.blocks.1.weight (1024, 1024) on G_{1.0,0.0,384}

Initializing transformer.h.9.attn.c_attn.blocks.2.: k=1, G_{1.0,0.0,384}, type=None
  Initialized transformer.h.9.attn.c_attn.blocks.2.weight (1024, 1024) on G_{1.0,0.0,384}

Initializing transformer.h.9.mlp.c_fc.blocks.0.: k=1, G_{1.0,0.0,384}, type=None
  Initialized transformer.h.9.mlp.c_fc.blocks.0.weight (1024, 1024) on G_{1.0,0.0,384}

Initializing transformer.h.9.mlp.c_fc.blocks.1.: k=1, G_{1.0,0.0,384}, type=None
  Initialized transformer.h.9.mlp.c_fc.blocks.1.weight (1024, 1024) on G_{1.0,0.0,384}

Initializing transformer.h.9.mlp.c_fc.blocks.2.: k=1, G_{1.0,0.0,384}, type=None
  Initialized transformer.h.9.mlp.c_fc.blocks.2.weight (1024, 1024) on G_{1.0,0.0,384}

Initializing transformer.h.9.mlp.c_fc.blocks.3.: k=1, G_{1.0,0.0,384}, type=None
  Initialized transformer.h.9.mlp.c_fc.blocks.3.weight (1024, 1024) on G_{1.0,0.0,384}

Initializing transformer.h.10.attn.c_attn.blocks.0.: k=1, G_{1.0,0.0,384}, type=None
  Initialized transformer.h.10.attn.c_attn.blocks.0.weight (1024, 1024) on G_{1.0,0.0,384}

Initializing transformer.h.10.attn.c_attn.blocks.1.: k=1, G_{1.0,0.0,384}, type=None
  Initialized transformer.h.10.attn.c_attn.blocks.1.weight (1024, 1024) on G_{1.0,0.0,384}

Initializing transformer.h.10.attn.c_attn.blocks.2.: k=1, G_{1.0,0.0,384}, type=None
  Initialized transformer.h.10.attn.c_attn.blocks.2.weight (1024, 1024) on G_{1.0,0.0,384}

Initializing transformer.h.10.mlp.c_fc.blocks.0.: k=1, G_{1.0,0.0,384}, type=None
  Initialized transformer.h.10.mlp.c_fc.blocks.0.weight (1024, 1024) on G_{1.0,0.0,384}

Initializing transformer.h.10.mlp.c_fc.blocks.1.: k=1, G_{1.0,0.0,384}, type=None
  Initialized transformer.h.10.mlp.c_fc.blocks.1.weight (1024, 1024) on G_{1.0,0.0,384}

Initializing transformer.h.10.mlp.c_fc.blocks.2.: k=1, G_{1.0,0.0,384}, type=None
  Initialized transformer.h.10.mlp.c_fc.blocks.2.weight (1024, 1024) on G_{1.0,0.0,384}

Initializing transformer.h.10.mlp.c_fc.blocks.3.: k=1, G_{1.0,0.0,384}, type=None
  Initialized transformer.h.10.mlp.c_fc.blocks.3.weight (1024, 1024) on G_{1.0,0.0,384}

Initializing transformer.h.11.attn.c_attn.blocks.0.: k=1, G_{1.0,0.0,384}, type=None
  Initialized transformer.h.11.attn.c_attn.blocks.0.weight (1024, 1024) on G_{1.0,0.0,384}

Initializing transformer.h.11.attn.c_attn.blocks.1.: k=1, G_{1.0,0.0,384}, type=None
  Initialized transformer.h.11.attn.c_attn.blocks.1.weight (1024, 1024) on G_{1.0,0.0,384}

Initializing transformer.h.11.attn.c_attn.blocks.2.: k=1, G_{1.0,0.0,384}, type=None
  Initialized transformer.h.11.attn.c_attn.blocks.2.weight (1024, 1024) on G_{1.0,0.0,384}

Initializing transformer.h.11.mlp.c_fc.blocks.0.: k=1, G_{1.0,0.0,384}, type=None
  Initialized transformer.h.11.mlp.c_fc.blocks.0.weight (1024, 1024) on G_{1.0,0.0,384}

Initializing transformer.h.11.mlp.c_fc.blocks.1.: k=1, G_{1.0,0.0,384}, type=None
  Initialized transformer.h.11.mlp.c_fc.blocks.1.weight (1024, 1024) on G_{1.0,0.0,384}

Initializing transformer.h.11.mlp.c_fc.blocks.2.: k=1, G_{1.0,0.0,384}, type=None
  Initialized transformer.h.11.mlp.c_fc.blocks.2.weight (1024, 1024) on G_{1.0,0.0,384}

Initializing transformer.h.11.mlp.c_fc.blocks.3.: k=1, G_{1.0,0.0,384}, type=None
  Initialized transformer.h.11.mlp.c_fc.blocks.3.weight (1024, 1024) on G_{1.0,0.0,384}

Initializing transformer.h.12.attn.c_attn.blocks.0.: k=1, G_{1.0,0.0,384}, type=None
  Initialized transformer.h.12.attn.c_attn.blocks.0.weight (1024, 1024) on G_{1.0,0.0,384}

Initializing transformer.h.12.attn.c_attn.blocks.1.: k=1, G_{1.0,0.0,384}, type=None
  Initialized transformer.h.12.attn.c_attn.blocks.1.weight (1024, 1024) on G_{1.0,0.0,384}

Initializing transformer.h.12.attn.c_attn.blocks.2.: k=1, G_{1.0,0.0,384}, type=None
  Initialized transformer.h.12.attn.c_attn.blocks.2.weight (1024, 1024) on G_{1.0,0.0,384}

Initializing transformer.h.12.mlp.c_fc.blocks.0.: k=1, G_{1.0,0.0,384}, type=None
  Initialized transformer.h.12.mlp.c_fc.blocks.0.weight (1024, 1024) on G_{1.0,0.0,384}

Initializing transformer.h.12.mlp.c_fc.blocks.1.: k=1, G_{1.0,0.0,384}, type=None
  Initialized transformer.h.12.mlp.c_fc.blocks.1.weight (1024, 1024) on G_{1.0,0.0,384}

Initializing transformer.h.12.mlp.c_fc.blocks.2.: k=1, G_{1.0,0.0,384}, type=None
  Initialized transformer.h.12.mlp.c_fc.blocks.2.weight (1024, 1024) on G_{1.0,0.0,384}

Initializing transformer.h.12.mlp.c_fc.blocks.3.: k=1, G_{1.0,0.0,384}, type=None
  Initialized transformer.h.12.mlp.c_fc.blocks.3.weight (1024, 1024) on G_{1.0,0.0,384}

Initializing transformer.h.13.attn.c_attn.blocks.0.: k=1, G_{1.0,0.0,384}, type=None
  Initialized transformer.h.13.attn.c_attn.blocks.0.weight (1024, 1024) on G_{1.0,0.0,384}

Initializing transformer.h.13.attn.c_attn.blocks.1.: k=1, G_{1.0,0.0,384}, type=None
  Initialized transformer.h.13.attn.c_attn.blocks.1.weight (1024, 1024) on G_{1.0,0.0,384}

Initializing transformer.h.13.attn.c_attn.blocks.2.: k=1, G_{1.0,0.0,384}, type=None
  Initialized transformer.h.13.attn.c_attn.blocks.2.weight (1024, 1024) on G_{1.0,0.0,384}

Initializing transformer.h.13.mlp.c_fc.blocks.0.: k=1, G_{1.0,0.0,384}, type=None
  Initialized transformer.h.13.mlp.c_fc.blocks.0.weight (1024, 1024) on G_{1.0,0.0,384}

Initializing transformer.h.13.mlp.c_fc.blocks.1.: k=1, G_{1.0,0.0,384}, type=None
  Initialized transformer.h.13.mlp.c_fc.blocks.1.weight (1024, 1024) on G_{1.0,0.0,384}

Initializing transformer.h.13.mlp.c_fc.blocks.2.: k=1, G_{1.0,0.0,384}, type=None
  Initialized transformer.h.13.mlp.c_fc.blocks.2.weight (1024, 1024) on G_{1.0,0.0,384}

Initializing transformer.h.13.mlp.c_fc.blocks.3.: k=1, G_{1.0,0.0,384}, type=None
  Initialized transformer.h.13.mlp.c_fc.blocks.3.weight (1024, 1024) on G_{1.0,0.0,384}

Initializing transformer.h.14.attn.c_attn.blocks.0.: k=1, G_{1.0,0.0,384}, type=None
  Initialized transformer.h.14.attn.c_attn.blocks.0.weight (1024, 1024) on G_{1.0,0.0,384}

Initializing transformer.h.14.attn.c_attn.blocks.1.: k=1, G_{1.0,0.0,384}, type=None
  Initialized transformer.h.14.attn.c_attn.blocks.1.weight (1024, 1024) on G_{1.0,0.0,384}

Initializing transformer.h.14.attn.c_attn.blocks.2.: k=1, G_{1.0,0.0,384}, type=None
  Initialized transformer.h.14.attn.c_attn.blocks.2.weight (1024, 1024) on G_{1.0,0.0,384}

Initializing transformer.h.14.mlp.c_fc.blocks.0.: k=1, G_{1.0,0.0,384}, type=None
  Initialized transformer.h.14.mlp.c_fc.blocks.0.weight (1024, 1024) on G_{1.0,0.0,384}

Initializing transformer.h.14.mlp.c_fc.blocks.1.: k=1, G_{1.0,0.0,384}, type=None
  Initialized transformer.h.14.mlp.c_fc.blocks.1.weight (1024, 1024) on G_{1.0,0.0,384}

Initializing transformer.h.14.mlp.c_fc.blocks.2.: k=1, G_{1.0,0.0,384}, type=None
  Initialized transformer.h.14.mlp.c_fc.blocks.2.weight (1024, 1024) on G_{1.0,0.0,384}

Initializing transformer.h.14.mlp.c_fc.blocks.3.: k=1, G_{1.0,0.0,384}, type=None
  Initialized transformer.h.14.mlp.c_fc.blocks.3.weight (1024, 1024) on G_{1.0,0.0,384}

Initializing transformer.h.15.attn.c_attn.blocks.0.: k=1, G_{1.0,0.0,384}, type=None
  Initialized transformer.h.15.attn.c_attn.blocks.0.weight (1024, 1024) on G_{1.0,0.0,384}

Initializing transformer.h.15.attn.c_attn.blocks.1.: k=1, G_{1.0,0.0,384}, type=None
  Initialized transformer.h.15.attn.c_attn.blocks.1.weight (1024, 1024) on G_{1.0,0.0,384}

Initializing transformer.h.15.attn.c_attn.blocks.2.: k=1, G_{1.0,0.0,384}, type=None
  Initialized transformer.h.15.attn.c_attn.blocks.2.weight (1024, 1024) on G_{1.0,0.0,384}

Initializing transformer.h.15.mlp.c_fc.blocks.0.: k=1, G_{1.0,0.0,384}, type=None
  Initialized transformer.h.15.mlp.c_fc.blocks.0.weight (1024, 1024) on G_{1.0,0.0,384}

Initializing transformer.h.15.mlp.c_fc.blocks.1.: k=1, G_{1.0,0.0,384}, type=None
  Initialized transformer.h.15.mlp.c_fc.blocks.1.weight (1024, 1024) on G_{1.0,0.0,384}

Initializing transformer.h.15.mlp.c_fc.blocks.2.: k=1, G_{1.0,0.0,384}, type=None
  Initialized transformer.h.15.mlp.c_fc.blocks.2.weight (1024, 1024) on G_{1.0,0.0,384}

Initializing transformer.h.15.mlp.c_fc.blocks.3.: k=1, G_{1.0,0.0,384}, type=None
  Initialized transformer.h.15.mlp.c_fc.blocks.3.weight (1024, 1024) on G_{1.0,0.0,384}

Initializing transformer.h.16.attn.c_attn.blocks.0.: k=1, G_{1.0,0.0,384}, type=None
  Initialized transformer.h.16.attn.c_attn.blocks.0.weight (1024, 1024) on G_{1.0,0.0,384}

Initializing transformer.h.16.attn.c_attn.blocks.1.: k=1, G_{1.0,0.0,384}, type=None
  Initialized transformer.h.16.attn.c_attn.blocks.1.weight (1024, 1024) on G_{1.0,0.0,384}

Initializing transformer.h.16.attn.c_attn.blocks.2.: k=1, G_{1.0,0.0,384}, type=None
  Initialized transformer.h.16.attn.c_attn.blocks.2.weight (1024, 1024) on G_{1.0,0.0,384}

Initializing transformer.h.16.mlp.c_fc.blocks.0.: k=1, G_{1.0,0.0,384}, type=None
  Initialized transformer.h.16.mlp.c_fc.blocks.0.weight (1024, 1024) on G_{1.0,0.0,384}

Initializing transformer.h.16.mlp.c_fc.blocks.1.: k=1, G_{1.0,0.0,384}, type=None
  Initialized transformer.h.16.mlp.c_fc.blocks.1.weight (1024, 1024) on G_{1.0,0.0,384}

Initializing transformer.h.16.mlp.c_fc.blocks.2.: k=1, G_{1.0,0.0,384}, type=None
  Initialized transformer.h.16.mlp.c_fc.blocks.2.weight (1024, 1024) on G_{1.0,0.0,384}

Initializing transformer.h.16.mlp.c_fc.blocks.3.: k=1, G_{1.0,0.0,384}, type=None
  Initialized transformer.h.16.mlp.c_fc.blocks.3.weight (1024, 1024) on G_{1.0,0.0,384}

Initializing transformer.h.17.attn.c_attn.blocks.0.: k=1, G_{1.0,0.0,384}, type=None
  Initialized transformer.h.17.attn.c_attn.blocks.0.weight (1024, 1024) on G_{1.0,0.0,384}

Initializing transformer.h.17.attn.c_attn.blocks.1.: k=1, G_{1.0,0.0,384}, type=None
  Initialized transformer.h.17.attn.c_attn.blocks.1.weight (1024, 1024) on G_{1.0,0.0,384}

Initializing transformer.h.17.attn.c_attn.blocks.2.: k=1, G_{1.0,0.0,384}, type=None
  Initialized transformer.h.17.attn.c_attn.blocks.2.weight (1024, 1024) on G_{1.0,0.0,384}

Initializing transformer.h.17.mlp.c_fc.blocks.0.: k=1, G_{1.0,0.0,384}, type=None
  Initialized transformer.h.17.mlp.c_fc.blocks.0.weight (1024, 1024) on G_{1.0,0.0,384}

Initializing transformer.h.17.mlp.c_fc.blocks.1.: k=1, G_{1.0,0.0,384}, type=None
  Initialized transformer.h.17.mlp.c_fc.blocks.1.weight (1024, 1024) on G_{1.0,0.0,384}

Initializing transformer.h.17.mlp.c_fc.blocks.2.: k=1, G_{1.0,0.0,384}, type=None
  Initialized transformer.h.17.mlp.c_fc.blocks.2.weight (1024, 1024) on G_{1.0,0.0,384}

Initializing transformer.h.17.mlp.c_fc.blocks.3.: k=1, G_{1.0,0.0,384}, type=None
  Initialized transformer.h.17.mlp.c_fc.blocks.3.weight (1024, 1024) on G_{1.0,0.0,384}

Initializing transformer.h.18.attn.c_attn.blocks.0.: k=1, G_{1.0,0.0,384}, type=None
  Initialized transformer.h.18.attn.c_attn.blocks.0.weight (1024, 1024) on G_{1.0,0.0,384}

Initializing transformer.h.18.attn.c_attn.blocks.1.: k=1, G_{1.0,0.0,384}, type=None
  Initialized transformer.h.18.attn.c_attn.blocks.1.weight (1024, 1024) on G_{1.0,0.0,384}

Initializing transformer.h.18.attn.c_attn.blocks.2.: k=1, G_{1.0,0.0,384}, type=None
  Initialized transformer.h.18.attn.c_attn.blocks.2.weight (1024, 1024) on G_{1.0,0.0,384}

Initializing transformer.h.18.mlp.c_fc.blocks.0.: k=1, G_{1.0,0.0,384}, type=None
  Initialized transformer.h.18.mlp.c_fc.blocks.0.weight (1024, 1024) on G_{1.0,0.0,384}

Initializing transformer.h.18.mlp.c_fc.blocks.1.: k=1, G_{1.0,0.0,384}, type=None
  Initialized transformer.h.18.mlp.c_fc.blocks.1.weight (1024, 1024) on G_{1.0,0.0,384}

Initializing transformer.h.18.mlp.c_fc.blocks.2.: k=1, G_{1.0,0.0,384}, type=None
  Initialized transformer.h.18.mlp.c_fc.blocks.2.weight (1024, 1024) on G_{1.0,0.0,384}

Initializing transformer.h.18.mlp.c_fc.blocks.3.: k=1, G_{1.0,0.0,384}, type=None
  Initialized transformer.h.18.mlp.c_fc.blocks.3.weight (1024, 1024) on G_{1.0,0.0,384}

Initializing transformer.h.19.attn.c_attn.blocks.0.: k=1, G_{1.0,0.0,384}, type=None
  Initialized transformer.h.19.attn.c_attn.blocks.0.weight (1024, 1024) on G_{1.0,0.0,384}

Initializing transformer.h.19.attn.c_attn.blocks.1.: k=1, G_{1.0,0.0,384}, type=None
  Initialized transformer.h.19.attn.c_attn.blocks.1.weight (1024, 1024) on G_{1.0,0.0,384}

Initializing transformer.h.19.attn.c_attn.blocks.2.: k=1, G_{1.0,0.0,384}, type=None
  Initialized transformer.h.19.attn.c_attn.blocks.2.weight (1024, 1024) on G_{1.0,0.0,384}

Initializing transformer.h.19.mlp.c_fc.blocks.0.: k=1, G_{1.0,0.0,384}, type=None
  Initialized transformer.h.19.mlp.c_fc.blocks.0.weight (1024, 1024) on G_{1.0,0.0,384}

Initializing transformer.h.19.mlp.c_fc.blocks.1.: k=1, G_{1.0,0.0,384}, type=None
  Initialized transformer.h.19.mlp.c_fc.blocks.1.weight (1024, 1024) on G_{1.0,0.0,384}

Initializing transformer.h.19.mlp.c_fc.blocks.2.: k=1, G_{1.0,0.0,384}, type=None
  Initialized transformer.h.19.mlp.c_fc.blocks.2.weight (1024, 1024) on G_{1.0,0.0,384}

Initializing transformer.h.19.mlp.c_fc.blocks.3.: k=1, G_{1.0,0.0,384}, type=None
  Initialized transformer.h.19.mlp.c_fc.blocks.3.weight (1024, 1024) on G_{1.0,0.0,384}

Initializing transformer.h.20.attn.c_attn.blocks.0.: k=1, G_{1.0,0.0,384}, type=None
  Initialized transformer.h.20.attn.c_attn.blocks.0.weight (1024, 1024) on G_{1.0,0.0,384}

Initializing transformer.h.20.attn.c_attn.blocks.1.: k=1, G_{1.0,0.0,384}, type=None
  Initialized transformer.h.20.attn.c_attn.blocks.1.weight (1024, 1024) on G_{1.0,0.0,384}

Initializing transformer.h.20.attn.c_attn.blocks.2.: k=1, G_{1.0,0.0,384}, type=None
  Initialized transformer.h.20.attn.c_attn.blocks.2.weight (1024, 1024) on G_{1.0,0.0,384}

Initializing transformer.h.20.mlp.c_fc.blocks.0.: k=1, G_{1.0,0.0,384}, type=None
  Initialized transformer.h.20.mlp.c_fc.blocks.0.weight (1024, 1024) on G_{1.0,0.0,384}

Initializing transformer.h.20.mlp.c_fc.blocks.1.: k=1, G_{1.0,0.0,384}, type=None
  Initialized transformer.h.20.mlp.c_fc.blocks.1.weight (1024, 1024) on G_{1.0,0.0,384}

Initializing transformer.h.20.mlp.c_fc.blocks.2.: k=1, G_{1.0,0.0,384}, type=None
  Initialized transformer.h.20.mlp.c_fc.blocks.2.weight (1024, 1024) on G_{1.0,0.0,384}

Initializing transformer.h.20.mlp.c_fc.blocks.3.: k=1, G_{1.0,0.0,384}, type=None
  Initialized transformer.h.20.mlp.c_fc.blocks.3.weight (1024, 1024) on G_{1.0,0.0,384}

Initializing transformer.h.21.attn.c_attn.blocks.0.: k=1, G_{1.0,0.0,384}, type=None
  Initialized transformer.h.21.attn.c_attn.blocks.0.weight (1024, 1024) on G_{1.0,0.0,384}

Initializing transformer.h.21.attn.c_attn.blocks.1.: k=1, G_{1.0,0.0,384}, type=None
  Initialized transformer.h.21.attn.c_attn.blocks.1.weight (1024, 1024) on G_{1.0,0.0,384}

Initializing transformer.h.21.attn.c_attn.blocks.2.: k=1, G_{1.0,0.0,384}, type=None
  Initialized transformer.h.21.attn.c_attn.blocks.2.weight (1024, 1024) on G_{1.0,0.0,384}

Initializing transformer.h.21.mlp.c_fc.blocks.0.: k=1, G_{1.0,0.0,384}, type=None
  Initialized transformer.h.21.mlp.c_fc.blocks.0.weight (1024, 1024) on G_{1.0,0.0,384}

Initializing transformer.h.21.mlp.c_fc.blocks.1.: k=1, G_{1.0,0.0,384}, type=None
  Initialized transformer.h.21.mlp.c_fc.blocks.1.weight (1024, 1024) on G_{1.0,0.0,384}

Initializing transformer.h.21.mlp.c_fc.blocks.2.: k=1, G_{1.0,0.0,384}, type=None
  Initialized transformer.h.21.mlp.c_fc.blocks.2.weight (1024, 1024) on G_{1.0,0.0,384}

Initializing transformer.h.21.mlp.c_fc.blocks.3.: k=1, G_{1.0,0.0,384}, type=None
  Initialized transformer.h.21.mlp.c_fc.blocks.3.weight (1024, 1024) on G_{1.0,0.0,384}

Initializing transformer.h.22.attn.c_attn.blocks.0.: k=1, G_{1.0,0.0,384}, type=None
  Initialized transformer.h.22.attn.c_attn.blocks.0.weight (1024, 1024) on G_{1.0,0.0,384}

Initializing transformer.h.22.attn.c_attn.blocks.1.: k=1, G_{1.0,0.0,384}, type=None
  Initialized transformer.h.22.attn.c_attn.blocks.1.weight (1024, 1024) on G_{1.0,0.0,384}

Initializing transformer.h.22.attn.c_attn.blocks.2.: k=1, G_{1.0,0.0,384}, type=None
  Initialized transformer.h.22.attn.c_attn.blocks.2.weight (1024, 1024) on G_{1.0,0.0,384}

Initializing transformer.h.22.mlp.c_fc.blocks.0.: k=1, G_{1.0,0.0,384}, type=None
  Initialized transformer.h.22.mlp.c_fc.blocks.0.weight (1024, 1024) on G_{1.0,0.0,384}

Initializing transformer.h.22.mlp.c_fc.blocks.1.: k=1, G_{1.0,0.0,384}, type=None
  Initialized transformer.h.22.mlp.c_fc.blocks.1.weight (1024, 1024) on G_{1.0,0.0,384}

Initializing transformer.h.22.mlp.c_fc.blocks.2.: k=1, G_{1.0,0.0,384}, type=None
  Initialized transformer.h.22.mlp.c_fc.blocks.2.weight (1024, 1024) on G_{1.0,0.0,384}

Initializing transformer.h.22.mlp.c_fc.blocks.3.: k=1, G_{1.0,0.0,384}, type=None
  Initialized transformer.h.22.mlp.c_fc.blocks.3.weight (1024, 1024) on G_{1.0,0.0,384}

Initializing transformer.h.23.attn.c_attn.blocks.0.: k=1, G_{1.0,0.0,384}, type=None
  Initialized transformer.h.23.attn.c_attn.blocks.0.weight (1024, 1024) on G_{1.0,0.0,384}

Initializing transformer.h.23.attn.c_attn.blocks.1.: k=1, G_{1.0,0.0,384}, type=None
  Initialized transformer.h.23.attn.c_attn.blocks.1.weight (1024, 1024) on G_{1.0,0.0,384}

Initializing transformer.h.23.attn.c_attn.blocks.2.: k=1, G_{1.0,0.0,384}, type=None
  Initialized transformer.h.23.attn.c_attn.blocks.2.weight (1024, 1024) on G_{1.0,0.0,384}

Initializing transformer.h.23.mlp.c_fc.blocks.0.: k=1, G_{1.0,0.0,384}, type=None
  Initialized transformer.h.23.mlp.c_fc.blocks.0.weight (1024, 1024) on G_{1.0,0.0,384}

Initializing transformer.h.23.mlp.c_fc.blocks.1.: k=1, G_{1.0,0.0,384}, type=None
  Initialized transformer.h.23.mlp.c_fc.blocks.1.weight (1024, 1024) on G_{1.0,0.0,384}

Initializing transformer.h.23.mlp.c_fc.blocks.2.: k=1, G_{1.0,0.0,384}, type=None
  Initialized transformer.h.23.mlp.c_fc.blocks.2.weight (1024, 1024) on G_{1.0,0.0,384}

Initializing transformer.h.23.mlp.c_fc.blocks.3.: k=1, G_{1.0,0.0,384}, type=None
  Initialized transformer.h.23.mlp.c_fc.blocks.3.weight (1024, 1024) on G_{1.0,0.0,384}

Grassmann block initialization complete.

=== Setting up component-specific dropout ===
AdamW components: dropout = 0.1
Grassmann components: dropout = 0.05
Component-specific dropout setup complete.

=== Setting up norm-preserving scaling (Phase phase3) ===
  Added frozen 0.5×I scaling after mlp.c_fc (device=cuda:2)
  Added frozen 0.5×I scaling after mlp.c_fc (device=cuda:2)
  Added frozen 0.5×I scaling after mlp.c_fc (device=cuda:2)
  Added frozen 0.5×I scaling after mlp.c_fc (device=cuda:2)
  Added frozen 0.5×I scaling after mlp.c_fc (device=cuda:2)
  Added frozen 0.5×I scaling after mlp.c_fc (device=cuda:2)
  Added frozen 0.5×I scaling after mlp.c_fc (device=cuda:2)
  Added frozen 0.5×I scaling after mlp.c_fc (device=cuda:2)
  Added frozen 0.5×I scaling after mlp.c_fc (device=cuda:2)
  Added frozen 0.5×I scaling after mlp.c_fc (device=cuda:2)
  Added frozen 0.5×I scaling after mlp.c_fc (device=cuda:2)
  Added frozen 0.5×I scaling after mlp.c_fc (device=cuda:2)
  Added frozen 0.5×I scaling after mlp.c_fc (device=cuda:2)
  Added frozen 0.5×I scaling after mlp.c_fc (device=cuda:2)
  Added frozen 0.5×I scaling after mlp.c_fc (device=cuda:2)
  Added frozen 0.5×I scaling after mlp.c_fc (device=cuda:2)
  Added frozen 0.5×I scaling after mlp.c_fc (device=cuda:2)
  Added frozen 0.5×I scaling after mlp.c_fc (device=cuda:2)
  Added frozen 0.5×I scaling after mlp.c_fc (device=cuda:2)
  Added frozen 0.5×I scaling after mlp.c_fc (device=cuda:2)
  Added frozen 0.5×I scaling after mlp.c_fc (device=cuda:2)
  Added frozen 0.5×I scaling after mlp.c_fc (device=cuda:2)
  Added frozen 0.5×I scaling after mlp.c_fc (device=cuda:2)
  Added frozen 0.5×I scaling after mlp.c_fc (device=cuda:2)
Norm-preserving scaling setup complete.
compiling the model... (takes a ~minute)
step 0: train loss 10.9882, val loss 10.9872
iter 0: loss 10.9891, time 73921.63ms, mfu -100.00%
iter 10: loss 10.2296, time 6804.57ms, mfu 22.44%
iter 20: loss 9.5678, time 6826.62ms, mfu 22.44%
iter 30: loss 9.4292, time 6821.01ms, mfu 22.43%
iter 40: loss 9.2819, time 6889.37ms, mfu 22.40%
iter 50: loss 9.1321, time 6925.07ms, mfu 22.37%
iter 60: loss 8.9848, time 6927.95ms, mfu 22.34%
iter 70: loss 8.6457, time 6964.75ms, mfu 22.30%
iter 80: loss 8.2877, time 6911.47ms, mfu 22.28%
iter 90: loss 8.3414, time 6921.06ms, mfu 22.25%
iter 100: loss 8.0632, time 6922.75ms, mfu 22.24%
iter 110: loss 7.6451, time 6958.42ms, mfu 22.21%
iter 120: loss 7.6211, time 6916.87ms, mfu 22.19%
iter 130: loss 7.4227, time 6976.05ms, mfu 22.16%
iter 140: loss 7.3408, time 6956.95ms, mfu 22.14%
iter 150: loss 7.2162, time 6928.08ms, mfu 22.13%
iter 160: loss 6.9975, time 6956.59ms, mfu 22.11%
iter 170: loss 6.9252, time 6955.95ms, mfu 22.10%
iter 180: loss 6.8119, time 6961.64ms, mfu 22.08%
iter 190: loss 7.0877, time 6910.04ms, mfu 22.08%
iter 200: loss 6.8681, time 6842.44ms, mfu 22.11%
iter 210: loss 7.0559, time 6881.25ms, mfu 22.12%
iter 220: loss 6.8143, time 6876.92ms, mfu 22.12%
iter 230: loss 6.5460, time 6919.28ms, mfu 22.12%
iter 240: loss 6.5267, time 6904.55ms, mfu 22.12%
iter 250: loss 6.4503, time 6916.19ms, mfu 22.12%
iter 260: loss 6.4692, time 6890.39ms, mfu 22.12%
iter 270: loss 6.4551, time 6862.65ms, mfu 22.13%
iter 280: loss 6.3067, time 6884.52ms, mfu 22.14%
iter 290: loss 6.3958, time 6914.62ms, mfu 22.13%
iter 300: loss 6.2081, time 6886.91ms, mfu 22.14%
iter 310: loss 6.1569, time 6878.76ms, mfu 22.14%
iter 320: loss 6.4006, time 6853.16ms, mfu 22.16%
iter 330: loss 6.3042, time 6908.08ms, mfu 22.15%
iter 340: loss 6.2003, time 7112.74ms, mfu 22.08%
iter 350: loss 6.1541, time 6870.55ms, mfu 22.10%
iter 360: loss 6.0694, time 6871.26ms, mfu 22.11%
iter 370: loss 6.1606, time 6886.30ms, mfu 22.12%
iter 380: loss 6.0881, time 6897.59ms, mfu 22.12%
iter 390: loss 6.2092, time 6899.30ms, mfu 22.12%
iter 400: loss 6.0412, time 6882.21ms, mfu 22.13%
iter 410: loss 6.0046, time 6926.35ms, mfu 22.12%
iter 420: loss 6.0254, time 6892.25ms, mfu 22.12%
iter 430: loss 6.2646, time 6915.55ms, mfu 22.12%
iter 440: loss 5.9499, time 6845.54ms, mfu 22.14%
iter 450: loss 5.8244, time 6907.14ms, mfu 22.14%
iter 460: loss 5.7761, time 6867.23ms, mfu 22.15%
iter 470: loss 5.8779, time 6860.82ms, mfu 22.16%
iter 480: loss 5.7749, time 6912.00ms, mfu 22.15%
iter 490: loss 5.6890, time 6915.78ms, mfu 22.14%
iter 500: loss 5.7104, time 6890.70ms, mfu 22.15%
iter 510: loss 5.6150, time 6891.42ms, mfu 22.15%
iter 520: loss 5.7085, time 6885.17ms, mfu 22.15%
iter 530: loss 5.5027, time 6870.64ms, mfu 22.16%
iter 540: loss 5.7535, time 6890.59ms, mfu 22.16%
iter 550: loss 5.4336, time 6909.61ms, mfu 22.15%
iter 560: loss 5.4379, time 6920.65ms, mfu 22.14%
iter 570: loss 5.6480, time 6865.47ms, mfu 22.15%
iter 580: loss 5.6180, time 6886.71ms, mfu 22.16%
iter 590: loss 5.5046, time 6895.42ms, mfu 22.16%
iter 600: loss 5.4869, time 6898.98ms, mfu 22.15%
iter 610: loss 5.4450, time 6836.54ms, mfu 22.17%
iter 620: loss 5.4346, time 6904.93ms, mfu 22.17%
iter 630: loss 5.3996, time 6878.97ms, mfu 22.17%
iter 640: loss 5.4324, time 6933.26ms, mfu 22.16%
iter 650: loss 5.2109, time 6871.84ms, mfu 22.16%
iter 660: loss 5.5363, time 6914.22ms, mfu 22.15%
iter 670: loss 5.1924, time 6847.24ms, mfu 22.17%
iter 680: loss 5.5139, time 6807.50ms, mfu 22.20%
iter 690: loss 5.0219, time 6859.51ms, mfu 22.20%
iter 700: loss 5.3345, time 6913.41ms, mfu 22.19%
iter 710: loss 5.3032, time 6857.48ms, mfu 22.20%
iter 720: loss 5.2283, time 6915.81ms, mfu 22.19%
iter 730: loss 5.0520, time 6925.35ms, mfu 22.17%
iter 740: loss 5.0501, time 6891.42ms, mfu 22.17%
iter 750: loss 5.1545, time 6912.03ms, mfu 22.16%
iter 760: loss 4.9949, time 6851.39ms, mfu 22.18%
iter 770: loss 5.0434, time 6895.02ms, mfu 22.17%
iter 780: loss 5.2202, time 6834.16ms, mfu 22.19%
iter 790: loss 5.0825, time 6824.20ms, mfu 22.21%
iter 800: loss 5.0288, time 6873.33ms, mfu 22.21%
iter 810: loss 4.9364, time 6836.60ms, mfu 22.22%
iter 820: loss 4.8037, time 6848.32ms, mfu 22.23%
iter 830: loss 4.8737, time 6845.11ms, mfu 22.24%
iter 840: loss 5.0274, time 6842.39ms, mfu 22.25%
iter 850: loss 4.9729, time 6862.45ms, mfu 22.25%
iter 860: loss 4.9525, time 6848.84ms, mfu 22.25%
iter 870: loss 4.8450, time 6863.75ms, mfu 22.25%
iter 880: loss 4.8917, time 6897.36ms, mfu 22.24%
iter 890: loss 4.8637, time 6857.26ms, mfu 22.24%
iter 900: loss 4.7581, time 6877.66ms, mfu 22.24%
iter 910: loss 5.0239, time 6815.05ms, mfu 22.26%
iter 920: loss 4.8752, time 6899.86ms, mfu 22.24%
iter 930: loss 4.7312, time 6968.34ms, mfu 22.21%
iter 940: loss 4.7392, time 6900.47ms, mfu 22.20%
iter 950: loss 4.7434, time 6807.92ms, mfu 22.23%
iter 960: loss 4.7750, time 6878.02ms, mfu 22.22%
iter 970: loss 4.7252, time 6878.18ms, mfu 22.22%
iter 980: loss 4.7365, time 6870.15ms, mfu 22.22%
iter 990: loss 4.5935, time 6871.94ms, mfu 22.22%
step 1000: train loss 4.5790, val loss 4.5779
saving checkpoint to /net/scratch2/junyuren/nanoGPT-manifold/out-gpt2m-grass-fullblock-r384
iter 1000: loss 4.7842, time 47078.16ms, mfu 20.32%
iter 1010: loss 4.6377, time 6871.71ms, mfu 20.51%
iter 1020: loss 4.4185, time 6869.01ms, mfu 20.69%
iter 1030: loss 4.7219, time 6867.77ms, mfu 20.84%
iter 1040: loss 4.6849, time 6911.88ms, mfu 20.97%
iter 1050: loss 4.4706, time 6911.83ms, mfu 21.08%
iter 1060: loss 4.6045, time 6885.14ms, mfu 21.19%
iter 1070: loss 4.4332, time 6901.16ms, mfu 21.28%
iter 1080: loss 4.5712, time 6894.97ms, mfu 21.37%
iter 1090: loss 4.5881, time 6927.61ms, mfu 21.44%
iter 1100: loss 4.4518, time 6903.63ms, mfu 21.51%
iter 1110: loss 4.4821, time 6921.64ms, mfu 21.56%
iter 1120: loss 4.4643, time 6937.69ms, mfu 21.61%
iter 1130: loss 4.4202, time 6891.30ms, mfu 21.66%
iter 1140: loss 4.6009, time 6903.62ms, mfu 21.71%
iter 1150: loss 4.3437, time 6930.76ms, mfu 21.74%
iter 1160: loss 4.4331, time 6901.62ms, mfu 21.78%
iter 1170: loss 4.4802, time 6905.79ms, mfu 21.81%
iter 1180: loss 4.2534, time 6871.06ms, mfu 21.85%
iter 1190: loss 4.4270, time 6899.37ms, mfu 21.88%
iter 1200: loss 4.0797, time 6926.81ms, mfu 21.90%
iter 1210: loss 4.2110, time 6903.99ms, mfu 21.92%
iter 1220: loss 4.3228, time 6905.86ms, mfu 21.94%
iter 1230: loss 4.3376, time 6890.10ms, mfu 21.96%
iter 1240: loss 4.1715, time 6908.04ms, mfu 21.98%
iter 1250: loss 4.2109, time 6932.38ms, mfu 21.98%
iter 1260: loss 4.2891, time 6905.71ms, mfu 22.00%
iter 1270: loss 4.2901, time 6912.06ms, mfu 22.01%
iter 1280: loss 4.2732, time 6930.77ms, mfu 22.01%
iter 1290: loss 4.3543, time 6887.21ms, mfu 22.02%
iter 1300: loss 4.1962, time 6931.80ms, mfu 22.03%
iter 1310: loss 4.2291, time 6876.73ms, mfu 22.04%
iter 1320: loss 4.2166, time 6888.47ms, mfu 22.06%
iter 1330: loss 4.1889, time 6865.43ms, mfu 22.07%
iter 1340: loss 4.2581, time 6872.49ms, mfu 22.09%
iter 1350: loss 4.3758, time 6879.09ms, mfu 22.10%
iter 1360: loss 4.2281, time 6859.05ms, mfu 22.12%
iter 1370: loss 4.1239, time 6876.05ms, mfu 22.13%
iter 1380: loss 4.0869, time 6879.13ms, mfu 22.13%
iter 1390: loss 4.3393, time 6872.36ms, mfu 22.14%
iter 1400: loss 4.1876, time 6862.23ms, mfu 22.15%
iter 1410: loss 4.1644, time 6889.09ms, mfu 22.15%
iter 1420: loss 4.1717, time 6864.67ms, mfu 22.16%
iter 1430: loss 4.0925, time 6858.88ms, mfu 22.17%
iter 1440: loss 4.2871, time 6892.30ms, mfu 22.17%
iter 1450: loss 4.2430, time 6851.98ms, mfu 22.18%
iter 1460: loss 4.1376, time 6855.74ms, mfu 22.19%
iter 1470: loss 4.0314, time 6894.13ms, mfu 22.19%
iter 1480: loss 4.0273, time 6883.97ms, mfu 22.19%
iter 1490: loss 4.0909, time 6866.32ms, mfu 22.19%
iter 1500: loss 3.9363, time 6855.95ms, mfu 22.20%
iter 1510: loss 4.0068, time 6846.99ms, mfu 22.21%
iter 1520: loss 4.0454, time 6918.56ms, mfu 22.20%
iter 1530: loss 4.1486, time 6885.09ms, mfu 22.20%
iter 1540: loss 4.1028, time 6882.75ms, mfu 22.20%
iter 1550: loss 4.0930, time 6877.01ms, mfu 22.20%
iter 1560: loss 3.9392, time 6904.39ms, mfu 22.19%
iter 1570: loss 4.2194, time 6936.11ms, mfu 22.17%
iter 1580: loss 3.9458, time 6888.68ms, mfu 22.17%
iter 1590: loss 4.1044, time 6886.24ms, mfu 22.17%
iter 1600: loss 4.1318, time 6890.43ms, mfu 22.17%
iter 1610: loss 4.1428, time 6883.79ms, mfu 22.17%
iter 1620: loss 4.1867, time 6874.94ms, mfu 22.18%
iter 1630: loss 4.1195, time 6955.69ms, mfu 22.15%
iter 1640: loss 4.1426, time 6877.98ms, mfu 22.16%
iter 1650: loss 4.0155, time 6878.73ms, mfu 22.16%
iter 1660: loss 3.8210, time 6873.88ms, mfu 22.17%
iter 1670: loss 4.0200, time 6912.90ms, mfu 22.16%
iter 1680: loss 4.0947, time 6906.83ms, mfu 22.16%
iter 1690: loss 4.1095, time 6874.77ms, mfu 22.16%
iter 1700: loss 4.0495, time 6896.61ms, mfu 22.16%
iter 1710: loss 4.1256, time 6913.65ms, mfu 22.15%
iter 1720: loss 3.8763, time 6845.21ms, mfu 22.17%
iter 1730: loss 4.2189, time 6915.70ms, mfu 22.16%
iter 1740: loss 4.1196, time 6930.14ms, mfu 22.15%
iter 1750: loss 3.9636, time 6928.89ms, mfu 22.14%
iter 1760: loss 3.9594, time 6905.43ms, mfu 22.13%
iter 1770: loss 3.9490, time 6890.64ms, mfu 22.14%
iter 1780: loss 3.8937, time 6891.94ms, mfu 22.14%
iter 1790: loss 4.0095, time 6873.46ms, mfu 22.15%
iter 1800: loss 3.9919, time 6897.97ms, mfu 22.15%
iter 1810: loss 4.1103, time 6906.91ms, mfu 22.14%
iter 1820: loss 4.0090, time 6915.40ms, mfu 22.14%
iter 1830: loss 3.8785, time 6914.50ms, mfu 22.13%
iter 1840: loss 3.9999, time 6868.36ms, mfu 22.14%
iter 1850: loss 3.7623, time 6896.49ms, mfu 22.14%
iter 1860: loss 3.9134, time 6933.11ms, mfu 22.13%
iter 1870: loss 3.9825, time 6886.30ms, mfu 22.14%
iter 1880: loss 3.8454, time 6937.73ms, mfu 22.12%
iter 1890: loss 3.9987, time 6872.21ms, mfu 22.13%
iter 1900: loss 3.9261, time 6899.42ms, mfu 22.13%
iter 1910: loss 4.0288, time 6904.23ms, mfu 22.13%
iter 1920: loss 3.8760, time 6936.55ms, mfu 22.12%
iter 1930: loss 3.9313, time 6906.99ms, mfu 22.12%
iter 1940: loss 3.9225, time 6917.79ms, mfu 22.11%
iter 1950: loss 3.8116, time 6889.82ms, mfu 22.12%
iter 1960: loss 3.7751, time 6909.59ms, mfu 22.12%
iter 1970: loss 3.8195, time 6901.71ms, mfu 22.12%
iter 1980: loss 3.8464, time 6911.17ms, mfu 22.12%
iter 1990: loss 3.7997, time 6848.88ms, mfu 22.13%
step 2000: train loss 3.8220, val loss 3.8232
saving checkpoint to /net/scratch2/junyuren/nanoGPT-manifold/out-gpt2m-grass-fullblock-r384
iter 2000: loss 3.9245, time 45101.16ms, mfu 20.26%
iter 2010: loss 3.7832, time 6903.62ms, mfu 20.45%
iter 2020: loss 3.9270, time 6897.85ms, mfu 20.62%
iter 2030: loss 3.6060, time 6909.74ms, mfu 20.76%
iter 2040: loss 3.8339, time 6889.17ms, mfu 20.90%
iter 2050: loss 3.6443, time 6876.29ms, mfu 21.03%
iter 2060: loss 3.9633, time 6883.26ms, mfu 21.15%
iter 2070: loss 4.1475, time 6843.18ms, mfu 21.27%
iter 2080: loss 4.0006, time 6889.07ms, mfu 21.36%
iter 2090: loss 3.9004, time 6934.84ms, mfu 21.42%
iter 2100: loss 4.0161, time 6879.65ms, mfu 21.50%
iter 2110: loss 3.8757, time 6894.63ms, mfu 21.57%
iter 2120: loss 3.9235, time 6962.27ms, mfu 21.60%
iter 2130: loss 3.9018, time 6905.65ms, mfu 21.65%
iter 2140: loss 3.7564, time 6989.62ms, mfu 21.67%
iter 2150: loss 3.8118, time 6900.11ms, mfu 21.72%
iter 2160: loss 3.9584, time 6921.43ms, mfu 21.75%
iter 2170: loss 3.9203, time 6858.67ms, mfu 21.80%
iter 2180: loss 3.9298, time 6886.12ms, mfu 21.84%
iter 2190: loss 3.5623, time 6927.39ms, mfu 21.86%
iter 2200: loss 3.9658, time 6888.09ms, mfu 21.89%
iter 2210: loss 3.6897, time 6883.09ms, mfu 21.92%
iter 2220: loss 3.7626, time 6891.45ms, mfu 21.95%
iter 2230: loss 3.6573, time 6867.34ms, mfu 21.98%
iter 2240: loss 3.8668, time 6936.31ms, mfu 21.98%
iter 2250: loss 3.9128, time 6899.03ms, mfu 22.00%
iter 2260: loss 3.9926, time 6915.55ms, mfu 22.00%
iter 2270: loss 3.7629, time 6877.56ms, mfu 22.02%
iter 2280: loss 3.8600, time 6908.73ms, mfu 22.03%
iter 2290: loss 3.8025, time 6902.36ms, mfu 22.04%
iter 2300: loss 3.7110, time 6860.37ms, mfu 22.06%
iter 2310: loss 3.7576, time 6864.72ms, mfu 22.08%
iter 2320: loss 3.9357, time 6914.41ms, mfu 22.08%
iter 2330: loss 3.8354, time 6879.16ms, mfu 22.09%
iter 2340: loss 3.8265, time 6892.07ms, mfu 22.10%
iter 2350: loss 3.6621, time 6919.86ms, mfu 22.10%
iter 2360: loss 3.6925, time 6933.42ms, mfu 22.09%
iter 2370: loss 3.7494, time 6924.47ms, mfu 22.09%
iter 2380: loss 3.7622, time 6896.49ms, mfu 22.09%
iter 2390: loss 3.6942, time 6897.71ms, mfu 22.10%
iter 2400: loss 3.8222, time 6885.50ms, mfu 22.11%
iter 2410: loss 3.7859, time 6861.79ms, mfu 22.12%
iter 2420: loss 3.8727, time 6904.88ms, mfu 22.12%
iter 2430: loss 3.7767, time 6889.43ms, mfu 22.12%
iter 2440: loss 3.7711, time 6883.84ms, mfu 22.13%
iter 2450: loss 3.6932, time 6898.00ms, mfu 22.13%
iter 2460: loss 3.8836, time 6918.40ms, mfu 22.13%
iter 2470: loss 3.6597, time 6863.75ms, mfu 22.14%
iter 2480: loss 3.8171, time 6888.57ms, mfu 22.14%
iter 2490: loss 3.7901, time 6859.72ms, mfu 22.15%
iter 2500: loss 3.8069, time 6867.97ms, mfu 22.16%
iter 2510: loss 3.6331, time 6884.79ms, mfu 22.16%
iter 2520: loss 3.7853, time 6890.30ms, mfu 22.16%
iter 2530: loss 3.8110, time 6870.90ms, mfu 22.17%
iter 2540: loss 3.8830, time 6890.68ms, mfu 22.17%
iter 2550: loss 3.9223, time 6871.47ms, mfu 22.17%
iter 2560: loss 3.7246, time 6901.64ms, mfu 22.17%
iter 2570: loss 3.7882, time 6884.69ms, mfu 22.17%
iter 2580: loss 3.9033, time 6870.95ms, mfu 22.18%
iter 2590: loss 3.6695, time 6912.28ms, mfu 22.17%
iter 2600: loss 3.7653, time 6898.28ms, mfu 22.17%
iter 2610: loss 3.7357, time 6884.45ms, mfu 22.17%
iter 2620: loss 3.7873, time 6916.09ms, mfu 22.16%
iter 2630: loss 3.8295, time 6894.84ms, mfu 22.16%
iter 2640: loss 3.9287, time 6900.79ms, mfu 22.15%
iter 2650: loss 3.7225, time 6879.47ms, mfu 22.16%
iter 2660: loss 3.7519, time 6881.28ms, mfu 22.16%
iter 2670: loss 3.5164, time 6897.10ms, mfu 22.16%
iter 2680: loss 3.6398, time 6902.17ms, mfu 22.16%
iter 2690: loss 3.7636, time 6913.05ms, mfu 22.15%
iter 2700: loss 3.5560, time 6904.77ms, mfu 22.15%
iter 2710: loss 3.7509, time 6883.98ms, mfu 22.15%
iter 2720: loss 3.7118, time 6888.86ms, mfu 22.15%
iter 2730: loss 3.7260, time 6883.79ms, mfu 22.16%
iter 2740: loss 3.7830, time 6892.89ms, mfu 22.16%
iter 2750: loss 3.7367, time 6893.11ms, mfu 22.16%
iter 2760: loss 3.7238, time 6868.67ms, mfu 22.16%
iter 2770: loss 3.6981, time 6879.88ms, mfu 22.17%
iter 2780: loss 3.4984, time 6876.61ms, mfu 22.17%
iter 2790: loss 3.7300, time 6908.72ms, mfu 22.16%
iter 2800: loss 3.8469, time 6849.46ms, mfu 22.18%
iter 2810: loss 3.6741, time 6911.94ms, mfu 22.17%
iter 2820: loss 3.7427, time 6927.46ms, mfu 22.16%
iter 2830: loss 3.7492, time 6915.26ms, mfu 22.15%
iter 2840: loss 3.6727, time 6876.22ms, mfu 22.16%
iter 2850: loss 3.5683, time 6869.20ms, mfu 22.16%
iter 2860: loss 3.7257, time 6873.63ms, mfu 22.17%
iter 2870: loss 3.8091, time 6885.41ms, mfu 22.17%
iter 2880: loss 3.7003, time 6875.90ms, mfu 22.17%
iter 2890: loss 3.5809, time 6911.65ms, mfu 22.17%
iter 2900: loss 3.8621, time 6908.32ms, mfu 22.16%
iter 2910: loss 3.7440, time 6933.76ms, mfu 22.15%
iter 2920: loss 3.7559, time 6905.57ms, mfu 22.14%
iter 2930: loss 3.8107, time 6924.75ms, mfu 22.13%
iter 2940: loss 3.5917, time 6914.36ms, mfu 22.13%
iter 2950: loss 3.5927, time 6889.08ms, mfu 22.13%
iter 2960: loss 3.5651, time 6900.71ms, mfu 22.13%
iter 2970: loss 3.8129, time 6892.51ms, mfu 22.14%
iter 2980: loss 3.7528, time 6866.25ms, mfu 22.15%
iter 2990: loss 3.5655, time 6920.75ms, mfu 22.14%
step 3000: train loss 3.5996, val loss 3.5906
saving checkpoint to /net/scratch2/junyuren/nanoGPT-manifold/out-gpt2m-grass-fullblock-r384
iter 3000: loss 3.6013, time 45174.44ms, mfu 20.26%
iter 3010: loss 3.5966, time 6876.64ms, mfu 20.46%
iter 3020: loss 3.6188, time 6898.98ms, mfu 20.62%
iter 3030: loss 3.6895, time 6935.83ms, mfu 20.76%
iter 3040: loss 3.7601, time 6889.33ms, mfu 20.90%
iter 3050: loss 3.6219, time 6913.67ms, mfu 21.02%
iter 3060: loss 3.6664, time 6895.96ms, mfu 21.13%
iter 3070: loss 3.6445, time 6910.83ms, mfu 21.23%
iter 3080: loss 3.4946, time 6919.64ms, mfu 21.32%
iter 3090: loss 3.6283, time 6907.86ms, mfu 21.39%
iter 3100: loss 3.8283, time 6903.47ms, mfu 21.47%
iter 3110: loss 3.6563, time 6885.95ms, mfu 21.54%
iter 3120: loss 3.5575, time 6910.27ms, mfu 21.59%
iter 3130: loss 3.5777, time 6878.00ms, mfu 21.66%
iter 3140: loss 3.7637, time 6866.97ms, mfu 21.71%
iter 3150: loss 3.5723, time 6909.42ms, mfu 21.75%
iter 3160: loss 3.4068, time 6872.04ms, mfu 21.80%
iter 3170: loss 3.5613, time 6896.21ms, mfu 21.83%
iter 3180: loss 3.6073, time 6883.19ms, mfu 21.87%
iter 3190: loss 3.5895, time 6886.47ms, mfu 21.90%
iter 3200: loss 3.7003, time 7106.63ms, mfu 21.86%
iter 3210: loss 3.6866, time 6884.16ms, mfu 21.89%
iter 3220: loss 3.6847, time 6909.84ms, mfu 21.91%
iter 3230: loss 3.7093, time 6905.08ms, mfu 21.93%
iter 3240: loss 3.5874, time 6888.88ms, mfu 21.96%
iter 3250: loss 3.6042, time 6877.16ms, mfu 21.98%
iter 3260: loss 3.4767, time 6891.23ms, mfu 22.00%
iter 3270: loss 3.6381, time 6897.81ms, mfu 22.01%
iter 3280: loss 3.5083, time 6893.34ms, mfu 22.03%
iter 3290: loss 3.2880, time 6879.82ms, mfu 22.04%
iter 3300: loss 3.5664, time 6887.48ms, mfu 22.06%
iter 3310: loss 3.7019, time 6887.86ms, mfu 22.07%
iter 3320: loss 3.6370, time 6878.44ms, mfu 22.08%
iter 3330: loss 3.6219, time 6899.53ms, mfu 22.09%
iter 3340: loss 3.5685, time 6879.38ms, mfu 22.10%
iter 3350: loss 3.8127, time 6882.04ms, mfu 22.11%
iter 3360: loss 3.6246, time 6886.81ms, mfu 22.11%
iter 3370: loss 3.6423, time 6874.15ms, mfu 22.12%
iter 3380: loss 3.6074, time 6886.38ms, mfu 22.13%
iter 3390: loss 3.5517, time 6837.92ms, mfu 22.15%
iter 3400: loss 3.6170, time 6866.19ms, mfu 22.16%
iter 3410: loss 3.5482, time 6853.41ms, mfu 22.17%
iter 3420: loss 3.6221, time 6872.09ms, mfu 22.18%
iter 3430: loss 3.7063, time 6852.58ms, mfu 22.19%
iter 3440: loss 3.6259, time 6855.23ms, mfu 22.20%
iter 3450: loss 3.4642, time 6843.87ms, mfu 22.21%
iter 3460: loss 3.6664, time 6892.53ms, mfu 22.20%
iter 3470: loss 3.6236, time 6897.28ms, mfu 22.20%
iter 3480: loss 3.6040, time 6842.69ms, mfu 22.21%
iter 3490: loss 3.4720, time 6898.38ms, mfu 22.20%
iter 3500: loss 3.5033, time 6876.21ms, mfu 22.20%
iter 3510: loss 3.6458, time 6884.80ms, mfu 22.20%
iter 3520: loss 3.5893, time 6888.29ms, mfu 22.20%
iter 3530: loss 3.6008, time 6856.72ms, mfu 22.20%
iter 3540: loss 3.5343, time 6874.79ms, mfu 22.21%
iter 3550: loss 3.7763, time 6869.43ms, mfu 22.21%
iter 3560: loss 3.5842, time 6864.96ms, mfu 22.21%
iter 3570: loss 3.5397, time 6870.80ms, mfu 22.21%
iter 3580: loss 3.6954, time 6909.85ms, mfu 22.20%
iter 3590: loss 3.5331, time 6911.85ms, mfu 22.19%
iter 3600: loss 3.4576, time 6884.03ms, mfu 22.19%
iter 3610: loss 3.3275, time 6888.73ms, mfu 22.19%
iter 3620: loss 3.5331, time 6852.49ms, mfu 22.20%
iter 3630: loss 3.4835, time 6897.77ms, mfu 22.19%
iter 3640: loss 3.6438, time 6891.52ms, mfu 22.19%
iter 3650: loss 3.5333, time 6867.91ms, mfu 22.19%
iter 3660: loss 3.5643, time 6927.02ms, mfu 22.18%
iter 3670: loss 3.5357, time 6904.56ms, mfu 22.17%
iter 3680: loss 3.7296, time 6900.03ms, mfu 22.17%
iter 3690: loss 3.6114, time 6887.10ms, mfu 22.17%
iter 3700: loss 3.5893, time 6873.04ms, mfu 22.17%
iter 3710: loss 3.8230, time 6868.61ms, mfu 22.18%
iter 3720: loss 3.4160, time 6911.01ms, mfu 22.17%
iter 3730: loss 3.4972, time 6904.45ms, mfu 22.17%
iter 3740: loss 3.5144, time 6905.48ms, mfu 22.16%
iter 3750: loss 3.4343, time 6861.59ms, mfu 22.17%
iter 3760: loss 3.8420, time 6939.26ms, mfu 22.15%
iter 3770: loss 3.5190, time 6820.46ms, mfu 22.18%
iter 3780: loss 3.5433, time 6878.37ms, mfu 22.18%
iter 3790: loss 3.6481, time 6863.37ms, mfu 22.19%
iter 3800: loss 3.3096, time 6887.17ms, mfu 22.19%
iter 3810: loss 3.4799, time 6861.05ms, mfu 22.19%
iter 3820: loss 3.5278, time 6851.13ms, mfu 22.20%
iter 3830: loss 3.5142, time 6912.22ms, mfu 22.19%
iter 3840: loss 3.5937, time 6923.52ms, mfu 22.18%
iter 3850: loss 3.5670, time 6893.02ms, mfu 22.18%
iter 3860: loss 3.6972, time 6883.56ms, mfu 22.18%
iter 3870: loss 3.4754, time 6910.13ms, mfu 22.17%
iter 3880: loss 3.5148, time 6888.43ms, mfu 22.17%
iter 3890: loss 3.6887, time 6876.92ms, mfu 22.17%
iter 3900: loss 3.5204, time 6889.77ms, mfu 22.17%
iter 3910: loss 3.5697, time 6852.30ms, mfu 22.18%
iter 3920: loss 3.5163, time 6903.28ms, mfu 22.18%
iter 3930: loss 3.5959, time 6889.50ms, mfu 22.18%
iter 3940: loss 3.5934, time 6884.08ms, mfu 22.18%
iter 3950: loss 3.5486, time 6888.99ms, mfu 22.18%
iter 3960: loss 3.7263, time 6929.03ms, mfu 22.16%
iter 3970: loss 3.5024, time 6920.30ms, mfu 22.15%
iter 3980: loss 3.6722, time 6911.23ms, mfu 22.15%
iter 3990: loss 3.6558, time 6868.00ms, mfu 22.16%
step 4000: train loss 3.4826, val loss 3.4817
saving checkpoint to /net/scratch2/junyuren/nanoGPT-manifold/out-gpt2m-grass-fullblock-r384
iter 4000: loss 3.4825, time 48970.18ms, mfu 20.25%
iter 4010: loss 3.2060, time 6915.88ms, mfu 20.44%
iter 4020: loss 3.6694, time 6886.13ms, mfu 20.61%
iter 4030: loss 3.6968, time 6872.75ms, mfu 20.77%
iter 4040: loss 3.5304, time 6901.25ms, mfu 20.91%
iter 4050: loss 3.5267, time 6910.83ms, mfu 21.03%
iter 4060: loss 3.5102, time 6936.59ms, mfu 21.12%
iter 4070: loss 3.5376, time 6940.87ms, mfu 21.21%
iter 4080: loss 3.3724, time 6882.91ms, mfu 21.31%
iter 4090: loss 3.5799, time 6895.18ms, mfu 21.39%
iter 4100: loss 3.5970, time 6914.50ms, mfu 21.46%
iter 4110: loss 3.6125, time 6902.02ms, mfu 21.53%
iter 4120: loss 3.5372, time 6898.40ms, mfu 21.59%
iter 4130: loss 3.4893, time 6900.08ms, mfu 21.64%
iter 4140: loss 3.6971, time 6863.53ms, mfu 21.70%
iter 4150: loss 3.5234, time 6905.49ms, mfu 21.75%
iter 4160: loss 3.5350, time 6865.26ms, mfu 21.80%
iter 4170: loss 3.5962, time 6880.80ms, mfu 21.84%
iter 4180: loss 3.5172, time 6917.31ms, mfu 21.86%
iter 4190: loss 3.6218, time 6858.60ms, mfu 21.90%
iter 4200: loss 3.6514, time 6887.32ms, mfu 21.93%
iter 4210: loss 3.5889, time 6918.66ms, mfu 21.94%
iter 4220: loss 3.6557, time 6895.92ms, mfu 21.96%
iter 4230: loss 3.5533, time 6858.81ms, mfu 21.99%
iter 4240: loss 3.5735, time 6884.63ms, mfu 22.01%
iter 4250: loss 3.4943, time 6833.33ms, mfu 22.05%
iter 4260: loss 3.5066, time 6853.00ms, mfu 22.07%
iter 4270: loss 3.5455, time 6920.12ms, mfu 22.07%
iter 4280: loss 3.5228, time 6912.70ms, mfu 22.07%
iter 4290: loss 3.4065, time 6857.63ms, mfu 22.09%
iter 4300: loss 3.5664, time 6868.47ms, mfu 22.11%
iter 4310: loss 3.5586, time 6927.80ms, mfu 22.10%
iter 4320: loss 3.4733, time 6876.32ms, mfu 22.11%
iter 4330: loss 3.4222, time 6900.53ms, mfu 22.11%
iter 4340: loss 3.5530, time 6898.43ms, mfu 22.11%
iter 4350: loss 3.5275, time 6901.86ms, mfu 22.12%
iter 4360: loss 3.7016, time 6904.21ms, mfu 22.12%
iter 4370: loss 3.5325, time 6901.28ms, mfu 22.12%
iter 4380: loss 3.4641, time 6912.06ms, mfu 22.12%
iter 4390: loss 3.4406, time 6931.81ms, mfu 22.11%
iter 4400: loss 3.3366, time 6961.69ms, mfu 22.09%
iter 4410: loss 3.4687, time 6892.02ms, mfu 22.10%
iter 4420: loss 3.3943, time 6901.35ms, mfu 22.10%
iter 4430: loss 3.4896, time 6898.37ms, mfu 22.10%
iter 4440: loss 3.3622, time 6917.64ms, mfu 22.10%
iter 4450: loss 3.5309, time 6854.77ms, mfu 22.12%
iter 4460: loss 3.3722, time 6878.70ms, mfu 22.13%
iter 4470: loss 3.4646, time 6944.88ms, mfu 22.11%
iter 4480: loss 3.6047, time 6905.54ms, mfu 22.11%
iter 4490: loss 3.4214, time 6900.03ms, mfu 22.12%
iter 4500: loss 3.3897, time 6912.82ms, mfu 22.11%
iter 4510: loss 3.2508, time 6918.60ms, mfu 22.11%
iter 4520: loss 3.3100, time 6909.20ms, mfu 22.11%
iter 4530: loss 3.5870, time 6899.11ms, mfu 22.11%
iter 4540: loss 3.4755, time 6901.85ms, mfu 22.11%
iter 4550: loss 3.4842, time 6943.12ms, mfu 22.10%
iter 4560: loss 3.5728, time 6895.80ms, mfu 22.11%
iter 4570: loss 3.5480, time 6888.98ms, mfu 22.11%
iter 4580: loss 3.4101, time 6908.94ms, mfu 22.11%
iter 4590: loss 3.3477, time 6893.91ms, mfu 22.11%
iter 4600: loss 3.5718, time 6895.56ms, mfu 22.12%
iter 4610: loss 3.5852, time 6901.78ms, mfu 22.12%
iter 4620: loss 3.3098, time 6914.36ms, mfu 22.12%
iter 4630: loss 3.4874, time 6895.27ms, mfu 22.12%
iter 4640: loss 3.4579, time 6965.31ms, mfu 22.10%
iter 4650: loss 3.4000, time 6896.45ms, mfu 22.10%
iter 4660: loss 3.5124, time 6882.65ms, mfu 22.11%
iter 4670: loss 3.5651, time 6892.94ms, mfu 22.12%
iter 4680: loss 3.5152, time 6878.51ms, mfu 22.13%
iter 4690: loss 3.6851, time 6831.03ms, mfu 22.15%
iter 4700: loss 3.5896, time 6885.43ms, mfu 22.15%
iter 4710: loss 3.3557, time 6907.22ms, mfu 22.15%
iter 4720: loss 3.5663, time 6890.20ms, mfu 22.15%
iter 4730: loss 3.4588, time 6908.70ms, mfu 22.14%
iter 4740: loss 3.4949, time 6942.79ms, mfu 22.13%
iter 4750: loss 3.2101, time 6864.58ms, mfu 22.14%
iter 4760: loss 3.5388, time 6902.46ms, mfu 22.14%
iter 4770: loss 3.3806, time 6922.46ms, mfu 22.13%
iter 4780: loss 3.5986, time 6894.60ms, mfu 22.13%
iter 4790: loss 3.5770, time 6907.11ms, mfu 22.13%
iter 4800: loss 3.3957, time 6877.74ms, mfu 22.14%
iter 4810: loss 3.3300, time 6918.97ms, mfu 22.13%
iter 4820: loss 3.3763, time 6933.46ms, mfu 22.12%
iter 4830: loss 3.3550, time 6896.86ms, mfu 22.12%
iter 4840: loss 3.4813, time 6887.95ms, mfu 22.13%
iter 4850: loss 3.4430, time 6925.87ms, mfu 22.12%
iter 4860: loss 3.2422, time 6874.44ms, mfu 22.13%
iter 4870: loss 3.4433, time 6901.96ms, mfu 22.13%
iter 4880: loss 3.3762, time 6916.12ms, mfu 22.12%
iter 4890: loss 3.2840, time 6903.01ms, mfu 22.12%
iter 4900: loss 3.5245, time 6910.42ms, mfu 22.12%
iter 4910: loss 3.3288, time 6913.08ms, mfu 22.12%
iter 4920: loss 3.4697, time 6895.33ms, mfu 22.12%
iter 4930: loss 3.3932, time 6880.31ms, mfu 22.13%
iter 4940: loss 3.5232, time 6907.90ms, mfu 22.13%
iter 4950: loss 3.3941, time 6918.59ms, mfu 22.12%
iter 4960: loss 3.5311, time 6909.45ms, mfu 22.12%
iter 4970: loss 3.4795, time 6883.01ms, mfu 22.13%
iter 4980: loss 3.4468, time 6918.00ms, mfu 22.12%
iter 4990: loss 3.5510, time 6902.75ms, mfu 22.12%
step 5000: train loss 3.3869, val loss 3.4007
saving checkpoint to /net/scratch2/junyuren/nanoGPT-manifold/out-gpt2m-grass-fullblock-r384
iter 5000: loss 3.6009, time 48474.32ms, mfu 20.22%
iter 5010: loss 3.4477, time 6914.69ms, mfu 20.41%
iter 5020: loss 3.4857, time 6908.18ms, mfu 20.58%
iter 5030: loss 3.4928, time 6927.78ms, mfu 20.73%
iter 5040: loss 3.2330, time 6881.26ms, mfu 20.87%
iter 5050: loss 3.3622, time 6886.93ms, mfu 21.00%
iter 5060: loss 3.4846, time 6874.37ms, mfu 21.12%
iter 5070: loss 3.5610, time 6888.71ms, mfu 21.23%
iter 5080: loss 3.3875, time 6913.46ms, mfu 21.31%
iter 5090: loss 3.4195, time 6913.74ms, mfu 21.39%
iter 5100: loss 3.4678, time 6849.39ms, mfu 21.48%
iter 5110: loss 3.5247, time 6877.11ms, mfu 21.55%
iter 5120: loss 3.4997, time 6893.98ms, mfu 21.61%
iter 5130: loss 3.5662, time 6908.27ms, mfu 21.66%
iter 5140: loss 3.5464, time 6875.25ms, mfu 21.72%
iter 5150: loss 3.4965, time 6884.58ms, mfu 21.76%
iter 5160: loss 3.3790, time 6884.62ms, mfu 21.81%
iter 5170: loss 3.3305, time 6915.20ms, mfu 21.83%
iter 5180: loss 3.4436, time 6915.38ms, mfu 21.86%
iter 5190: loss 3.4968, time 6930.36ms, mfu 21.88%
iter 5200: loss 3.3878, time 6906.56ms, mfu 21.90%
iter 5210: loss 3.3628, time 6864.08ms, mfu 21.94%
iter 5220: loss 3.4111, time 6850.46ms, mfu 21.97%
iter 5230: loss 3.5829, time 6904.58ms, mfu 21.99%
iter 5240: loss 3.3564, time 6896.31ms, mfu 22.00%
iter 5250: loss 3.5221, time 6906.32ms, mfu 22.01%
iter 5260: loss 3.5874, time 6877.53ms, mfu 22.03%
iter 5270: loss 3.3736, time 6895.94ms, mfu 22.04%
iter 5280: loss 3.4621, time 6890.75ms, mfu 22.06%
iter 5290: loss 3.5802, time 6900.50ms, mfu 22.06%
iter 5300: loss 3.2851, time 6897.44ms, mfu 22.07%
iter 5310: loss 3.4740, time 6879.53ms, mfu 22.08%
iter 5320: loss 3.4832, time 6947.80ms, mfu 22.07%
iter 5330: loss 3.4707, time 6890.17ms, mfu 22.08%
iter 5340: loss 3.4616, time 6888.40ms, mfu 22.09%
iter 5350: loss 3.5486, time 6902.26ms, mfu 22.09%
iter 5360: loss 3.5048, time 6913.88ms, mfu 22.09%
iter 5370: loss 3.5687, time 6881.00ms, mfu 22.10%
iter 5380: loss 3.2325, time 6894.24ms, mfu 22.11%
iter 5390: loss 3.4092, time 6906.88ms, mfu 22.11%
iter 5400: loss 3.5075, time 6892.18ms, mfu 22.11%
iter 5410: loss 3.5465, time 6842.38ms, mfu 22.13%
iter 5420: loss 3.2694, time 6871.90ms, mfu 22.14%
iter 5430: loss 3.5350, time 6863.78ms, mfu 22.15%
iter 5440: loss 3.5424, time 6886.43ms, mfu 22.16%
iter 5450: loss 3.4637, time 6886.66ms, mfu 22.16%
iter 5460: loss 3.2862, time 6861.61ms, mfu 22.17%
iter 5470: loss 3.3821, time 6873.83ms, mfu 22.17%
iter 5480: loss 3.5509, time 6893.97ms, mfu 22.17%
iter 5490: loss 3.5652, time 6866.46ms, mfu 22.18%
iter 5500: loss 3.2869, time 6880.36ms, mfu 22.18%
iter 5510: loss 3.4266, time 6877.83ms, mfu 22.18%
iter 5520: loss 3.4450, time 6861.86ms, mfu 22.19%
iter 5530: loss 3.3824, time 6876.36ms, mfu 22.19%
iter 5540: loss 3.4154, time 6866.00ms, mfu 22.20%
iter 5550: loss 3.5160, time 6874.95ms, mfu 22.20%
iter 5560: loss 3.5904, time 6909.45ms, mfu 22.19%
iter 5570: loss 3.4707, time 6874.99ms, mfu 22.19%
iter 5580: loss 3.4464, time 6856.38ms, mfu 22.20%
iter 5590: loss 3.5285, time 6894.48ms, mfu 22.19%
iter 5600: loss 3.4645, time 6838.02ms, mfu 22.21%
iter 5610: loss 3.3487, time 6865.01ms, mfu 22.21%
iter 5620: loss 3.2886, time 6889.62ms, mfu 22.21%
iter 5630: loss 3.3873, time 6820.68ms, mfu 22.23%
iter 5640: loss 3.4095, time 6875.26ms, mfu 22.22%
iter 5650: loss 3.6290, time 6930.67ms, mfu 22.21%
iter 5660: loss 3.2787, time 6878.83ms, mfu 22.20%
iter 5670: loss 3.5867, time 6872.93ms, mfu 22.21%
iter 5680: loss 3.4262, time 6872.89ms, mfu 22.21%
iter 5690: loss 3.5274, time 6879.70ms, mfu 22.21%
iter 5700: loss 3.3898, time 6885.20ms, mfu 22.20%
iter 5710: loss 3.1307, time 6883.20ms, mfu 22.20%
iter 5720: loss 3.4351, time 6898.98ms, mfu 22.20%
iter 5730: loss 3.5852, time 6888.18ms, mfu 22.19%
iter 5740: loss 3.3751, time 6910.08ms, mfu 22.18%
iter 5750: loss 3.4257, time 6883.48ms, mfu 22.18%
iter 5760: loss 3.4657, time 6882.49ms, mfu 22.18%
iter 5770: loss 3.5660, time 6879.47ms, mfu 22.19%
iter 5780: loss 3.2786, time 6898.51ms, mfu 22.18%
iter 5790: loss 3.2761, time 6883.16ms, mfu 22.18%
iter 5800: loss 3.3934, time 6900.58ms, mfu 22.18%
iter 5810: loss 3.3571, time 6912.11ms, mfu 22.17%
iter 5820: loss 3.3331, time 6890.41ms, mfu 22.17%
iter 5830: loss 3.4438, time 6890.06ms, mfu 22.17%
iter 5840: loss 3.4263, time 6901.76ms, mfu 22.16%
iter 5850: loss 3.5117, time 6840.30ms, mfu 22.18%
iter 5860: loss 3.4504, time 6901.31ms, mfu 22.17%
iter 5870: loss 3.5264, time 6885.69ms, mfu 22.17%
iter 5880: loss 3.4645, time 6884.48ms, mfu 22.18%
iter 5890: loss 3.3776, time 6884.35ms, mfu 22.18%
iter 5900: loss 3.2769, time 6956.91ms, mfu 22.15%
iter 5910: loss 3.4905, time 6894.90ms, mfu 22.15%
iter 5920: loss 3.4339, time 6868.40ms, mfu 22.16%
iter 5930: loss 3.5123, time 6903.24ms, mfu 22.16%
iter 5940: loss 3.2470, time 6902.71ms, mfu 22.15%
iter 5950: loss 3.3610, time 6958.55ms, mfu 22.13%
iter 5960: loss 3.2650, time 6895.38ms, mfu 22.13%
iter 5970: loss 3.4516, time 6915.31ms, mfu 22.13%
iter 5980: loss 3.3279, time 6930.06ms, mfu 22.12%
iter 5990: loss 3.4254, time 6893.09ms, mfu 22.12%
step 6000: train loss 3.3561, val loss 3.3640
saving checkpoint to /net/scratch2/junyuren/nanoGPT-manifold/out-gpt2m-grass-fullblock-r384
iter 6000: loss 3.4758, time 48428.72ms, mfu 20.23%
iter 6010: loss 3.2520, time 6909.68ms, mfu 20.41%
iter 6020: loss 3.4044, time 6896.09ms, mfu 20.59%
iter 6030: loss 3.1103, time 6895.57ms, mfu 20.74%
iter 6040: loss 3.4691, time 6916.89ms, mfu 20.88%
iter 6050: loss 3.4567, time 6934.89ms, mfu 20.99%
iter 6060: loss 3.3828, time 6908.57ms, mfu 21.10%
iter 6070: loss 3.5378, time 6920.05ms, mfu 21.20%
iter 6080: loss 3.3296, time 6910.70ms, mfu 21.29%
iter 6090: loss 3.4498, time 6915.66ms, mfu 21.37%
iter 6100: loss 3.3904, time 6891.93ms, mfu 21.45%
iter 6110: loss 3.4747, time 6920.76ms, mfu 21.51%
iter 6120: loss 3.3558, time 6928.57ms, mfu 21.56%
iter 6130: loss 3.4074, time 6884.91ms, mfu 21.62%
iter 6140: loss 3.5452, time 6946.82ms, mfu 21.66%
iter 6150: loss 3.5727, time 6916.20ms, mfu 21.70%
iter 6160: loss 3.3412, time 6889.51ms, mfu 21.75%
iter 6170: loss 3.4672, time 6906.69ms, mfu 21.78%
iter 6180: loss 3.5230, time 6912.72ms, mfu 21.82%
iter 6190: loss 3.4885, time 6865.09ms, mfu 21.86%
iter 6200: loss 3.3151, time 6883.31ms, mfu 21.89%
iter 6210: loss 3.3803, time 6892.17ms, mfu 21.92%
