=== TIER 1 EXPERIMENT 2 (CONTINUATION): 24L, r=512, Hybrid ===
Job ID: 611029
Node: m001
Start time: Mon Jan  5 01:14:24 AM CST 2026

Resuming from checkpoint: /net/scratch2/junyuren/nanoGPT-manifold/out-gpt2m-grass-hybridgate-r512/ckpt.pt

Overriding config with config/train_gpt2_medium_grassmann_hybridgate_r512.py:
# TIER 1 EXPERIMENT 2: 24L, r=512, hybrid gating
# Question: Can 24L break the 3.1 ceiling with higher rank?
# Hypothesis: If ceiling breaks, rank was limiting expressivity

# GPT-2 Medium architecture
n_layer = 24
n_head = 16
n_embd = 1024
block_size = 1024
dropout = 0.1
bias = False  # Grassmann requires no bias

# Enable Grassmann with hybrid gating
use_grassmann = True
use_full_block_decomp = False  # Hybrid gating (not full block decomp)

# Grassmann configuration
# INCREASED rank from 384 → 512 (50% of n_embd, very high rank)
grass_rank = 512  # CRITICAL: Higher rank to test if ceiling is due to rank constraint
grass_scale = 10.0  # Uniform x=10 scaling
grass_a = 1.0  # Identity-centered for non-skip layers
grass_b = 0.0
grass_lr = 2e-3  # Same as other 24L experiments

# Hybrid gating architecture:
# - c_attn: 48 head-level gates (16 heads × 3 QKV), linear + sigmoid
# - mlp.c_fc: 4 block-level gates (4 MLP blocks), linear + sigmoid
gate_lr = 1.2e-3  # 2× learning_rate for gates
embed_lr = 3e-4   # 0.5× learning_rate for embeddings

# Training hyperparameters
learning_rate = 6e-4  # Base LR for AdamW components
max_iters = 100000  # Same as other 24L experiments
warmup_iters = 2000  # Standard warmup
lr_decay_iters = 100000  # Cosine decay to min_lr
min_lr = 6e-5  # 0.1 × learning_rate

# Multi-GPU batch configuration
# Same as other 24L: 32 × 12 × 4 GPUs = 1536 sequences × 1024 seq_len = 1,572,864 tokens
# grad_accum MUST be divisible by 4 GPUs (DDP requirement)
batch_size = 32  # Per GPU
gradient_accumulation_steps = 12  # Total 384 sequences per GPU, 393K tokens/iter

# Regularization
weight_decay = 1e-1  # Standard for GPT-2

# Optimizer
beta1 = 0.9
beta2 = 0.95
grad_clip = 1.0

# Evaluation
eval_interval = 1000
eval_iters = 200
log_interval = 10

# Dataset
dataset = 'openwebtext'
data_dir = '/net/scratch2/junyuren/nanoGPT-manifold/data/openwebtext'
always_save_checkpoint = True

# CRITICAL: Save to scratch (home has strict disk quota!)
out_dir = '/net/scratch2/junyuren/nanoGPT-manifold/out-gpt2m-grass-hybridgate-r512'

# Compile for performance
compile = True

# System
dtype = 'bfloat16'  # More stable than float16 for Grassmann
device = 'cuda'

# Phase identifier (for configure_optimizers_grassmann_phases)
grassmann_phase = 'phase3'  # c_attn + mlp.c_fc (non-skip-facing only)

Overriding: init_from = resume
Overriding config with config/train_gpt2_medium_grassmann_hybridgate_r512.py:
# TIER 1 EXPERIMENT 2: 24L, r=512, hybrid gating
# Question: Can 24L break the 3.1 ceiling with higher rank?
# Hypothesis: If ceiling breaks, rank was limiting expressivity

# GPT-2 Medium architecture
n_layer = 24
n_head = 16
n_embd = 1024
block_size = 1024
dropout = 0.1
bias = False  # Grassmann requires no bias

# Enable Grassmann with hybrid gating
use_grassmann = True
use_full_block_decomp = False  # Hybrid gating (not full block decomp)

# Grassmann configuration
# INCREASED rank from 384 → 512 (50% of n_embd, very high rank)
grass_rank = 512  # CRITICAL: Higher rank to test if ceiling is due to rank constraint
grass_scale = 10.0  # Uniform x=10 scaling
grass_a = 1.0  # Identity-centered for non-skip layers
grass_b = 0.0
grass_lr = 2e-3  # Same as other 24L experiments

# Hybrid gating architecture:
# - c_attn: 48 head-level gates (16 heads × 3 QKV), linear + sigmoid
# - mlp.c_fc: 4 block-level gates (4 MLP blocks), linear + sigmoid
gate_lr = 1.2e-3  # 2× learning_rate for gates
embed_lr = 3e-4   # 0.5× learning_rate for embeddings

# Training hyperparameters
learning_rate = 6e-4  # Base LR for AdamW components
max_iters = 100000  # Same as other 24L experiments
warmup_iters = 2000  # Standard warmup
lr_decay_iters = 100000  # Cosine decay to min_lr
min_lr = 6e-5  # 0.1 × learning_rate

# Multi-GPU batch configuration
# Same as other 24L: 32 × 12 × 4 GPUs = 1536 sequences × 1024 seq_len = 1,572,864 tokens
# grad_accum MUST be divisible by 4 GPUs (DDP requirement)
batch_size = 32  # Per GPU
gradient_accumulation_steps = 12  # Total 384 sequences per GPU, 393K tokens/iter

# Regularization
weight_decay = 1e-1  # Standard for GPT-2

# Optimizer
beta1 = 0.9
beta2 = 0.95
grad_clip = 1.0

# Evaluation
eval_interval = 1000
eval_iters = 200
log_interval = 10

# Dataset
dataset = 'openwebtext'
data_dir = '/net/scratch2/junyuren/nanoGPT-manifold/data/openwebtext'
always_save_checkpoint = True

# CRITICAL: Save to scratch (home has strict disk quota!)
out_dir = '/net/scratch2/junyuren/nanoGPT-manifold/out-gpt2m-grass-hybridgate-r512'

# Compile for performance
compile = True

# System
dtype = 'bfloat16'  # More stable than float16 for Grassmann
device = 'cuda'

# Phase identifier (for configure_optimizers_grassmann_phases)
grassmann_phase = 'phase3'  # c_attn + mlp.c_fc (non-skip-facing only)

Overriding: init_from = resume
Overriding config with config/train_gpt2_medium_grassmann_hybridgate_r512.py:
# TIER 1 EXPERIMENT 2: 24L, r=512, hybrid gating
# Question: Can 24L break the 3.1 ceiling with higher rank?
# Hypothesis: If ceiling breaks, rank was limiting expressivity

# GPT-2 Medium architecture
n_layer = 24
n_head = 16
n_embd = 1024
block_size = 1024
dropout = 0.1
bias = False  # Grassmann requires no bias

# Enable Grassmann with hybrid gating
use_grassmann = True
use_full_block_decomp = False  # Hybrid gating (not full block decomp)

# Grassmann configuration
# INCREASED rank from 384 → 512 (50% of n_embd, very high rank)
grass_rank = 512  # CRITICAL: Higher rank to test if ceiling is due to rank constraint
grass_scale = 10.0  # Uniform x=10 scaling
grass_a = 1.0  # Identity-centered for non-skip layers
grass_b = 0.0
grass_lr = 2e-3  # Same as other 24L experiments

# Hybrid gating architecture:
# - c_attn: 48 head-level gates (16 heads × 3 QKV), linear + sigmoid
# - mlp.c_fc: 4 block-level gates (4 MLP blocks), linear + sigmoid
gate_lr = 1.2e-3  # 2× learning_rate for gates
embed_lr = 3e-4   # 0.5× learning_rate for embeddings

# Training hyperparameters
learning_rate = 6e-4  # Base LR for AdamW components
max_iters = 100000  # Same as other 24L experiments
warmup_iters = 2000  # Standard warmup
lr_decay_iters = 100000  # Cosine decay to min_lr
min_lr = 6e-5  # 0.1 × learning_rate

# Multi-GPU batch configuration
# Same as other 24L: 32 × 12 × 4 GPUs = 1536 sequences × 1024 seq_len = 1,572,864 tokens
# grad_accum MUST be divisible by 4 GPUs (DDP requirement)
batch_size = 32  # Per GPU
gradient_accumulation_steps = 12  # Total 384 sequences per GPU, 393K tokens/iter

# Regularization
weight_decay = 1e-1  # Standard for GPT-2

# Optimizer
beta1 = 0.9
beta2 = 0.95
grad_clip = 1.0

# Evaluation
eval_interval = 1000
eval_iters = 200
log_interval = 10

# Dataset
dataset = 'openwebtext'
data_dir = '/net/scratch2/junyuren/nanoGPT-manifold/data/openwebtext'
always_save_checkpoint = True

# CRITICAL: Save to scratch (home has strict disk quota!)
out_dir = '/net/scratch2/junyuren/nanoGPT-manifold/out-gpt2m-grass-hybridgate-r512'

# Compile for performance
compile = True

# System
dtype = 'bfloat16'  # More stable than float16 for Grassmann
device = 'cuda'

# Phase identifier (for configure_optimizers_grassmann_phases)
grassmann_phase = 'phase3'  # c_attn + mlp.c_fc (non-skip-facing only)

Overriding: init_from = resume
tokens per iteration will be: 393,216
Resuming training from /net/scratch2/junyuren/nanoGPT-manifold/out-gpt2m-grass-hybridgate-r512
Overriding config with config/train_gpt2_medium_grassmann_hybridgate_r512.py:
# TIER 1 EXPERIMENT 2: 24L, r=512, hybrid gating
# Question: Can 24L break the 3.1 ceiling with higher rank?
# Hypothesis: If ceiling breaks, rank was limiting expressivity

# GPT-2 Medium architecture
n_layer = 24
n_head = 16
n_embd = 1024
block_size = 1024
dropout = 0.1
bias = False  # Grassmann requires no bias

# Enable Grassmann with hybrid gating
use_grassmann = True
use_full_block_decomp = False  # Hybrid gating (not full block decomp)

# Grassmann configuration
# INCREASED rank from 384 → 512 (50% of n_embd, very high rank)
grass_rank = 512  # CRITICAL: Higher rank to test if ceiling is due to rank constraint
grass_scale = 10.0  # Uniform x=10 scaling
grass_a = 1.0  # Identity-centered for non-skip layers
grass_b = 0.0
grass_lr = 2e-3  # Same as other 24L experiments

# Hybrid gating architecture:
# - c_attn: 48 head-level gates (16 heads × 3 QKV), linear + sigmoid
# - mlp.c_fc: 4 block-level gates (4 MLP blocks), linear + sigmoid
gate_lr = 1.2e-3  # 2× learning_rate for gates
embed_lr = 3e-4   # 0.5× learning_rate for embeddings

# Training hyperparameters
learning_rate = 6e-4  # Base LR for AdamW components
max_iters = 100000  # Same as other 24L experiments
warmup_iters = 2000  # Standard warmup
lr_decay_iters = 100000  # Cosine decay to min_lr
min_lr = 6e-5  # 0.1 × learning_rate

# Multi-GPU batch configuration
# Same as other 24L: 32 × 12 × 4 GPUs = 1536 sequences × 1024 seq_len = 1,572,864 tokens
# grad_accum MUST be divisible by 4 GPUs (DDP requirement)
batch_size = 32  # Per GPU
gradient_accumulation_steps = 12  # Total 384 sequences per GPU, 393K tokens/iter

# Regularization
weight_decay = 1e-1  # Standard for GPT-2

# Optimizer
beta1 = 0.9
beta2 = 0.95
grad_clip = 1.0

# Evaluation
eval_interval = 1000
eval_iters = 200
log_interval = 10

# Dataset
dataset = 'openwebtext'
data_dir = '/net/scratch2/junyuren/nanoGPT-manifold/data/openwebtext'
always_save_checkpoint = True

# CRITICAL: Save to scratch (home has strict disk quota!)
out_dir = '/net/scratch2/junyuren/nanoGPT-manifold/out-gpt2m-grass-hybridgate-r512'

# Compile for performance
compile = True

# System
dtype = 'bfloat16'  # More stable than float16 for Grassmann
device = 'cuda'

# Phase identifier (for configure_optimizers_grassmann_phases)
grassmann_phase = 'phase3'  # c_attn + mlp.c_fc (non-skip-facing only)

Overriding: init_from = resume
tokens per iteration will be: 393,216
Resuming training from /net/scratch2/junyuren/nanoGPT-manifold/out-gpt2m-grass-hybridgate-r512
tokens per iteration will be: 393,216
Resuming training from /net/scratch2/junyuren/nanoGPT-manifold/out-gpt2m-grass-hybridgate-r512
tokens per iteration will be: 393,216
Resuming training from /net/scratch2/junyuren/nanoGPT-manifold/out-gpt2m-grass-hybridgate-r512
number of parameters: 354.83M
number of parameters: 354.83M
number of parameters: 354.83M
number of parameters: 354.83M

=== Phase phase3 Grassmann Configuration ===

Per-block configuration (24 blocks):
  c_attn ranks:       [512, 512, 512, 512, 512, 512, 512, 512, 512, 512, 512, 512, 512, 512, 512, 512, 512, 512, 512, 512, 512, 512, 512, 512]
  c_attn scales:      ['1.00', '1.00', '1.00', '1.00', '1.00', '1.00', '1.00', '1.00', '1.00', '1.00', '1.00', '1.00', '1.00', '1.00', '1.00', '1.00', '1.00', '1.00', '1.00', '1.00', '1.00', '1.00', '1.00', '1.00']
  mlp.c_fc ranks:     [512, 512, 512, 512, 512, 512, 512, 512, 512, 512, 512, 512, 512, 512, 512, 512, 512, 512, 512, 512, 512, 512, 512, 512]
  mlp.c_fc scales:    ['1.00', '1.00', '1.00', '1.00', '1.00', '1.00', '1.00', '1.00', '1.00', '1.00', '1.00', '1.00', '1.00', '1.00', '1.00', '1.00', '1.00', '1.00', '1.00', '1.00', '1.00', '1.00', '1.00', '1.00']
Grassmann Muon parameters: 168 weight matrices, 176,160,768 params
AdamW optimizer groups:
  Gates:      120 tensors, 1,277,952 params, lr=1.20e-03, wd=0.1
  Projections: 48 tensors, 125,829,120 params, lr=6.00e-04, wd=0.1
  Embeddings: 2 tensors, 52,559,872 params, lr=3.00e-04, wd=0.0
  No decay:   49 tensors, 50,176 params, lr=6.00e-04, wd=0.0
  transformer.h.0.attn.c_attn.blocks.0.weight: k=1, G_{1.0,0.0,512}, lr=0.008, scale=1.0, type=None
  transformer.h.0.attn.c_attn.blocks.1.weight: k=1, G_{1.0,0.0,512}, lr=0.008, scale=1.0, type=None
  transformer.h.0.attn.c_attn.blocks.2.weight: k=1, G_{1.0,0.0,512}, lr=0.008, scale=1.0, type=None
  transformer.h.0.mlp.c_fc.blocks.0.weight: k=1, G_{1.0,0.0,512}, lr=0.008, scale=1.0, type=None
  transformer.h.0.mlp.c_fc.blocks.1.weight: k=1, G_{1.0,0.0,512}, lr=0.008, scale=1.0, type=None
  transformer.h.0.mlp.c_fc.blocks.2.weight: k=1, G_{1.0,0.0,512}, lr=0.008, scale=1.0, type=None
  transformer.h.0.mlp.c_fc.blocks.3.weight: k=1, G_{1.0,0.0,512}, lr=0.008, scale=1.0, type=None
  transformer.h.1.attn.c_attn.blocks.0.weight: k=1, G_{1.0,0.0,512}, lr=0.008, scale=1.0, type=None
  transformer.h.1.attn.c_attn.blocks.1.weight: k=1, G_{1.0,0.0,512}, lr=0.008, scale=1.0, type=None
  transformer.h.1.attn.c_attn.blocks.2.weight: k=1, G_{1.0,0.0,512}, lr=0.008, scale=1.0, type=None
  transformer.h.1.mlp.c_fc.blocks.0.weight: k=1, G_{1.0,0.0,512}, lr=0.008, scale=1.0, type=None
  transformer.h.1.mlp.c_fc.blocks.1.weight: k=1, G_{1.0,0.0,512}, lr=0.008, scale=1.0, type=None
  transformer.h.1.mlp.c_fc.blocks.2.weight: k=1, G_{1.0,0.0,512}, lr=0.008, scale=1.0, type=None
  transformer.h.1.mlp.c_fc.blocks.3.weight: k=1, G_{1.0,0.0,512}, lr=0.008, scale=1.0, type=None
  transformer.h.2.attn.c_attn.blocks.0.weight: k=1, G_{1.0,0.0,512}, lr=0.008, scale=1.0, type=None
  transformer.h.2.attn.c_attn.blocks.1.weight: k=1, G_{1.0,0.0,512}, lr=0.008, scale=1.0, type=None
  transformer.h.2.attn.c_attn.blocks.2.weight: k=1, G_{1.0,0.0,512}, lr=0.008, scale=1.0, type=None
  transformer.h.2.mlp.c_fc.blocks.0.weight: k=1, G_{1.0,0.0,512}, lr=0.008, scale=1.0, type=None
  transformer.h.2.mlp.c_fc.blocks.1.weight: k=1, G_{1.0,0.0,512}, lr=0.008, scale=1.0, type=None
  transformer.h.2.mlp.c_fc.blocks.2.weight: k=1, G_{1.0,0.0,512}, lr=0.008, scale=1.0, type=None
  transformer.h.2.mlp.c_fc.blocks.3.weight: k=1, G_{1.0,0.0,512}, lr=0.008, scale=1.0, type=None
  transformer.h.3.attn.c_attn.blocks.0.weight: k=1, G_{1.0,0.0,512}, lr=0.008, scale=1.0, type=None
  transformer.h.3.attn.c_attn.blocks.1.weight: k=1, G_{1.0,0.0,512}, lr=0.008, scale=1.0, type=None
  transformer.h.3.attn.c_attn.blocks.2.weight: k=1, G_{1.0,0.0,512}, lr=0.008, scale=1.0, type=None
  transformer.h.3.mlp.c_fc.blocks.0.weight: k=1, G_{1.0,0.0,512}, lr=0.008, scale=1.0, type=None
  transformer.h.3.mlp.c_fc.blocks.1.weight: k=1, G_{1.0,0.0,512}, lr=0.008, scale=1.0, type=None
  transformer.h.3.mlp.c_fc.blocks.2.weight: k=1, G_{1.0,0.0,512}, lr=0.008, scale=1.0, type=None
  transformer.h.3.mlp.c_fc.blocks.3.weight: k=1, G_{1.0,0.0,512}, lr=0.008, scale=1.0, type=None
  transformer.h.4.attn.c_attn.blocks.0.weight: k=1, G_{1.0,0.0,512}, lr=0.008, scale=1.0, type=None
  transformer.h.4.attn.c_attn.blocks.1.weight: k=1, G_{1.0,0.0,512}, lr=0.008, scale=1.0, type=None
  transformer.h.4.attn.c_attn.blocks.2.weight: k=1, G_{1.0,0.0,512}, lr=0.008, scale=1.0, type=None
  transformer.h.4.mlp.c_fc.blocks.0.weight: k=1, G_{1.0,0.0,512}, lr=0.008, scale=1.0, type=None
  transformer.h.4.mlp.c_fc.blocks.1.weight: k=1, G_{1.0,0.0,512}, lr=0.008, scale=1.0, type=None
  transformer.h.4.mlp.c_fc.blocks.2.weight: k=1, G_{1.0,0.0,512}, lr=0.008, scale=1.0, type=None
  transformer.h.4.mlp.c_fc.blocks.3.weight: k=1, G_{1.0,0.0,512}, lr=0.008, scale=1.0, type=None
  transformer.h.5.attn.c_attn.blocks.0.weight: k=1, G_{1.0,0.0,512}, lr=0.008, scale=1.0, type=None
  transformer.h.5.attn.c_attn.blocks.1.weight: k=1, G_{1.0,0.0,512}, lr=0.008, scale=1.0, type=None
  transformer.h.5.attn.c_attn.blocks.2.weight: k=1, G_{1.0,0.0,512}, lr=0.008, scale=1.0, type=None
  transformer.h.5.mlp.c_fc.blocks.0.weight: k=1, G_{1.0,0.0,512}, lr=0.008, scale=1.0, type=None
  transformer.h.5.mlp.c_fc.blocks.1.weight: k=1, G_{1.0,0.0,512}, lr=0.008, scale=1.0, type=None
  transformer.h.5.mlp.c_fc.blocks.2.weight: k=1, G_{1.0,0.0,512}, lr=0.008, scale=1.0, type=None
  transformer.h.5.mlp.c_fc.blocks.3.weight: k=1, G_{1.0,0.0,512}, lr=0.008, scale=1.0, type=None
  transformer.h.6.attn.c_attn.blocks.0.weight: k=1, G_{1.0,0.0,512}, lr=0.008, scale=1.0, type=None
  transformer.h.6.attn.c_attn.blocks.1.weight: k=1, G_{1.0,0.0,512}, lr=0.008, scale=1.0, type=None
  transformer.h.6.attn.c_attn.blocks.2.weight: k=1, G_{1.0,0.0,512}, lr=0.008, scale=1.0, type=None
  transformer.h.6.mlp.c_fc.blocks.0.weight: k=1, G_{1.0,0.0,512}, lr=0.008, scale=1.0, type=None
  transformer.h.6.mlp.c_fc.blocks.1.weight: k=1, G_{1.0,0.0,512}, lr=0.008, scale=1.0, type=None
  transformer.h.6.mlp.c_fc.blocks.2.weight: k=1, G_{1.0,0.0,512}, lr=0.008, scale=1.0, type=None
  transformer.h.6.mlp.c_fc.blocks.3.weight: k=1, G_{1.0,0.0,512}, lr=0.008, scale=1.0, type=None
  transformer.h.7.attn.c_attn.blocks.0.weight: k=1, G_{1.0,0.0,512}, lr=0.008, scale=1.0, type=None
  transformer.h.7.attn.c_attn.blocks.1.weight: k=1, G_{1.0,0.0,512}, lr=0.008, scale=1.0, type=None
  transformer.h.7.attn.c_attn.blocks.2.weight: k=1, G_{1.0,0.0,512}, lr=0.008, scale=1.0, type=None
  transformer.h.7.mlp.c_fc.blocks.0.weight: k=1, G_{1.0,0.0,512}, lr=0.008, scale=1.0, type=None
  transformer.h.7.mlp.c_fc.blocks.1.weight: k=1, G_{1.0,0.0,512}, lr=0.008, scale=1.0, type=None
  transformer.h.7.mlp.c_fc.blocks.2.weight: k=1, G_{1.0,0.0,512}, lr=0.008, scale=1.0, type=None
  transformer.h.7.mlp.c_fc.blocks.3.weight: k=1, G_{1.0,0.0,512}, lr=0.008, scale=1.0, type=None
  transformer.h.8.attn.c_attn.blocks.0.weight: k=1, G_{1.0,0.0,512}, lr=0.008, scale=1.0, type=None
  transformer.h.8.attn.c_attn.blocks.1.weight: k=1, G_{1.0,0.0,512}, lr=0.008, scale=1.0, type=None
  transformer.h.8.attn.c_attn.blocks.2.weight: k=1, G_{1.0,0.0,512}, lr=0.008, scale=1.0, type=None
  transformer.h.8.mlp.c_fc.blocks.0.weight: k=1, G_{1.0,0.0,512}, lr=0.008, scale=1.0, type=None
  transformer.h.8.mlp.c_fc.blocks.1.weight: k=1, G_{1.0,0.0,512}, lr=0.008, scale=1.0, type=None
  transformer.h.8.mlp.c_fc.blocks.2.weight: k=1, G_{1.0,0.0,512}, lr=0.008, scale=1.0, type=None
  transformer.h.8.mlp.c_fc.blocks.3.weight: k=1, G_{1.0,0.0,512}, lr=0.008, scale=1.0, type=None
  transformer.h.9.attn.c_attn.blocks.0.weight: k=1, G_{1.0,0.0,512}, lr=0.008, scale=1.0, type=None
  transformer.h.9.attn.c_attn.blocks.1.weight: k=1, G_{1.0,0.0,512}, lr=0.008, scale=1.0, type=None
  transformer.h.9.attn.c_attn.blocks.2.weight: k=1, G_{1.0,0.0,512}, lr=0.008, scale=1.0, type=None
  transformer.h.9.mlp.c_fc.blocks.0.weight: k=1, G_{1.0,0.0,512}, lr=0.008, scale=1.0, type=None
  transformer.h.9.mlp.c_fc.blocks.1.weight: k=1, G_{1.0,0.0,512}, lr=0.008, scale=1.0, type=None
  transformer.h.9.mlp.c_fc.blocks.2.weight: k=1, G_{1.0,0.0,512}, lr=0.008, scale=1.0, type=None
  transformer.h.9.mlp.c_fc.blocks.3.weight: k=1, G_{1.0,0.0,512}, lr=0.008, scale=1.0, type=None
  transformer.h.10.attn.c_attn.blocks.0.weight: k=1, G_{1.0,0.0,512}, lr=0.008, scale=1.0, type=None
  transformer.h.10.attn.c_attn.blocks.1.weight: k=1, G_{1.0,0.0,512}, lr=0.008, scale=1.0, type=None
  transformer.h.10.attn.c_attn.blocks.2.weight: k=1, G_{1.0,0.0,512}, lr=0.008, scale=1.0, type=None
  transformer.h.10.mlp.c_fc.blocks.0.weight: k=1, G_{1.0,0.0,512}, lr=0.008, scale=1.0, type=None
  transformer.h.10.mlp.c_fc.blocks.1.weight: k=1, G_{1.0,0.0,512}, lr=0.008, scale=1.0, type=None
  transformer.h.10.mlp.c_fc.blocks.2.weight: k=1, G_{1.0,0.0,512}, lr=0.008, scale=1.0, type=None
  transformer.h.10.mlp.c_fc.blocks.3.weight: k=1, G_{1.0,0.0,512}, lr=0.008, scale=1.0, type=None
  transformer.h.11.attn.c_attn.blocks.0.weight: k=1, G_{1.0,0.0,512}, lr=0.008, scale=1.0, type=None
  transformer.h.11.attn.c_attn.blocks.1.weight: k=1, G_{1.0,0.0,512}, lr=0.008, scale=1.0, type=None
  transformer.h.11.attn.c_attn.blocks.2.weight: k=1, G_{1.0,0.0,512}, lr=0.008, scale=1.0, type=None
  transformer.h.11.mlp.c_fc.blocks.0.weight: k=1, G_{1.0,0.0,512}, lr=0.008, scale=1.0, type=None
  transformer.h.11.mlp.c_fc.blocks.1.weight: k=1, G_{1.0,0.0,512}, lr=0.008, scale=1.0, type=None
  transformer.h.11.mlp.c_fc.blocks.2.weight: k=1, G_{1.0,0.0,512}, lr=0.008, scale=1.0, type=None
  transformer.h.11.mlp.c_fc.blocks.3.weight: k=1, G_{1.0,0.0,512}, lr=0.008, scale=1.0, type=None
  transformer.h.12.attn.c_attn.blocks.0.weight: k=1, G_{1.0,0.0,512}, lr=0.008, scale=1.0, type=None
  transformer.h.12.attn.c_attn.blocks.1.weight: k=1, G_{1.0,0.0,512}, lr=0.008, scale=1.0, type=None
  transformer.h.12.attn.c_attn.blocks.2.weight: k=1, G_{1.0,0.0,512}, lr=0.008, scale=1.0, type=None
  transformer.h.12.mlp.c_fc.blocks.0.weight: k=1, G_{1.0,0.0,512}, lr=0.008, scale=1.0, type=None
  transformer.h.12.mlp.c_fc.blocks.1.weight: k=1, G_{1.0,0.0,512}, lr=0.008, scale=1.0, type=None
  transformer.h.12.mlp.c_fc.blocks.2.weight: k=1, G_{1.0,0.0,512}, lr=0.008, scale=1.0, type=None
  transformer.h.12.mlp.c_fc.blocks.3.weight: k=1, G_{1.0,0.0,512}, lr=0.008, scale=1.0, type=None
  transformer.h.13.attn.c_attn.blocks.0.weight: k=1, G_{1.0,0.0,512}, lr=0.008, scale=1.0, type=None
  transformer.h.13.attn.c_attn.blocks.1.weight: k=1, G_{1.0,0.0,512}, lr=0.008, scale=1.0, type=None
  transformer.h.13.attn.c_attn.blocks.2.weight: k=1, G_{1.0,0.0,512}, lr=0.008, scale=1.0, type=None
  transformer.h.13.mlp.c_fc.blocks.0.weight: k=1, G_{1.0,0.0,512}, lr=0.008, scale=1.0, type=None
  transformer.h.13.mlp.c_fc.blocks.1.weight: k=1, G_{1.0,0.0,512}, lr=0.008, scale=1.0, type=None
  transformer.h.13.mlp.c_fc.blocks.2.weight: k=1, G_{1.0,0.0,512}, lr=0.008, scale=1.0, type=None
  transformer.h.13.mlp.c_fc.blocks.3.weight: k=1, G_{1.0,0.0,512}, lr=0.008, scale=1.0, type=None
  transformer.h.14.attn.c_attn.blocks.0.weight: k=1, G_{1.0,0.0,512}, lr=0.008, scale=1.0, type=None
  transformer.h.14.attn.c_attn.blocks.1.weight: k=1, G_{1.0,0.0,512}, lr=0.008, scale=1.0, type=None
  transformer.h.14.attn.c_attn.blocks.2.weight: k=1, G_{1.0,0.0,512}, lr=0.008, scale=1.0, type=None
  transformer.h.14.mlp.c_fc.blocks.0.weight: k=1, G_{1.0,0.0,512}, lr=0.008, scale=1.0, type=None
  transformer.h.14.mlp.c_fc.blocks.1.weight: k=1, G_{1.0,0.0,512}, lr=0.008, scale=1.0, type=None
  transformer.h.14.mlp.c_fc.blocks.2.weight: k=1, G_{1.0,0.0,512}, lr=0.008, scale=1.0, type=None
  transformer.h.14.mlp.c_fc.blocks.3.weight: k=1, G_{1.0,0.0,512}, lr=0.008, scale=1.0, type=None
  transformer.h.15.attn.c_attn.blocks.0.weight: k=1, G_{1.0,0.0,512}, lr=0.008, scale=1.0, type=None
  transformer.h.15.attn.c_attn.blocks.1.weight: k=1, G_{1.0,0.0,512}, lr=0.008, scale=1.0, type=None
  transformer.h.15.attn.c_attn.blocks.2.weight: k=1, G_{1.0,0.0,512}, lr=0.008, scale=1.0, type=None
  transformer.h.15.mlp.c_fc.blocks.0.weight: k=1, G_{1.0,0.0,512}, lr=0.008, scale=1.0, type=None
  transformer.h.15.mlp.c_fc.blocks.1.weight: k=1, G_{1.0,0.0,512}, lr=0.008, scale=1.0, type=None
  transformer.h.15.mlp.c_fc.blocks.2.weight: k=1, G_{1.0,0.0,512}, lr=0.008, scale=1.0, type=None
  transformer.h.15.mlp.c_fc.blocks.3.weight: k=1, G_{1.0,0.0,512}, lr=0.008, scale=1.0, type=None
  transformer.h.16.attn.c_attn.blocks.0.weight: k=1, G_{1.0,0.0,512}, lr=0.008, scale=1.0, type=None
  transformer.h.16.attn.c_attn.blocks.1.weight: k=1, G_{1.0,0.0,512}, lr=0.008, scale=1.0, type=None
  transformer.h.16.attn.c_attn.blocks.2.weight: k=1, G_{1.0,0.0,512}, lr=0.008, scale=1.0, type=None
  transformer.h.16.mlp.c_fc.blocks.0.weight: k=1, G_{1.0,0.0,512}, lr=0.008, scale=1.0, type=None
  transformer.h.16.mlp.c_fc.blocks.1.weight: k=1, G_{1.0,0.0,512}, lr=0.008, scale=1.0, type=None
  transformer.h.16.mlp.c_fc.blocks.2.weight: k=1, G_{1.0,0.0,512}, lr=0.008, scale=1.0, type=None
  transformer.h.16.mlp.c_fc.blocks.3.weight: k=1, G_{1.0,0.0,512}, lr=0.008, scale=1.0, type=None
  transformer.h.17.attn.c_attn.blocks.0.weight: k=1, G_{1.0,0.0,512}, lr=0.008, scale=1.0, type=None
  transformer.h.17.attn.c_attn.blocks.1.weight: k=1, G_{1.0,0.0,512}, lr=0.008, scale=1.0, type=None
  transformer.h.17.attn.c_attn.blocks.2.weight: k=1, G_{1.0,0.0,512}, lr=0.008, scale=1.0, type=None
  transformer.h.17.mlp.c_fc.blocks.0.weight: k=1, G_{1.0,0.0,512}, lr=0.008, scale=1.0, type=None
  transformer.h.17.mlp.c_fc.blocks.1.weight: k=1, G_{1.0,0.0,512}, lr=0.008, scale=1.0, type=None
  transformer.h.17.mlp.c_fc.blocks.2.weight: k=1, G_{1.0,0.0,512}, lr=0.008, scale=1.0, type=None
  transformer.h.17.mlp.c_fc.blocks.3.weight: k=1, G_{1.0,0.0,512}, lr=0.008, scale=1.0, type=None
  transformer.h.18.attn.c_attn.blocks.0.weight: k=1, G_{1.0,0.0,512}, lr=0.008, scale=1.0, type=None
  transformer.h.18.attn.c_attn.blocks.1.weight: k=1, G_{1.0,0.0,512}, lr=0.008, scale=1.0, type=None
  transformer.h.18.attn.c_attn.blocks.2.weight: k=1, G_{1.0,0.0,512}, lr=0.008, scale=1.0, type=None
  transformer.h.18.mlp.c_fc.blocks.0.weight: k=1, G_{1.0,0.0,512}, lr=0.008, scale=1.0, type=None
  transformer.h.18.mlp.c_fc.blocks.1.weight: k=1, G_{1.0,0.0,512}, lr=0.008, scale=1.0, type=None
  transformer.h.18.mlp.c_fc.blocks.2.weight: k=1, G_{1.0,0.0,512}, lr=0.008, scale=1.0, type=None
  transformer.h.18.mlp.c_fc.blocks.3.weight: k=1, G_{1.0,0.0,512}, lr=0.008, scale=1.0, type=None
  transformer.h.19.attn.c_attn.blocks.0.weight: k=1, G_{1.0,0.0,512}, lr=0.008, scale=1.0, type=None
  transformer.h.19.attn.c_attn.blocks.1.weight: k=1, G_{1.0,0.0,512}, lr=0.008, scale=1.0, type=None
  transformer.h.19.attn.c_attn.blocks.2.weight: k=1, G_{1.0,0.0,512}, lr=0.008, scale=1.0, type=None
  transformer.h.19.mlp.c_fc.blocks.0.weight: k=1, G_{1.0,0.0,512}, lr=0.008, scale=1.0, type=None
  transformer.h.19.mlp.c_fc.blocks.1.weight: k=1, G_{1.0,0.0,512}, lr=0.008, scale=1.0, type=None
  transformer.h.19.mlp.c_fc.blocks.2.weight: k=1, G_{1.0,0.0,512}, lr=0.008, scale=1.0, type=None
  transformer.h.19.mlp.c_fc.blocks.3.weight: k=1, G_{1.0,0.0,512}, lr=0.008, scale=1.0, type=None
  transformer.h.20.attn.c_attn.blocks.0.weight: k=1, G_{1.0,0.0,512}, lr=0.008, scale=1.0, type=None
  transformer.h.20.attn.c_attn.blocks.1.weight: k=1, G_{1.0,0.0,512}, lr=0.008, scale=1.0, type=None
  transformer.h.20.attn.c_attn.blocks.2.weight: k=1, G_{1.0,0.0,512}, lr=0.008, scale=1.0, type=None
  transformer.h.20.mlp.c_fc.blocks.0.weight: k=1, G_{1.0,0.0,512}, lr=0.008, scale=1.0, type=None
  transformer.h.20.mlp.c_fc.blocks.1.weight: k=1, G_{1.0,0.0,512}, lr=0.008, scale=1.0, type=None
  transformer.h.20.mlp.c_fc.blocks.2.weight: k=1, G_{1.0,0.0,512}, lr=0.008, scale=1.0, type=None
  transformer.h.20.mlp.c_fc.blocks.3.weight: k=1, G_{1.0,0.0,512}, lr=0.008, scale=1.0, type=None
  transformer.h.21.attn.c_attn.blocks.0.weight: k=1, G_{1.0,0.0,512}, lr=0.008, scale=1.0, type=None
  transformer.h.21.attn.c_attn.blocks.1.weight: k=1, G_{1.0,0.0,512}, lr=0.008, scale=1.0, type=None
  transformer.h.21.attn.c_attn.blocks.2.weight: k=1, G_{1.0,0.0,512}, lr=0.008, scale=1.0, type=None
  transformer.h.21.mlp.c_fc.blocks.0.weight: k=1, G_{1.0,0.0,512}, lr=0.008, scale=1.0, type=None
  transformer.h.21.mlp.c_fc.blocks.1.weight: k=1, G_{1.0,0.0,512}, lr=0.008, scale=1.0, type=None
  transformer.h.21.mlp.c_fc.blocks.2.weight: k=1, G_{1.0,0.0,512}, lr=0.008, scale=1.0, type=None
  transformer.h.21.mlp.c_fc.blocks.3.weight: k=1, G_{1.0,0.0,512}, lr=0.008, scale=1.0, type=None
  transformer.h.22.attn.c_attn.blocks.0.weight: k=1, G_{1.0,0.0,512}, lr=0.008, scale=1.0, type=None
  transformer.h.22.attn.c_attn.blocks.1.weight: k=1, G_{1.0,0.0,512}, lr=0.008, scale=1.0, type=None
  transformer.h.22.attn.c_attn.blocks.2.weight: k=1, G_{1.0,0.0,512}, lr=0.008, scale=1.0, type=None
  transformer.h.22.mlp.c_fc.blocks.0.weight: k=1, G_{1.0,0.0,512}, lr=0.008, scale=1.0, type=None
  transformer.h.22.mlp.c_fc.blocks.1.weight: k=1, G_{1.0,0.0,512}, lr=0.008, scale=1.0, type=None
  transformer.h.22.mlp.c_fc.blocks.2.weight: k=1, G_{1.0,0.0,512}, lr=0.008, scale=1.0, type=None
  transformer.h.22.mlp.c_fc.blocks.3.weight: k=1, G_{1.0,0.0,512}, lr=0.008, scale=1.0, type=None
  transformer.h.23.attn.c_attn.blocks.0.weight: k=1, G_{1.0,0.0,512}, lr=0.008, scale=1.0, type=None
  transformer.h.23.attn.c_attn.blocks.1.weight: k=1, G_{1.0,0.0,512}, lr=0.008, scale=1.0, type=None
  transformer.h.23.attn.c_attn.blocks.2.weight: k=1, G_{1.0,0.0,512}, lr=0.008, scale=1.0, type=None
  transformer.h.23.mlp.c_fc.blocks.0.weight: k=1, G_{1.0,0.0,512}, lr=0.008, scale=1.0, type=None
  transformer.h.23.mlp.c_fc.blocks.1.weight: k=1, G_{1.0,0.0,512}, lr=0.008, scale=1.0, type=None
  transformer.h.23.mlp.c_fc.blocks.2.weight: k=1, G_{1.0,0.0,512}, lr=0.008, scale=1.0, type=None
  transformer.h.23.mlp.c_fc.blocks.3.weight: k=1, G_{1.0,0.0,512}, lr=0.008, scale=1.0, type=None

=== Phase phase3 Grassmann Configuration ===

Per-block configuration (24 blocks):
  c_attn ranks:       [512, 512, 512, 512, 512, 512, 512, 512, 512, 512, 512, 512, 512, 512, 512, 512, 512, 512, 512, 512, 512, 512, 512, 512]
  c_attn scales:      ['1.00', '1.00', '1.00', '1.00', '1.00', '1.00', '1.00', '1.00', '1.00', '1.00', '1.00', '1.00', '1.00', '1.00', '1.00', '1.00', '1.00', '1.00', '1.00', '1.00', '1.00', '1.00', '1.00', '1.00']
  mlp.c_fc ranks:     [512, 512, 512, 512, 512, 512, 512, 512, 512, 512, 512, 512, 512, 512, 512, 512, 512, 512, 512, 512, 512, 512, 512, 512]
  mlp.c_fc scales:    ['1.00', '1.00', '1.00', '1.00', '1.00', '1.00', '1.00', '1.00', '1.00', '1.00', '1.00', '1.00', '1.00', '1.00', '1.00', '1.00', '1.00', '1.00', '1.00', '1.00', '1.00', '1.00', '1.00', '1.00']
Grassmann Muon parameters: 168 weight matrices, 176,160,768 params
AdamW optimizer groups:
  Gates:      120 tensors, 1,277,952 params, lr=1.20e-03, wd=0.1
  Projections: 48 tensors, 125,829,120 params, lr=6.00e-04, wd=0.1
  Embeddings: 2 tensors, 52,559,872 params, lr=3.00e-04, wd=0.0
  No decay:   49 tensors, 50,176 params, lr=6.00e-04, wd=0.0
  transformer.h.0.attn.c_attn.blocks.0.weight: k=1, G_{1.0,0.0,512}, lr=0.008, scale=1.0, type=None
  transformer.h.0.attn.c_attn.blocks.1.weight: k=1, G_{1.0,0.0,512}, lr=0.008, scale=1.0, type=None
  transformer.h.0.attn.c_attn.blocks.2.weight: k=1, G_{1.0,0.0,512}, lr=0.008, scale=1.0, type=None
  transformer.h.0.mlp.c_fc.blocks.0.weight: k=1, G_{1.0,0.0,512}, lr=0.008, scale=1.0, type=None
  transformer.h.0.mlp.c_fc.blocks.1.weight: k=1, G_{1.0,0.0,512}, lr=0.008, scale=1.0, type=None
  transformer.h.0.mlp.c_fc.blocks.2.weight: k=1, G_{1.0,0.0,512}, lr=0.008, scale=1.0, type=None
  transformer.h.0.mlp.c_fc.blocks.3.weight: k=1, G_{1.0,0.0,512}, lr=0.008, scale=1.0, type=None
  transformer.h.1.attn.c_attn.blocks.0.weight: k=1, G_{1.0,0.0,512}, lr=0.008, scale=1.0, type=None
  transformer.h.1.attn.c_attn.blocks.1.weight: k=1, G_{1.0,0.0,512}, lr=0.008, scale=1.0, type=None
  transformer.h.1.attn.c_attn.blocks.2.weight: k=1, G_{1.0,0.0,512}, lr=0.008, scale=1.0, type=None
  transformer.h.1.mlp.c_fc.blocks.0.weight: k=1, G_{1.0,0.0,512}, lr=0.008, scale=1.0, type=None
  transformer.h.1.mlp.c_fc.blocks.1.weight: k=1, G_{1.0,0.0,512}, lr=0.008, scale=1.0, type=None
  transformer.h.1.mlp.c_fc.blocks.2.weight: k=1, G_{1.0,0.0,512}, lr=0.008, scale=1.0, type=None
  transformer.h.1.mlp.c_fc.blocks.3.weight: k=1, G_{1.0,0.0,512}, lr=0.008, scale=1.0, type=None
  transformer.h.2.attn.c_attn.blocks.0.weight: k=1, G_{1.0,0.0,512}, lr=0.008, scale=1.0, type=None
  transformer.h.2.attn.c_attn.blocks.1.weight: k=1, G_{1.0,0.0,512}, lr=0.008, scale=1.0, type=None
  transformer.h.2.attn.c_attn.blocks.2.weight: k=1, G_{1.0,0.0,512}, lr=0.008, scale=1.0, type=None
  transformer.h.2.mlp.c_fc.blocks.0.weight: k=1, G_{1.0,0.0,512}, lr=0.008, scale=1.0, type=None
  transformer.h.2.mlp.c_fc.blocks.1.weight: k=1, G_{1.0,0.0,512}, lr=0.008, scale=1.0, type=None
  transformer.h.2.mlp.c_fc.blocks.2.weight: k=1, G_{1.0,0.0,512}, lr=0.008, scale=1.0, type=None
  transformer.h.2.mlp.c_fc.blocks.3.weight: k=1, G_{1.0,0.0,512}, lr=0.008, scale=1.0, type=None
  transformer.h.3.attn.c_attn.blocks.0.weight: k=1, G_{1.0,0.0,512}, lr=0.008, scale=1.0, type=None
  transformer.h.3.attn.c_attn.blocks.1.weight: k=1, G_{1.0,0.0,512}, lr=0.008, scale=1.0, type=None
  transformer.h.3.attn.c_attn.blocks.2.weight: k=1, G_{1.0,0.0,512}, lr=0.008, scale=1.0, type=None
  transformer.h.3.mlp.c_fc.blocks.0.weight: k=1, G_{1.0,0.0,512}, lr=0.008, scale=1.0, type=None
  transformer.h.3.mlp.c_fc.blocks.1.weight: k=1, G_{1.0,0.0,512}, lr=0.008, scale=1.0, type=None
  transformer.h.3.mlp.c_fc.blocks.2.weight: k=1, G_{1.0,0.0,512}, lr=0.008, scale=1.0, type=None
  transformer.h.3.mlp.c_fc.blocks.3.weight: k=1, G_{1.0,0.0,512}, lr=0.008, scale=1.0, type=None
  transformer.h.4.attn.c_attn.blocks.0.weight: k=1, G_{1.0,0.0,512}, lr=0.008, scale=1.0, type=None
  transformer.h.4.attn.c_attn.blocks.1.weight: k=1, G_{1.0,0.0,512}, lr=0.008, scale=1.0, type=None
  transformer.h.4.attn.c_attn.blocks.2.weight: k=1, G_{1.0,0.0,512}, lr=0.008, scale=1.0, type=None
  transformer.h.4.mlp.c_fc.blocks.0.weight: k=1, G_{1.0,0.0,512}, lr=0.008, scale=1.0, type=None
  transformer.h.4.mlp.c_fc.blocks.1.weight: k=1, G_{1.0,0.0,512}, lr=0.008, scale=1.0, type=None
  transformer.h.4.mlp.c_fc.blocks.2.weight: k=1, G_{1.0,0.0,512}, lr=0.008, scale=1.0, type=None
  transformer.h.4.mlp.c_fc.blocks.3.weight: k=1, G_{1.0,0.0,512}, lr=0.008, scale=1.0, type=None
  transformer.h.5.attn.c_attn.blocks.0.weight: k=1, G_{1.0,0.0,512}, lr=0.008, scale=1.0, type=None
  transformer.h.5.attn.c_attn.blocks.1.weight: k=1, G_{1.0,0.0,512}, lr=0.008, scale=1.0, type=None
  transformer.h.5.attn.c_attn.blocks.2.weight: k=1, G_{1.0,0.0,512}, lr=0.008, scale=1.0, type=None
  transformer.h.5.mlp.c_fc.blocks.0.weight: k=1, G_{1.0,0.0,512}, lr=0.008, scale=1.0, type=None
  transformer.h.5.mlp.c_fc.blocks.1.weight: k=1, G_{1.0,0.0,512}, lr=0.008, scale=1.0, type=None
  transformer.h.5.mlp.c_fc.blocks.2.weight: k=1, G_{1.0,0.0,512}, lr=0.008, scale=1.0, type=None
  transformer.h.5.mlp.c_fc.blocks.3.weight: k=1, G_{1.0,0.0,512}, lr=0.008, scale=1.0, type=None
  transformer.h.6.attn.c_attn.blocks.0.weight: k=1, G_{1.0,0.0,512}, lr=0.008, scale=1.0, type=None
  transformer.h.6.attn.c_attn.blocks.1.weight: k=1, G_{1.0,0.0,512}, lr=0.008, scale=1.0, type=None
  transformer.h.6.attn.c_attn.blocks.2.weight: k=1, G_{1.0,0.0,512}, lr=0.008, scale=1.0, type=None
  transformer.h.6.mlp.c_fc.blocks.0.weight: k=1, G_{1.0,0.0,512}, lr=0.008, scale=1.0, type=None
  transformer.h.6.mlp.c_fc.blocks.1.weight: k=1, G_{1.0,0.0,512}, lr=0.008, scale=1.0, type=None
  transformer.h.6.mlp.c_fc.blocks.2.weight: k=1, G_{1.0,0.0,512}, lr=0.008, scale=1.0, type=None
  transformer.h.6.mlp.c_fc.blocks.3.weight: k=1, G_{1.0,0.0,512}, lr=0.008, scale=1.0, type=None
  transformer.h.7.attn.c_attn.blocks.0.weight: k=1, G_{1.0,0.0,512}, lr=0.008, scale=1.0, type=None
  transformer.h.7.attn.c_attn.blocks.1.weight: k=1, G_{1.0,0.0,512}, lr=0.008, scale=1.0, type=None
  transformer.h.7.attn.c_attn.blocks.2.weight: k=1, G_{1.0,0.0,512}, lr=0.008, scale=1.0, type=None
  transformer.h.7.mlp.c_fc.blocks.0.weight: k=1, G_{1.0,0.0,512}, lr=0.008, scale=1.0, type=None
  transformer.h.7.mlp.c_fc.blocks.1.weight: k=1, G_{1.0,0.0,512}, lr=0.008, scale=1.0, type=None
  transformer.h.7.mlp.c_fc.blocks.2.weight: k=1, G_{1.0,0.0,512}, lr=0.008, scale=1.0, type=None
  transformer.h.7.mlp.c_fc.blocks.3.weight: k=1, G_{1.0,0.0,512}, lr=0.008, scale=1.0, type=None
  transformer.h.8.attn.c_attn.blocks.0.weight: k=1, G_{1.0,0.0,512}, lr=0.008, scale=1.0, type=None
  transformer.h.8.attn.c_attn.blocks.1.weight: k=1, G_{1.0,0.0,512}, lr=0.008, scale=1.0, type=None
  transformer.h.8.attn.c_attn.blocks.2.weight: k=1, G_{1.0,0.0,512}, lr=0.008, scale=1.0, type=None
  transformer.h.8.mlp.c_fc.blocks.0.weight: k=1, G_{1.0,0.0,512}, lr=0.008, scale=1.0, type=None
  transformer.h.8.mlp.c_fc.blocks.1.weight: k=1, G_{1.0,0.0,512}, lr=0.008, scale=1.0, type=None
  transformer.h.8.mlp.c_fc.blocks.2.weight: k=1, G_{1.0,0.0,512}, lr=0.008, scale=1.0, type=None
  transformer.h.8.mlp.c_fc.blocks.3.weight: k=1, G_{1.0,0.0,512}, lr=0.008, scale=1.0, type=None
  transformer.h.9.attn.c_attn.blocks.0.weight: k=1, G_{1.0,0.0,512}, lr=0.008, scale=1.0, type=None
  transformer.h.9.attn.c_attn.blocks.1.weight: k=1, G_{1.0,0.0,512}, lr=0.008, scale=1.0, type=None
  transformer.h.9.attn.c_attn.blocks.2.weight: k=1, G_{1.0,0.0,512}, lr=0.008, scale=1.0, type=None
  transformer.h.9.mlp.c_fc.blocks.0.weight: k=1, G_{1.0,0.0,512}, lr=0.008, scale=1.0, type=None
  transformer.h.9.mlp.c_fc.blocks.1.weight: k=1, G_{1.0,0.0,512}, lr=0.008, scale=1.0, type=None
  transformer.h.9.mlp.c_fc.blocks.2.weight: k=1, G_{1.0,0.0,512}, lr=0.008, scale=1.0, type=None
  transformer.h.9.mlp.c_fc.blocks.3.weight: k=1, G_{1.0,0.0,512}, lr=0.008, scale=1.0, type=None
  transformer.h.10.attn.c_attn.blocks.0.weight: k=1, G_{1.0,0.0,512}, lr=0.008, scale=1.0, type=None
  transformer.h.10.attn.c_attn.blocks.1.weight: k=1, G_{1.0,0.0,512}, lr=0.008, scale=1.0, type=None
  transformer.h.10.attn.c_attn.blocks.2.weight: k=1, G_{1.0,0.0,512}, lr=0.008, scale=1.0, type=None
  transformer.h.10.mlp.c_fc.blocks.0.weight: k=1, G_{1.0,0.0,512}, lr=0.008, scale=1.0, type=None
  transformer.h.10.mlp.c_fc.blocks.1.weight: k=1, G_{1.0,0.0,512}, lr=0.008, scale=1.0, type=None
  transformer.h.10.mlp.c_fc.blocks.2.weight: k=1, G_{1.0,0.0,512}, lr=0.008, scale=1.0, type=None
  transformer.h.10.mlp.c_fc.blocks.3.weight: k=1, G_{1.0,0.0,512}, lr=0.008, scale=1.0, type=None
  transformer.h.11.attn.c_attn.blocks.0.weight: k=1, G_{1.0,0.0,512}, lr=0.008, scale=1.0, type=None
  transformer.h.11.attn.c_attn.blocks.1.weight: k=1, G_{1.0,0.0,512}, lr=0.008, scale=1.0, type=None
  transformer.h.11.attn.c_attn.blocks.2.weight: k=1, G_{1.0,0.0,512}, lr=0.008, scale=1.0, type=None
  transformer.h.11.mlp.c_fc.blocks.0.weight: k=1, G_{1.0,0.0,512}, lr=0.008, scale=1.0, type=None
  transformer.h.11.mlp.c_fc.blocks.1.weight: k=1, G_{1.0,0.0,512}, lr=0.008, scale=1.0, type=None
  transformer.h.11.mlp.c_fc.blocks.2.weight: k=1, G_{1.0,0.0,512}, lr=0.008, scale=1.0, type=None
  transformer.h.11.mlp.c_fc.blocks.3.weight: k=1, G_{1.0,0.0,512}, lr=0.008, scale=1.0, type=None
  transformer.h.12.attn.c_attn.blocks.0.weight: k=1, G_{1.0,0.0,512}, lr=0.008, scale=1.0, type=None
  transformer.h.12.attn.c_attn.blocks.1.weight: k=1, G_{1.0,0.0,512}, lr=0.008, scale=1.0, type=None
  transformer.h.12.attn.c_attn.blocks.2.weight: k=1, G_{1.0,0.0,512}, lr=0.008, scale=1.0, type=None
  transformer.h.12.mlp.c_fc.blocks.0.weight: k=1, G_{1.0,0.0,512}, lr=0.008, scale=1.0, type=None
  transformer.h.12.mlp.c_fc.blocks.1.weight: k=1, G_{1.0,0.0,512}, lr=0.008, scale=1.0, type=None
  transformer.h.12.mlp.c_fc.blocks.2.weight: k=1, G_{1.0,0.0,512}, lr=0.008, scale=1.0, type=None
  transformer.h.12.mlp.c_fc.blocks.3.weight: k=1, G_{1.0,0.0,512}, lr=0.008, scale=1.0, type=None
  transformer.h.13.attn.c_attn.blocks.0.weight: k=1, G_{1.0,0.0,512}, lr=0.008, scale=1.0, type=None
  transformer.h.13.attn.c_attn.blocks.1.weight: k=1, G_{1.0,0.0,512}, lr=0.008, scale=1.0, type=None
  transformer.h.13.attn.c_attn.blocks.2.weight: k=1, G_{1.0,0.0,512}, lr=0.008, scale=1.0, type=None
  transformer.h.13.mlp.c_fc.blocks.0.weight: k=1, G_{1.0,0.0,512}, lr=0.008, scale=1.0, type=None
  transformer.h.13.mlp.c_fc.blocks.1.weight: k=1, G_{1.0,0.0,512}, lr=0.008, scale=1.0, type=None
  transformer.h.13.mlp.c_fc.blocks.2.weight: k=1, G_{1.0,0.0,512}, lr=0.008, scale=1.0, type=None
  transformer.h.13.mlp.c_fc.blocks.3.weight: k=1, G_{1.0,0.0,512}, lr=0.008, scale=1.0, type=None
  transformer.h.14.attn.c_attn.blocks.0.weight: k=1, G_{1.0,0.0,512}, lr=0.008, scale=1.0, type=None
  transformer.h.14.attn.c_attn.blocks.1.weight: k=1, G_{1.0,0.0,512}, lr=0.008, scale=1.0, type=None
  transformer.h.14.attn.c_attn.blocks.2.weight: k=1, G_{1.0,0.0,512}, lr=0.008, scale=1.0, type=None
  transformer.h.14.mlp.c_fc.blocks.0.weight: k=1, G_{1.0,0.0,512}, lr=0.008, scale=1.0, type=None
  transformer.h.14.mlp.c_fc.blocks.1.weight: k=1, G_{1.0,0.0,512}, lr=0.008, scale=1.0, type=None
  transformer.h.14.mlp.c_fc.blocks.2.weight: k=1, G_{1.0,0.0,512}, lr=0.008, scale=1.0, type=None
  transformer.h.14.mlp.c_fc.blocks.3.weight: k=1, G_{1.0,0.0,512}, lr=0.008, scale=1.0, type=None
  transformer.h.15.attn.c_attn.blocks.0.weight: k=1, G_{1.0,0.0,512}, lr=0.008, scale=1.0, type=None
  transformer.h.15.attn.c_attn.blocks.1.weight: k=1, G_{1.0,0.0,512}, lr=0.008, scale=1.0, type=None
  transformer.h.15.attn.c_attn.blocks.2.weight: k=1, G_{1.0,0.0,512}, lr=0.008, scale=1.0, type=None
  transformer.h.15.mlp.c_fc.blocks.0.weight: k=1, G_{1.0,0.0,512}, lr=0.008, scale=1.0, type=None
  transformer.h.15.mlp.c_fc.blocks.1.weight: k=1, G_{1.0,0.0,512}, lr=0.008, scale=1.0, type=None
  transformer.h.15.mlp.c_fc.blocks.2.weight: k=1, G_{1.0,0.0,512}, lr=0.008, scale=1.0, type=None
  transformer.h.15.mlp.c_fc.blocks.3.weight: k=1, G_{1.0,0.0,512}, lr=0.008, scale=1.0, type=None
  transformer.h.16.attn.c_attn.blocks.0.weight: k=1, G_{1.0,0.0,512}, lr=0.008, scale=1.0, type=None
  transformer.h.16.attn.c_attn.blocks.1.weight: k=1, G_{1.0,0.0,512}, lr=0.008, scale=1.0, type=None
  transformer.h.16.attn.c_attn.blocks.2.weight: k=1, G_{1.0,0.0,512}, lr=0.008, scale=1.0, type=None
  transformer.h.16.mlp.c_fc.blocks.0.weight: k=1, G_{1.0,0.0,512}, lr=0.008, scale=1.0, type=None
  transformer.h.16.mlp.c_fc.blocks.1.weight: k=1, G_{1.0,0.0,512}, lr=0.008, scale=1.0, type=None
  transformer.h.16.mlp.c_fc.blocks.2.weight: k=1, G_{1.0,0.0,512}, lr=0.008, scale=1.0, type=None
  transformer.h.16.mlp.c_fc.blocks.3.weight: k=1, G_{1.0,0.0,512}, lr=0.008, scale=1.0, type=None
  transformer.h.17.attn.c_attn.blocks.0.weight: k=1, G_{1.0,0.0,512}, lr=0.008, scale=1.0, type=None
  transformer.h.17.attn.c_attn.blocks.1.weight: k=1, G_{1.0,0.0,512}, lr=0.008, scale=1.0, type=None
  transformer.h.17.attn.c_attn.blocks.2.weight: k=1, G_{1.0,0.0,512}, lr=0.008, scale=1.0, type=None
  transformer.h.17.mlp.c_fc.blocks.0.weight: k=1, G_{1.0,0.0,512}, lr=0.008, scale=1.0, type=None
  transformer.h.17.mlp.c_fc.blocks.1.weight: k=1, G_{1.0,0.0,512}, lr=0.008, scale=1.0, type=None
  transformer.h.17.mlp.c_fc.blocks.2.weight: k=1, G_{1.0,0.0,512}, lr=0.008, scale=1.0, type=None
  transformer.h.17.mlp.c_fc.blocks.3.weight: k=1, G_{1.0,0.0,512}, lr=0.008, scale=1.0, type=None
  transformer.h.18.attn.c_attn.blocks.0.weight: k=1, G_{1.0,0.0,512}, lr=0.008, scale=1.0, type=None
  transformer.h.18.attn.c_attn.blocks.1.weight: k=1, G_{1.0,0.0,512}, lr=0.008, scale=1.0, type=None
  transformer.h.18.attn.c_attn.blocks.2.weight: k=1, G_{1.0,0.0,512}, lr=0.008, scale=1.0, type=None
  transformer.h.18.mlp.c_fc.blocks.0.weight: k=1, G_{1.0,0.0,512}, lr=0.008, scale=1.0, type=None
  transformer.h.18.mlp.c_fc.blocks.1.weight: k=1, G_{1.0,0.0,512}, lr=0.008, scale=1.0, type=None
  transformer.h.18.mlp.c_fc.blocks.2.weight: k=1, G_{1.0,0.0,512}, lr=0.008, scale=1.0, type=None
  transformer.h.18.mlp.c_fc.blocks.3.weight: k=1, G_{1.0,0.0,512}, lr=0.008, scale=1.0, type=None
  transformer.h.19.attn.c_attn.blocks.0.weight: k=1, G_{1.0,0.0,512}, lr=0.008, scale=1.0, type=None
  transformer.h.19.attn.c_attn.blocks.1.weight: k=1, G_{1.0,0.0,512}, lr=0.008, scale=1.0, type=None
  transformer.h.19.attn.c_attn.blocks.2.weight: k=1, G_{1.0,0.0,512}, lr=0.008, scale=1.0, type=None
  transformer.h.19.mlp.c_fc.blocks.0.weight: k=1, G_{1.0,0.0,512}, lr=0.008, scale=1.0, type=None
  transformer.h.19.mlp.c_fc.blocks.1.weight: k=1, G_{1.0,0.0,512}, lr=0.008, scale=1.0, type=None
  transformer.h.19.mlp.c_fc.blocks.2.weight: k=1, G_{1.0,0.0,512}, lr=0.008, scale=1.0, type=None
  transformer.h.19.mlp.c_fc.blocks.3.weight: k=1, G_{1.0,0.0,512}, lr=0.008, scale=1.0, type=None
  transformer.h.20.attn.c_attn.blocks.0.weight: k=1, G_{1.0,0.0,512}, lr=0.008, scale=1.0, type=None
  transformer.h.20.attn.c_attn.blocks.1.weight: k=1, G_{1.0,0.0,512}, lr=0.008, scale=1.0, type=None
  transformer.h.20.attn.c_attn.blocks.2.weight: k=1, G_{1.0,0.0,512}, lr=0.008, scale=1.0, type=None
  transformer.h.20.mlp.c_fc.blocks.0.weight: k=1, G_{1.0,0.0,512}, lr=0.008, scale=1.0, type=None
  transformer.h.20.mlp.c_fc.blocks.1.weight: k=1, G_{1.0,0.0,512}, lr=0.008, scale=1.0, type=None
  transformer.h.20.mlp.c_fc.blocks.2.weight: k=1, G_{1.0,0.0,512}, lr=0.008, scale=1.0, type=None
  transformer.h.20.mlp.c_fc.blocks.3.weight: k=1, G_{1.0,0.0,512}, lr=0.008, scale=1.0, type=None
  transformer.h.21.attn.c_attn.blocks.0.weight: k=1, G_{1.0,0.0,512}, lr=0.008, scale=1.0, type=None
  transformer.h.21.attn.c_attn.blocks.1.weight: k=1, G_{1.0,0.0,512}, lr=0.008, scale=1.0, type=None
  transformer.h.21.attn.c_attn.blocks.2.weight: k=1, G_{1.0,0.0,512}, lr=0.008, scale=1.0, type=None
  transformer.h.21.mlp.c_fc.blocks.0.weight: k=1, G_{1.0,0.0,512}, lr=0.008, scale=1.0, type=None
  transformer.h.21.mlp.c_fc.blocks.1.weight: k=1, G_{1.0,0.0,512}, lr=0.008, scale=1.0, type=None
  transformer.h.21.mlp.c_fc.blocks.2.weight: k=1, G_{1.0,0.0,512}, lr=0.008, scale=1.0, type=None
  transformer.h.21.mlp.c_fc.blocks.3.weight: k=1, G_{1.0,0.0,512}, lr=0.008, scale=1.0, type=None
  transformer.h.22.attn.c_attn.blocks.0.weight: k=1, G_{1.0,0.0,512}, lr=0.008, scale=1.0, type=None
  transformer.h.22.attn.c_attn.blocks.1.weight: k=1, G_{1.0,0.0,512}, lr=0.008, scale=1.0, type=None
  transformer.h.22.attn.c_attn.blocks.2.weight: k=1, G_{1.0,0.0,512}, lr=0.008, scale=1.0, type=None
  transformer.h.22.mlp.c_fc.blocks.0.weight: k=1, G_{1.0,0.0,512}, lr=0.008, scale=1.0, type=None
  transformer.h.22.mlp.c_fc.blocks.1.weight: k=1, G_{1.0,0.0,512}, lr=0.008, scale=1.0, type=None
  transformer.h.22.mlp.c_fc.blocks.2.weight: k=1, G_{1.0,0.0,512}, lr=0.008, scale=1.0, type=None
  transformer.h.22.mlp.c_fc.blocks.3.weight: k=1, G_{1.0,0.0,512}, lr=0.008, scale=1.0, type=None
  transformer.h.23.attn.c_attn.blocks.0.weight: k=1, G_{1.0,0.0,512}, lr=0.008, scale=1.0, type=None
  transformer.h.23.attn.c_attn.blocks.1.weight: k=1, G_{1.0,0.0,512}, lr=0.008, scale=1.0, type=None
  transformer.h.23.attn.c_attn.blocks.2.weight: k=1, G_{1.0,0.0,512}, lr=0.008, scale=1.0, type=None
  transformer.h.23.mlp.c_fc.blocks.0.weight: k=1, G_{1.0,0.0,512}, lr=0.008, scale=1.0, type=None
  transformer.h.23.mlp.c_fc.blocks.1.weight: k=1, G_{1.0,0.0,512}, lr=0.008, scale=1.0, type=None
  transformer.h.23.mlp.c_fc.blocks.2.weight: k=1, G_{1.0,0.0,512}, lr=0.008, scale=1.0, type=None
  transformer.h.23.mlp.c_fc.blocks.3.weight: k=1, G_{1.0,0.0,512}, lr=0.008, scale=1.0, type=None

=== Phase phase3 Grassmann Configuration ===

Per-block configuration (24 blocks):
  c_attn ranks:       [512, 512, 512, 512, 512, 512, 512, 512, 512, 512, 512, 512, 512, 512, 512, 512, 512, 512, 512, 512, 512, 512, 512, 512]
  c_attn scales:      ['1.00', '1.00', '1.00', '1.00', '1.00', '1.00', '1.00', '1.00', '1.00', '1.00', '1.00', '1.00', '1.00', '1.00', '1.00', '1.00', '1.00', '1.00', '1.00', '1.00', '1.00', '1.00', '1.00', '1.00']
  mlp.c_fc ranks:     [512, 512, 512, 512, 512, 512, 512, 512, 512, 512, 512, 512, 512, 512, 512, 512, 512, 512, 512, 512, 512, 512, 512, 512]
  mlp.c_fc scales:    ['1.00', '1.00', '1.00', '1.00', '1.00', '1.00', '1.00', '1.00', '1.00', '1.00', '1.00', '1.00', '1.00', '1.00', '1.00', '1.00', '1.00', '1.00', '1.00', '1.00', '1.00', '1.00', '1.00', '1.00']
Grassmann Muon parameters: 168 weight matrices, 176,160,768 params
AdamW optimizer groups:
  Gates:      120 tensors, 1,277,952 params, lr=1.20e-03, wd=0.1
  Projections: 48 tensors, 125,829,120 params, lr=6.00e-04, wd=0.1
  Embeddings: 2 tensors, 52,559,872 params, lr=3.00e-04, wd=0.0
  No decay:   49 tensors, 50,176 params, lr=6.00e-04, wd=0.0
  transformer.h.0.attn.c_attn.blocks.0.weight: k=1, G_{1.0,0.0,512}, lr=0.008, scale=1.0, type=None
  transformer.h.0.attn.c_attn.blocks.1.weight: k=1, G_{1.0,0.0,512}, lr=0.008, scale=1.0, type=None
  transformer.h.0.attn.c_attn.blocks.2.weight: k=1, G_{1.0,0.0,512}, lr=0.008, scale=1.0, type=None
  transformer.h.0.mlp.c_fc.blocks.0.weight: k=1, G_{1.0,0.0,512}, lr=0.008, scale=1.0, type=None
  transformer.h.0.mlp.c_fc.blocks.1.weight: k=1, G_{1.0,0.0,512}, lr=0.008, scale=1.0, type=None
  transformer.h.0.mlp.c_fc.blocks.2.weight: k=1, G_{1.0,0.0,512}, lr=0.008, scale=1.0, type=None
  transformer.h.0.mlp.c_fc.blocks.3.weight: k=1, G_{1.0,0.0,512}, lr=0.008, scale=1.0, type=None
  transformer.h.1.attn.c_attn.blocks.0.weight: k=1, G_{1.0,0.0,512}, lr=0.008, scale=1.0, type=None
  transformer.h.1.attn.c_attn.blocks.1.weight: k=1, G_{1.0,0.0,512}, lr=0.008, scale=1.0, type=None
  transformer.h.1.attn.c_attn.blocks.2.weight: k=1, G_{1.0,0.0,512}, lr=0.008, scale=1.0, type=None
  transformer.h.1.mlp.c_fc.blocks.0.weight: k=1, G_{1.0,0.0,512}, lr=0.008, scale=1.0, type=None
  transformer.h.1.mlp.c_fc.blocks.1.weight: k=1, G_{1.0,0.0,512}, lr=0.008, scale=1.0, type=None
  transformer.h.1.mlp.c_fc.blocks.2.weight: k=1, G_{1.0,0.0,512}, lr=0.008, scale=1.0, type=None
  transformer.h.1.mlp.c_fc.blocks.3.weight: k=1, G_{1.0,0.0,512}, lr=0.008, scale=1.0, type=None
  transformer.h.2.attn.c_attn.blocks.0.weight: k=1, G_{1.0,0.0,512}, lr=0.008, scale=1.0, type=None
  transformer.h.2.attn.c_attn.blocks.1.weight: k=1, G_{1.0,0.0,512}, lr=0.008, scale=1.0, type=None
  transformer.h.2.attn.c_attn.blocks.2.weight: k=1, G_{1.0,0.0,512}, lr=0.008, scale=1.0, type=None
  transformer.h.2.mlp.c_fc.blocks.0.weight: k=1, G_{1.0,0.0,512}, lr=0.008, scale=1.0, type=None
  transformer.h.2.mlp.c_fc.blocks.1.weight: k=1, G_{1.0,0.0,512}, lr=0.008, scale=1.0, type=None
  transformer.h.2.mlp.c_fc.blocks.2.weight: k=1, G_{1.0,0.0,512}, lr=0.008, scale=1.0, type=None
  transformer.h.2.mlp.c_fc.blocks.3.weight: k=1, G_{1.0,0.0,512}, lr=0.008, scale=1.0, type=None
  transformer.h.3.attn.c_attn.blocks.0.weight: k=1, G_{1.0,0.0,512}, lr=0.008, scale=1.0, type=None
  transformer.h.3.attn.c_attn.blocks.1.weight: k=1, G_{1.0,0.0,512}, lr=0.008, scale=1.0, type=None
  transformer.h.3.attn.c_attn.blocks.2.weight: k=1, G_{1.0,0.0,512}, lr=0.008, scale=1.0, type=None
  transformer.h.3.mlp.c_fc.blocks.0.weight: k=1, G_{1.0,0.0,512}, lr=0.008, scale=1.0, type=None
  transformer.h.3.mlp.c_fc.blocks.1.weight: k=1, G_{1.0,0.0,512}, lr=0.008, scale=1.0, type=None
  transformer.h.3.mlp.c_fc.blocks.2.weight: k=1, G_{1.0,0.0,512}, lr=0.008, scale=1.0, type=None
  transformer.h.3.mlp.c_fc.blocks.3.weight: k=1, G_{1.0,0.0,512}, lr=0.008, scale=1.0, type=None
  transformer.h.4.attn.c_attn.blocks.0.weight: k=1, G_{1.0,0.0,512}, lr=0.008, scale=1.0, type=None
  transformer.h.4.attn.c_attn.blocks.1.weight: k=1, G_{1.0,0.0,512}, lr=0.008, scale=1.0, type=None
  transformer.h.4.attn.c_attn.blocks.2.weight: k=1, G_{1.0,0.0,512}, lr=0.008, scale=1.0, type=None
  transformer.h.4.mlp.c_fc.blocks.0.weight: k=1, G_{1.0,0.0,512}, lr=0.008, scale=1.0, type=None
  transformer.h.4.mlp.c_fc.blocks.1.weight: k=1, G_{1.0,0.0,512}, lr=0.008, scale=1.0, type=None
  transformer.h.4.mlp.c_fc.blocks.2.weight: k=1, G_{1.0,0.0,512}, lr=0.008, scale=1.0, type=None
  transformer.h.4.mlp.c_fc.blocks.3.weight: k=1, G_{1.0,0.0,512}, lr=0.008, scale=1.0, type=None
  transformer.h.5.attn.c_attn.blocks.0.weight: k=1, G_{1.0,0.0,512}, lr=0.008, scale=1.0, type=None
  transformer.h.5.attn.c_attn.blocks.1.weight: k=1, G_{1.0,0.0,512}, lr=0.008, scale=1.0, type=None
  transformer.h.5.attn.c_attn.blocks.2.weight: k=1, G_{1.0,0.0,512}, lr=0.008, scale=1.0, type=None
  transformer.h.5.mlp.c_fc.blocks.0.weight: k=1, G_{1.0,0.0,512}, lr=0.008, scale=1.0, type=None
  transformer.h.5.mlp.c_fc.blocks.1.weight: k=1, G_{1.0,0.0,512}, lr=0.008, scale=1.0, type=None
  transformer.h.5.mlp.c_fc.blocks.2.weight: k=1, G_{1.0,0.0,512}, lr=0.008, scale=1.0, type=None
  transformer.h.5.mlp.c_fc.blocks.3.weight: k=1, G_{1.0,0.0,512}, lr=0.008, scale=1.0, type=None
  transformer.h.6.attn.c_attn.blocks.0.weight: k=1, G_{1.0,0.0,512}, lr=0.008, scale=1.0, type=None
  transformer.h.6.attn.c_attn.blocks.1.weight: k=1, G_{1.0,0.0,512}, lr=0.008, scale=1.0, type=None
  transformer.h.6.attn.c_attn.blocks.2.weight: k=1, G_{1.0,0.0,512}, lr=0.008, scale=1.0, type=None
  transformer.h.6.mlp.c_fc.blocks.0.weight: k=1, G_{1.0,0.0,512}, lr=0.008, scale=1.0, type=None
  transformer.h.6.mlp.c_fc.blocks.1.weight: k=1, G_{1.0,0.0,512}, lr=0.008, scale=1.0, type=None
  transformer.h.6.mlp.c_fc.blocks.2.weight: k=1, G_{1.0,0.0,512}, lr=0.008, scale=1.0, type=None
  transformer.h.6.mlp.c_fc.blocks.3.weight: k=1, G_{1.0,0.0,512}, lr=0.008, scale=1.0, type=None
  transformer.h.7.attn.c_attn.blocks.0.weight: k=1, G_{1.0,0.0,512}, lr=0.008, scale=1.0, type=None
  transformer.h.7.attn.c_attn.blocks.1.weight: k=1, G_{1.0,0.0,512}, lr=0.008, scale=1.0, type=None
  transformer.h.7.attn.c_attn.blocks.2.weight: k=1, G_{1.0,0.0,512}, lr=0.008, scale=1.0, type=None
  transformer.h.7.mlp.c_fc.blocks.0.weight: k=1, G_{1.0,0.0,512}, lr=0.008, scale=1.0, type=None
  transformer.h.7.mlp.c_fc.blocks.1.weight: k=1, G_{1.0,0.0,512}, lr=0.008, scale=1.0, type=None
  transformer.h.7.mlp.c_fc.blocks.2.weight: k=1, G_{1.0,0.0,512}, lr=0.008, scale=1.0, type=None
  transformer.h.7.mlp.c_fc.blocks.3.weight: k=1, G_{1.0,0.0,512}, lr=0.008, scale=1.0, type=None
  transformer.h.8.attn.c_attn.blocks.0.weight: k=1, G_{1.0,0.0,512}, lr=0.008, scale=1.0, type=None
  transformer.h.8.attn.c_attn.blocks.1.weight: k=1, G_{1.0,0.0,512}, lr=0.008, scale=1.0, type=None
  transformer.h.8.attn.c_attn.blocks.2.weight: k=1, G_{1.0,0.0,512}, lr=0.008, scale=1.0, type=None
  transformer.h.8.mlp.c_fc.blocks.0.weight: k=1, G_{1.0,0.0,512}, lr=0.008, scale=1.0, type=None
  transformer.h.8.mlp.c_fc.blocks.1.weight: k=1, G_{1.0,0.0,512}, lr=0.008, scale=1.0, type=None
  transformer.h.8.mlp.c_fc.blocks.2.weight: k=1, G_{1.0,0.0,512}, lr=0.008, scale=1.0, type=None
  transformer.h.8.mlp.c_fc.blocks.3.weight: k=1, G_{1.0,0.0,512}, lr=0.008, scale=1.0, type=None
  transformer.h.9.attn.c_attn.blocks.0.weight: k=1, G_{1.0,0.0,512}, lr=0.008, scale=1.0, type=None
  transformer.h.9.attn.c_attn.blocks.1.weight: k=1, G_{1.0,0.0,512}, lr=0.008, scale=1.0, type=None
  transformer.h.9.attn.c_attn.blocks.2.weight: k=1, G_{1.0,0.0,512}, lr=0.008, scale=1.0, type=None
  transformer.h.9.mlp.c_fc.blocks.0.weight: k=1, G_{1.0,0.0,512}, lr=0.008, scale=1.0, type=None
  transformer.h.9.mlp.c_fc.blocks.1.weight: k=1, G_{1.0,0.0,512}, lr=0.008, scale=1.0, type=None
  transformer.h.9.mlp.c_fc.blocks.2.weight: k=1, G_{1.0,0.0,512}, lr=0.008, scale=1.0, type=None
  transformer.h.9.mlp.c_fc.blocks.3.weight: k=1, G_{1.0,0.0,512}, lr=0.008, scale=1.0, type=None
  transformer.h.10.attn.c_attn.blocks.0.weight: k=1, G_{1.0,0.0,512}, lr=0.008, scale=1.0, type=None
  transformer.h.10.attn.c_attn.blocks.1.weight: k=1, G_{1.0,0.0,512}, lr=0.008, scale=1.0, type=None
  transformer.h.10.attn.c_attn.blocks.2.weight: k=1, G_{1.0,0.0,512}, lr=0.008, scale=1.0, type=None
  transformer.h.10.mlp.c_fc.blocks.0.weight: k=1, G_{1.0,0.0,512}, lr=0.008, scale=1.0, type=None
  transformer.h.10.mlp.c_fc.blocks.1.weight: k=1, G_{1.0,0.0,512}, lr=0.008, scale=1.0, type=None
  transformer.h.10.mlp.c_fc.blocks.2.weight: k=1, G_{1.0,0.0,512}, lr=0.008, scale=1.0, type=None
  transformer.h.10.mlp.c_fc.blocks.3.weight: k=1, G_{1.0,0.0,512}, lr=0.008, scale=1.0, type=None
  transformer.h.11.attn.c_attn.blocks.0.weight: k=1, G_{1.0,0.0,512}, lr=0.008, scale=1.0, type=None
  transformer.h.11.attn.c_attn.blocks.1.weight: k=1, G_{1.0,0.0,512}, lr=0.008, scale=1.0, type=None
  transformer.h.11.attn.c_attn.blocks.2.weight: k=1, G_{1.0,0.0,512}, lr=0.008, scale=1.0, type=None
  transformer.h.11.mlp.c_fc.blocks.0.weight: k=1, G_{1.0,0.0,512}, lr=0.008, scale=1.0, type=None
  transformer.h.11.mlp.c_fc.blocks.1.weight: k=1, G_{1.0,0.0,512}, lr=0.008, scale=1.0, type=None
  transformer.h.11.mlp.c_fc.blocks.2.weight: k=1, G_{1.0,0.0,512}, lr=0.008, scale=1.0, type=None
  transformer.h.11.mlp.c_fc.blocks.3.weight: k=1, G_{1.0,0.0,512}, lr=0.008, scale=1.0, type=None
  transformer.h.12.attn.c_attn.blocks.0.weight: k=1, G_{1.0,0.0,512}, lr=0.008, scale=1.0, type=None
  transformer.h.12.attn.c_attn.blocks.1.weight: k=1, G_{1.0,0.0,512}, lr=0.008, scale=1.0, type=None
  transformer.h.12.attn.c_attn.blocks.2.weight: k=1, G_{1.0,0.0,512}, lr=0.008, scale=1.0, type=None
  transformer.h.12.mlp.c_fc.blocks.0.weight: k=1, G_{1.0,0.0,512}, lr=0.008, scale=1.0, type=None
  transformer.h.12.mlp.c_fc.blocks.1.weight: k=1, G_{1.0,0.0,512}, lr=0.008, scale=1.0, type=None
  transformer.h.12.mlp.c_fc.blocks.2.weight: k=1, G_{1.0,0.0,512}, lr=0.008, scale=1.0, type=None
  transformer.h.12.mlp.c_fc.blocks.3.weight: k=1, G_{1.0,0.0,512}, lr=0.008, scale=1.0, type=None
  transformer.h.13.attn.c_attn.blocks.0.weight: k=1, G_{1.0,0.0,512}, lr=0.008, scale=1.0, type=None
  transformer.h.13.attn.c_attn.blocks.1.weight: k=1, G_{1.0,0.0,512}, lr=0.008, scale=1.0, type=None
  transformer.h.13.attn.c_attn.blocks.2.weight: k=1, G_{1.0,0.0,512}, lr=0.008, scale=1.0, type=None
  transformer.h.13.mlp.c_fc.blocks.0.weight: k=1, G_{1.0,0.0,512}, lr=0.008, scale=1.0, type=None
  transformer.h.13.mlp.c_fc.blocks.1.weight: k=1, G_{1.0,0.0,512}, lr=0.008, scale=1.0, type=None
  transformer.h.13.mlp.c_fc.blocks.2.weight: k=1, G_{1.0,0.0,512}, lr=0.008, scale=1.0, type=None
  transformer.h.13.mlp.c_fc.blocks.3.weight: k=1, G_{1.0,0.0,512}, lr=0.008, scale=1.0, type=None
  transformer.h.14.attn.c_attn.blocks.0.weight: k=1, G_{1.0,0.0,512}, lr=0.008, scale=1.0, type=None
  transformer.h.14.attn.c_attn.blocks.1.weight: k=1, G_{1.0,0.0,512}, lr=0.008, scale=1.0, type=None
  transformer.h.14.attn.c_attn.blocks.2.weight: k=1, G_{1.0,0.0,512}, lr=0.008, scale=1.0, type=None
  transformer.h.14.mlp.c_fc.blocks.0.weight: k=1, G_{1.0,0.0,512}, lr=0.008, scale=1.0, type=None
  transformer.h.14.mlp.c_fc.blocks.1.weight: k=1, G_{1.0,0.0,512}, lr=0.008, scale=1.0, type=None
  transformer.h.14.mlp.c_fc.blocks.2.weight: k=1, G_{1.0,0.0,512}, lr=0.008, scale=1.0, type=None
  transformer.h.14.mlp.c_fc.blocks.3.weight: k=1, G_{1.0,0.0,512}, lr=0.008, scale=1.0, type=None
  transformer.h.15.attn.c_attn.blocks.0.weight: k=1, G_{1.0,0.0,512}, lr=0.008, scale=1.0, type=None
  transformer.h.15.attn.c_attn.blocks.1.weight: k=1, G_{1.0,0.0,512}, lr=0.008, scale=1.0, type=None
  transformer.h.15.attn.c_attn.blocks.2.weight: k=1, G_{1.0,0.0,512}, lr=0.008, scale=1.0, type=None
  transformer.h.15.mlp.c_fc.blocks.0.weight: k=1, G_{1.0,0.0,512}, lr=0.008, scale=1.0, type=None
  transformer.h.15.mlp.c_fc.blocks.1.weight: k=1, G_{1.0,0.0,512}, lr=0.008, scale=1.0, type=None
  transformer.h.15.mlp.c_fc.blocks.2.weight: k=1, G_{1.0,0.0,512}, lr=0.008, scale=1.0, type=None
  transformer.h.15.mlp.c_fc.blocks.3.weight: k=1, G_{1.0,0.0,512}, lr=0.008, scale=1.0, type=None
  transformer.h.16.attn.c_attn.blocks.0.weight: k=1, G_{1.0,0.0,512}, lr=0.008, scale=1.0, type=None
  transformer.h.16.attn.c_attn.blocks.1.weight: k=1, G_{1.0,0.0,512}, lr=0.008, scale=1.0, type=None
  transformer.h.16.attn.c_attn.blocks.2.weight: k=1, G_{1.0,0.0,512}, lr=0.008, scale=1.0, type=None
  transformer.h.16.mlp.c_fc.blocks.0.weight: k=1, G_{1.0,0.0,512}, lr=0.008, scale=1.0, type=None
  transformer.h.16.mlp.c_fc.blocks.1.weight: k=1, G_{1.0,0.0,512}, lr=0.008, scale=1.0, type=None
  transformer.h.16.mlp.c_fc.blocks.2.weight: k=1, G_{1.0,0.0,512}, lr=0.008, scale=1.0, type=None
  transformer.h.16.mlp.c_fc.blocks.3.weight: k=1, G_{1.0,0.0,512}, lr=0.008, scale=1.0, type=None
  transformer.h.17.attn.c_attn.blocks.0.weight: k=1, G_{1.0,0.0,512}, lr=0.008, scale=1.0, type=None
  transformer.h.17.attn.c_attn.blocks.1.weight: k=1, G_{1.0,0.0,512}, lr=0.008, scale=1.0, type=None
  transformer.h.17.attn.c_attn.blocks.2.weight: k=1, G_{1.0,0.0,512}, lr=0.008, scale=1.0, type=None
  transformer.h.17.mlp.c_fc.blocks.0.weight: k=1, G_{1.0,0.0,512}, lr=0.008, scale=1.0, type=None
  transformer.h.17.mlp.c_fc.blocks.1.weight: k=1, G_{1.0,0.0,512}, lr=0.008, scale=1.0, type=None
  transformer.h.17.mlp.c_fc.blocks.2.weight: k=1, G_{1.0,0.0,512}, lr=0.008, scale=1.0, type=None
  transformer.h.17.mlp.c_fc.blocks.3.weight: k=1, G_{1.0,0.0,512}, lr=0.008, scale=1.0, type=None
  transformer.h.18.attn.c_attn.blocks.0.weight: k=1, G_{1.0,0.0,512}, lr=0.008, scale=1.0, type=None
  transformer.h.18.attn.c_attn.blocks.1.weight: k=1, G_{1.0,0.0,512}, lr=0.008, scale=1.0, type=None
  transformer.h.18.attn.c_attn.blocks.2.weight: k=1, G_{1.0,0.0,512}, lr=0.008, scale=1.0, type=None
  transformer.h.18.mlp.c_fc.blocks.0.weight: k=1, G_{1.0,0.0,512}, lr=0.008, scale=1.0, type=None
  transformer.h.18.mlp.c_fc.blocks.1.weight: k=1, G_{1.0,0.0,512}, lr=0.008, scale=1.0, type=None
  transformer.h.18.mlp.c_fc.blocks.2.weight: k=1, G_{1.0,0.0,512}, lr=0.008, scale=1.0, type=None
  transformer.h.18.mlp.c_fc.blocks.3.weight: k=1, G_{1.0,0.0,512}, lr=0.008, scale=1.0, type=None
  transformer.h.19.attn.c_attn.blocks.0.weight: k=1, G_{1.0,0.0,512}, lr=0.008, scale=1.0, type=None
  transformer.h.19.attn.c_attn.blocks.1.weight: k=1, G_{1.0,0.0,512}, lr=0.008, scale=1.0, type=None
  transformer.h.19.attn.c_attn.blocks.2.weight: k=1, G_{1.0,0.0,512}, lr=0.008, scale=1.0, type=None
  transformer.h.19.mlp.c_fc.blocks.0.weight: k=1, G_{1.0,0.0,512}, lr=0.008, scale=1.0, type=None
  transformer.h.19.mlp.c_fc.blocks.1.weight: k=1, G_{1.0,0.0,512}, lr=0.008, scale=1.0, type=None
  transformer.h.19.mlp.c_fc.blocks.2.weight: k=1, G_{1.0,0.0,512}, lr=0.008, scale=1.0, type=None
  transformer.h.19.mlp.c_fc.blocks.3.weight: k=1, G_{1.0,0.0,512}, lr=0.008, scale=1.0, type=None
  transformer.h.20.attn.c_attn.blocks.0.weight: k=1, G_{1.0,0.0,512}, lr=0.008, scale=1.0, type=None
  transformer.h.20.attn.c_attn.blocks.1.weight: k=1, G_{1.0,0.0,512}, lr=0.008, scale=1.0, type=None
  transformer.h.20.attn.c_attn.blocks.2.weight: k=1, G_{1.0,0.0,512}, lr=0.008, scale=1.0, type=None
  transformer.h.20.mlp.c_fc.blocks.0.weight: k=1, G_{1.0,0.0,512}, lr=0.008, scale=1.0, type=None
  transformer.h.20.mlp.c_fc.blocks.1.weight: k=1, G_{1.0,0.0,512}, lr=0.008, scale=1.0, type=None
  transformer.h.20.mlp.c_fc.blocks.2.weight: k=1, G_{1.0,0.0,512}, lr=0.008, scale=1.0, type=None
  transformer.h.20.mlp.c_fc.blocks.3.weight: k=1, G_{1.0,0.0,512}, lr=0.008, scale=1.0, type=None
  transformer.h.21.attn.c_attn.blocks.0.weight: k=1, G_{1.0,0.0,512}, lr=0.008, scale=1.0, type=None
  transformer.h.21.attn.c_attn.blocks.1.weight: k=1, G_{1.0,0.0,512}, lr=0.008, scale=1.0, type=None
  transformer.h.21.attn.c_attn.blocks.2.weight: k=1, G_{1.0,0.0,512}, lr=0.008, scale=1.0, type=None
  transformer.h.21.mlp.c_fc.blocks.0.weight: k=1, G_{1.0,0.0,512}, lr=0.008, scale=1.0, type=None
  transformer.h.21.mlp.c_fc.blocks.1.weight: k=1, G_{1.0,0.0,512}, lr=0.008, scale=1.0, type=None
  transformer.h.21.mlp.c_fc.blocks.2.weight: k=1, G_{1.0,0.0,512}, lr=0.008, scale=1.0, type=None
  transformer.h.21.mlp.c_fc.blocks.3.weight: k=1, G_{1.0,0.0,512}, lr=0.008, scale=1.0, type=None
  transformer.h.22.attn.c_attn.blocks.0.weight: k=1, G_{1.0,0.0,512}, lr=0.008, scale=1.0, type=None
  transformer.h.22.attn.c_attn.blocks.1.weight: k=1, G_{1.0,0.0,512}, lr=0.008, scale=1.0, type=None
  transformer.h.22.attn.c_attn.blocks.2.weight: k=1, G_{1.0,0.0,512}, lr=0.008, scale=1.0, type=None
  transformer.h.22.mlp.c_fc.blocks.0.weight: k=1, G_{1.0,0.0,512}, lr=0.008, scale=1.0, type=None
  transformer.h.22.mlp.c_fc.blocks.1.weight: k=1, G_{1.0,0.0,512}, lr=0.008, scale=1.0, type=None
  transformer.h.22.mlp.c_fc.blocks.2.weight: k=1, G_{1.0,0.0,512}, lr=0.008, scale=1.0, type=None
  transformer.h.22.mlp.c_fc.blocks.3.weight: k=1, G_{1.0,0.0,512}, lr=0.008, scale=1.0, type=None
  transformer.h.23.attn.c_attn.blocks.0.weight: k=1, G_{1.0,0.0,512}, lr=0.008, scale=1.0, type=None
  transformer.h.23.attn.c_attn.blocks.1.weight: k=1, G_{1.0,0.0,512}, lr=0.008, scale=1.0, type=None
  transformer.h.23.attn.c_attn.blocks.2.weight: k=1, G_{1.0,0.0,512}, lr=0.008, scale=1.0, type=None
  transformer.h.23.mlp.c_fc.blocks.0.weight: k=1, G_{1.0,0.0,512}, lr=0.008, scale=1.0, type=None
  transformer.h.23.mlp.c_fc.blocks.1.weight: k=1, G_{1.0,0.0,512}, lr=0.008, scale=1.0, type=None
  transformer.h.23.mlp.c_fc.blocks.2.weight: k=1, G_{1.0,0.0,512}, lr=0.008, scale=1.0, type=None
  transformer.h.23.mlp.c_fc.blocks.3.weight: k=1, G_{1.0,0.0,512}, lr=0.008, scale=1.0, type=None

=== Phase phase3 Grassmann Configuration ===

Per-block configuration (24 blocks):
  c_attn ranks:       [512, 512, 512, 512, 512, 512, 512, 512, 512, 512, 512, 512, 512, 512, 512, 512, 512, 512, 512, 512, 512, 512, 512, 512]
  c_attn scales:      ['1.00', '1.00', '1.00', '1.00', '1.00', '1.00', '1.00', '1.00', '1.00', '1.00', '1.00', '1.00', '1.00', '1.00', '1.00', '1.00', '1.00', '1.00', '1.00', '1.00', '1.00', '1.00', '1.00', '1.00']
  mlp.c_fc ranks:     [512, 512, 512, 512, 512, 512, 512, 512, 512, 512, 512, 512, 512, 512, 512, 512, 512, 512, 512, 512, 512, 512, 512, 512]
  mlp.c_fc scales:    ['1.00', '1.00', '1.00', '1.00', '1.00', '1.00', '1.00', '1.00', '1.00', '1.00', '1.00', '1.00', '1.00', '1.00', '1.00', '1.00', '1.00', '1.00', '1.00', '1.00', '1.00', '1.00', '1.00', '1.00']
Grassmann Muon parameters: 168 weight matrices, 176,160,768 params
AdamW optimizer groups:
  Gates:      120 tensors, 1,277,952 params, lr=1.20e-03, wd=0.1
  Projections: 48 tensors, 125,829,120 params, lr=6.00e-04, wd=0.1
  Embeddings: 2 tensors, 52,559,872 params, lr=3.00e-04, wd=0.0
  No decay:   49 tensors, 50,176 params, lr=6.00e-04, wd=0.0
  transformer.h.0.attn.c_attn.blocks.0.weight: k=1, G_{1.0,0.0,512}, lr=0.008, scale=1.0, type=None
  transformer.h.0.attn.c_attn.blocks.1.weight: k=1, G_{1.0,0.0,512}, lr=0.008, scale=1.0, type=None
  transformer.h.0.attn.c_attn.blocks.2.weight: k=1, G_{1.0,0.0,512}, lr=0.008, scale=1.0, type=None
  transformer.h.0.mlp.c_fc.blocks.0.weight: k=1, G_{1.0,0.0,512}, lr=0.008, scale=1.0, type=None
  transformer.h.0.mlp.c_fc.blocks.1.weight: k=1, G_{1.0,0.0,512}, lr=0.008, scale=1.0, type=None
  transformer.h.0.mlp.c_fc.blocks.2.weight: k=1, G_{1.0,0.0,512}, lr=0.008, scale=1.0, type=None
  transformer.h.0.mlp.c_fc.blocks.3.weight: k=1, G_{1.0,0.0,512}, lr=0.008, scale=1.0, type=None
  transformer.h.1.attn.c_attn.blocks.0.weight: k=1, G_{1.0,0.0,512}, lr=0.008, scale=1.0, type=None
  transformer.h.1.attn.c_attn.blocks.1.weight: k=1, G_{1.0,0.0,512}, lr=0.008, scale=1.0, type=None
  transformer.h.1.attn.c_attn.blocks.2.weight: k=1, G_{1.0,0.0,512}, lr=0.008, scale=1.0, type=None
  transformer.h.1.mlp.c_fc.blocks.0.weight: k=1, G_{1.0,0.0,512}, lr=0.008, scale=1.0, type=None
  transformer.h.1.mlp.c_fc.blocks.1.weight: k=1, G_{1.0,0.0,512}, lr=0.008, scale=1.0, type=None
  transformer.h.1.mlp.c_fc.blocks.2.weight: k=1, G_{1.0,0.0,512}, lr=0.008, scale=1.0, type=None
  transformer.h.1.mlp.c_fc.blocks.3.weight: k=1, G_{1.0,0.0,512}, lr=0.008, scale=1.0, type=None
  transformer.h.2.attn.c_attn.blocks.0.weight: k=1, G_{1.0,0.0,512}, lr=0.008, scale=1.0, type=None
  transformer.h.2.attn.c_attn.blocks.1.weight: k=1, G_{1.0,0.0,512}, lr=0.008, scale=1.0, type=None
  transformer.h.2.attn.c_attn.blocks.2.weight: k=1, G_{1.0,0.0,512}, lr=0.008, scale=1.0, type=None
  transformer.h.2.mlp.c_fc.blocks.0.weight: k=1, G_{1.0,0.0,512}, lr=0.008, scale=1.0, type=None
  transformer.h.2.mlp.c_fc.blocks.1.weight: k=1, G_{1.0,0.0,512}, lr=0.008, scale=1.0, type=None
  transformer.h.2.mlp.c_fc.blocks.2.weight: k=1, G_{1.0,0.0,512}, lr=0.008, scale=1.0, type=None
  transformer.h.2.mlp.c_fc.blocks.3.weight: k=1, G_{1.0,0.0,512}, lr=0.008, scale=1.0, type=None
  transformer.h.3.attn.c_attn.blocks.0.weight: k=1, G_{1.0,0.0,512}, lr=0.008, scale=1.0, type=None
  transformer.h.3.attn.c_attn.blocks.1.weight: k=1, G_{1.0,0.0,512}, lr=0.008, scale=1.0, type=None
  transformer.h.3.attn.c_attn.blocks.2.weight: k=1, G_{1.0,0.0,512}, lr=0.008, scale=1.0, type=None
  transformer.h.3.mlp.c_fc.blocks.0.weight: k=1, G_{1.0,0.0,512}, lr=0.008, scale=1.0, type=None
  transformer.h.3.mlp.c_fc.blocks.1.weight: k=1, G_{1.0,0.0,512}, lr=0.008, scale=1.0, type=None
  transformer.h.3.mlp.c_fc.blocks.2.weight: k=1, G_{1.0,0.0,512}, lr=0.008, scale=1.0, type=None
  transformer.h.3.mlp.c_fc.blocks.3.weight: k=1, G_{1.0,0.0,512}, lr=0.008, scale=1.0, type=None
  transformer.h.4.attn.c_attn.blocks.0.weight: k=1, G_{1.0,0.0,512}, lr=0.008, scale=1.0, type=None
  transformer.h.4.attn.c_attn.blocks.1.weight: k=1, G_{1.0,0.0,512}, lr=0.008, scale=1.0, type=None
  transformer.h.4.attn.c_attn.blocks.2.weight: k=1, G_{1.0,0.0,512}, lr=0.008, scale=1.0, type=None
  transformer.h.4.mlp.c_fc.blocks.0.weight: k=1, G_{1.0,0.0,512}, lr=0.008, scale=1.0, type=None
  transformer.h.4.mlp.c_fc.blocks.1.weight: k=1, G_{1.0,0.0,512}, lr=0.008, scale=1.0, type=None
  transformer.h.4.mlp.c_fc.blocks.2.weight: k=1, G_{1.0,0.0,512}, lr=0.008, scale=1.0, type=None
  transformer.h.4.mlp.c_fc.blocks.3.weight: k=1, G_{1.0,0.0,512}, lr=0.008, scale=1.0, type=None
  transformer.h.5.attn.c_attn.blocks.0.weight: k=1, G_{1.0,0.0,512}, lr=0.008, scale=1.0, type=None
  transformer.h.5.attn.c_attn.blocks.1.weight: k=1, G_{1.0,0.0,512}, lr=0.008, scale=1.0, type=None
  transformer.h.5.attn.c_attn.blocks.2.weight: k=1, G_{1.0,0.0,512}, lr=0.008, scale=1.0, type=None
  transformer.h.5.mlp.c_fc.blocks.0.weight: k=1, G_{1.0,0.0,512}, lr=0.008, scale=1.0, type=None
  transformer.h.5.mlp.c_fc.blocks.1.weight: k=1, G_{1.0,0.0,512}, lr=0.008, scale=1.0, type=None
  transformer.h.5.mlp.c_fc.blocks.2.weight: k=1, G_{1.0,0.0,512}, lr=0.008, scale=1.0, type=None
  transformer.h.5.mlp.c_fc.blocks.3.weight: k=1, G_{1.0,0.0,512}, lr=0.008, scale=1.0, type=None
  transformer.h.6.attn.c_attn.blocks.0.weight: k=1, G_{1.0,0.0,512}, lr=0.008, scale=1.0, type=None
  transformer.h.6.attn.c_attn.blocks.1.weight: k=1, G_{1.0,0.0,512}, lr=0.008, scale=1.0, type=None
  transformer.h.6.attn.c_attn.blocks.2.weight: k=1, G_{1.0,0.0,512}, lr=0.008, scale=1.0, type=None
  transformer.h.6.mlp.c_fc.blocks.0.weight: k=1, G_{1.0,0.0,512}, lr=0.008, scale=1.0, type=None
  transformer.h.6.mlp.c_fc.blocks.1.weight: k=1, G_{1.0,0.0,512}, lr=0.008, scale=1.0, type=None
  transformer.h.6.mlp.c_fc.blocks.2.weight: k=1, G_{1.0,0.0,512}, lr=0.008, scale=1.0, type=None
  transformer.h.6.mlp.c_fc.blocks.3.weight: k=1, G_{1.0,0.0,512}, lr=0.008, scale=1.0, type=None
  transformer.h.7.attn.c_attn.blocks.0.weight: k=1, G_{1.0,0.0,512}, lr=0.008, scale=1.0, type=None
  transformer.h.7.attn.c_attn.blocks.1.weight: k=1, G_{1.0,0.0,512}, lr=0.008, scale=1.0, type=None
  transformer.h.7.attn.c_attn.blocks.2.weight: k=1, G_{1.0,0.0,512}, lr=0.008, scale=1.0, type=None
  transformer.h.7.mlp.c_fc.blocks.0.weight: k=1, G_{1.0,0.0,512}, lr=0.008, scale=1.0, type=None
  transformer.h.7.mlp.c_fc.blocks.1.weight: k=1, G_{1.0,0.0,512}, lr=0.008, scale=1.0, type=None
  transformer.h.7.mlp.c_fc.blocks.2.weight: k=1, G_{1.0,0.0,512}, lr=0.008, scale=1.0, type=None
  transformer.h.7.mlp.c_fc.blocks.3.weight: k=1, G_{1.0,0.0,512}, lr=0.008, scale=1.0, type=None
  transformer.h.8.attn.c_attn.blocks.0.weight: k=1, G_{1.0,0.0,512}, lr=0.008, scale=1.0, type=None
  transformer.h.8.attn.c_attn.blocks.1.weight: k=1, G_{1.0,0.0,512}, lr=0.008, scale=1.0, type=None
  transformer.h.8.attn.c_attn.blocks.2.weight: k=1, G_{1.0,0.0,512}, lr=0.008, scale=1.0, type=None
  transformer.h.8.mlp.c_fc.blocks.0.weight: k=1, G_{1.0,0.0,512}, lr=0.008, scale=1.0, type=None
  transformer.h.8.mlp.c_fc.blocks.1.weight: k=1, G_{1.0,0.0,512}, lr=0.008, scale=1.0, type=None
  transformer.h.8.mlp.c_fc.blocks.2.weight: k=1, G_{1.0,0.0,512}, lr=0.008, scale=1.0, type=None
  transformer.h.8.mlp.c_fc.blocks.3.weight: k=1, G_{1.0,0.0,512}, lr=0.008, scale=1.0, type=None
  transformer.h.9.attn.c_attn.blocks.0.weight: k=1, G_{1.0,0.0,512}, lr=0.008, scale=1.0, type=None
  transformer.h.9.attn.c_attn.blocks.1.weight: k=1, G_{1.0,0.0,512}, lr=0.008, scale=1.0, type=None
  transformer.h.9.attn.c_attn.blocks.2.weight: k=1, G_{1.0,0.0,512}, lr=0.008, scale=1.0, type=None
  transformer.h.9.mlp.c_fc.blocks.0.weight: k=1, G_{1.0,0.0,512}, lr=0.008, scale=1.0, type=None
  transformer.h.9.mlp.c_fc.blocks.1.weight: k=1, G_{1.0,0.0,512}, lr=0.008, scale=1.0, type=None
  transformer.h.9.mlp.c_fc.blocks.2.weight: k=1, G_{1.0,0.0,512}, lr=0.008, scale=1.0, type=None
  transformer.h.9.mlp.c_fc.blocks.3.weight: k=1, G_{1.0,0.0,512}, lr=0.008, scale=1.0, type=None
  transformer.h.10.attn.c_attn.blocks.0.weight: k=1, G_{1.0,0.0,512}, lr=0.008, scale=1.0, type=None
  transformer.h.10.attn.c_attn.blocks.1.weight: k=1, G_{1.0,0.0,512}, lr=0.008, scale=1.0, type=None
  transformer.h.10.attn.c_attn.blocks.2.weight: k=1, G_{1.0,0.0,512}, lr=0.008, scale=1.0, type=None
  transformer.h.10.mlp.c_fc.blocks.0.weight: k=1, G_{1.0,0.0,512}, lr=0.008, scale=1.0, type=None
  transformer.h.10.mlp.c_fc.blocks.1.weight: k=1, G_{1.0,0.0,512}, lr=0.008, scale=1.0, type=None
  transformer.h.10.mlp.c_fc.blocks.2.weight: k=1, G_{1.0,0.0,512}, lr=0.008, scale=1.0, type=None
  transformer.h.10.mlp.c_fc.blocks.3.weight: k=1, G_{1.0,0.0,512}, lr=0.008, scale=1.0, type=None
  transformer.h.11.attn.c_attn.blocks.0.weight: k=1, G_{1.0,0.0,512}, lr=0.008, scale=1.0, type=None
  transformer.h.11.attn.c_attn.blocks.1.weight: k=1, G_{1.0,0.0,512}, lr=0.008, scale=1.0, type=None
  transformer.h.11.attn.c_attn.blocks.2.weight: k=1, G_{1.0,0.0,512}, lr=0.008, scale=1.0, type=None
  transformer.h.11.mlp.c_fc.blocks.0.weight: k=1, G_{1.0,0.0,512}, lr=0.008, scale=1.0, type=None
  transformer.h.11.mlp.c_fc.blocks.1.weight: k=1, G_{1.0,0.0,512}, lr=0.008, scale=1.0, type=None
  transformer.h.11.mlp.c_fc.blocks.2.weight: k=1, G_{1.0,0.0,512}, lr=0.008, scale=1.0, type=None
  transformer.h.11.mlp.c_fc.blocks.3.weight: k=1, G_{1.0,0.0,512}, lr=0.008, scale=1.0, type=None
  transformer.h.12.attn.c_attn.blocks.0.weight: k=1, G_{1.0,0.0,512}, lr=0.008, scale=1.0, type=None
  transformer.h.12.attn.c_attn.blocks.1.weight: k=1, G_{1.0,0.0,512}, lr=0.008, scale=1.0, type=None
  transformer.h.12.attn.c_attn.blocks.2.weight: k=1, G_{1.0,0.0,512}, lr=0.008, scale=1.0, type=None
  transformer.h.12.mlp.c_fc.blocks.0.weight: k=1, G_{1.0,0.0,512}, lr=0.008, scale=1.0, type=None
  transformer.h.12.mlp.c_fc.blocks.1.weight: k=1, G_{1.0,0.0,512}, lr=0.008, scale=1.0, type=None
  transformer.h.12.mlp.c_fc.blocks.2.weight: k=1, G_{1.0,0.0,512}, lr=0.008, scale=1.0, type=None
  transformer.h.12.mlp.c_fc.blocks.3.weight: k=1, G_{1.0,0.0,512}, lr=0.008, scale=1.0, type=None
  transformer.h.13.attn.c_attn.blocks.0.weight: k=1, G_{1.0,0.0,512}, lr=0.008, scale=1.0, type=None
  transformer.h.13.attn.c_attn.blocks.1.weight: k=1, G_{1.0,0.0,512}, lr=0.008, scale=1.0, type=None
  transformer.h.13.attn.c_attn.blocks.2.weight: k=1, G_{1.0,0.0,512}, lr=0.008, scale=1.0, type=None
  transformer.h.13.mlp.c_fc.blocks.0.weight: k=1, G_{1.0,0.0,512}, lr=0.008, scale=1.0, type=None
  transformer.h.13.mlp.c_fc.blocks.1.weight: k=1, G_{1.0,0.0,512}, lr=0.008, scale=1.0, type=None
  transformer.h.13.mlp.c_fc.blocks.2.weight: k=1, G_{1.0,0.0,512}, lr=0.008, scale=1.0, type=None
  transformer.h.13.mlp.c_fc.blocks.3.weight: k=1, G_{1.0,0.0,512}, lr=0.008, scale=1.0, type=None
  transformer.h.14.attn.c_attn.blocks.0.weight: k=1, G_{1.0,0.0,512}, lr=0.008, scale=1.0, type=None
  transformer.h.14.attn.c_attn.blocks.1.weight: k=1, G_{1.0,0.0,512}, lr=0.008, scale=1.0, type=None
  transformer.h.14.attn.c_attn.blocks.2.weight: k=1, G_{1.0,0.0,512}, lr=0.008, scale=1.0, type=None
  transformer.h.14.mlp.c_fc.blocks.0.weight: k=1, G_{1.0,0.0,512}, lr=0.008, scale=1.0, type=None
  transformer.h.14.mlp.c_fc.blocks.1.weight: k=1, G_{1.0,0.0,512}, lr=0.008, scale=1.0, type=None
  transformer.h.14.mlp.c_fc.blocks.2.weight: k=1, G_{1.0,0.0,512}, lr=0.008, scale=1.0, type=None
  transformer.h.14.mlp.c_fc.blocks.3.weight: k=1, G_{1.0,0.0,512}, lr=0.008, scale=1.0, type=None
  transformer.h.15.attn.c_attn.blocks.0.weight: k=1, G_{1.0,0.0,512}, lr=0.008, scale=1.0, type=None
  transformer.h.15.attn.c_attn.blocks.1.weight: k=1, G_{1.0,0.0,512}, lr=0.008, scale=1.0, type=None
  transformer.h.15.attn.c_attn.blocks.2.weight: k=1, G_{1.0,0.0,512}, lr=0.008, scale=1.0, type=None
  transformer.h.15.mlp.c_fc.blocks.0.weight: k=1, G_{1.0,0.0,512}, lr=0.008, scale=1.0, type=None
  transformer.h.15.mlp.c_fc.blocks.1.weight: k=1, G_{1.0,0.0,512}, lr=0.008, scale=1.0, type=None
  transformer.h.15.mlp.c_fc.blocks.2.weight: k=1, G_{1.0,0.0,512}, lr=0.008, scale=1.0, type=None
  transformer.h.15.mlp.c_fc.blocks.3.weight: k=1, G_{1.0,0.0,512}, lr=0.008, scale=1.0, type=None
  transformer.h.16.attn.c_attn.blocks.0.weight: k=1, G_{1.0,0.0,512}, lr=0.008, scale=1.0, type=None
  transformer.h.16.attn.c_attn.blocks.1.weight: k=1, G_{1.0,0.0,512}, lr=0.008, scale=1.0, type=None
  transformer.h.16.attn.c_attn.blocks.2.weight: k=1, G_{1.0,0.0,512}, lr=0.008, scale=1.0, type=None
  transformer.h.16.mlp.c_fc.blocks.0.weight: k=1, G_{1.0,0.0,512}, lr=0.008, scale=1.0, type=None
  transformer.h.16.mlp.c_fc.blocks.1.weight: k=1, G_{1.0,0.0,512}, lr=0.008, scale=1.0, type=None
  transformer.h.16.mlp.c_fc.blocks.2.weight: k=1, G_{1.0,0.0,512}, lr=0.008, scale=1.0, type=None
  transformer.h.16.mlp.c_fc.blocks.3.weight: k=1, G_{1.0,0.0,512}, lr=0.008, scale=1.0, type=None
  transformer.h.17.attn.c_attn.blocks.0.weight: k=1, G_{1.0,0.0,512}, lr=0.008, scale=1.0, type=None
  transformer.h.17.attn.c_attn.blocks.1.weight: k=1, G_{1.0,0.0,512}, lr=0.008, scale=1.0, type=None
  transformer.h.17.attn.c_attn.blocks.2.weight: k=1, G_{1.0,0.0,512}, lr=0.008, scale=1.0, type=None
  transformer.h.17.mlp.c_fc.blocks.0.weight: k=1, G_{1.0,0.0,512}, lr=0.008, scale=1.0, type=None
  transformer.h.17.mlp.c_fc.blocks.1.weight: k=1, G_{1.0,0.0,512}, lr=0.008, scale=1.0, type=None
  transformer.h.17.mlp.c_fc.blocks.2.weight: k=1, G_{1.0,0.0,512}, lr=0.008, scale=1.0, type=None
  transformer.h.17.mlp.c_fc.blocks.3.weight: k=1, G_{1.0,0.0,512}, lr=0.008, scale=1.0, type=None
  transformer.h.18.attn.c_attn.blocks.0.weight: k=1, G_{1.0,0.0,512}, lr=0.008, scale=1.0, type=None
  transformer.h.18.attn.c_attn.blocks.1.weight: k=1, G_{1.0,0.0,512}, lr=0.008, scale=1.0, type=None
  transformer.h.18.attn.c_attn.blocks.2.weight: k=1, G_{1.0,0.0,512}, lr=0.008, scale=1.0, type=None
  transformer.h.18.mlp.c_fc.blocks.0.weight: k=1, G_{1.0,0.0,512}, lr=0.008, scale=1.0, type=None
  transformer.h.18.mlp.c_fc.blocks.1.weight: k=1, G_{1.0,0.0,512}, lr=0.008, scale=1.0, type=None
  transformer.h.18.mlp.c_fc.blocks.2.weight: k=1, G_{1.0,0.0,512}, lr=0.008, scale=1.0, type=None
  transformer.h.18.mlp.c_fc.blocks.3.weight: k=1, G_{1.0,0.0,512}, lr=0.008, scale=1.0, type=None
  transformer.h.19.attn.c_attn.blocks.0.weight: k=1, G_{1.0,0.0,512}, lr=0.008, scale=1.0, type=None
  transformer.h.19.attn.c_attn.blocks.1.weight: k=1, G_{1.0,0.0,512}, lr=0.008, scale=1.0, type=None
  transformer.h.19.attn.c_attn.blocks.2.weight: k=1, G_{1.0,0.0,512}, lr=0.008, scale=1.0, type=None
  transformer.h.19.mlp.c_fc.blocks.0.weight: k=1, G_{1.0,0.0,512}, lr=0.008, scale=1.0, type=None
  transformer.h.19.mlp.c_fc.blocks.1.weight: k=1, G_{1.0,0.0,512}, lr=0.008, scale=1.0, type=None
  transformer.h.19.mlp.c_fc.blocks.2.weight: k=1, G_{1.0,0.0,512}, lr=0.008, scale=1.0, type=None
  transformer.h.19.mlp.c_fc.blocks.3.weight: k=1, G_{1.0,0.0,512}, lr=0.008, scale=1.0, type=None
  transformer.h.20.attn.c_attn.blocks.0.weight: k=1, G_{1.0,0.0,512}, lr=0.008, scale=1.0, type=None
  transformer.h.20.attn.c_attn.blocks.1.weight: k=1, G_{1.0,0.0,512}, lr=0.008, scale=1.0, type=None
  transformer.h.20.attn.c_attn.blocks.2.weight: k=1, G_{1.0,0.0,512}, lr=0.008, scale=1.0, type=None
  transformer.h.20.mlp.c_fc.blocks.0.weight: k=1, G_{1.0,0.0,512}, lr=0.008, scale=1.0, type=None
  transformer.h.20.mlp.c_fc.blocks.1.weight: k=1, G_{1.0,0.0,512}, lr=0.008, scale=1.0, type=None
  transformer.h.20.mlp.c_fc.blocks.2.weight: k=1, G_{1.0,0.0,512}, lr=0.008, scale=1.0, type=None
  transformer.h.20.mlp.c_fc.blocks.3.weight: k=1, G_{1.0,0.0,512}, lr=0.008, scale=1.0, type=None
  transformer.h.21.attn.c_attn.blocks.0.weight: k=1, G_{1.0,0.0,512}, lr=0.008, scale=1.0, type=None
  transformer.h.21.attn.c_attn.blocks.1.weight: k=1, G_{1.0,0.0,512}, lr=0.008, scale=1.0, type=None
  transformer.h.21.attn.c_attn.blocks.2.weight: k=1, G_{1.0,0.0,512}, lr=0.008, scale=1.0, type=None
  transformer.h.21.mlp.c_fc.blocks.0.weight: k=1, G_{1.0,0.0,512}, lr=0.008, scale=1.0, type=None
  transformer.h.21.mlp.c_fc.blocks.1.weight: k=1, G_{1.0,0.0,512}, lr=0.008, scale=1.0, type=None
  transformer.h.21.mlp.c_fc.blocks.2.weight: k=1, G_{1.0,0.0,512}, lr=0.008, scale=1.0, type=None
  transformer.h.21.mlp.c_fc.blocks.3.weight: k=1, G_{1.0,0.0,512}, lr=0.008, scale=1.0, type=None
  transformer.h.22.attn.c_attn.blocks.0.weight: k=1, G_{1.0,0.0,512}, lr=0.008, scale=1.0, type=None
  transformer.h.22.attn.c_attn.blocks.1.weight: k=1, G_{1.0,0.0,512}, lr=0.008, scale=1.0, type=None
  transformer.h.22.attn.c_attn.blocks.2.weight: k=1, G_{1.0,0.0,512}, lr=0.008, scale=1.0, type=None
  transformer.h.22.mlp.c_fc.blocks.0.weight: k=1, G_{1.0,0.0,512}, lr=0.008, scale=1.0, type=None
  transformer.h.22.mlp.c_fc.blocks.1.weight: k=1, G_{1.0,0.0,512}, lr=0.008, scale=1.0, type=None
  transformer.h.22.mlp.c_fc.blocks.2.weight: k=1, G_{1.0,0.0,512}, lr=0.008, scale=1.0, type=None
  transformer.h.22.mlp.c_fc.blocks.3.weight: k=1, G_{1.0,0.0,512}, lr=0.008, scale=1.0, type=None
  transformer.h.23.attn.c_attn.blocks.0.weight: k=1, G_{1.0,0.0,512}, lr=0.008, scale=1.0, type=None
  transformer.h.23.attn.c_attn.blocks.1.weight: k=1, G_{1.0,0.0,512}, lr=0.008, scale=1.0, type=None
  transformer.h.23.attn.c_attn.blocks.2.weight: k=1, G_{1.0,0.0,512}, lr=0.008, scale=1.0, type=None
  transformer.h.23.mlp.c_fc.blocks.0.weight: k=1, G_{1.0,0.0,512}, lr=0.008, scale=1.0, type=None
  transformer.h.23.mlp.c_fc.blocks.1.weight: k=1, G_{1.0,0.0,512}, lr=0.008, scale=1.0, type=None
  transformer.h.23.mlp.c_fc.blocks.2.weight: k=1, G_{1.0,0.0,512}, lr=0.008, scale=1.0, type=None
  transformer.h.23.mlp.c_fc.blocks.3.weight: k=1, G_{1.0,0.0,512}, lr=0.008, scale=1.0, type=None
using fused AdamW: True
using fused AdamW: True
using fused AdamW: True
=== Setting up component-specific dropout ===

AdamW components: dropout = 0.1
Grassmann components: dropout = 0.05
using fused AdamW: True

=== Setting up component-specific dropout ===
AdamW components: dropout = 0.1
Grassmann components: dropout = 0.05

=== Setting up component-specific dropout ===
AdamW components: dropout = 0.1
Grassmann components: dropout = 0.05

=== Setting up component-specific dropout ===
AdamW components: dropout = 0.1
Grassmann components: dropout = 0.05
Component-specific dropout setup complete.

=== Setting up norm-preserving scaling (Phase phase3) ===
Component-specific dropout setup complete.

=== Setting up norm-preserving scaling (Phase phase3) ===
Component-specific dropout setup complete.

=== Setting up norm-preserving scaling (Phase phase3) ===
Component-specific dropout setup complete.

=== Setting up norm-preserving scaling (Phase phase3) ===
  Added frozen 0.5×I scaling after mlp.c_fc (device=cuda:3)
  Added frozen 0.5×I scaling after mlp.c_fc (device=cuda:2)
  Added frozen 0.5×I scaling after mlp.c_fc (device=cuda:1)
  Added frozen 0.5×I scaling after mlp.c_fc (device=cuda:0)
  Added frozen 0.5×I scaling after mlp.c_fc (device=cuda:3)
  Added frozen 0.5×I scaling after mlp.c_fc (device=cuda:1)  Added frozen 0.5×I scaling after mlp.c_fc (device=cuda:2)

  Added frozen 0.5×I scaling after mlp.c_fc (device=cuda:0)
  Added frozen 0.5×I scaling after mlp.c_fc (device=cuda:3)
  Added frozen 0.5×I scaling after mlp.c_fc (device=cuda:2)
  Added frozen 0.5×I scaling after mlp.c_fc (device=cuda:1)
  Added frozen 0.5×I scaling after mlp.c_fc (device=cuda:0)
  Added frozen 0.5×I scaling after mlp.c_fc (device=cuda:3)
  Added frozen 0.5×I scaling after mlp.c_fc (device=cuda:2)
  Added frozen 0.5×I scaling after mlp.c_fc (device=cuda:1)
  Added frozen 0.5×I scaling after mlp.c_fc (device=cuda:0)
  Added frozen 0.5×I scaling after mlp.c_fc (device=cuda:3)
  Added frozen 0.5×I scaling after mlp.c_fc (device=cuda:2)
  Added frozen 0.5×I scaling after mlp.c_fc (device=cuda:1)
  Added frozen 0.5×I scaling after mlp.c_fc (device=cuda:0)
  Added frozen 0.5×I scaling after mlp.c_fc (device=cuda:3)
  Added frozen 0.5×I scaling after mlp.c_fc (device=cuda:2)
  Added frozen 0.5×I scaling after mlp.c_fc (device=cuda:1)
  Added frozen 0.5×I scaling after mlp.c_fc (device=cuda:0)
  Added frozen 0.5×I scaling after mlp.c_fc (device=cuda:3)
  Added frozen 0.5×I scaling after mlp.c_fc (device=cuda:2)
  Added frozen 0.5×I scaling after mlp.c_fc (device=cuda:1)
  Added frozen 0.5×I scaling after mlp.c_fc (device=cuda:0)
  Added frozen 0.5×I scaling after mlp.c_fc (device=cuda:3)
  Added frozen 0.5×I scaling after mlp.c_fc (device=cuda:2)
  Added frozen 0.5×I scaling after mlp.c_fc (device=cuda:1)
  Added frozen 0.5×I scaling after mlp.c_fc (device=cuda:0)
  Added frozen 0.5×I scaling after mlp.c_fc (device=cuda:3)
  Added frozen 0.5×I scaling after mlp.c_fc (device=cuda:2)
  Added frozen 0.5×I scaling after mlp.c_fc (device=cuda:1)
  Added frozen 0.5×I scaling after mlp.c_fc (device=cuda:0)
  Added frozen 0.5×I scaling after mlp.c_fc (device=cuda:3)
  Added frozen 0.5×I scaling after mlp.c_fc (device=cuda:2)
  Added frozen 0.5×I scaling after mlp.c_fc (device=cuda:1)
  Added frozen 0.5×I scaling after mlp.c_fc (device=cuda:0)
  Added frozen 0.5×I scaling after mlp.c_fc (device=cuda:3)
  Added frozen 0.5×I scaling after mlp.c_fc (device=cuda:2)
  Added frozen 0.5×I scaling after mlp.c_fc (device=cuda:1)
  Added frozen 0.5×I scaling after mlp.c_fc (device=cuda:0)
  Added frozen 0.5×I scaling after mlp.c_fc (device=cuda:3)
  Added frozen 0.5×I scaling after mlp.c_fc (device=cuda:2)
  Added frozen 0.5×I scaling after mlp.c_fc (device=cuda:1)
  Added frozen 0.5×I scaling after mlp.c_fc (device=cuda:0)
  Added frozen 0.5×I scaling after mlp.c_fc (device=cuda:3)
  Added frozen 0.5×I scaling after mlp.c_fc (device=cuda:2)
  Added frozen 0.5×I scaling after mlp.c_fc (device=cuda:1)
  Added frozen 0.5×I scaling after mlp.c_fc (device=cuda:0)
  Added frozen 0.5×I scaling after mlp.c_fc (device=cuda:3)
  Added frozen 0.5×I scaling after mlp.c_fc (device=cuda:2)
  Added frozen 0.5×I scaling after mlp.c_fc (device=cuda:1)
  Added frozen 0.5×I scaling after mlp.c_fc (device=cuda:0)
  Added frozen 0.5×I scaling after mlp.c_fc (device=cuda:3)
  Added frozen 0.5×I scaling after mlp.c_fc (device=cuda:2)
  Added frozen 0.5×I scaling after mlp.c_fc (device=cuda:1)
  Added frozen 0.5×I scaling after mlp.c_fc (device=cuda:0)
  Added frozen 0.5×I scaling after mlp.c_fc (device=cuda:3)
  Added frozen 0.5×I scaling after mlp.c_fc (device=cuda:2)
  Added frozen 0.5×I scaling after mlp.c_fc (device=cuda:1)
  Added frozen 0.5×I scaling after mlp.c_fc (device=cuda:0)
  Added frozen 0.5×I scaling after mlp.c_fc (device=cuda:3)
  Added frozen 0.5×I scaling after mlp.c_fc (device=cuda:2)
  Added frozen 0.5×I scaling after mlp.c_fc (device=cuda:1)
  Added frozen 0.5×I scaling after mlp.c_fc (device=cuda:0)
  Added frozen 0.5×I scaling after mlp.c_fc (device=cuda:3)
  Added frozen 0.5×I scaling after mlp.c_fc (device=cuda:2)
  Added frozen 0.5×I scaling after mlp.c_fc (device=cuda:1)
  Added frozen 0.5×I scaling after mlp.c_fc (device=cuda:0)
  Added frozen 0.5×I scaling after mlp.c_fc (device=cuda:3)
  Added frozen 0.5×I scaling after mlp.c_fc (device=cuda:2)
  Added frozen 0.5×I scaling after mlp.c_fc (device=cuda:1)
  Added frozen 0.5×I scaling after mlp.c_fc (device=cuda:0)
  Added frozen 0.5×I scaling after mlp.c_fc (device=cuda:3)
  Added frozen 0.5×I scaling after mlp.c_fc (device=cuda:2)
  Added frozen 0.5×I scaling after mlp.c_fc (device=cuda:1)
  Added frozen 0.5×I scaling after mlp.c_fc (device=cuda:0)
  Added frozen 0.5×I scaling after mlp.c_fc (device=cuda:3)
  Added frozen 0.5×I scaling after mlp.c_fc (device=cuda:2)
  Added frozen 0.5×I scaling after mlp.c_fc (device=cuda:1)
  Added frozen 0.5×I scaling after mlp.c_fc (device=cuda:0)
  Added frozen 0.5×I scaling after mlp.c_fc (device=cuda:3)
  Added frozen 0.5×I scaling after mlp.c_fc (device=cuda:2)
  Added frozen 0.5×I scaling after mlp.c_fc (device=cuda:1)
  Added frozen 0.5×I scaling after mlp.c_fc (device=cuda:0)
  Added frozen 0.5×I scaling after mlp.c_fc (device=cuda:3)
  Added frozen 0.5×I scaling after mlp.c_fc (device=cuda:2)
  Added frozen 0.5×I scaling after mlp.c_fc (device=cuda:1)
  Added frozen 0.5×I scaling after mlp.c_fc (device=cuda:0)
  Added frozen 0.5×I scaling after mlp.c_fc (device=cuda:3)
Norm-preserving scaling setup complete.
compiling the model... (takes a ~minute)
  Added frozen 0.5×I scaling after mlp.c_fc (device=cuda:2)
Norm-preserving scaling setup complete.
compiling the model... (takes a ~minute)
  Added frozen 0.5×I scaling after mlp.c_fc (device=cuda:1)
Norm-preserving scaling setup complete.
compiling the model... (takes a ~minute)
  Added frozen 0.5×I scaling after mlp.c_fc (device=cuda:0)
Norm-preserving scaling setup complete.
compiling the model... (takes a ~minute)
step 20000: train loss 3.1852, val loss 3.1891
saving checkpoint to /net/scratch2/junyuren/nanoGPT-manifold/out-gpt2m-grass-hybridgate-r512
iter 20000: loss 3.0920, time 112372.29ms, mfu -100.00%
iter 20010: loss 3.3088, time 4881.66ms, mfu 31.28%
iter 20020: loss 3.2274, time 4918.66ms, mfu 31.26%
iter 20030: loss 3.3240, time 4955.94ms, mfu 31.22%
iter 20040: loss 3.2421, time 4926.83ms, mfu 31.19%
iter 20050: loss 3.0710, time 4971.90ms, mfu 31.15%
iter 20060: loss 3.2277, time 4971.57ms, mfu 31.10%
iter 20070: loss 3.1552, time 4937.51ms, mfu 31.09%
iter 20080: loss 3.1953, time 4924.70ms, mfu 31.08%
iter 20090: loss 3.3220, time 4955.39ms, mfu 31.05%
iter 20100: loss 3.2604, time 4922.33ms, mfu 31.05%
iter 20110: loss 3.1576, time 4916.10ms, mfu 31.05%
iter 20120: loss 3.2495, time 4940.32ms, mfu 31.04%
iter 20130: loss 3.2789, time 4936.40ms, mfu 31.03%
iter 20140: loss 3.4485, time 4959.20ms, mfu 31.00%
iter 20150: loss 3.2635, time 4923.65ms, mfu 31.00%
iter 20160: loss 3.2188, time 4937.63ms, mfu 31.00%
iter 20170: loss 3.2745, time 4965.35ms, mfu 30.97%
iter 20180: loss 3.1146, time 4924.95ms, mfu 30.98%
iter 20190: loss 3.1291, time 4951.65ms, mfu 30.96%
iter 20200: loss 3.1546, time 4940.09ms, mfu 30.96%
iter 20210: loss 3.2265, time 4961.33ms, mfu 30.94%
iter 20220: loss 3.2654, time 4945.11ms, mfu 30.93%
iter 20230: loss 3.2205, time 4976.14ms, mfu 30.91%
iter 20240: loss 3.1791, time 4931.96ms, mfu 30.92%
iter 20250: loss 3.2409, time 4930.55ms, mfu 30.92%
iter 20260: loss 3.2247, time 4940.99ms, mfu 30.92%
iter 20270: loss 3.1939, time 4931.31ms, mfu 30.92%
iter 20280: loss 3.2525, time 4949.07ms, mfu 30.92%
iter 20290: loss 3.2236, time 4937.33ms, mfu 30.92%
iter 20300: loss 3.1742, time 4937.25ms, mfu 30.92%
iter 20310: loss 3.1780, time 4933.18ms, mfu 30.92%
iter 20320: loss 3.2740, time 4953.64ms, mfu 30.91%
iter 20330: loss 3.2053, time 4955.05ms, mfu 30.90%
iter 20340: loss 3.2595, time 4966.98ms, mfu 30.89%
iter 20350: loss 3.2571, time 4952.78ms, mfu 30.88%
iter 20360: loss 3.1762, time 4985.96ms, mfu 30.86%
iter 20370: loss 3.2274, time 4965.04ms, mfu 30.85%
iter 20380: loss 3.0860, time 4966.73ms, mfu 30.84%
iter 20390: loss 3.1967, time 4959.98ms, mfu 30.83%
iter 20400: loss 3.2810, time 4960.14ms, mfu 30.83%
iter 20410: loss 3.2580, time 4978.94ms, mfu 30.81%
iter 20420: loss 3.1563, time 4932.77ms, mfu 30.83%
iter 20430: loss 3.3200, time 4987.86ms, mfu 30.81%
iter 20440: loss 3.1405, time 4947.70ms, mfu 30.81%
iter 20450: loss 3.1780, time 4954.72ms, mfu 30.81%
iter 20460: loss 3.1905, time 4941.11ms, mfu 30.82%
iter 20470: loss 3.2210, time 4954.64ms, mfu 30.82%
iter 20480: loss 3.2129, time 4972.77ms, mfu 30.81%
iter 20490: loss 3.2139, time 4951.23ms, mfu 30.81%
iter 20500: loss 3.1089, time 4932.40ms, mfu 30.83%
iter 20510: loss 3.1724, time 4963.40ms, mfu 30.82%
iter 20520: loss 3.2712, time 4922.07ms, mfu 30.84%
iter 20530: loss 3.2520, time 4965.26ms, mfu 30.83%
iter 20540: loss 3.2474, time 4934.27ms, mfu 30.85%
iter 20550: loss 3.2386, time 4958.29ms, mfu 30.84%
iter 20560: loss 3.2184, time 4967.89ms, mfu 30.83%
iter 20570: loss 3.2320, time 4959.84ms, mfu 30.83%
iter 20580: loss 3.1663, time 4956.33ms, mfu 30.83%
iter 20590: loss 3.1316, time 4954.36ms, mfu 30.83%
iter 20600: loss 3.1601, time 4956.62ms, mfu 30.82%
iter 20610: loss 3.2342, time 4963.69ms, mfu 30.82%
iter 20620: loss 3.2038, time 4986.28ms, mfu 30.80%
iter 20630: loss 3.2322, time 4954.08ms, mfu 30.80%
iter 20640: loss 3.2688, time 4878.29ms, mfu 30.85%
iter 20650: loss 3.2909, time 4942.98ms, mfu 30.86%
iter 20660: loss 3.2121, time 4942.99ms, mfu 30.86%
iter 20670: loss 3.3153, time 4973.87ms, mfu 30.84%
iter 20680: loss 3.1317, time 4936.31ms, mfu 30.85%
iter 20690: loss 3.1907, time 4950.77ms, mfu 30.85%
iter 20700: loss 3.1719, time 4939.31ms, mfu 30.86%
iter 20710: loss 3.2093, time 4955.81ms, mfu 30.86%
iter 20720: loss 3.2267, time 4973.97ms, mfu 30.84%
iter 20730: loss 3.1713, time 4938.29ms, mfu 30.85%
iter 20740: loss 3.2237, time 4949.95ms, mfu 30.85%
iter 20750: loss 3.2494, time 4976.82ms, mfu 30.83%
iter 20760: loss 3.1282, time 4933.90ms, mfu 30.84%
iter 20770: loss 3.0501, time 4944.20ms, mfu 30.85%
iter 20780: loss 3.0676, time 4935.09ms, mfu 30.86%
iter 20790: loss 3.2077, time 4949.55ms, mfu 30.86%
iter 20800: loss 3.2397, time 5793.08ms, mfu 30.41%
iter 20810: loss 3.2832, time 4946.16ms, mfu 30.45%
iter 20820: loss 3.0739, time 4927.56ms, mfu 30.51%
iter 20830: loss 3.3220, time 4947.37ms, mfu 30.54%
iter 20840: loss 3.1496, time 4917.88ms, mfu 30.60%
iter 20850: loss 3.1742, time 4939.24ms, mfu 30.63%
iter 20860: loss 3.3644, time 4932.62ms, mfu 30.66%
iter 20870: loss 3.1988, time 4903.03ms, mfu 30.71%
iter 20880: loss 3.2282, time 4929.98ms, mfu 30.74%
iter 20890: loss 3.1732, time 4948.79ms, mfu 30.75%
iter 20900: loss 3.0648, time 4943.86ms, mfu 30.76%
iter 20910: loss 3.3077, time 4946.96ms, mfu 30.77%
iter 20920: loss 3.1044, time 4946.42ms, mfu 30.78%
iter 20930: loss 3.1103, time 4933.54ms, mfu 30.80%
iter 20940: loss 3.1657, time 4943.60ms, mfu 30.81%
iter 20950: loss 3.1345, time 4965.39ms, mfu 30.80%
iter 20960: loss 3.1281, time 4936.46ms, mfu 30.82%
iter 20970: loss 3.2128, time 4960.12ms, mfu 30.81%
iter 20980: loss 3.2486, time 4931.42ms, mfu 30.83%
iter 20990: loss 3.2508, time 4931.42ms, mfu 30.84%
step 21000: train loss 3.1701, val loss 3.1834
saving checkpoint to /net/scratch2/junyuren/nanoGPT-manifold/out-gpt2m-grass-hybridgate-r512
iter 21000: loss 3.1567, time 55566.22ms, mfu 28.03%
iter 21010: loss 3.2120, time 4961.86ms, mfu 28.31%
iter 21020: loss 3.1295, time 4970.01ms, mfu 28.55%
iter 21030: loss 3.0124, time 4939.51ms, mfu 28.79%
iter 21040: loss 3.2365, time 4951.14ms, mfu 28.99%
iter 21050: loss 3.1931, time 4950.57ms, mfu 29.18%
iter 21060: loss 3.2237, time 4922.61ms, mfu 29.36%
iter 21070: loss 3.2623, time 4978.48ms, mfu 29.49%
iter 21080: loss 3.1289, time 4971.78ms, mfu 29.62%
iter 21090: loss 3.1270, time 4944.79ms, mfu 29.74%
iter 21100: loss 3.1037, time 4934.01ms, mfu 29.86%
iter 21110: loss 3.0984, time 4923.25ms, mfu 29.98%
iter 21120: loss 3.1604, time 4976.32ms, mfu 30.05%
iter 21130: loss 3.2346, time 4926.89ms, mfu 30.14%
iter 21140: loss 3.1249, time 5095.23ms, mfu 30.13%
iter 21150: loss 3.1199, time 4986.32ms, mfu 30.18%
iter 21160: loss 3.2437, time 4976.51ms, mfu 30.23%
iter 21170: loss 3.1847, time 4962.97ms, mfu 30.28%
iter 21180: loss 3.1777, time 4920.38ms, mfu 30.36%
iter 21190: loss 3.3068, time 4973.47ms, mfu 30.39%
iter 21200: loss 3.2435, time 4933.64ms, mfu 30.45%
iter 21210: loss 3.2053, time 4987.77ms, mfu 30.47%
iter 21220: loss 3.1986, time 4904.86ms, mfu 30.53%
iter 21230: loss 3.2147, time 4976.13ms, mfu 30.55%
iter 21240: loss 3.2530, time 4934.39ms, mfu 30.59%
iter 21250: loss 3.2295, time 4968.55ms, mfu 30.60%
iter 21260: loss 3.1740, time 4927.54ms, mfu 30.64%
iter 21270: loss 3.1404, time 4928.78ms, mfu 30.68%
iter 21280: loss 3.1532, time 4928.48ms, mfu 30.71%
iter 21290: loss 3.2252, time 4944.17ms, mfu 30.73%
iter 21300: loss 3.2315, time 4963.26ms, mfu 30.73%
iter 21310: loss 3.1790, time 4950.48ms, mfu 30.74%
iter 21320: loss 3.2073, time 4963.42ms, mfu 30.74%
iter 21330: loss 3.1657, time 4942.46ms, mfu 30.76%
iter 21340: loss 3.3133, time 4949.60ms, mfu 30.77%
iter 21350: loss 3.2201, time 4933.30ms, mfu 30.79%
iter 21360: loss 3.1737, time 4954.61ms, mfu 30.79%
iter 21370: loss 3.1400, time 4924.14ms, mfu 30.81%
iter 21380: loss 3.1260, time 4937.52ms, mfu 30.83%
iter 21390: loss 3.1498, time 4947.32ms, mfu 30.83%
iter 21400: loss 3.0929, time 4934.23ms, mfu 30.84%
iter 21410: loss 3.1418, time 4919.74ms, mfu 30.86%
iter 21420: loss 3.1185, time 4952.04ms, mfu 30.86%
iter 21430: loss 3.1862, time 4955.60ms, mfu 30.85%
iter 21440: loss 3.2014, time 4956.30ms, mfu 30.85%
iter 21450: loss 3.2352, time 4948.62ms, mfu 30.85%
iter 21460: loss 3.1350, time 4977.07ms, mfu 30.83%
iter 21470: loss 3.2275, time 4943.31ms, mfu 30.84%
iter 21480: loss 3.1048, time 4958.39ms, mfu 30.84%
iter 21490: loss 3.2217, time 4932.88ms, mfu 30.85%
iter 21500: loss 3.2620, time 4927.78ms, mfu 30.86%
iter 21510: loss 3.2143, time 4942.98ms, mfu 30.87%
iter 21520: loss 3.2502, time 4937.65ms, mfu 30.87%
iter 21530: loss 3.2821, time 4919.10ms, mfu 30.89%
iter 21540: loss 3.2459, time 4933.66ms, mfu 30.90%
iter 21550: loss 3.2189, time 4941.66ms, mfu 30.90%
iter 21560: loss 3.0627, time 4956.48ms, mfu 30.89%
iter 21570: loss 3.1669, time 4929.92ms, mfu 30.90%
iter 21580: loss 3.2322, time 4934.34ms, mfu 30.90%
iter 21590: loss 3.1735, time 4947.89ms, mfu 30.90%
iter 21600: loss 3.2537, time 4983.21ms, mfu 30.87%
iter 21610: loss 3.0959, time 4963.49ms, mfu 30.86%
iter 21620: loss 3.1242, time 4940.94ms, mfu 30.87%
iter 21630: loss 3.3350, time 4947.58ms, mfu 30.87%
iter 21640: loss 3.3228, time 4951.50ms, mfu 30.86%
iter 21650: loss 3.0940, time 4940.75ms, mfu 30.87%
iter 21660: loss 3.1735, time 4933.36ms, mfu 30.88%
iter 21670: loss 3.2012, time 4970.06ms, mfu 30.86%
iter 21680: loss 3.2042, time 4937.98ms, mfu 30.87%
iter 21690: loss 3.1182, time 4954.81ms, mfu 30.86%
iter 21700: loss 3.1422, time 4951.83ms, mfu 30.86%
iter 21710: loss 3.2189, time 4948.40ms, mfu 30.86%
iter 21720: loss 3.2210, time 4925.05ms, mfu 30.88%
iter 21730: loss 3.1482, time 4956.76ms, mfu 30.87%
iter 21740: loss 3.3377, time 4968.75ms, mfu 30.86%
iter 21750: loss 3.1062, time 4979.38ms, mfu 30.84%
iter 21760: loss 3.1831, time 4975.14ms, mfu 30.82%
iter 21770: loss 3.1861, time 4931.97ms, mfu 30.84%
iter 21780: loss 3.1447, time 4962.13ms, mfu 30.83%
iter 21790: loss 3.2457, time 4964.03ms, mfu 30.82%
iter 21800: loss 3.1420, time 4949.87ms, mfu 30.83%
iter 21810: loss 3.2693, time 4968.60ms, mfu 30.82%
iter 21820: loss 3.1054, time 4938.46ms, mfu 30.83%
iter 21830: loss 3.0804, time 4970.88ms, mfu 30.82%
iter 21840: loss 3.1547, time 4949.08ms, mfu 30.82%
iter 21850: loss 3.2178, time 4888.97ms, mfu 30.86%
iter 21860: loss 3.1630, time 4945.34ms, mfu 30.87%
iter 21870: loss 3.1427, time 4916.92ms, mfu 30.88%
iter 21880: loss 3.1945, time 4965.98ms, mfu 30.87%
iter 21890: loss 3.1306, time 4947.62ms, mfu 30.87%
iter 21900: loss 3.2659, time 4967.96ms, mfu 30.86%
iter 21910: loss 3.0603, time 4945.45ms, mfu 30.86%
iter 21920: loss 3.2334, time 4941.75ms, mfu 30.86%
iter 21930: loss 3.2945, time 4917.47ms, mfu 30.88%
iter 21940: loss 3.1450, time 4951.54ms, mfu 30.88%
iter 21950: loss 3.2237, time 4956.89ms, mfu 30.87%
iter 21960: loss 3.1904, time 4974.88ms, mfu 30.85%
iter 21970: loss 3.2473, time 4929.44ms, mfu 30.87%
iter 21980: loss 3.0612, time 4945.24ms, mfu 30.87%
iter 21990: loss 3.1107, time 4953.03ms, mfu 30.86%
step 22000: train loss 3.1651, val loss 3.1760
saving checkpoint to /net/scratch2/junyuren/nanoGPT-manifold/out-gpt2m-grass-hybridgate-r512
iter 22000: loss 3.2324, time 56004.70ms, mfu 28.05%
iter 22010: loss 3.1706, time 4916.11ms, mfu 28.35%
iter 22020: loss 3.1479, time 4954.03ms, mfu 28.60%
iter 22030: loss 3.3110, time 4937.53ms, mfu 28.83%
iter 22040: loss 3.0280, time 4933.06ms, mfu 29.05%
iter 22050: loss 3.2145, time 4945.81ms, mfu 29.23%
iter 22060: loss 3.1856, time 4948.51ms, mfu 29.39%
iter 22070: loss 3.1985, time 4951.20ms, mfu 29.54%
iter 22080: loss 3.1794, time 4916.69ms, mfu 29.69%
iter 22090: loss 3.2523, time 4982.78ms, mfu 29.79%
iter 22100: loss 3.2592, time 4955.83ms, mfu 29.89%
iter 22110: loss 3.2882, time 4943.67ms, mfu 29.99%
iter 22120: loss 3.1600, time 4939.99ms, mfu 30.08%
iter 22130: loss 3.2659, time 4946.05ms, mfu 30.16%
iter 22140: loss 3.2300, time 4949.89ms, mfu 30.23%
iter 22150: loss 3.1984, time 4938.54ms, mfu 30.30%
iter 22160: loss 3.1982, time 4920.68ms, mfu 30.37%
iter 22170: loss 3.2259, time 4967.18ms, mfu 30.41%
iter 22180: loss 3.2593, time 4915.78ms, mfu 30.48%
iter 22190: loss 3.2477, time 4958.04ms, mfu 30.51%
iter 22200: loss 3.1123, time 4952.58ms, mfu 30.54%
iter 22210: loss 3.1443, time 4965.19ms, mfu 30.56%
iter 22220: loss 3.1548, time 5059.04ms, mfu 30.52%
iter 22230: loss 3.2206, time 4923.87ms, mfu 30.57%
iter 22240: loss 3.1713, time 4951.11ms, mfu 30.60%
iter 22250: loss 3.2738, time 4943.54ms, mfu 30.63%
iter 22260: loss 3.2449, time 4945.77ms, mfu 30.65%
iter 22270: loss 3.2935, time 5067.24ms, mfu 30.60%
iter 22280: loss 3.1855, time 4947.47ms, mfu 30.63%
iter 22290: loss 3.1613, time 4982.72ms, mfu 30.63%
iter 22300: loss 3.1797, time 4950.78ms, mfu 30.65%
iter 22310: loss 3.2842, time 4947.51ms, mfu 30.67%
iter 22320: loss 3.1559, time 4954.63ms, mfu 30.69%
iter 22330: loss 3.2056, time 4958.26ms, mfu 30.70%
iter 22340: loss 3.2322, time 4924.28ms, mfu 30.73%
iter 22350: loss 3.1370, time 4915.76ms, mfu 30.76%
iter 22360: loss 3.1226, time 4936.07ms, mfu 30.78%
iter 22370: loss 3.2469, time 4950.05ms, mfu 30.79%
iter 22380: loss 3.1775, time 4948.39ms, mfu 30.80%
iter 22390: loss 3.2765, time 4936.20ms, mfu 30.81%
iter 22400: loss 3.2714, time 4947.55ms, mfu 30.82%
iter 22410: loss 3.1959, time 4936.09ms, mfu 30.83%
iter 22420: loss 3.2695, time 4936.30ms, mfu 30.84%
iter 22430: loss 3.2028, time 4960.18ms, mfu 30.83%
iter 22440: loss 3.2156, time 4952.51ms, mfu 30.83%
iter 22450: loss 3.1170, time 4910.38ms, mfu 30.86%
iter 22460: loss 3.2075, time 4924.23ms, mfu 30.88%
iter 22470: loss 3.2036, time 4957.53ms, mfu 30.87%
iter 22480: loss 3.2947, time 4941.62ms, mfu 30.87%
iter 22490: loss 3.2622, time 4947.96ms, mfu 30.87%
iter 22500: loss 3.2345, time 4929.17ms, mfu 30.88%
iter 22510: loss 3.0625, time 4957.55ms, mfu 30.87%
iter 22520: loss 3.0673, time 4957.03ms, mfu 30.87%
iter 22530: loss 3.1014, time 4934.08ms, mfu 30.88%
iter 22540: loss 3.3288, time 4951.11ms, mfu 30.87%
iter 22550: loss 3.1100, time 4978.30ms, mfu 30.85%
iter 22560: loss 3.2370, time 4932.13ms, mfu 30.86%
iter 22570: loss 3.2064, time 4932.16ms, mfu 30.87%
iter 22580: loss 3.2544, time 4944.23ms, mfu 30.88%
iter 22590: loss 3.2222, time 4930.52ms, mfu 30.89%
iter 22600: loss 3.2489, time 4949.62ms, mfu 30.88%
iter 22610: loss 3.1744, time 4945.73ms, mfu 30.88%
iter 22620: loss 3.1942, time 4929.31ms, mfu 30.89%
iter 22630: loss 3.0603, time 4948.59ms, mfu 30.89%
iter 22640: loss 3.2667, time 4973.21ms, mfu 30.87%
iter 22650: loss 3.2761, time 4947.53ms, mfu 30.87%
iter 22660: loss 3.1974, time 4919.64ms, mfu 30.89%
iter 22670: loss 3.2422, time 4973.73ms, mfu 30.87%
iter 22680: loss 3.1546, time 4951.76ms, mfu 30.87%
iter 22690: loss 3.2563, time 4929.07ms, mfu 30.88%
iter 22700: loss 3.2337, time 4974.44ms, mfu 30.86%
iter 22710: loss 3.1157, time 4939.14ms, mfu 30.87%
iter 22720: loss 3.2682, time 4942.97ms, mfu 30.87%
iter 22730: loss 3.2200, time 4957.28ms, mfu 30.86%
iter 22740: loss 3.2493, time 4943.77ms, mfu 30.87%
iter 22750: loss 3.2630, time 4929.60ms, mfu 30.88%
iter 22760: loss 3.3197, time 4938.50ms, mfu 30.88%
iter 22770: loss 3.1265, time 4941.23ms, mfu 30.88%
iter 22780: loss 3.2946, time 4933.24ms, mfu 30.89%
iter 22790: loss 3.1358, time 4928.68ms, mfu 30.90%
iter 22800: loss 3.0893, time 4953.68ms, mfu 30.89%
iter 22810: loss 3.1090, time 4945.94ms, mfu 30.89%
iter 22820: loss 3.2151, time 4948.35ms, mfu 30.89%
iter 22830: loss 3.3508, time 5031.11ms, mfu 30.84%
iter 22840: loss 3.2069, time 4979.84ms, mfu 30.82%
iter 22850: loss 3.1945, time 4935.35ms, mfu 30.83%
iter 22860: loss 3.2013, time 4952.04ms, mfu 30.83%
iter 22870: loss 3.2596, time 4951.75ms, mfu 30.83%
iter 22880: loss 3.2150, time 4942.80ms, mfu 30.84%
iter 22890: loss 3.2739, time 4956.87ms, mfu 30.84%
iter 22900: loss 3.1267, time 4969.63ms, mfu 30.83%
iter 22910: loss 3.1485, time 4940.41ms, mfu 30.83%
iter 22920: loss 3.2654, time 4917.30ms, mfu 30.86%
iter 22930: loss 3.2956, time 4972.58ms, mfu 30.84%
iter 22940: loss 3.3508, time 4931.03ms, mfu 30.85%
iter 22950: loss 3.1318, time 4958.52ms, mfu 30.85%
iter 22960: loss 3.2033, time 4951.20ms, mfu 30.85%
iter 22970: loss 3.2627, time 4932.11ms, mfu 30.86%
iter 22980: loss 3.1891, time 4953.93ms, mfu 30.86%
iter 22990: loss 3.2394, time 4939.41ms, mfu 30.86%
step 23000: train loss 3.1549, val loss 3.1767
saving checkpoint to /net/scratch2/junyuren/nanoGPT-manifold/out-gpt2m-grass-hybridgate-r512
iter 23000: loss 3.2105, time 55043.65ms, mfu 28.05%
iter 23010: loss 3.1993, time 4959.22ms, mfu 28.33%
iter 23020: loss 3.1828, time 4935.29ms, mfu 28.59%
iter 23030: loss 3.2238, time 4953.16ms, mfu 28.81%
iter 23040: loss 3.2027, time 4908.50ms, mfu 29.04%
iter 23050: loss 3.2344, time 4904.21ms, mfu 29.25%
iter 23060: loss 3.1028, time 4951.06ms, mfu 29.41%
iter 23070: loss 3.1579, time 4945.13ms, mfu 29.56%
iter 23080: loss 3.2138, time 4987.82ms, mfu 29.66%
iter 23090: loss 3.0169, time 4974.90ms, mfu 29.77%
iter 23100: loss 3.1707, time 4969.01ms, mfu 29.86%
iter 23110: loss 3.2993, time 4938.84ms, mfu 29.97%
iter 23120: loss 3.2719, time 4921.87ms, mfu 30.08%
iter 23130: loss 3.1305, time 4940.25ms, mfu 30.16%
iter 23140: loss 3.1936, time 4951.82ms, mfu 30.23%
iter 23150: loss 3.1553, time 4936.93ms, mfu 30.30%
iter 23160: loss 3.1418, time 4943.25ms, mfu 30.36%
iter 23170: loss 3.2173, time 4907.10ms, mfu 30.43%
iter 23180: loss 3.1586, time 4910.01ms, mfu 30.50%
iter 23190: loss 3.2895, time 4962.16ms, mfu 30.53%
iter 23200: loss 3.1803, time 4977.73ms, mfu 30.54%
iter 23210: loss 3.1285, time 4944.02ms, mfu 30.58%
iter 23220: loss 3.1927, time 4929.22ms, mfu 30.62%
iter 23230: loss 3.2467, time 4958.58ms, mfu 30.64%
iter 23240: loss 3.2300, time 4929.14ms, mfu 30.67%
iter 23250: loss 3.1680, time 4940.79ms, mfu 30.69%
iter 23260: loss 3.2538, time 4926.70ms, mfu 30.72%
iter 23270: loss 3.2555, time 4947.68ms, mfu 30.74%
iter 23280: loss 3.2116, time 4939.87ms, mfu 30.76%
iter 23290: loss 3.1406, time 4957.45ms, mfu 30.76%
iter 23300: loss 3.1455, time 4963.12ms, mfu 30.76%
iter 23310: loss 3.2645, time 4979.18ms, mfu 30.75%
iter 23320: loss 3.1870, time 4966.24ms, mfu 30.75%
iter 23330: loss 3.1635, time 4959.86ms, mfu 30.76%
iter 23340: loss 3.1675, time 4953.05ms, mfu 30.76%
iter 23350: loss 3.3052, time 4932.81ms, mfu 30.78%
iter 23360: loss 3.2020, time 4948.83ms, mfu 30.79%
iter 23370: loss 3.0739, time 4965.61ms, mfu 30.79%
iter 23380: loss 3.2861, time 4952.12ms, mfu 30.79%
iter 23390: loss 3.0762, time 4960.60ms, mfu 30.79%
iter 23400: loss 3.1535, time 5080.86ms, mfu 30.72%
iter 23410: loss 3.1171, time 4930.77ms, mfu 30.74%
iter 23420: loss 3.1568, time 4957.35ms, mfu 30.75%
iter 23430: loss 3.1879, time 4958.66ms, mfu 30.75%
iter 23440: loss 3.1826, time 4964.55ms, mfu 30.76%
iter 23450: loss 3.1602, time 4984.16ms, mfu 30.74%
iter 23460: loss 3.1697, time 4948.43ms, mfu 30.76%
iter 23470: loss 3.1636, time 4960.90ms, mfu 30.76%
iter 23480: loss 3.3215, time 4956.90ms, mfu 30.76%
iter 23490: loss 3.2571, time 4929.58ms, mfu 30.78%
iter 23500: loss 3.1860, time 4943.48ms, mfu 30.80%
iter 23510: loss 3.2665, time 4959.30ms, mfu 30.80%
iter 23520: loss 3.0341, time 4945.65ms, mfu 30.80%
iter 23530: loss 3.0907, time 4940.33ms, mfu 30.81%
iter 23540: loss 3.1131, time 4911.10ms, mfu 30.84%
iter 23550: loss 3.1694, time 4952.62ms, mfu 30.84%
iter 23560: loss 3.2805, time 4958.74ms, mfu 30.84%
iter 23570: loss 3.1331, time 4954.41ms, mfu 30.84%
iter 23580: loss 3.2524, time 4952.40ms, mfu 30.84%
iter 23590: loss 3.2928, time 4988.42ms, mfu 30.81%
iter 23600: loss 3.1471, time 4962.20ms, mfu 30.81%
iter 23610: loss 3.1065, time 4941.91ms, mfu 30.82%
iter 23620: loss 3.2466, time 4984.28ms, mfu 30.80%
iter 23630: loss 3.1761, time 4979.01ms, mfu 30.79%
iter 23640: loss 3.2381, time 4971.98ms, mfu 30.78%
iter 23650: loss 3.1918, time 4990.71ms, mfu 30.76%
iter 23660: loss 3.1867, time 4934.21ms, mfu 30.78%
iter 23670: loss 3.1857, time 4938.62ms, mfu 30.80%
iter 23680: loss 3.2150, time 4973.77ms, mfu 30.79%
iter 23690: loss 3.2780, time 4976.27ms, mfu 30.78%
iter 23700: loss 3.1533, time 4928.88ms, mfu 30.80%
iter 23710: loss 3.2527, time 4981.04ms, mfu 30.78%
iter 23720: loss 3.1775, time 4967.03ms, mfu 30.78%
iter 23730: loss 3.2269, time 5100.01ms, mfu 30.70%
iter 23740: loss 3.2269, time 4937.42ms, mfu 30.72%
iter 23750: loss 3.1543, time 4937.17ms, mfu 30.74%
iter 23760: loss 3.3283, time 4954.87ms, mfu 30.75%
iter 23770: loss 3.2111, time 4908.34ms, mfu 30.79%
iter 23780: loss 3.1895, time 4953.26ms, mfu 30.79%
iter 23790: loss 3.2936, time 4952.05ms, mfu 30.79%
iter 23800: loss 3.2197, time 4956.99ms, mfu 30.80%
iter 23810: loss 3.2048, time 4947.70ms, mfu 30.80%
iter 23820: loss 3.1818, time 4951.08ms, mfu 30.81%
iter 23830: loss 3.1625, time 4973.17ms, mfu 30.80%
iter 23840: loss 3.2127, time 4982.35ms, mfu 30.78%
iter 23850: loss 3.1447, time 4939.01ms, mfu 30.80%
iter 23860: loss 3.0484, time 4972.39ms, mfu 30.79%
iter 23870: loss 3.3354, time 4937.33ms, mfu 30.80%
iter 23880: loss 3.2070, time 4950.94ms, mfu 30.81%
iter 23890: loss 3.1963, time 4970.39ms, mfu 30.80%
iter 23900: loss 3.1675, time 4932.68ms, mfu 30.81%
iter 23910: loss 3.2015, time 4947.99ms, mfu 30.82%
iter 23920: loss 3.2240, time 4922.47ms, mfu 30.84%
iter 23930: loss 3.1224, time 4932.91ms, mfu 30.85%
iter 23940: loss 3.2532, time 4956.76ms, mfu 30.85%
iter 23950: loss 3.1349, time 4958.28ms, mfu 30.84%
iter 23960: loss 3.2299, time 4964.81ms, mfu 30.83%
iter 23970: loss 3.1468, time 4936.01ms, mfu 30.84%
iter 23980: loss 3.2003, time 4934.17ms, mfu 30.86%
iter 23990: loss 3.2987, time 4945.97ms, mfu 30.86%
step 24000: train loss 3.1521, val loss 3.1560
saving checkpoint to /net/scratch2/junyuren/nanoGPT-manifold/out-gpt2m-grass-hybridgate-r512
iter 24000: loss 3.1830, time 55968.54ms, mfu 28.04%
iter 24010: loss 3.2097, time 4924.60ms, mfu 28.34%
iter 24020: loss 3.1761, time 4927.64ms, mfu 28.61%
iter 24030: loss 3.2326, time 4930.96ms, mfu 28.84%
iter 24040: loss 3.1456, time 4885.80ms, mfu 29.08%
iter 24050: loss 3.2281, time 4910.34ms, mfu 29.29%
iter 24060: loss 3.2913, time 4950.26ms, mfu 29.44%
iter 24070: loss 3.2064, time 4958.09ms, mfu 29.58%
iter 24080: loss 3.1502, time 4917.23ms, mfu 29.73%
iter 24090: loss 3.3084, time 4986.63ms, mfu 29.82%
iter 24100: loss 3.1999, time 4963.78ms, mfu 29.91%
iter 24110: loss 3.3500, time 4951.10ms, mfu 30.00%
iter 24120: loss 3.2441, time 4951.49ms, mfu 30.09%
iter 24130: loss 3.1985, time 4912.84ms, mfu 30.19%
iter 24140: loss 3.1391, time 4913.49ms, mfu 30.28%
iter 24150: loss 3.1655, time 4945.76ms, mfu 30.34%
iter 24160: loss 3.1395, time 4918.82ms, mfu 30.41%
iter 24170: loss 3.1214, time 4927.51ms, mfu 30.47%
iter 24180: loss 3.3063, time 4953.14ms, mfu 30.50%
iter 24190: loss 3.1181, time 4954.15ms, mfu 30.54%
iter 24200: loss 3.2541, time 4967.38ms, mfu 30.56%
iter 24210: loss 3.1269, time 4920.69ms, mfu 30.60%
iter 24220: loss 3.2327, time 4932.23ms, mfu 30.64%
iter 24230: loss 3.2429, time 4914.02ms, mfu 30.68%
iter 24240: loss 3.0796, time 4940.91ms, mfu 30.71%
iter 24250: loss 3.0790, time 4960.49ms, mfu 30.71%
iter 24260: loss 3.1056, time 4937.55ms, mfu 30.74%
iter 24270: loss 3.1189, time 4958.74ms, mfu 30.74%
iter 24280: loss 3.1820, time 4961.11ms, mfu 30.75%
iter 24290: loss 3.2197, time 4958.42ms, mfu 30.75%
iter 24300: loss 3.2922, time 4972.70ms, mfu 30.75%
iter 24310: loss 3.2921, time 4952.67ms, mfu 30.76%
iter 24320: loss 3.2478, time 4906.22ms, mfu 30.79%
iter 24330: loss 3.0846, time 4966.29ms, mfu 30.79%
iter 24340: loss 3.1543, time 4949.79ms, mfu 30.79%
iter 24350: loss 3.2490, time 4949.05ms, mfu 30.80%
iter 24360: loss 3.1397, time 4953.92ms, mfu 30.80%
iter 24370: loss 3.0742, time 4934.66ms, mfu 30.82%
iter 24380: loss 3.1976, time 4949.79ms, mfu 30.82%
iter 24390: loss 3.2213, time 4978.49ms, mfu 30.81%
iter 24400: loss 3.1748, time 4938.99ms, mfu 30.82%
iter 24410: loss 3.1744, time 4927.90ms, mfu 30.84%
iter 24420: loss 3.3106, time 4967.52ms, mfu 30.83%
iter 24430: loss 3.2679, time 4931.60ms, mfu 30.84%
iter 24440: loss 3.3147, time 4972.96ms, mfu 30.83%
iter 24450: loss 3.2936, time 4969.64ms, mfu 30.82%
iter 24460: loss 3.0007, time 4942.36ms, mfu 30.83%
iter 24470: loss 3.2456, time 4935.57ms, mfu 30.84%
iter 24480: loss 3.2359, time 4957.67ms, mfu 30.83%
iter 24490: loss 3.2136, time 4969.70ms, mfu 30.82%
iter 24500: loss 3.0616, time 4958.25ms, mfu 30.82%
iter 24510: loss 3.2166, time 4947.83ms, mfu 30.83%
iter 24520: loss 3.1272, time 4973.84ms, mfu 30.81%
iter 24530: loss 3.2664, time 5097.68ms, mfu 30.73%
iter 24540: loss 3.1377, time 4924.39ms, mfu 30.76%
iter 24550: loss 3.0984, time 4935.92ms, mfu 30.77%
iter 24560: loss 3.0377, time 4944.88ms, mfu 30.79%
iter 24570: loss 3.1531, time 4963.77ms, mfu 30.78%
iter 24580: loss 3.1724, time 4937.24ms, mfu 30.80%
iter 24590: loss 3.2567, time 4923.77ms, mfu 30.82%
iter 24600: loss 3.2110, time 4929.83ms, mfu 30.84%
iter 24610: loss 3.0703, time 4934.26ms, mfu 30.85%
iter 24620: loss 3.2516, time 4956.76ms, mfu 30.84%
iter 24630: loss 3.1935, time 4963.44ms, mfu 30.84%
iter 24640: loss 3.1218, time 4932.19ms, mfu 30.85%
iter 24650: loss 3.2402, time 4972.96ms, mfu 30.83%
iter 24660: loss 3.0874, time 4937.95ms, mfu 30.84%
iter 24670: loss 3.2257, time 4975.16ms, mfu 30.83%
iter 24680: loss 3.1778, time 4953.74ms, mfu 30.83%
iter 24690: loss 3.2758, time 4965.09ms, mfu 30.82%
iter 24700: loss 3.2796, time 4964.69ms, mfu 30.82%
iter 24710: loss 3.2443, time 4916.26ms, mfu 30.84%
iter 24720: loss 3.1639, time 4920.95ms, mfu 30.86%
iter 24730: loss 3.2868, time 5006.55ms, mfu 30.82%
iter 24740: loss 3.2374, time 4947.17ms, mfu 30.83%
iter 24750: loss 3.1464, time 4941.47ms, mfu 30.84%
iter 24760: loss 3.2417, time 4942.05ms, mfu 30.84%
iter 24770: loss 3.0357, time 4921.13ms, mfu 30.86%
iter 24780: loss 3.2311, time 4926.48ms, mfu 30.88%
iter 24790: loss 3.1715, time 4922.47ms, mfu 30.89%
iter 24800: loss 3.3150, time 4988.51ms, mfu 30.86%
iter 24810: loss 3.2136, time 4945.83ms, mfu 30.86%
iter 24820: loss 3.2569, time 4920.63ms, mfu 30.88%
iter 24830: loss 3.3148, time 4920.32ms, mfu 30.90%
iter 24840: loss 3.0312, time 4929.32ms, mfu 30.91%
iter 24850: loss 3.1828, time 4923.58ms, mfu 30.92%
iter 24860: loss 3.2435, time 4911.39ms, mfu 30.93%
iter 24870: loss 3.3040, time 4932.28ms, mfu 30.94%
iter 24880: loss 3.1214, time 4956.02ms, mfu 30.92%
iter 24890: loss 3.1689, time 4954.01ms, mfu 30.91%
iter 24900: loss 3.0532, time 4961.96ms, mfu 30.90%
iter 24910: loss 3.1666, time 4951.93ms, mfu 30.89%
iter 24920: loss 3.2693, time 4952.22ms, mfu 30.89%
iter 24930: loss 3.2668, time 4970.78ms, mfu 30.87%
iter 24940: loss 3.2511, time 4938.79ms, mfu 30.88%
iter 24950: loss 3.2501, time 4965.24ms, mfu 30.87%
iter 24960: loss 3.2122, time 4942.87ms, mfu 30.87%
iter 24970: loss 3.1198, time 4979.90ms, mfu 30.85%
iter 24980: loss 3.1501, time 4952.08ms, mfu 30.85%
iter 24990: loss 3.2015, time 4972.66ms, mfu 30.83%
step 25000: train loss 3.1460, val loss 3.1554
saving checkpoint to /net/scratch2/junyuren/nanoGPT-manifold/out-gpt2m-grass-hybridgate-r512
iter 25000: loss 3.1630, time 55179.75ms, mfu 28.03%
iter 25010: loss 3.1841, time 4976.99ms, mfu 28.29%
iter 25020: loss 3.2040, time 4954.35ms, mfu 28.55%
iter 25030: loss 3.1814, time 4955.46ms, mfu 28.77%
iter 25040: loss 3.1246, time 4951.29ms, mfu 28.98%
iter 25050: loss 3.3161, time 4978.06ms, mfu 29.15%
iter 25060: loss 3.1519, time 4982.78ms, mfu 29.30%
iter 25070: loss 3.2455, time 4951.01ms, mfu 29.45%
iter 25080: loss 2.9118, time 4933.97ms, mfu 29.60%
iter 25090: loss 3.1488, time 4945.02ms, mfu 29.73%
iter 25100: loss 3.1451, time 4944.50ms, mfu 29.85%
iter 25110: loss 3.2816, time 4950.17ms, mfu 29.95%
iter 25120: loss 3.1451, time 4973.00ms, mfu 30.02%
iter 25130: loss 3.2359, time 4939.28ms, mfu 30.11%
iter 25140: loss 3.2918, time 4939.45ms, mfu 30.19%
iter 25150: loss 3.2530, time 4954.15ms, mfu 30.26%
iter 25160: loss 3.2062, time 4952.78ms, mfu 30.31%
iter 25170: loss 3.1218, time 4946.60ms, mfu 30.37%
iter 25180: loss 3.2164, time 4955.20ms, mfu 30.42%
iter 25190: loss 3.3389, time 4974.40ms, mfu 30.44%
iter 25200: loss 3.2036, time 4939.68ms, mfu 30.49%
iter 25210: loss 3.1736, time 5544.98ms, mfu 30.20%
iter 25220: loss 3.2495, time 4964.85ms, mfu 30.25%
iter 25230: loss 3.2479, time 4972.95ms, mfu 30.30%
iter 25240: loss 3.2097, time 4962.58ms, mfu 30.35%
iter 25250: loss 3.3454, time 4944.76ms, mfu 30.40%
iter 25260: loss 3.1932, time 4969.76ms, mfu 30.43%
iter 25270: loss 3.2210, time 4926.85ms, mfu 30.49%
iter 25280: loss 3.2181, time 4928.94ms, mfu 30.54%
iter 25290: loss 3.3084, time 4978.02ms, mfu 30.55%
iter 25300: loss 3.1268, time 4964.89ms, mfu 30.57%
iter 25310: loss 3.0951, time 4976.51ms, mfu 30.58%
iter 25320: loss 3.0238, time 4963.50ms, mfu 30.60%
iter 25330: loss 3.1176, time 4943.88ms, mfu 30.63%
iter 25340: loss 3.1923, time 4945.05ms, mfu 30.66%
iter 25350: loss 3.3181, time 4988.11ms, mfu 30.65%
