=== TIER 1 EXPERIMENT 3 (CONTINUATION): 24L, r=384, Full Block ===
Job ID: 611036
Node: m001
Start time: Sat Jan  3 01:12:37 AM CST 2026

Resuming from checkpoint: /net/scratch2/junyuren/nanoGPT-manifold/out-gpt2m-grass-fullblock-r384/ckpt.pt

Overriding config with config/train_gpt2_medium_grassmann_fullblock_r384.py:
Overriding config with config/train_gpt2_medium_grassmann_fullblock_r384.py:
Overriding config with config/train_gpt2_medium_grassmann_fullblock_r384.py:
# TIER 1 EXPERIMENT 3: 24L, r=384, FULL block decomposition
# Question: Does fine-grained decomposition help 24L like it helps 36L?
# Hypothesis: If full block outperforms hybrid, block granularity matters

# GPT-2 Medium architecture
n_layer = 24
n_head = 16
n_embd = 1024
block_size = 1024
dropout = 0.1
bias = False  # Grassmann requires no bias

# Enable Grassmann with FULL block decomposition
use_grassmann = True
use_full_block_decomp = True  # Use 16×16 grid instead of 3-block hybrid

# Full block decomposition configuration
full_block_size = 64  # 1024 / 64 = 16 blocks per dimension → 16×16 grid = 256 blocks
full_block_gating_mode = 'per_head'  # Options: 'per_head' (16 gates), 'per_block' (256 gates)

# Grassmann configuration
# Note: grass_rank is used for mlp.c_fc blocks, not for c_attn full blocks
# c_attn blocks use rank = full_block_size // 2 automatically (32 for 64×64 blocks)
grass_rank = 384  # For mlp.c_fc (4 blocks), matching other 24L experiments
grass_scale = 10.0  # Uniform x=10 scaling
grass_a = 1.0  # Identity-centered for non-skip layers
grass_b = 0.0
grass_lr = 2e-3  # Same as other 24L experiments

# Gating LRs
# For full block decomp: per_head mode has 16 gates/layer
gate_lr = 1.2e-3  # 2× learning_rate for gates
embed_lr = 3e-4   # 0.5× learning_rate for embeddings

# Training hyperparameters
learning_rate = 6e-4  # Base LR for AdamW components
max_iters = 100000  # Same as other 24L experiments
warmup_iters = 2000  # Standard warmup
lr_decay_iters = 100000  # Cosine decay to min_lr
min_lr = 6e-5  # 0.1 × learning_rate

# Multi-GPU batch configuration
# REDUCED for full block decomposition (768 blocks/layer uses more memory)
# 16 × 24 × 4 GPUs = 1536 sequences × 1024 seq_len = 1,572,864 tokens (same total)
# grad_accum MUST be divisible by 4 GPUs (DDP requirement)
batch_size = 16  # Per GPU (reduced from 32 due to memory constraints)
gradient_accumulation_steps = 24  # Doubled to maintain same tokens/iter (393K tokens)

# Regularization
weight_decay = 1e-1  # Standard for GPT-2

# Optimizer
beta1 = 0.9
beta2 = 0.95
grad_clip = 1.0

# Evaluation
eval_interval = 1000
eval_iters = 200
log_interval = 10

# Dataset
dataset = 'openwebtext'
data_dir = '/net/scratch2/junyuren/nanoGPT-manifold/data/openwebtext'
always_save_checkpoint = True

# CRITICAL: Save to scratch (home has strict disk quota!)
out_dir = '/net/scratch2/junyuren/nanoGPT-manifold/out-gpt2m-grass-fullblock-r384'

# Compile for performance
compile = True

# System
dtype = 'bfloat16'  # More stable than float16 for Grassmann
device = 'cuda'

# Phase identifier (for configure_optimizers_grassmann_phases)
grassmann_phase = 'phase3'  # c_attn + mlp.c_fc (non-skip-facing only)
# TIER 1 EXPERIMENT 3: 24L, r=384, FULL block decomposition
# Question: Does fine-grained decomposition help 24L like it helps 36L?
# Hypothesis: If full block outperforms hybrid, block granularity matters

# GPT-2 Medium architecture
n_layer = 24
n_head = 16
n_embd = 1024
block_size = 1024
dropout = 0.1
bias = False  # Grassmann requires no bias

# Enable Grassmann with FULL block decomposition
use_grassmann = True
use_full_block_decomp = True  # Use 16×16 grid instead of 3-block hybrid

# Full block decomposition configuration
full_block_size = 64  # 1024 / 64 = 16 blocks per dimension → 16×16 grid = 256 blocks
full_block_gating_mode = 'per_head'  # Options: 'per_head' (16 gates), 'per_block' (256 gates)

# Grassmann configuration
# Note: grass_rank is used for mlp.c_fc blocks, not for c_attn full blocks
# c_attn blocks use rank = full_block_size // 2 automatically (32 for 64×64 blocks)
grass_rank = 384  # For mlp.c_fc (4 blocks), matching other 24L experiments
grass_scale = 10.0  # Uniform x=10 scaling
grass_a = 1.0  # Identity-centered for non-skip layers
grass_b = 0.0
grass_lr = 2e-3  # Same as other 24L experiments

# Gating LRs
# For full block decomp: per_head mode has 16 gates/layer
gate_lr = 1.2e-3  # 2× learning_rate for gates
embed_lr = 3e-4   # 0.5× learning_rate for embeddings

# Training hyperparameters
learning_rate = 6e-4  # Base LR for AdamW components
max_iters = 100000  # Same as other 24L experiments
warmup_iters = 2000  # Standard warmup
lr_decay_iters = 100000  # Cosine decay to min_lr
min_lr = 6e-5  # 0.1 × learning_rate

# Multi-GPU batch configuration
# REDUCED for full block decomposition (768 blocks/layer uses more memory)
# 16 × 24 × 4 GPUs = 1536 sequences × 1024 seq_len = 1,572,864 tokens (same total)
# grad_accum MUST be divisible by 4 GPUs (DDP requirement)
batch_size = 16  # Per GPU (reduced from 32 due to memory constraints)
gradient_accumulation_steps = 24  # Doubled to maintain same tokens/iter (393K tokens)

# Regularization
weight_decay = 1e-1  # Standard for GPT-2

# Optimizer
beta1 = 0.9
beta2 = 0.95
grad_clip = 1.0

# Evaluation
eval_interval = 1000
eval_iters = 200
log_interval = 10

# Dataset
dataset = 'openwebtext'
data_dir = '/net/scratch2/junyuren/nanoGPT-manifold/data/openwebtext'
always_save_checkpoint = True

# CRITICAL: Save to scratch (home has strict disk quota!)
out_dir = '/net/scratch2/junyuren/nanoGPT-manifold/out-gpt2m-grass-fullblock-r384'

# Compile for performance
compile = True

# System
dtype = 'bfloat16'  # More stable than float16 for Grassmann
device = 'cuda'

# Phase identifier (for configure_optimizers_grassmann_phases)
grassmann_phase = 'phase3'  # c_attn + mlp.c_fc (non-skip-facing only)


# TIER 1 EXPERIMENT 3: 24L, r=384, FULL block decomposition
# Question: Does fine-grained decomposition help 24L like it helps 36L?
# Hypothesis: If full block outperforms hybrid, block granularity matters

# GPT-2 Medium architecture
n_layer = 24
n_head = 16
n_embd = 1024
block_size = 1024
dropout = 0.1
bias = False  # Grassmann requires no bias

# Enable Grassmann with FULL block decomposition
use_grassmann = True
use_full_block_decomp = True  # Use 16×16 grid instead of 3-block hybrid

# Full block decomposition configuration
full_block_size = 64  # 1024 / 64 = 16 blocks per dimension → 16×16 grid = 256 blocks
full_block_gating_mode = 'per_head'  # Options: 'per_head' (16 gates), 'per_block' (256 gates)

# Grassmann configuration
# Note: grass_rank is used for mlp.c_fc blocks, not for c_attn full blocks
# c_attn blocks use rank = full_block_size // 2 automatically (32 for 64×64 blocks)
grass_rank = 384  # For mlp.c_fc (4 blocks), matching other 24L experiments
grass_scale = 10.0  # Uniform x=10 scaling
grass_a = 1.0  # Identity-centered for non-skip layers
grass_b = 0.0
grass_lr = 2e-3  # Same as other 24L experiments

# Gating LRs
# For full block decomp: per_head mode has 16 gates/layer
gate_lr = 1.2e-3  # 2× learning_rate for gates
embed_lr = 3e-4   # 0.5× learning_rate for embeddings

# Training hyperparameters
learning_rate = 6e-4  # Base LR for AdamW components
max_iters = 100000  # Same as other 24L experiments
warmup_iters = 2000  # Standard warmup
lr_decay_iters = 100000  # Cosine decay to min_lr
min_lr = 6e-5  # 0.1 × learning_rate

# Multi-GPU batch configuration
# REDUCED for full block decomposition (768 blocks/layer uses more memory)
# 16 × 24 × 4 GPUs = 1536 sequences × 1024 seq_len = 1,572,864 tokens (same total)
# grad_accum MUST be divisible by 4 GPUs (DDP requirement)
batch_size = 16  # Per GPU (reduced from 32 due to memory constraints)
gradient_accumulation_steps = 24  # Doubled to maintain same tokens/iter (393K tokens)

# Regularization
weight_decay = 1e-1  # Standard for GPT-2

# Optimizer
beta1 = 0.9
beta2 = 0.95
grad_clip = 1.0

# Evaluation
eval_interval = 1000
eval_iters = 200
log_interval = 10

# Dataset
dataset = 'openwebtext'
data_dir = '/net/scratch2/junyuren/nanoGPT-manifold/data/openwebtext'
always_save_checkpoint = True

# CRITICAL: Save to scratch (home has strict disk quota!)
out_dir = '/net/scratch2/junyuren/nanoGPT-manifold/out-gpt2m-grass-fullblock-r384'

# Compile for performance
compile = True

# System
dtype = 'bfloat16'  # More stable than float16 for Grassmann
device = 'cuda'

# Phase identifier (for configure_optimizers_grassmann_phases)
grassmann_phase = 'phase3'  # c_attn + mlp.c_fc (non-skip-facing only)

Overriding: init_from = resume
Overriding config with config/train_gpt2_medium_grassmann_fullblock_r384.py:Overriding: init_from = resume

# TIER 1 EXPERIMENT 3: 24L, r=384, FULL block decomposition
# Question: Does fine-grained decomposition help 24L like it helps 36L?
# Hypothesis: If full block outperforms hybrid, block granularity matters

# GPT-2 Medium architecture
n_layer = 24
n_head = 16
n_embd = 1024
block_size = 1024
dropout = 0.1
bias = False  # Grassmann requires no bias

# Enable Grassmann with FULL block decomposition
use_grassmann = True
use_full_block_decomp = True  # Use 16×16 grid instead of 3-block hybrid

# Full block decomposition configuration
full_block_size = 64  # 1024 / 64 = 16 blocks per dimension → 16×16 grid = 256 blocks
full_block_gating_mode = 'per_head'  # Options: 'per_head' (16 gates), 'per_block' (256 gates)

# Grassmann configuration
# Note: grass_rank is used for mlp.c_fc blocks, not for c_attn full blocks
# c_attn blocks use rank = full_block_size // 2 automatically (32 for 64×64 blocks)
grass_rank = 384  # For mlp.c_fc (4 blocks), matching other 24L experiments
grass_scale = 10.0  # Uniform x=10 scaling
grass_a = 1.0  # Identity-centered for non-skip layers
grass_b = 0.0
grass_lr = 2e-3  # Same as other 24L experiments

# Gating LRs
# For full block decomp: per_head mode has 16 gates/layer
gate_lr = 1.2e-3  # 2× learning_rate for gates
embed_lr = 3e-4   # 0.5× learning_rate for embeddings

# Training hyperparameters
learning_rate = 6e-4  # Base LR for AdamW components
max_iters = 100000  # Same as other 24L experiments
warmup_iters = 2000  # Standard warmup
lr_decay_iters = 100000  # Cosine decay to min_lr
min_lr = 6e-5  # 0.1 × learning_rate

# Multi-GPU batch configuration
# REDUCED for full block decomposition (768 blocks/layer uses more memory)
# 16 × 24 × 4 GPUs = 1536 sequences × 1024 seq_len = 1,572,864 tokens (same total)
# grad_accum MUST be divisible by 4 GPUs (DDP requirement)
batch_size = 16  # Per GPU (reduced from 32 due to memory constraints)
gradient_accumulation_steps = 24  # Doubled to maintain same tokens/iter (393K tokens)

# Regularization
weight_decay = 1e-1  # Standard for GPT-2

# Optimizer
beta1 = 0.9
beta2 = 0.95
grad_clip = 1.0

# Evaluation
eval_interval = 1000
eval_iters = 200
log_interval = 10

# Dataset
dataset = 'openwebtext'
data_dir = '/net/scratch2/junyuren/nanoGPT-manifold/data/openwebtext'
always_save_checkpoint = True

# CRITICAL: Save to scratch (home has strict disk quota!)
out_dir = '/net/scratch2/junyuren/nanoGPT-manifold/out-gpt2m-grass-fullblock-r384'

# Compile for performance
compile = True

# System
dtype = 'bfloat16'  # More stable than float16 for Grassmann
device = 'cuda'

# Phase identifier (for configure_optimizers_grassmann_phases)
grassmann_phase = 'phase3'  # c_attn + mlp.c_fc (non-skip-facing only)

Overriding: init_from = resume
Overriding: init_from = resume
tokens per iteration will be: 393,216
Resuming training from /net/scratch2/junyuren/nanoGPT-manifold/out-gpt2m-grass-fullblock-r384
tokens per iteration will be: 393,216
Resuming training from /net/scratch2/junyuren/nanoGPT-manifold/out-gpt2m-grass-fullblock-r384
tokens per iteration will be: 393,216
Resuming training from /net/scratch2/junyuren/nanoGPT-manifold/out-gpt2m-grass-fullblock-r384
tokens per iteration will be: 393,216
Resuming training from /net/scratch2/junyuren/nanoGPT-manifold/out-gpt2m-grass-fullblock-r384
number of parameters: 354.83M
number of parameters: 354.83M
number of parameters: 354.83M
number of parameters: 354.83M

=== Phase phase3 Grassmann Configuration ===

Per-block configuration (24 blocks):
  c_attn ranks:       [384, 384, 384, 384, 384, 384, 384, 384, 384, 384, 384, 384, 384, 384, 384, 384, 384, 384, 384, 384, 384, 384, 384, 384]
  c_attn scales:      ['1.00', '1.00', '1.00', '1.00', '1.00', '1.00', '1.00', '1.00', '1.00', '1.00', '1.00', '1.00', '1.00', '1.00', '1.00', '1.00', '1.00', '1.00', '1.00', '1.00', '1.00', '1.00', '1.00', '1.00']
  mlp.c_fc ranks:     [384, 384, 384, 384, 384, 384, 384, 384, 384, 384, 384, 384, 384, 384, 384, 384, 384, 384, 384, 384, 384, 384, 384, 384]
  mlp.c_fc scales:    ['1.00', '1.00', '1.00', '1.00', '1.00', '1.00', '1.00', '1.00', '1.00', '1.00', '1.00', '1.00', '1.00', '1.00', '1.00', '1.00', '1.00', '1.00', '1.00', '1.00', '1.00', '1.00', '1.00', '1.00']
Grassmann Muon parameters: 168 weight matrices, 176,160,768 params
AdamW optimizer groups:
  Gates:      120 tensors, 1,277,952 params, lr=1.20e-03, wd=0.1
  Projections: 48 tensors, 125,829,120 params, lr=6.00e-04, wd=0.1
  Embeddings: 2 tensors, 52,559,872 params, lr=3.00e-04, wd=0.0
  No decay:   49 tensors, 50,176 params, lr=6.00e-04, wd=0.0
  transformer.h.0.attn.c_attn.blocks.0.weight: k=1, G_{1.0,0.0,384}, lr=0.008, scale=1.0, type=None
  transformer.h.0.attn.c_attn.blocks.1.weight: k=1, G_{1.0,0.0,384}, lr=0.008, scale=1.0, type=None
  transformer.h.0.attn.c_attn.blocks.2.weight: k=1, G_{1.0,0.0,384}, lr=0.008, scale=1.0, type=None
  transformer.h.0.mlp.c_fc.blocks.0.weight: k=1, G_{1.0,0.0,384}, lr=0.008, scale=1.0, type=None
  transformer.h.0.mlp.c_fc.blocks.1.weight: k=1, G_{1.0,0.0,384}, lr=0.008, scale=1.0, type=None
  transformer.h.0.mlp.c_fc.blocks.2.weight: k=1, G_{1.0,0.0,384}, lr=0.008, scale=1.0, type=None
  transformer.h.0.mlp.c_fc.blocks.3.weight: k=1, G_{1.0,0.0,384}, lr=0.008, scale=1.0, type=None
  transformer.h.1.attn.c_attn.blocks.0.weight: k=1, G_{1.0,0.0,384}, lr=0.008, scale=1.0, type=None
  transformer.h.1.attn.c_attn.blocks.1.weight: k=1, G_{1.0,0.0,384}, lr=0.008, scale=1.0, type=None
  transformer.h.1.attn.c_attn.blocks.2.weight: k=1, G_{1.0,0.0,384}, lr=0.008, scale=1.0, type=None
  transformer.h.1.mlp.c_fc.blocks.0.weight: k=1, G_{1.0,0.0,384}, lr=0.008, scale=1.0, type=None
  transformer.h.1.mlp.c_fc.blocks.1.weight: k=1, G_{1.0,0.0,384}, lr=0.008, scale=1.0, type=None
  transformer.h.1.mlp.c_fc.blocks.2.weight: k=1, G_{1.0,0.0,384}, lr=0.008, scale=1.0, type=None
  transformer.h.1.mlp.c_fc.blocks.3.weight: k=1, G_{1.0,0.0,384}, lr=0.008, scale=1.0, type=None
  transformer.h.2.attn.c_attn.blocks.0.weight: k=1, G_{1.0,0.0,384}, lr=0.008, scale=1.0, type=None
  transformer.h.2.attn.c_attn.blocks.1.weight: k=1, G_{1.0,0.0,384}, lr=0.008, scale=1.0, type=None
  transformer.h.2.attn.c_attn.blocks.2.weight: k=1, G_{1.0,0.0,384}, lr=0.008, scale=1.0, type=None
  transformer.h.2.mlp.c_fc.blocks.0.weight: k=1, G_{1.0,0.0,384}, lr=0.008, scale=1.0, type=None
  transformer.h.2.mlp.c_fc.blocks.1.weight: k=1, G_{1.0,0.0,384}, lr=0.008, scale=1.0, type=None
  transformer.h.2.mlp.c_fc.blocks.2.weight: k=1, G_{1.0,0.0,384}, lr=0.008, scale=1.0, type=None
  transformer.h.2.mlp.c_fc.blocks.3.weight: k=1, G_{1.0,0.0,384}, lr=0.008, scale=1.0, type=None
  transformer.h.3.attn.c_attn.blocks.0.weight: k=1, G_{1.0,0.0,384}, lr=0.008, scale=1.0, type=None
  transformer.h.3.attn.c_attn.blocks.1.weight: k=1, G_{1.0,0.0,384}, lr=0.008, scale=1.0, type=None
  transformer.h.3.attn.c_attn.blocks.2.weight: k=1, G_{1.0,0.0,384}, lr=0.008, scale=1.0, type=None
  transformer.h.3.mlp.c_fc.blocks.0.weight: k=1, G_{1.0,0.0,384}, lr=0.008, scale=1.0, type=None
  transformer.h.3.mlp.c_fc.blocks.1.weight: k=1, G_{1.0,0.0,384}, lr=0.008, scale=1.0, type=None
  transformer.h.3.mlp.c_fc.blocks.2.weight: k=1, G_{1.0,0.0,384}, lr=0.008, scale=1.0, type=None
  transformer.h.3.mlp.c_fc.blocks.3.weight: k=1, G_{1.0,0.0,384}, lr=0.008, scale=1.0, type=None
  transformer.h.4.attn.c_attn.blocks.0.weight: k=1, G_{1.0,0.0,384}, lr=0.008, scale=1.0, type=None
  transformer.h.4.attn.c_attn.blocks.1.weight: k=1, G_{1.0,0.0,384}, lr=0.008, scale=1.0, type=None
  transformer.h.4.attn.c_attn.blocks.2.weight: k=1, G_{1.0,0.0,384}, lr=0.008, scale=1.0, type=None
  transformer.h.4.mlp.c_fc.blocks.0.weight: k=1, G_{1.0,0.0,384}, lr=0.008, scale=1.0, type=None
  transformer.h.4.mlp.c_fc.blocks.1.weight: k=1, G_{1.0,0.0,384}, lr=0.008, scale=1.0, type=None
  transformer.h.4.mlp.c_fc.blocks.2.weight: k=1, G_{1.0,0.0,384}, lr=0.008, scale=1.0, type=None
  transformer.h.4.mlp.c_fc.blocks.3.weight: k=1, G_{1.0,0.0,384}, lr=0.008, scale=1.0, type=None
  transformer.h.5.attn.c_attn.blocks.0.weight: k=1, G_{1.0,0.0,384}, lr=0.008, scale=1.0, type=None
  transformer.h.5.attn.c_attn.blocks.1.weight: k=1, G_{1.0,0.0,384}, lr=0.008, scale=1.0, type=None
  transformer.h.5.attn.c_attn.blocks.2.weight: k=1, G_{1.0,0.0,384}, lr=0.008, scale=1.0, type=None
  transformer.h.5.mlp.c_fc.blocks.0.weight: k=1, G_{1.0,0.0,384}, lr=0.008, scale=1.0, type=None
  transformer.h.5.mlp.c_fc.blocks.1.weight: k=1, G_{1.0,0.0,384}, lr=0.008, scale=1.0, type=None
  transformer.h.5.mlp.c_fc.blocks.2.weight: k=1, G_{1.0,0.0,384}, lr=0.008, scale=1.0, type=None
  transformer.h.5.mlp.c_fc.blocks.3.weight: k=1, G_{1.0,0.0,384}, lr=0.008, scale=1.0, type=None
  transformer.h.6.attn.c_attn.blocks.0.weight: k=1, G_{1.0,0.0,384}, lr=0.008, scale=1.0, type=None
  transformer.h.6.attn.c_attn.blocks.1.weight: k=1, G_{1.0,0.0,384}, lr=0.008, scale=1.0, type=None
  transformer.h.6.attn.c_attn.blocks.2.weight: k=1, G_{1.0,0.0,384}, lr=0.008, scale=1.0, type=None
  transformer.h.6.mlp.c_fc.blocks.0.weight: k=1, G_{1.0,0.0,384}, lr=0.008, scale=1.0, type=None
  transformer.h.6.mlp.c_fc.blocks.1.weight: k=1, G_{1.0,0.0,384}, lr=0.008, scale=1.0, type=None
  transformer.h.6.mlp.c_fc.blocks.2.weight: k=1, G_{1.0,0.0,384}, lr=0.008, scale=1.0, type=None
  transformer.h.6.mlp.c_fc.blocks.3.weight: k=1, G_{1.0,0.0,384}, lr=0.008, scale=1.0, type=None
  transformer.h.7.attn.c_attn.blocks.0.weight: k=1, G_{1.0,0.0,384}, lr=0.008, scale=1.0, type=None
  transformer.h.7.attn.c_attn.blocks.1.weight: k=1, G_{1.0,0.0,384}, lr=0.008, scale=1.0, type=None
  transformer.h.7.attn.c_attn.blocks.2.weight: k=1, G_{1.0,0.0,384}, lr=0.008, scale=1.0, type=None
  transformer.h.7.mlp.c_fc.blocks.0.weight: k=1, G_{1.0,0.0,384}, lr=0.008, scale=1.0, type=None
  transformer.h.7.mlp.c_fc.blocks.1.weight: k=1, G_{1.0,0.0,384}, lr=0.008, scale=1.0, type=None
  transformer.h.7.mlp.c_fc.blocks.2.weight: k=1, G_{1.0,0.0,384}, lr=0.008, scale=1.0, type=None
  transformer.h.7.mlp.c_fc.blocks.3.weight: k=1, G_{1.0,0.0,384}, lr=0.008, scale=1.0, type=None
  transformer.h.8.attn.c_attn.blocks.0.weight: k=1, G_{1.0,0.0,384}, lr=0.008, scale=1.0, type=None
  transformer.h.8.attn.c_attn.blocks.1.weight: k=1, G_{1.0,0.0,384}, lr=0.008, scale=1.0, type=None
  transformer.h.8.attn.c_attn.blocks.2.weight: k=1, G_{1.0,0.0,384}, lr=0.008, scale=1.0, type=None
  transformer.h.8.mlp.c_fc.blocks.0.weight: k=1, G_{1.0,0.0,384}, lr=0.008, scale=1.0, type=None
  transformer.h.8.mlp.c_fc.blocks.1.weight: k=1, G_{1.0,0.0,384}, lr=0.008, scale=1.0, type=None
  transformer.h.8.mlp.c_fc.blocks.2.weight: k=1, G_{1.0,0.0,384}, lr=0.008, scale=1.0, type=None
  transformer.h.8.mlp.c_fc.blocks.3.weight: k=1, G_{1.0,0.0,384}, lr=0.008, scale=1.0, type=None
  transformer.h.9.attn.c_attn.blocks.0.weight: k=1, G_{1.0,0.0,384}, lr=0.008, scale=1.0, type=None
  transformer.h.9.attn.c_attn.blocks.1.weight: k=1, G_{1.0,0.0,384}, lr=0.008, scale=1.0, type=None
  transformer.h.9.attn.c_attn.blocks.2.weight: k=1, G_{1.0,0.0,384}, lr=0.008, scale=1.0, type=None
  transformer.h.9.mlp.c_fc.blocks.0.weight: k=1, G_{1.0,0.0,384}, lr=0.008, scale=1.0, type=None
  transformer.h.9.mlp.c_fc.blocks.1.weight: k=1, G_{1.0,0.0,384}, lr=0.008, scale=1.0, type=None
  transformer.h.9.mlp.c_fc.blocks.2.weight: k=1, G_{1.0,0.0,384}, lr=0.008, scale=1.0, type=None
  transformer.h.9.mlp.c_fc.blocks.3.weight: k=1, G_{1.0,0.0,384}, lr=0.008, scale=1.0, type=None
  transformer.h.10.attn.c_attn.blocks.0.weight: k=1, G_{1.0,0.0,384}, lr=0.008, scale=1.0, type=None
  transformer.h.10.attn.c_attn.blocks.1.weight: k=1, G_{1.0,0.0,384}, lr=0.008, scale=1.0, type=None
  transformer.h.10.attn.c_attn.blocks.2.weight: k=1, G_{1.0,0.0,384}, lr=0.008, scale=1.0, type=None
  transformer.h.10.mlp.c_fc.blocks.0.weight: k=1, G_{1.0,0.0,384}, lr=0.008, scale=1.0, type=None
  transformer.h.10.mlp.c_fc.blocks.1.weight: k=1, G_{1.0,0.0,384}, lr=0.008, scale=1.0, type=None
  transformer.h.10.mlp.c_fc.blocks.2.weight: k=1, G_{1.0,0.0,384}, lr=0.008, scale=1.0, type=None
  transformer.h.10.mlp.c_fc.blocks.3.weight: k=1, G_{1.0,0.0,384}, lr=0.008, scale=1.0, type=None
  transformer.h.11.attn.c_attn.blocks.0.weight: k=1, G_{1.0,0.0,384}, lr=0.008, scale=1.0, type=None
  transformer.h.11.attn.c_attn.blocks.1.weight: k=1, G_{1.0,0.0,384}, lr=0.008, scale=1.0, type=None
  transformer.h.11.attn.c_attn.blocks.2.weight: k=1, G_{1.0,0.0,384}, lr=0.008, scale=1.0, type=None
  transformer.h.11.mlp.c_fc.blocks.0.weight: k=1, G_{1.0,0.0,384}, lr=0.008, scale=1.0, type=None
  transformer.h.11.mlp.c_fc.blocks.1.weight: k=1, G_{1.0,0.0,384}, lr=0.008, scale=1.0, type=None
  transformer.h.11.mlp.c_fc.blocks.2.weight: k=1, G_{1.0,0.0,384}, lr=0.008, scale=1.0, type=None
  transformer.h.11.mlp.c_fc.blocks.3.weight: k=1, G_{1.0,0.0,384}, lr=0.008, scale=1.0, type=None
  transformer.h.12.attn.c_attn.blocks.0.weight: k=1, G_{1.0,0.0,384}, lr=0.008, scale=1.0, type=None
  transformer.h.12.attn.c_attn.blocks.1.weight: k=1, G_{1.0,0.0,384}, lr=0.008, scale=1.0, type=None
  transformer.h.12.attn.c_attn.blocks.2.weight: k=1, G_{1.0,0.0,384}, lr=0.008, scale=1.0, type=None
  transformer.h.12.mlp.c_fc.blocks.0.weight: k=1, G_{1.0,0.0,384}, lr=0.008, scale=1.0, type=None
  transformer.h.12.mlp.c_fc.blocks.1.weight: k=1, G_{1.0,0.0,384}, lr=0.008, scale=1.0, type=None
  transformer.h.12.mlp.c_fc.blocks.2.weight: k=1, G_{1.0,0.0,384}, lr=0.008, scale=1.0, type=None
  transformer.h.12.mlp.c_fc.blocks.3.weight: k=1, G_{1.0,0.0,384}, lr=0.008, scale=1.0, type=None
  transformer.h.13.attn.c_attn.blocks.0.weight: k=1, G_{1.0,0.0,384}, lr=0.008, scale=1.0, type=None
  transformer.h.13.attn.c_attn.blocks.1.weight: k=1, G_{1.0,0.0,384}, lr=0.008, scale=1.0, type=None
  transformer.h.13.attn.c_attn.blocks.2.weight: k=1, G_{1.0,0.0,384}, lr=0.008, scale=1.0, type=None
  transformer.h.13.mlp.c_fc.blocks.0.weight: k=1, G_{1.0,0.0,384}, lr=0.008, scale=1.0, type=None
  transformer.h.13.mlp.c_fc.blocks.1.weight: k=1, G_{1.0,0.0,384}, lr=0.008, scale=1.0, type=None
  transformer.h.13.mlp.c_fc.blocks.2.weight: k=1, G_{1.0,0.0,384}, lr=0.008, scale=1.0, type=None
  transformer.h.13.mlp.c_fc.blocks.3.weight: k=1, G_{1.0,0.0,384}, lr=0.008, scale=1.0, type=None
  transformer.h.14.attn.c_attn.blocks.0.weight: k=1, G_{1.0,0.0,384}, lr=0.008, scale=1.0, type=None
  transformer.h.14.attn.c_attn.blocks.1.weight: k=1, G_{1.0,0.0,384}, lr=0.008, scale=1.0, type=None
  transformer.h.14.attn.c_attn.blocks.2.weight: k=1, G_{1.0,0.0,384}, lr=0.008, scale=1.0, type=None
  transformer.h.14.mlp.c_fc.blocks.0.weight: k=1, G_{1.0,0.0,384}, lr=0.008, scale=1.0, type=None
  transformer.h.14.mlp.c_fc.blocks.1.weight: k=1, G_{1.0,0.0,384}, lr=0.008, scale=1.0, type=None
  transformer.h.14.mlp.c_fc.blocks.2.weight: k=1, G_{1.0,0.0,384}, lr=0.008, scale=1.0, type=None
  transformer.h.14.mlp.c_fc.blocks.3.weight: k=1, G_{1.0,0.0,384}, lr=0.008, scale=1.0, type=None
  transformer.h.15.attn.c_attn.blocks.0.weight: k=1, G_{1.0,0.0,384}, lr=0.008, scale=1.0, type=None
  transformer.h.15.attn.c_attn.blocks.1.weight: k=1, G_{1.0,0.0,384}, lr=0.008, scale=1.0, type=None
  transformer.h.15.attn.c_attn.blocks.2.weight: k=1, G_{1.0,0.0,384}, lr=0.008, scale=1.0, type=None
  transformer.h.15.mlp.c_fc.blocks.0.weight: k=1, G_{1.0,0.0,384}, lr=0.008, scale=1.0, type=None
  transformer.h.15.mlp.c_fc.blocks.1.weight: k=1, G_{1.0,0.0,384}, lr=0.008, scale=1.0, type=None
  transformer.h.15.mlp.c_fc.blocks.2.weight: k=1, G_{1.0,0.0,384}, lr=0.008, scale=1.0, type=None
  transformer.h.15.mlp.c_fc.blocks.3.weight: k=1, G_{1.0,0.0,384}, lr=0.008, scale=1.0, type=None
  transformer.h.16.attn.c_attn.blocks.0.weight: k=1, G_{1.0,0.0,384}, lr=0.008, scale=1.0, type=None
  transformer.h.16.attn.c_attn.blocks.1.weight: k=1, G_{1.0,0.0,384}, lr=0.008, scale=1.0, type=None
  transformer.h.16.attn.c_attn.blocks.2.weight: k=1, G_{1.0,0.0,384}, lr=0.008, scale=1.0, type=None
  transformer.h.16.mlp.c_fc.blocks.0.weight: k=1, G_{1.0,0.0,384}, lr=0.008, scale=1.0, type=None
  transformer.h.16.mlp.c_fc.blocks.1.weight: k=1, G_{1.0,0.0,384}, lr=0.008, scale=1.0, type=None
  transformer.h.16.mlp.c_fc.blocks.2.weight: k=1, G_{1.0,0.0,384}, lr=0.008, scale=1.0, type=None
  transformer.h.16.mlp.c_fc.blocks.3.weight: k=1, G_{1.0,0.0,384}, lr=0.008, scale=1.0, type=None
  transformer.h.17.attn.c_attn.blocks.0.weight: k=1, G_{1.0,0.0,384}, lr=0.008, scale=1.0, type=None
  transformer.h.17.attn.c_attn.blocks.1.weight: k=1, G_{1.0,0.0,384}, lr=0.008, scale=1.0, type=None
  transformer.h.17.attn.c_attn.blocks.2.weight: k=1, G_{1.0,0.0,384}, lr=0.008, scale=1.0, type=None
  transformer.h.17.mlp.c_fc.blocks.0.weight: k=1, G_{1.0,0.0,384}, lr=0.008, scale=1.0, type=None
  transformer.h.17.mlp.c_fc.blocks.1.weight: k=1, G_{1.0,0.0,384}, lr=0.008, scale=1.0, type=None
  transformer.h.17.mlp.c_fc.blocks.2.weight: k=1, G_{1.0,0.0,384}, lr=0.008, scale=1.0, type=None
  transformer.h.17.mlp.c_fc.blocks.3.weight: k=1, G_{1.0,0.0,384}, lr=0.008, scale=1.0, type=None
  transformer.h.18.attn.c_attn.blocks.0.weight: k=1, G_{1.0,0.0,384}, lr=0.008, scale=1.0, type=None
  transformer.h.18.attn.c_attn.blocks.1.weight: k=1, G_{1.0,0.0,384}, lr=0.008, scale=1.0, type=None
  transformer.h.18.attn.c_attn.blocks.2.weight: k=1, G_{1.0,0.0,384}, lr=0.008, scale=1.0, type=None
  transformer.h.18.mlp.c_fc.blocks.0.weight: k=1, G_{1.0,0.0,384}, lr=0.008, scale=1.0, type=None
  transformer.h.18.mlp.c_fc.blocks.1.weight: k=1, G_{1.0,0.0,384}, lr=0.008, scale=1.0, type=None
  transformer.h.18.mlp.c_fc.blocks.2.weight: k=1, G_{1.0,0.0,384}, lr=0.008, scale=1.0, type=None
  transformer.h.18.mlp.c_fc.blocks.3.weight: k=1, G_{1.0,0.0,384}, lr=0.008, scale=1.0, type=None
  transformer.h.19.attn.c_attn.blocks.0.weight: k=1, G_{1.0,0.0,384}, lr=0.008, scale=1.0, type=None
  transformer.h.19.attn.c_attn.blocks.1.weight: k=1, G_{1.0,0.0,384}, lr=0.008, scale=1.0, type=None
  transformer.h.19.attn.c_attn.blocks.2.weight: k=1, G_{1.0,0.0,384}, lr=0.008, scale=1.0, type=None
  transformer.h.19.mlp.c_fc.blocks.0.weight: k=1, G_{1.0,0.0,384}, lr=0.008, scale=1.0, type=None
  transformer.h.19.mlp.c_fc.blocks.1.weight: k=1, G_{1.0,0.0,384}, lr=0.008, scale=1.0, type=None
  transformer.h.19.mlp.c_fc.blocks.2.weight: k=1, G_{1.0,0.0,384}, lr=0.008, scale=1.0, type=None
  transformer.h.19.mlp.c_fc.blocks.3.weight: k=1, G_{1.0,0.0,384}, lr=0.008, scale=1.0, type=None
  transformer.h.20.attn.c_attn.blocks.0.weight: k=1, G_{1.0,0.0,384}, lr=0.008, scale=1.0, type=None
  transformer.h.20.attn.c_attn.blocks.1.weight: k=1, G_{1.0,0.0,384}, lr=0.008, scale=1.0, type=None
  transformer.h.20.attn.c_attn.blocks.2.weight: k=1, G_{1.0,0.0,384}, lr=0.008, scale=1.0, type=None
  transformer.h.20.mlp.c_fc.blocks.0.weight: k=1, G_{1.0,0.0,384}, lr=0.008, scale=1.0, type=None
  transformer.h.20.mlp.c_fc.blocks.1.weight: k=1, G_{1.0,0.0,384}, lr=0.008, scale=1.0, type=None
  transformer.h.20.mlp.c_fc.blocks.2.weight: k=1, G_{1.0,0.0,384}, lr=0.008, scale=1.0, type=None
  transformer.h.20.mlp.c_fc.blocks.3.weight: k=1, G_{1.0,0.0,384}, lr=0.008, scale=1.0, type=None
  transformer.h.21.attn.c_attn.blocks.0.weight: k=1, G_{1.0,0.0,384}, lr=0.008, scale=1.0, type=None
  transformer.h.21.attn.c_attn.blocks.1.weight: k=1, G_{1.0,0.0,384}, lr=0.008, scale=1.0, type=None
  transformer.h.21.attn.c_attn.blocks.2.weight: k=1, G_{1.0,0.0,384}, lr=0.008, scale=1.0, type=None
  transformer.h.21.mlp.c_fc.blocks.0.weight: k=1, G_{1.0,0.0,384}, lr=0.008, scale=1.0, type=None
  transformer.h.21.mlp.c_fc.blocks.1.weight: k=1, G_{1.0,0.0,384}, lr=0.008, scale=1.0, type=None
  transformer.h.21.mlp.c_fc.blocks.2.weight: k=1, G_{1.0,0.0,384}, lr=0.008, scale=1.0, type=None
  transformer.h.21.mlp.c_fc.blocks.3.weight: k=1, G_{1.0,0.0,384}, lr=0.008, scale=1.0, type=None
  transformer.h.22.attn.c_attn.blocks.0.weight: k=1, G_{1.0,0.0,384}, lr=0.008, scale=1.0, type=None
  transformer.h.22.attn.c_attn.blocks.1.weight: k=1, G_{1.0,0.0,384}, lr=0.008, scale=1.0, type=None
  transformer.h.22.attn.c_attn.blocks.2.weight: k=1, G_{1.0,0.0,384}, lr=0.008, scale=1.0, type=None
  transformer.h.22.mlp.c_fc.blocks.0.weight: k=1, G_{1.0,0.0,384}, lr=0.008, scale=1.0, type=None
  transformer.h.22.mlp.c_fc.blocks.1.weight: k=1, G_{1.0,0.0,384}, lr=0.008, scale=1.0, type=None
  transformer.h.22.mlp.c_fc.blocks.2.weight: k=1, G_{1.0,0.0,384}, lr=0.008, scale=1.0, type=None
  transformer.h.22.mlp.c_fc.blocks.3.weight: k=1, G_{1.0,0.0,384}, lr=0.008, scale=1.0, type=None
  transformer.h.23.attn.c_attn.blocks.0.weight: k=1, G_{1.0,0.0,384}, lr=0.008, scale=1.0, type=None
  transformer.h.23.attn.c_attn.blocks.1.weight: k=1, G_{1.0,0.0,384}, lr=0.008, scale=1.0, type=None
  transformer.h.23.attn.c_attn.blocks.2.weight: k=1, G_{1.0,0.0,384}, lr=0.008, scale=1.0, type=None
  transformer.h.23.mlp.c_fc.blocks.0.weight: k=1, G_{1.0,0.0,384}, lr=0.008, scale=1.0, type=None
  transformer.h.23.mlp.c_fc.blocks.1.weight: k=1, G_{1.0,0.0,384}, lr=0.008, scale=1.0, type=None
  transformer.h.23.mlp.c_fc.blocks.2.weight: k=1, G_{1.0,0.0,384}, lr=0.008, scale=1.0, type=None
  transformer.h.23.mlp.c_fc.blocks.3.weight: k=1, G_{1.0,0.0,384}, lr=0.008, scale=1.0, type=None

=== Phase phase3 Grassmann Configuration ===

Per-block configuration (24 blocks):
  c_attn ranks:       [384, 384, 384, 384, 384, 384, 384, 384, 384, 384, 384, 384, 384, 384, 384, 384, 384, 384, 384, 384, 384, 384, 384, 384]
  c_attn scales:      ['1.00', '1.00', '1.00', '1.00', '1.00', '1.00', '1.00', '1.00', '1.00', '1.00', '1.00', '1.00', '1.00', '1.00', '1.00', '1.00', '1.00', '1.00', '1.00', '1.00', '1.00', '1.00', '1.00', '1.00']
  mlp.c_fc ranks:     [384, 384, 384, 384, 384, 384, 384, 384, 384, 384, 384, 384, 384, 384, 384, 384, 384, 384, 384, 384, 384, 384, 384, 384]
  mlp.c_fc scales:    ['1.00', '1.00', '1.00', '1.00', '1.00', '1.00', '1.00', '1.00', '1.00', '1.00', '1.00', '1.00', '1.00', '1.00', '1.00', '1.00', '1.00', '1.00', '1.00', '1.00', '1.00', '1.00', '1.00', '1.00']
Grassmann Muon parameters: 168 weight matrices, 176,160,768 params
AdamW optimizer groups:
  Gates:      120 tensors, 1,277,952 params, lr=1.20e-03, wd=0.1
  Projections: 48 tensors, 125,829,120 params, lr=6.00e-04, wd=0.1
  Embeddings: 2 tensors, 52,559,872 params, lr=3.00e-04, wd=0.0
  No decay:   49 tensors, 50,176 params, lr=6.00e-04, wd=0.0
  transformer.h.0.attn.c_attn.blocks.0.weight: k=1, G_{1.0,0.0,384}, lr=0.008, scale=1.0, type=None
  transformer.h.0.attn.c_attn.blocks.1.weight: k=1, G_{1.0,0.0,384}, lr=0.008, scale=1.0, type=None
  transformer.h.0.attn.c_attn.blocks.2.weight: k=1, G_{1.0,0.0,384}, lr=0.008, scale=1.0, type=None
  transformer.h.0.mlp.c_fc.blocks.0.weight: k=1, G_{1.0,0.0,384}, lr=0.008, scale=1.0, type=None
  transformer.h.0.mlp.c_fc.blocks.1.weight: k=1, G_{1.0,0.0,384}, lr=0.008, scale=1.0, type=None
  transformer.h.0.mlp.c_fc.blocks.2.weight: k=1, G_{1.0,0.0,384}, lr=0.008, scale=1.0, type=None
  transformer.h.0.mlp.c_fc.blocks.3.weight: k=1, G_{1.0,0.0,384}, lr=0.008, scale=1.0, type=None
  transformer.h.1.attn.c_attn.blocks.0.weight: k=1, G_{1.0,0.0,384}, lr=0.008, scale=1.0, type=None
  transformer.h.1.attn.c_attn.blocks.1.weight: k=1, G_{1.0,0.0,384}, lr=0.008, scale=1.0, type=None
  transformer.h.1.attn.c_attn.blocks.2.weight: k=1, G_{1.0,0.0,384}, lr=0.008, scale=1.0, type=None
  transformer.h.1.mlp.c_fc.blocks.0.weight: k=1, G_{1.0,0.0,384}, lr=0.008, scale=1.0, type=None
  transformer.h.1.mlp.c_fc.blocks.1.weight: k=1, G_{1.0,0.0,384}, lr=0.008, scale=1.0, type=None
  transformer.h.1.mlp.c_fc.blocks.2.weight: k=1, G_{1.0,0.0,384}, lr=0.008, scale=1.0, type=None
  transformer.h.1.mlp.c_fc.blocks.3.weight: k=1, G_{1.0,0.0,384}, lr=0.008, scale=1.0, type=None
  transformer.h.2.attn.c_attn.blocks.0.weight: k=1, G_{1.0,0.0,384}, lr=0.008, scale=1.0, type=None
  transformer.h.2.attn.c_attn.blocks.1.weight: k=1, G_{1.0,0.0,384}, lr=0.008, scale=1.0, type=None
  transformer.h.2.attn.c_attn.blocks.2.weight: k=1, G_{1.0,0.0,384}, lr=0.008, scale=1.0, type=None
  transformer.h.2.mlp.c_fc.blocks.0.weight: k=1, G_{1.0,0.0,384}, lr=0.008, scale=1.0, type=None
  transformer.h.2.mlp.c_fc.blocks.1.weight: k=1, G_{1.0,0.0,384}, lr=0.008, scale=1.0, type=None
  transformer.h.2.mlp.c_fc.blocks.2.weight: k=1, G_{1.0,0.0,384}, lr=0.008, scale=1.0, type=None
  transformer.h.2.mlp.c_fc.blocks.3.weight: k=1, G_{1.0,0.0,384}, lr=0.008, scale=1.0, type=None
  transformer.h.3.attn.c_attn.blocks.0.weight: k=1, G_{1.0,0.0,384}, lr=0.008, scale=1.0, type=None
  transformer.h.3.attn.c_attn.blocks.1.weight: k=1, G_{1.0,0.0,384}, lr=0.008, scale=1.0, type=None
  transformer.h.3.attn.c_attn.blocks.2.weight: k=1, G_{1.0,0.0,384}, lr=0.008, scale=1.0, type=None
  transformer.h.3.mlp.c_fc.blocks.0.weight: k=1, G_{1.0,0.0,384}, lr=0.008, scale=1.0, type=None
  transformer.h.3.mlp.c_fc.blocks.1.weight: k=1, G_{1.0,0.0,384}, lr=0.008, scale=1.0, type=None
  transformer.h.3.mlp.c_fc.blocks.2.weight: k=1, G_{1.0,0.0,384}, lr=0.008, scale=1.0, type=None
  transformer.h.3.mlp.c_fc.blocks.3.weight: k=1, G_{1.0,0.0,384}, lr=0.008, scale=1.0, type=None
  transformer.h.4.attn.c_attn.blocks.0.weight: k=1, G_{1.0,0.0,384}, lr=0.008, scale=1.0, type=None
  transformer.h.4.attn.c_attn.blocks.1.weight: k=1, G_{1.0,0.0,384}, lr=0.008, scale=1.0, type=None
  transformer.h.4.attn.c_attn.blocks.2.weight: k=1, G_{1.0,0.0,384}, lr=0.008, scale=1.0, type=None
  transformer.h.4.mlp.c_fc.blocks.0.weight: k=1, G_{1.0,0.0,384}, lr=0.008, scale=1.0, type=None
  transformer.h.4.mlp.c_fc.blocks.1.weight: k=1, G_{1.0,0.0,384}, lr=0.008, scale=1.0, type=None
  transformer.h.4.mlp.c_fc.blocks.2.weight: k=1, G_{1.0,0.0,384}, lr=0.008, scale=1.0, type=None
  transformer.h.4.mlp.c_fc.blocks.3.weight: k=1, G_{1.0,0.0,384}, lr=0.008, scale=1.0, type=None
  transformer.h.5.attn.c_attn.blocks.0.weight: k=1, G_{1.0,0.0,384}, lr=0.008, scale=1.0, type=None
  transformer.h.5.attn.c_attn.blocks.1.weight: k=1, G_{1.0,0.0,384}, lr=0.008, scale=1.0, type=None
  transformer.h.5.attn.c_attn.blocks.2.weight: k=1, G_{1.0,0.0,384}, lr=0.008, scale=1.0, type=None
  transformer.h.5.mlp.c_fc.blocks.0.weight: k=1, G_{1.0,0.0,384}, lr=0.008, scale=1.0, type=None
  transformer.h.5.mlp.c_fc.blocks.1.weight: k=1, G_{1.0,0.0,384}, lr=0.008, scale=1.0, type=None
  transformer.h.5.mlp.c_fc.blocks.2.weight: k=1, G_{1.0,0.0,384}, lr=0.008, scale=1.0, type=None
  transformer.h.5.mlp.c_fc.blocks.3.weight: k=1, G_{1.0,0.0,384}, lr=0.008, scale=1.0, type=None
  transformer.h.6.attn.c_attn.blocks.0.weight: k=1, G_{1.0,0.0,384}, lr=0.008, scale=1.0, type=None
  transformer.h.6.attn.c_attn.blocks.1.weight: k=1, G_{1.0,0.0,384}, lr=0.008, scale=1.0, type=None
  transformer.h.6.attn.c_attn.blocks.2.weight: k=1, G_{1.0,0.0,384}, lr=0.008, scale=1.0, type=None
  transformer.h.6.mlp.c_fc.blocks.0.weight: k=1, G_{1.0,0.0,384}, lr=0.008, scale=1.0, type=None
  transformer.h.6.mlp.c_fc.blocks.1.weight: k=1, G_{1.0,0.0,384}, lr=0.008, scale=1.0, type=None
  transformer.h.6.mlp.c_fc.blocks.2.weight: k=1, G_{1.0,0.0,384}, lr=0.008, scale=1.0, type=None
  transformer.h.6.mlp.c_fc.blocks.3.weight: k=1, G_{1.0,0.0,384}, lr=0.008, scale=1.0, type=None
  transformer.h.7.attn.c_attn.blocks.0.weight: k=1, G_{1.0,0.0,384}, lr=0.008, scale=1.0, type=None
  transformer.h.7.attn.c_attn.blocks.1.weight: k=1, G_{1.0,0.0,384}, lr=0.008, scale=1.0, type=None
  transformer.h.7.attn.c_attn.blocks.2.weight: k=1, G_{1.0,0.0,384}, lr=0.008, scale=1.0, type=None
  transformer.h.7.mlp.c_fc.blocks.0.weight: k=1, G_{1.0,0.0,384}, lr=0.008, scale=1.0, type=None
  transformer.h.7.mlp.c_fc.blocks.1.weight: k=1, G_{1.0,0.0,384}, lr=0.008, scale=1.0, type=None
  transformer.h.7.mlp.c_fc.blocks.2.weight: k=1, G_{1.0,0.0,384}, lr=0.008, scale=1.0, type=None
  transformer.h.7.mlp.c_fc.blocks.3.weight: k=1, G_{1.0,0.0,384}, lr=0.008, scale=1.0, type=None
  transformer.h.8.attn.c_attn.blocks.0.weight: k=1, G_{1.0,0.0,384}, lr=0.008, scale=1.0, type=None
  transformer.h.8.attn.c_attn.blocks.1.weight: k=1, G_{1.0,0.0,384}, lr=0.008, scale=1.0, type=None
  transformer.h.8.attn.c_attn.blocks.2.weight: k=1, G_{1.0,0.0,384}, lr=0.008, scale=1.0, type=None
  transformer.h.8.mlp.c_fc.blocks.0.weight: k=1, G_{1.0,0.0,384}, lr=0.008, scale=1.0, type=None
  transformer.h.8.mlp.c_fc.blocks.1.weight: k=1, G_{1.0,0.0,384}, lr=0.008, scale=1.0, type=None
  transformer.h.8.mlp.c_fc.blocks.2.weight: k=1, G_{1.0,0.0,384}, lr=0.008, scale=1.0, type=None
  transformer.h.8.mlp.c_fc.blocks.3.weight: k=1, G_{1.0,0.0,384}, lr=0.008, scale=1.0, type=None
  transformer.h.9.attn.c_attn.blocks.0.weight: k=1, G_{1.0,0.0,384}, lr=0.008, scale=1.0, type=None
  transformer.h.9.attn.c_attn.blocks.1.weight: k=1, G_{1.0,0.0,384}, lr=0.008, scale=1.0, type=None
  transformer.h.9.attn.c_attn.blocks.2.weight: k=1, G_{1.0,0.0,384}, lr=0.008, scale=1.0, type=None
  transformer.h.9.mlp.c_fc.blocks.0.weight: k=1, G_{1.0,0.0,384}, lr=0.008, scale=1.0, type=None
  transformer.h.9.mlp.c_fc.blocks.1.weight: k=1, G_{1.0,0.0,384}, lr=0.008, scale=1.0, type=None
  transformer.h.9.mlp.c_fc.blocks.2.weight: k=1, G_{1.0,0.0,384}, lr=0.008, scale=1.0, type=None
  transformer.h.9.mlp.c_fc.blocks.3.weight: k=1, G_{1.0,0.0,384}, lr=0.008, scale=1.0, type=None
  transformer.h.10.attn.c_attn.blocks.0.weight: k=1, G_{1.0,0.0,384}, lr=0.008, scale=1.0, type=None
  transformer.h.10.attn.c_attn.blocks.1.weight: k=1, G_{1.0,0.0,384}, lr=0.008, scale=1.0, type=None
  transformer.h.10.attn.c_attn.blocks.2.weight: k=1, G_{1.0,0.0,384}, lr=0.008, scale=1.0, type=None
  transformer.h.10.mlp.c_fc.blocks.0.weight: k=1, G_{1.0,0.0,384}, lr=0.008, scale=1.0, type=None
  transformer.h.10.mlp.c_fc.blocks.1.weight: k=1, G_{1.0,0.0,384}, lr=0.008, scale=1.0, type=None
  transformer.h.10.mlp.c_fc.blocks.2.weight: k=1, G_{1.0,0.0,384}, lr=0.008, scale=1.0, type=None
  transformer.h.10.mlp.c_fc.blocks.3.weight: k=1, G_{1.0,0.0,384}, lr=0.008, scale=1.0, type=None
  transformer.h.11.attn.c_attn.blocks.0.weight: k=1, G_{1.0,0.0,384}, lr=0.008, scale=1.0, type=None
  transformer.h.11.attn.c_attn.blocks.1.weight: k=1, G_{1.0,0.0,384}, lr=0.008, scale=1.0, type=None
  transformer.h.11.attn.c_attn.blocks.2.weight: k=1, G_{1.0,0.0,384}, lr=0.008, scale=1.0, type=None
  transformer.h.11.mlp.c_fc.blocks.0.weight: k=1, G_{1.0,0.0,384}, lr=0.008, scale=1.0, type=None
  transformer.h.11.mlp.c_fc.blocks.1.weight: k=1, G_{1.0,0.0,384}, lr=0.008, scale=1.0, type=None
  transformer.h.11.mlp.c_fc.blocks.2.weight: k=1, G_{1.0,0.0,384}, lr=0.008, scale=1.0, type=None
  transformer.h.11.mlp.c_fc.blocks.3.weight: k=1, G_{1.0,0.0,384}, lr=0.008, scale=1.0, type=None
  transformer.h.12.attn.c_attn.blocks.0.weight: k=1, G_{1.0,0.0,384}, lr=0.008, scale=1.0, type=None
  transformer.h.12.attn.c_attn.blocks.1.weight: k=1, G_{1.0,0.0,384}, lr=0.008, scale=1.0, type=None
  transformer.h.12.attn.c_attn.blocks.2.weight: k=1, G_{1.0,0.0,384}, lr=0.008, scale=1.0, type=None
  transformer.h.12.mlp.c_fc.blocks.0.weight: k=1, G_{1.0,0.0,384}, lr=0.008, scale=1.0, type=None
  transformer.h.12.mlp.c_fc.blocks.1.weight: k=1, G_{1.0,0.0,384}, lr=0.008, scale=1.0, type=None
  transformer.h.12.mlp.c_fc.blocks.2.weight: k=1, G_{1.0,0.0,384}, lr=0.008, scale=1.0, type=None
  transformer.h.12.mlp.c_fc.blocks.3.weight: k=1, G_{1.0,0.0,384}, lr=0.008, scale=1.0, type=None
  transformer.h.13.attn.c_attn.blocks.0.weight: k=1, G_{1.0,0.0,384}, lr=0.008, scale=1.0, type=None
  transformer.h.13.attn.c_attn.blocks.1.weight: k=1, G_{1.0,0.0,384}, lr=0.008, scale=1.0, type=None
  transformer.h.13.attn.c_attn.blocks.2.weight: k=1, G_{1.0,0.0,384}, lr=0.008, scale=1.0, type=None
  transformer.h.13.mlp.c_fc.blocks.0.weight: k=1, G_{1.0,0.0,384}, lr=0.008, scale=1.0, type=None
  transformer.h.13.mlp.c_fc.blocks.1.weight: k=1, G_{1.0,0.0,384}, lr=0.008, scale=1.0, type=None
  transformer.h.13.mlp.c_fc.blocks.2.weight: k=1, G_{1.0,0.0,384}, lr=0.008, scale=1.0, type=None
  transformer.h.13.mlp.c_fc.blocks.3.weight: k=1, G_{1.0,0.0,384}, lr=0.008, scale=1.0, type=None
  transformer.h.14.attn.c_attn.blocks.0.weight: k=1, G_{1.0,0.0,384}, lr=0.008, scale=1.0, type=None
  transformer.h.14.attn.c_attn.blocks.1.weight: k=1, G_{1.0,0.0,384}, lr=0.008, scale=1.0, type=None
  transformer.h.14.attn.c_attn.blocks.2.weight: k=1, G_{1.0,0.0,384}, lr=0.008, scale=1.0, type=None
  transformer.h.14.mlp.c_fc.blocks.0.weight: k=1, G_{1.0,0.0,384}, lr=0.008, scale=1.0, type=None
  transformer.h.14.mlp.c_fc.blocks.1.weight: k=1, G_{1.0,0.0,384}, lr=0.008, scale=1.0, type=None
  transformer.h.14.mlp.c_fc.blocks.2.weight: k=1, G_{1.0,0.0,384}, lr=0.008, scale=1.0, type=None
  transformer.h.14.mlp.c_fc.blocks.3.weight: k=1, G_{1.0,0.0,384}, lr=0.008, scale=1.0, type=None
  transformer.h.15.attn.c_attn.blocks.0.weight: k=1, G_{1.0,0.0,384}, lr=0.008, scale=1.0, type=None
  transformer.h.15.attn.c_attn.blocks.1.weight: k=1, G_{1.0,0.0,384}, lr=0.008, scale=1.0, type=None
  transformer.h.15.attn.c_attn.blocks.2.weight: k=1, G_{1.0,0.0,384}, lr=0.008, scale=1.0, type=None
  transformer.h.15.mlp.c_fc.blocks.0.weight: k=1, G_{1.0,0.0,384}, lr=0.008, scale=1.0, type=None
  transformer.h.15.mlp.c_fc.blocks.1.weight: k=1, G_{1.0,0.0,384}, lr=0.008, scale=1.0, type=None
  transformer.h.15.mlp.c_fc.blocks.2.weight: k=1, G_{1.0,0.0,384}, lr=0.008, scale=1.0, type=None
  transformer.h.15.mlp.c_fc.blocks.3.weight: k=1, G_{1.0,0.0,384}, lr=0.008, scale=1.0, type=None
  transformer.h.16.attn.c_attn.blocks.0.weight: k=1, G_{1.0,0.0,384}, lr=0.008, scale=1.0, type=None
  transformer.h.16.attn.c_attn.blocks.1.weight: k=1, G_{1.0,0.0,384}, lr=0.008, scale=1.0, type=None
  transformer.h.16.attn.c_attn.blocks.2.weight: k=1, G_{1.0,0.0,384}, lr=0.008, scale=1.0, type=None
  transformer.h.16.mlp.c_fc.blocks.0.weight: k=1, G_{1.0,0.0,384}, lr=0.008, scale=1.0, type=None
  transformer.h.16.mlp.c_fc.blocks.1.weight: k=1, G_{1.0,0.0,384}, lr=0.008, scale=1.0, type=None
  transformer.h.16.mlp.c_fc.blocks.2.weight: k=1, G_{1.0,0.0,384}, lr=0.008, scale=1.0, type=None
  transformer.h.16.mlp.c_fc.blocks.3.weight: k=1, G_{1.0,0.0,384}, lr=0.008, scale=1.0, type=None
  transformer.h.17.attn.c_attn.blocks.0.weight: k=1, G_{1.0,0.0,384}, lr=0.008, scale=1.0, type=None
  transformer.h.17.attn.c_attn.blocks.1.weight: k=1, G_{1.0,0.0,384}, lr=0.008, scale=1.0, type=None
  transformer.h.17.attn.c_attn.blocks.2.weight: k=1, G_{1.0,0.0,384}, lr=0.008, scale=1.0, type=None
  transformer.h.17.mlp.c_fc.blocks.0.weight: k=1, G_{1.0,0.0,384}, lr=0.008, scale=1.0, type=None
  transformer.h.17.mlp.c_fc.blocks.1.weight: k=1, G_{1.0,0.0,384}, lr=0.008, scale=1.0, type=None
  transformer.h.17.mlp.c_fc.blocks.2.weight: k=1, G_{1.0,0.0,384}, lr=0.008, scale=1.0, type=None
  transformer.h.17.mlp.c_fc.blocks.3.weight: k=1, G_{1.0,0.0,384}, lr=0.008, scale=1.0, type=None
  transformer.h.18.attn.c_attn.blocks.0.weight: k=1, G_{1.0,0.0,384}, lr=0.008, scale=1.0, type=None
  transformer.h.18.attn.c_attn.blocks.1.weight: k=1, G_{1.0,0.0,384}, lr=0.008, scale=1.0, type=None
  transformer.h.18.attn.c_attn.blocks.2.weight: k=1, G_{1.0,0.0,384}, lr=0.008, scale=1.0, type=None
  transformer.h.18.mlp.c_fc.blocks.0.weight: k=1, G_{1.0,0.0,384}, lr=0.008, scale=1.0, type=None
  transformer.h.18.mlp.c_fc.blocks.1.weight: k=1, G_{1.0,0.0,384}, lr=0.008, scale=1.0, type=None
  transformer.h.18.mlp.c_fc.blocks.2.weight: k=1, G_{1.0,0.0,384}, lr=0.008, scale=1.0, type=None
  transformer.h.18.mlp.c_fc.blocks.3.weight: k=1, G_{1.0,0.0,384}, lr=0.008, scale=1.0, type=None
  transformer.h.19.attn.c_attn.blocks.0.weight: k=1, G_{1.0,0.0,384}, lr=0.008, scale=1.0, type=None
  transformer.h.19.attn.c_attn.blocks.1.weight: k=1, G_{1.0,0.0,384}, lr=0.008, scale=1.0, type=None
  transformer.h.19.attn.c_attn.blocks.2.weight: k=1, G_{1.0,0.0,384}, lr=0.008, scale=1.0, type=None
  transformer.h.19.mlp.c_fc.blocks.0.weight: k=1, G_{1.0,0.0,384}, lr=0.008, scale=1.0, type=None
  transformer.h.19.mlp.c_fc.blocks.1.weight: k=1, G_{1.0,0.0,384}, lr=0.008, scale=1.0, type=None
  transformer.h.19.mlp.c_fc.blocks.2.weight: k=1, G_{1.0,0.0,384}, lr=0.008, scale=1.0, type=None
  transformer.h.19.mlp.c_fc.blocks.3.weight: k=1, G_{1.0,0.0,384}, lr=0.008, scale=1.0, type=None
  transformer.h.20.attn.c_attn.blocks.0.weight: k=1, G_{1.0,0.0,384}, lr=0.008, scale=1.0, type=None
  transformer.h.20.attn.c_attn.blocks.1.weight: k=1, G_{1.0,0.0,384}, lr=0.008, scale=1.0, type=None
  transformer.h.20.attn.c_attn.blocks.2.weight: k=1, G_{1.0,0.0,384}, lr=0.008, scale=1.0, type=None
  transformer.h.20.mlp.c_fc.blocks.0.weight: k=1, G_{1.0,0.0,384}, lr=0.008, scale=1.0, type=None
  transformer.h.20.mlp.c_fc.blocks.1.weight: k=1, G_{1.0,0.0,384}, lr=0.008, scale=1.0, type=None
  transformer.h.20.mlp.c_fc.blocks.2.weight: k=1, G_{1.0,0.0,384}, lr=0.008, scale=1.0, type=None
  transformer.h.20.mlp.c_fc.blocks.3.weight: k=1, G_{1.0,0.0,384}, lr=0.008, scale=1.0, type=None
  transformer.h.21.attn.c_attn.blocks.0.weight: k=1, G_{1.0,0.0,384}, lr=0.008, scale=1.0, type=None
  transformer.h.21.attn.c_attn.blocks.1.weight: k=1, G_{1.0,0.0,384}, lr=0.008, scale=1.0, type=None
  transformer.h.21.attn.c_attn.blocks.2.weight: k=1, G_{1.0,0.0,384}, lr=0.008, scale=1.0, type=None
  transformer.h.21.mlp.c_fc.blocks.0.weight: k=1, G_{1.0,0.0,384}, lr=0.008, scale=1.0, type=None
  transformer.h.21.mlp.c_fc.blocks.1.weight: k=1, G_{1.0,0.0,384}, lr=0.008, scale=1.0, type=None
  transformer.h.21.mlp.c_fc.blocks.2.weight: k=1, G_{1.0,0.0,384}, lr=0.008, scale=1.0, type=None
  transformer.h.21.mlp.c_fc.blocks.3.weight: k=1, G_{1.0,0.0,384}, lr=0.008, scale=1.0, type=None
  transformer.h.22.attn.c_attn.blocks.0.weight: k=1, G_{1.0,0.0,384}, lr=0.008, scale=1.0, type=None
  transformer.h.22.attn.c_attn.blocks.1.weight: k=1, G_{1.0,0.0,384}, lr=0.008, scale=1.0, type=None
  transformer.h.22.attn.c_attn.blocks.2.weight: k=1, G_{1.0,0.0,384}, lr=0.008, scale=1.0, type=None
  transformer.h.22.mlp.c_fc.blocks.0.weight: k=1, G_{1.0,0.0,384}, lr=0.008, scale=1.0, type=None
  transformer.h.22.mlp.c_fc.blocks.1.weight: k=1, G_{1.0,0.0,384}, lr=0.008, scale=1.0, type=None
  transformer.h.22.mlp.c_fc.blocks.2.weight: k=1, G_{1.0,0.0,384}, lr=0.008, scale=1.0, type=None
  transformer.h.22.mlp.c_fc.blocks.3.weight: k=1, G_{1.0,0.0,384}, lr=0.008, scale=1.0, type=None
  transformer.h.23.attn.c_attn.blocks.0.weight: k=1, G_{1.0,0.0,384}, lr=0.008, scale=1.0, type=None
  transformer.h.23.attn.c_attn.blocks.1.weight: k=1, G_{1.0,0.0,384}, lr=0.008, scale=1.0, type=None
  transformer.h.23.attn.c_attn.blocks.2.weight: k=1, G_{1.0,0.0,384}, lr=0.008, scale=1.0, type=None
  transformer.h.23.mlp.c_fc.blocks.0.weight: k=1, G_{1.0,0.0,384}, lr=0.008, scale=1.0, type=None
  transformer.h.23.mlp.c_fc.blocks.1.weight: k=1, G_{1.0,0.0,384}, lr=0.008, scale=1.0, type=None
  transformer.h.23.mlp.c_fc.blocks.2.weight: k=1, G_{1.0,0.0,384}, lr=0.008, scale=1.0, type=None
  transformer.h.23.mlp.c_fc.blocks.3.weight: k=1, G_{1.0,0.0,384}, lr=0.008, scale=1.0, type=None

=== Phase phase3 Grassmann Configuration ===

Per-block configuration (24 blocks):
  c_attn ranks:       [384, 384, 384, 384, 384, 384, 384, 384, 384, 384, 384, 384, 384, 384, 384, 384, 384, 384, 384, 384, 384, 384, 384, 384]
  c_attn scales:      ['1.00', '1.00', '1.00', '1.00', '1.00', '1.00', '1.00', '1.00', '1.00', '1.00', '1.00', '1.00', '1.00', '1.00', '1.00', '1.00', '1.00', '1.00', '1.00', '1.00', '1.00', '1.00', '1.00', '1.00']
  mlp.c_fc ranks:     [384, 384, 384, 384, 384, 384, 384, 384, 384, 384, 384, 384, 384, 384, 384, 384, 384, 384, 384, 384, 384, 384, 384, 384]
  mlp.c_fc scales:    ['1.00', '1.00', '1.00', '1.00', '1.00', '1.00', '1.00', '1.00', '1.00', '1.00', '1.00', '1.00', '1.00', '1.00', '1.00', '1.00', '1.00', '1.00', '1.00', '1.00', '1.00', '1.00', '1.00', '1.00']
Grassmann Muon parameters: 168 weight matrices, 176,160,768 params
AdamW optimizer groups:
  Gates:      120 tensors, 1,277,952 params, lr=1.20e-03, wd=0.1
  Projections: 48 tensors, 125,829,120 params, lr=6.00e-04, wd=0.1
  Embeddings: 2 tensors, 52,559,872 params, lr=3.00e-04, wd=0.0
  No decay:   49 tensors, 50,176 params, lr=6.00e-04, wd=0.0
  transformer.h.0.attn.c_attn.blocks.0.weight: k=1, G_{1.0,0.0,384}, lr=0.008, scale=1.0, type=None
  transformer.h.0.attn.c_attn.blocks.1.weight: k=1, G_{1.0,0.0,384}, lr=0.008, scale=1.0, type=None
  transformer.h.0.attn.c_attn.blocks.2.weight: k=1, G_{1.0,0.0,384}, lr=0.008, scale=1.0, type=None
  transformer.h.0.mlp.c_fc.blocks.0.weight: k=1, G_{1.0,0.0,384}, lr=0.008, scale=1.0, type=None
  transformer.h.0.mlp.c_fc.blocks.1.weight: k=1, G_{1.0,0.0,384}, lr=0.008, scale=1.0, type=None
  transformer.h.0.mlp.c_fc.blocks.2.weight: k=1, G_{1.0,0.0,384}, lr=0.008, scale=1.0, type=None
  transformer.h.0.mlp.c_fc.blocks.3.weight: k=1, G_{1.0,0.0,384}, lr=0.008, scale=1.0, type=None
  transformer.h.1.attn.c_attn.blocks.0.weight: k=1, G_{1.0,0.0,384}, lr=0.008, scale=1.0, type=None
  transformer.h.1.attn.c_attn.blocks.1.weight: k=1, G_{1.0,0.0,384}, lr=0.008, scale=1.0, type=None
  transformer.h.1.attn.c_attn.blocks.2.weight: k=1, G_{1.0,0.0,384}, lr=0.008, scale=1.0, type=None
  transformer.h.1.mlp.c_fc.blocks.0.weight: k=1, G_{1.0,0.0,384}, lr=0.008, scale=1.0, type=None
  transformer.h.1.mlp.c_fc.blocks.1.weight: k=1, G_{1.0,0.0,384}, lr=0.008, scale=1.0, type=None
  transformer.h.1.mlp.c_fc.blocks.2.weight: k=1, G_{1.0,0.0,384}, lr=0.008, scale=1.0, type=None
  transformer.h.1.mlp.c_fc.blocks.3.weight: k=1, G_{1.0,0.0,384}, lr=0.008, scale=1.0, type=None
  transformer.h.2.attn.c_attn.blocks.0.weight: k=1, G_{1.0,0.0,384}, lr=0.008, scale=1.0, type=None
  transformer.h.2.attn.c_attn.blocks.1.weight: k=1, G_{1.0,0.0,384}, lr=0.008, scale=1.0, type=None
  transformer.h.2.attn.c_attn.blocks.2.weight: k=1, G_{1.0,0.0,384}, lr=0.008, scale=1.0, type=None
  transformer.h.2.mlp.c_fc.blocks.0.weight: k=1, G_{1.0,0.0,384}, lr=0.008, scale=1.0, type=None
  transformer.h.2.mlp.c_fc.blocks.1.weight: k=1, G_{1.0,0.0,384}, lr=0.008, scale=1.0, type=None
  transformer.h.2.mlp.c_fc.blocks.2.weight: k=1, G_{1.0,0.0,384}, lr=0.008, scale=1.0, type=None
  transformer.h.2.mlp.c_fc.blocks.3.weight: k=1, G_{1.0,0.0,384}, lr=0.008, scale=1.0, type=None
  transformer.h.3.attn.c_attn.blocks.0.weight: k=1, G_{1.0,0.0,384}, lr=0.008, scale=1.0, type=None
  transformer.h.3.attn.c_attn.blocks.1.weight: k=1, G_{1.0,0.0,384}, lr=0.008, scale=1.0, type=None
  transformer.h.3.attn.c_attn.blocks.2.weight: k=1, G_{1.0,0.0,384}, lr=0.008, scale=1.0, type=None
  transformer.h.3.mlp.c_fc.blocks.0.weight: k=1, G_{1.0,0.0,384}, lr=0.008, scale=1.0, type=None
  transformer.h.3.mlp.c_fc.blocks.1.weight: k=1, G_{1.0,0.0,384}, lr=0.008, scale=1.0, type=None
  transformer.h.3.mlp.c_fc.blocks.2.weight: k=1, G_{1.0,0.0,384}, lr=0.008, scale=1.0, type=None
  transformer.h.3.mlp.c_fc.blocks.3.weight: k=1, G_{1.0,0.0,384}, lr=0.008, scale=1.0, type=None
  transformer.h.4.attn.c_attn.blocks.0.weight: k=1, G_{1.0,0.0,384}, lr=0.008, scale=1.0, type=None
  transformer.h.4.attn.c_attn.blocks.1.weight: k=1, G_{1.0,0.0,384}, lr=0.008, scale=1.0, type=None
  transformer.h.4.attn.c_attn.blocks.2.weight: k=1, G_{1.0,0.0,384}, lr=0.008, scale=1.0, type=None
  transformer.h.4.mlp.c_fc.blocks.0.weight: k=1, G_{1.0,0.0,384}, lr=0.008, scale=1.0, type=None
  transformer.h.4.mlp.c_fc.blocks.1.weight: k=1, G_{1.0,0.0,384}, lr=0.008, scale=1.0, type=None
  transformer.h.4.mlp.c_fc.blocks.2.weight: k=1, G_{1.0,0.0,384}, lr=0.008, scale=1.0, type=None
  transformer.h.4.mlp.c_fc.blocks.3.weight: k=1, G_{1.0,0.0,384}, lr=0.008, scale=1.0, type=None
  transformer.h.5.attn.c_attn.blocks.0.weight: k=1, G_{1.0,0.0,384}, lr=0.008, scale=1.0, type=None
  transformer.h.5.attn.c_attn.blocks.1.weight: k=1, G_{1.0,0.0,384}, lr=0.008, scale=1.0, type=None
  transformer.h.5.attn.c_attn.blocks.2.weight: k=1, G_{1.0,0.0,384}, lr=0.008, scale=1.0, type=None
  transformer.h.5.mlp.c_fc.blocks.0.weight: k=1, G_{1.0,0.0,384}, lr=0.008, scale=1.0, type=None
  transformer.h.5.mlp.c_fc.blocks.1.weight: k=1, G_{1.0,0.0,384}, lr=0.008, scale=1.0, type=None
  transformer.h.5.mlp.c_fc.blocks.2.weight: k=1, G_{1.0,0.0,384}, lr=0.008, scale=1.0, type=None
  transformer.h.5.mlp.c_fc.blocks.3.weight: k=1, G_{1.0,0.0,384}, lr=0.008, scale=1.0, type=None
  transformer.h.6.attn.c_attn.blocks.0.weight: k=1, G_{1.0,0.0,384}, lr=0.008, scale=1.0, type=None
  transformer.h.6.attn.c_attn.blocks.1.weight: k=1, G_{1.0,0.0,384}, lr=0.008, scale=1.0, type=None
  transformer.h.6.attn.c_attn.blocks.2.weight: k=1, G_{1.0,0.0,384}, lr=0.008, scale=1.0, type=None
  transformer.h.6.mlp.c_fc.blocks.0.weight: k=1, G_{1.0,0.0,384}, lr=0.008, scale=1.0, type=None
  transformer.h.6.mlp.c_fc.blocks.1.weight: k=1, G_{1.0,0.0,384}, lr=0.008, scale=1.0, type=None
  transformer.h.6.mlp.c_fc.blocks.2.weight: k=1, G_{1.0,0.0,384}, lr=0.008, scale=1.0, type=None
  transformer.h.6.mlp.c_fc.blocks.3.weight: k=1, G_{1.0,0.0,384}, lr=0.008, scale=1.0, type=None
  transformer.h.7.attn.c_attn.blocks.0.weight: k=1, G_{1.0,0.0,384}, lr=0.008, scale=1.0, type=None
  transformer.h.7.attn.c_attn.blocks.1.weight: k=1, G_{1.0,0.0,384}, lr=0.008, scale=1.0, type=None
  transformer.h.7.attn.c_attn.blocks.2.weight: k=1, G_{1.0,0.0,384}, lr=0.008, scale=1.0, type=None
  transformer.h.7.mlp.c_fc.blocks.0.weight: k=1, G_{1.0,0.0,384}, lr=0.008, scale=1.0, type=None
  transformer.h.7.mlp.c_fc.blocks.1.weight: k=1, G_{1.0,0.0,384}, lr=0.008, scale=1.0, type=None
  transformer.h.7.mlp.c_fc.blocks.2.weight: k=1, G_{1.0,0.0,384}, lr=0.008, scale=1.0, type=None
  transformer.h.7.mlp.c_fc.blocks.3.weight: k=1, G_{1.0,0.0,384}, lr=0.008, scale=1.0, type=None
  transformer.h.8.attn.c_attn.blocks.0.weight: k=1, G_{1.0,0.0,384}, lr=0.008, scale=1.0, type=None
  transformer.h.8.attn.c_attn.blocks.1.weight: k=1, G_{1.0,0.0,384}, lr=0.008, scale=1.0, type=None
  transformer.h.8.attn.c_attn.blocks.2.weight: k=1, G_{1.0,0.0,384}, lr=0.008, scale=1.0, type=None
  transformer.h.8.mlp.c_fc.blocks.0.weight: k=1, G_{1.0,0.0,384}, lr=0.008, scale=1.0, type=None
  transformer.h.8.mlp.c_fc.blocks.1.weight: k=1, G_{1.0,0.0,384}, lr=0.008, scale=1.0, type=None
  transformer.h.8.mlp.c_fc.blocks.2.weight: k=1, G_{1.0,0.0,384}, lr=0.008, scale=1.0, type=None
  transformer.h.8.mlp.c_fc.blocks.3.weight: k=1, G_{1.0,0.0,384}, lr=0.008, scale=1.0, type=None
  transformer.h.9.attn.c_attn.blocks.0.weight: k=1, G_{1.0,0.0,384}, lr=0.008, scale=1.0, type=None
  transformer.h.9.attn.c_attn.blocks.1.weight: k=1, G_{1.0,0.0,384}, lr=0.008, scale=1.0, type=None
  transformer.h.9.attn.c_attn.blocks.2.weight: k=1, G_{1.0,0.0,384}, lr=0.008, scale=1.0, type=None
  transformer.h.9.mlp.c_fc.blocks.0.weight: k=1, G_{1.0,0.0,384}, lr=0.008, scale=1.0, type=None
  transformer.h.9.mlp.c_fc.blocks.1.weight: k=1, G_{1.0,0.0,384}, lr=0.008, scale=1.0, type=None
  transformer.h.9.mlp.c_fc.blocks.2.weight: k=1, G_{1.0,0.0,384}, lr=0.008, scale=1.0, type=None
  transformer.h.9.mlp.c_fc.blocks.3.weight: k=1, G_{1.0,0.0,384}, lr=0.008, scale=1.0, type=None
  transformer.h.10.attn.c_attn.blocks.0.weight: k=1, G_{1.0,0.0,384}, lr=0.008, scale=1.0, type=None
  transformer.h.10.attn.c_attn.blocks.1.weight: k=1, G_{1.0,0.0,384}, lr=0.008, scale=1.0, type=None
  transformer.h.10.attn.c_attn.blocks.2.weight: k=1, G_{1.0,0.0,384}, lr=0.008, scale=1.0, type=None
  transformer.h.10.mlp.c_fc.blocks.0.weight: k=1, G_{1.0,0.0,384}, lr=0.008, scale=1.0, type=None
  transformer.h.10.mlp.c_fc.blocks.1.weight: k=1, G_{1.0,0.0,384}, lr=0.008, scale=1.0, type=None
  transformer.h.10.mlp.c_fc.blocks.2.weight: k=1, G_{1.0,0.0,384}, lr=0.008, scale=1.0, type=None
  transformer.h.10.mlp.c_fc.blocks.3.weight: k=1, G_{1.0,0.0,384}, lr=0.008, scale=1.0, type=None
  transformer.h.11.attn.c_attn.blocks.0.weight: k=1, G_{1.0,0.0,384}, lr=0.008, scale=1.0, type=None
  transformer.h.11.attn.c_attn.blocks.1.weight: k=1, G_{1.0,0.0,384}, lr=0.008, scale=1.0, type=None
  transformer.h.11.attn.c_attn.blocks.2.weight: k=1, G_{1.0,0.0,384}, lr=0.008, scale=1.0, type=None
  transformer.h.11.mlp.c_fc.blocks.0.weight: k=1, G_{1.0,0.0,384}, lr=0.008, scale=1.0, type=None
  transformer.h.11.mlp.c_fc.blocks.1.weight: k=1, G_{1.0,0.0,384}, lr=0.008, scale=1.0, type=None
  transformer.h.11.mlp.c_fc.blocks.2.weight: k=1, G_{1.0,0.0,384}, lr=0.008, scale=1.0, type=None
  transformer.h.11.mlp.c_fc.blocks.3.weight: k=1, G_{1.0,0.0,384}, lr=0.008, scale=1.0, type=None
  transformer.h.12.attn.c_attn.blocks.0.weight: k=1, G_{1.0,0.0,384}, lr=0.008, scale=1.0, type=None
  transformer.h.12.attn.c_attn.blocks.1.weight: k=1, G_{1.0,0.0,384}, lr=0.008, scale=1.0, type=None
  transformer.h.12.attn.c_attn.blocks.2.weight: k=1, G_{1.0,0.0,384}, lr=0.008, scale=1.0, type=None
  transformer.h.12.mlp.c_fc.blocks.0.weight: k=1, G_{1.0,0.0,384}, lr=0.008, scale=1.0, type=None
  transformer.h.12.mlp.c_fc.blocks.1.weight: k=1, G_{1.0,0.0,384}, lr=0.008, scale=1.0, type=None
  transformer.h.12.mlp.c_fc.blocks.2.weight: k=1, G_{1.0,0.0,384}, lr=0.008, scale=1.0, type=None
  transformer.h.12.mlp.c_fc.blocks.3.weight: k=1, G_{1.0,0.0,384}, lr=0.008, scale=1.0, type=None
  transformer.h.13.attn.c_attn.blocks.0.weight: k=1, G_{1.0,0.0,384}, lr=0.008, scale=1.0, type=None
  transformer.h.13.attn.c_attn.blocks.1.weight: k=1, G_{1.0,0.0,384}, lr=0.008, scale=1.0, type=None
  transformer.h.13.attn.c_attn.blocks.2.weight: k=1, G_{1.0,0.0,384}, lr=0.008, scale=1.0, type=None
  transformer.h.13.mlp.c_fc.blocks.0.weight: k=1, G_{1.0,0.0,384}, lr=0.008, scale=1.0, type=None
  transformer.h.13.mlp.c_fc.blocks.1.weight: k=1, G_{1.0,0.0,384}, lr=0.008, scale=1.0, type=None
  transformer.h.13.mlp.c_fc.blocks.2.weight: k=1, G_{1.0,0.0,384}, lr=0.008, scale=1.0, type=None
  transformer.h.13.mlp.c_fc.blocks.3.weight: k=1, G_{1.0,0.0,384}, lr=0.008, scale=1.0, type=None
  transformer.h.14.attn.c_attn.blocks.0.weight: k=1, G_{1.0,0.0,384}, lr=0.008, scale=1.0, type=None
  transformer.h.14.attn.c_attn.blocks.1.weight: k=1, G_{1.0,0.0,384}, lr=0.008, scale=1.0, type=None
  transformer.h.14.attn.c_attn.blocks.2.weight: k=1, G_{1.0,0.0,384}, lr=0.008, scale=1.0, type=None
  transformer.h.14.mlp.c_fc.blocks.0.weight: k=1, G_{1.0,0.0,384}, lr=0.008, scale=1.0, type=None
  transformer.h.14.mlp.c_fc.blocks.1.weight: k=1, G_{1.0,0.0,384}, lr=0.008, scale=1.0, type=None
  transformer.h.14.mlp.c_fc.blocks.2.weight: k=1, G_{1.0,0.0,384}, lr=0.008, scale=1.0, type=None
  transformer.h.14.mlp.c_fc.blocks.3.weight: k=1, G_{1.0,0.0,384}, lr=0.008, scale=1.0, type=None
  transformer.h.15.attn.c_attn.blocks.0.weight: k=1, G_{1.0,0.0,384}, lr=0.008, scale=1.0, type=None
  transformer.h.15.attn.c_attn.blocks.1.weight: k=1, G_{1.0,0.0,384}, lr=0.008, scale=1.0, type=None
  transformer.h.15.attn.c_attn.blocks.2.weight: k=1, G_{1.0,0.0,384}, lr=0.008, scale=1.0, type=None
  transformer.h.15.mlp.c_fc.blocks.0.weight: k=1, G_{1.0,0.0,384}, lr=0.008, scale=1.0, type=None
  transformer.h.15.mlp.c_fc.blocks.1.weight: k=1, G_{1.0,0.0,384}, lr=0.008, scale=1.0, type=None
  transformer.h.15.mlp.c_fc.blocks.2.weight: k=1, G_{1.0,0.0,384}, lr=0.008, scale=1.0, type=None
  transformer.h.15.mlp.c_fc.blocks.3.weight: k=1, G_{1.0,0.0,384}, lr=0.008, scale=1.0, type=None
  transformer.h.16.attn.c_attn.blocks.0.weight: k=1, G_{1.0,0.0,384}, lr=0.008, scale=1.0, type=None
  transformer.h.16.attn.c_attn.blocks.1.weight: k=1, G_{1.0,0.0,384}, lr=0.008, scale=1.0, type=None
  transformer.h.16.attn.c_attn.blocks.2.weight: k=1, G_{1.0,0.0,384}, lr=0.008, scale=1.0, type=None
  transformer.h.16.mlp.c_fc.blocks.0.weight: k=1, G_{1.0,0.0,384}, lr=0.008, scale=1.0, type=None
  transformer.h.16.mlp.c_fc.blocks.1.weight: k=1, G_{1.0,0.0,384}, lr=0.008, scale=1.0, type=None
  transformer.h.16.mlp.c_fc.blocks.2.weight: k=1, G_{1.0,0.0,384}, lr=0.008, scale=1.0, type=None
  transformer.h.16.mlp.c_fc.blocks.3.weight: k=1, G_{1.0,0.0,384}, lr=0.008, scale=1.0, type=None
  transformer.h.17.attn.c_attn.blocks.0.weight: k=1, G_{1.0,0.0,384}, lr=0.008, scale=1.0, type=None
  transformer.h.17.attn.c_attn.blocks.1.weight: k=1, G_{1.0,0.0,384}, lr=0.008, scale=1.0, type=None
  transformer.h.17.attn.c_attn.blocks.2.weight: k=1, G_{1.0,0.0,384}, lr=0.008, scale=1.0, type=None
  transformer.h.17.mlp.c_fc.blocks.0.weight: k=1, G_{1.0,0.0,384}, lr=0.008, scale=1.0, type=None
  transformer.h.17.mlp.c_fc.blocks.1.weight: k=1, G_{1.0,0.0,384}, lr=0.008, scale=1.0, type=None
  transformer.h.17.mlp.c_fc.blocks.2.weight: k=1, G_{1.0,0.0,384}, lr=0.008, scale=1.0, type=None
  transformer.h.17.mlp.c_fc.blocks.3.weight: k=1, G_{1.0,0.0,384}, lr=0.008, scale=1.0, type=None
  transformer.h.18.attn.c_attn.blocks.0.weight: k=1, G_{1.0,0.0,384}, lr=0.008, scale=1.0, type=None
  transformer.h.18.attn.c_attn.blocks.1.weight: k=1, G_{1.0,0.0,384}, lr=0.008, scale=1.0, type=None
  transformer.h.18.attn.c_attn.blocks.2.weight: k=1, G_{1.0,0.0,384}, lr=0.008, scale=1.0, type=None
  transformer.h.18.mlp.c_fc.blocks.0.weight: k=1, G_{1.0,0.0,384}, lr=0.008, scale=1.0, type=None
  transformer.h.18.mlp.c_fc.blocks.1.weight: k=1, G_{1.0,0.0,384}, lr=0.008, scale=1.0, type=None
  transformer.h.18.mlp.c_fc.blocks.2.weight: k=1, G_{1.0,0.0,384}, lr=0.008, scale=1.0, type=None
  transformer.h.18.mlp.c_fc.blocks.3.weight: k=1, G_{1.0,0.0,384}, lr=0.008, scale=1.0, type=None
  transformer.h.19.attn.c_attn.blocks.0.weight: k=1, G_{1.0,0.0,384}, lr=0.008, scale=1.0, type=None
  transformer.h.19.attn.c_attn.blocks.1.weight: k=1, G_{1.0,0.0,384}, lr=0.008, scale=1.0, type=None
  transformer.h.19.attn.c_attn.blocks.2.weight: k=1, G_{1.0,0.0,384}, lr=0.008, scale=1.0, type=None
  transformer.h.19.mlp.c_fc.blocks.0.weight: k=1, G_{1.0,0.0,384}, lr=0.008, scale=1.0, type=None
  transformer.h.19.mlp.c_fc.blocks.1.weight: k=1, G_{1.0,0.0,384}, lr=0.008, scale=1.0, type=None
  transformer.h.19.mlp.c_fc.blocks.2.weight: k=1, G_{1.0,0.0,384}, lr=0.008, scale=1.0, type=None
  transformer.h.19.mlp.c_fc.blocks.3.weight: k=1, G_{1.0,0.0,384}, lr=0.008, scale=1.0, type=None
  transformer.h.20.attn.c_attn.blocks.0.weight: k=1, G_{1.0,0.0,384}, lr=0.008, scale=1.0, type=None
  transformer.h.20.attn.c_attn.blocks.1.weight: k=1, G_{1.0,0.0,384}, lr=0.008, scale=1.0, type=None
  transformer.h.20.attn.c_attn.blocks.2.weight: k=1, G_{1.0,0.0,384}, lr=0.008, scale=1.0, type=None
  transformer.h.20.mlp.c_fc.blocks.0.weight: k=1, G_{1.0,0.0,384}, lr=0.008, scale=1.0, type=None
  transformer.h.20.mlp.c_fc.blocks.1.weight: k=1, G_{1.0,0.0,384}, lr=0.008, scale=1.0, type=None
  transformer.h.20.mlp.c_fc.blocks.2.weight: k=1, G_{1.0,0.0,384}, lr=0.008, scale=1.0, type=None
  transformer.h.20.mlp.c_fc.blocks.3.weight: k=1, G_{1.0,0.0,384}, lr=0.008, scale=1.0, type=None
  transformer.h.21.attn.c_attn.blocks.0.weight: k=1, G_{1.0,0.0,384}, lr=0.008, scale=1.0, type=None
  transformer.h.21.attn.c_attn.blocks.1.weight: k=1, G_{1.0,0.0,384}, lr=0.008, scale=1.0, type=None
  transformer.h.21.attn.c_attn.blocks.2.weight: k=1, G_{1.0,0.0,384}, lr=0.008, scale=1.0, type=None
  transformer.h.21.mlp.c_fc.blocks.0.weight: k=1, G_{1.0,0.0,384}, lr=0.008, scale=1.0, type=None
  transformer.h.21.mlp.c_fc.blocks.1.weight: k=1, G_{1.0,0.0,384}, lr=0.008, scale=1.0, type=None
  transformer.h.21.mlp.c_fc.blocks.2.weight: k=1, G_{1.0,0.0,384}, lr=0.008, scale=1.0, type=None
  transformer.h.21.mlp.c_fc.blocks.3.weight: k=1, G_{1.0,0.0,384}, lr=0.008, scale=1.0, type=None
  transformer.h.22.attn.c_attn.blocks.0.weight: k=1, G_{1.0,0.0,384}, lr=0.008, scale=1.0, type=None
  transformer.h.22.attn.c_attn.blocks.1.weight: k=1, G_{1.0,0.0,384}, lr=0.008, scale=1.0, type=None
  transformer.h.22.attn.c_attn.blocks.2.weight: k=1, G_{1.0,0.0,384}, lr=0.008, scale=1.0, type=None
  transformer.h.22.mlp.c_fc.blocks.0.weight: k=1, G_{1.0,0.0,384}, lr=0.008, scale=1.0, type=None
  transformer.h.22.mlp.c_fc.blocks.1.weight: k=1, G_{1.0,0.0,384}, lr=0.008, scale=1.0, type=None
  transformer.h.22.mlp.c_fc.blocks.2.weight: k=1, G_{1.0,0.0,384}, lr=0.008, scale=1.0, type=None
  transformer.h.22.mlp.c_fc.blocks.3.weight: k=1, G_{1.0,0.0,384}, lr=0.008, scale=1.0, type=None
  transformer.h.23.attn.c_attn.blocks.0.weight: k=1, G_{1.0,0.0,384}, lr=0.008, scale=1.0, type=None
  transformer.h.23.attn.c_attn.blocks.1.weight: k=1, G_{1.0,0.0,384}, lr=0.008, scale=1.0, type=None
  transformer.h.23.attn.c_attn.blocks.2.weight: k=1, G_{1.0,0.0,384}, lr=0.008, scale=1.0, type=None
  transformer.h.23.mlp.c_fc.blocks.0.weight: k=1, G_{1.0,0.0,384}, lr=0.008, scale=1.0, type=None
  transformer.h.23.mlp.c_fc.blocks.1.weight: k=1, G_{1.0,0.0,384}, lr=0.008, scale=1.0, type=None
  transformer.h.23.mlp.c_fc.blocks.2.weight: k=1, G_{1.0,0.0,384}, lr=0.008, scale=1.0, type=None
  transformer.h.23.mlp.c_fc.blocks.3.weight: k=1, G_{1.0,0.0,384}, lr=0.008, scale=1.0, type=None

=== Phase phase3 Grassmann Configuration ===

Per-block configuration (24 blocks):
  c_attn ranks:       [384, 384, 384, 384, 384, 384, 384, 384, 384, 384, 384, 384, 384, 384, 384, 384, 384, 384, 384, 384, 384, 384, 384, 384]
  c_attn scales:      ['1.00', '1.00', '1.00', '1.00', '1.00', '1.00', '1.00', '1.00', '1.00', '1.00', '1.00', '1.00', '1.00', '1.00', '1.00', '1.00', '1.00', '1.00', '1.00', '1.00', '1.00', '1.00', '1.00', '1.00']
  mlp.c_fc ranks:     [384, 384, 384, 384, 384, 384, 384, 384, 384, 384, 384, 384, 384, 384, 384, 384, 384, 384, 384, 384, 384, 384, 384, 384]
  mlp.c_fc scales:    ['1.00', '1.00', '1.00', '1.00', '1.00', '1.00', '1.00', '1.00', '1.00', '1.00', '1.00', '1.00', '1.00', '1.00', '1.00', '1.00', '1.00', '1.00', '1.00', '1.00', '1.00', '1.00', '1.00', '1.00']
Grassmann Muon parameters: 168 weight matrices, 176,160,768 params
AdamW optimizer groups:
  Gates:      120 tensors, 1,277,952 params, lr=1.20e-03, wd=0.1
  Projections: 48 tensors, 125,829,120 params, lr=6.00e-04, wd=0.1
  Embeddings: 2 tensors, 52,559,872 params, lr=3.00e-04, wd=0.0
  No decay:   49 tensors, 50,176 params, lr=6.00e-04, wd=0.0
  transformer.h.0.attn.c_attn.blocks.0.weight: k=1, G_{1.0,0.0,384}, lr=0.008, scale=1.0, type=None
  transformer.h.0.attn.c_attn.blocks.1.weight: k=1, G_{1.0,0.0,384}, lr=0.008, scale=1.0, type=None
  transformer.h.0.attn.c_attn.blocks.2.weight: k=1, G_{1.0,0.0,384}, lr=0.008, scale=1.0, type=None
  transformer.h.0.mlp.c_fc.blocks.0.weight: k=1, G_{1.0,0.0,384}, lr=0.008, scale=1.0, type=None
  transformer.h.0.mlp.c_fc.blocks.1.weight: k=1, G_{1.0,0.0,384}, lr=0.008, scale=1.0, type=None
  transformer.h.0.mlp.c_fc.blocks.2.weight: k=1, G_{1.0,0.0,384}, lr=0.008, scale=1.0, type=None
  transformer.h.0.mlp.c_fc.blocks.3.weight: k=1, G_{1.0,0.0,384}, lr=0.008, scale=1.0, type=None
  transformer.h.1.attn.c_attn.blocks.0.weight: k=1, G_{1.0,0.0,384}, lr=0.008, scale=1.0, type=None
  transformer.h.1.attn.c_attn.blocks.1.weight: k=1, G_{1.0,0.0,384}, lr=0.008, scale=1.0, type=None
  transformer.h.1.attn.c_attn.blocks.2.weight: k=1, G_{1.0,0.0,384}, lr=0.008, scale=1.0, type=None
  transformer.h.1.mlp.c_fc.blocks.0.weight: k=1, G_{1.0,0.0,384}, lr=0.008, scale=1.0, type=None
  transformer.h.1.mlp.c_fc.blocks.1.weight: k=1, G_{1.0,0.0,384}, lr=0.008, scale=1.0, type=None
  transformer.h.1.mlp.c_fc.blocks.2.weight: k=1, G_{1.0,0.0,384}, lr=0.008, scale=1.0, type=None
  transformer.h.1.mlp.c_fc.blocks.3.weight: k=1, G_{1.0,0.0,384}, lr=0.008, scale=1.0, type=None
  transformer.h.2.attn.c_attn.blocks.0.weight: k=1, G_{1.0,0.0,384}, lr=0.008, scale=1.0, type=None
  transformer.h.2.attn.c_attn.blocks.1.weight: k=1, G_{1.0,0.0,384}, lr=0.008, scale=1.0, type=None
  transformer.h.2.attn.c_attn.blocks.2.weight: k=1, G_{1.0,0.0,384}, lr=0.008, scale=1.0, type=None
  transformer.h.2.mlp.c_fc.blocks.0.weight: k=1, G_{1.0,0.0,384}, lr=0.008, scale=1.0, type=None
  transformer.h.2.mlp.c_fc.blocks.1.weight: k=1, G_{1.0,0.0,384}, lr=0.008, scale=1.0, type=None
  transformer.h.2.mlp.c_fc.blocks.2.weight: k=1, G_{1.0,0.0,384}, lr=0.008, scale=1.0, type=None
  transformer.h.2.mlp.c_fc.blocks.3.weight: k=1, G_{1.0,0.0,384}, lr=0.008, scale=1.0, type=None
  transformer.h.3.attn.c_attn.blocks.0.weight: k=1, G_{1.0,0.0,384}, lr=0.008, scale=1.0, type=None
  transformer.h.3.attn.c_attn.blocks.1.weight: k=1, G_{1.0,0.0,384}, lr=0.008, scale=1.0, type=None
  transformer.h.3.attn.c_attn.blocks.2.weight: k=1, G_{1.0,0.0,384}, lr=0.008, scale=1.0, type=None
  transformer.h.3.mlp.c_fc.blocks.0.weight: k=1, G_{1.0,0.0,384}, lr=0.008, scale=1.0, type=None
  transformer.h.3.mlp.c_fc.blocks.1.weight: k=1, G_{1.0,0.0,384}, lr=0.008, scale=1.0, type=None
  transformer.h.3.mlp.c_fc.blocks.2.weight: k=1, G_{1.0,0.0,384}, lr=0.008, scale=1.0, type=None
  transformer.h.3.mlp.c_fc.blocks.3.weight: k=1, G_{1.0,0.0,384}, lr=0.008, scale=1.0, type=None
  transformer.h.4.attn.c_attn.blocks.0.weight: k=1, G_{1.0,0.0,384}, lr=0.008, scale=1.0, type=None
  transformer.h.4.attn.c_attn.blocks.1.weight: k=1, G_{1.0,0.0,384}, lr=0.008, scale=1.0, type=None
  transformer.h.4.attn.c_attn.blocks.2.weight: k=1, G_{1.0,0.0,384}, lr=0.008, scale=1.0, type=None
  transformer.h.4.mlp.c_fc.blocks.0.weight: k=1, G_{1.0,0.0,384}, lr=0.008, scale=1.0, type=None
  transformer.h.4.mlp.c_fc.blocks.1.weight: k=1, G_{1.0,0.0,384}, lr=0.008, scale=1.0, type=None
  transformer.h.4.mlp.c_fc.blocks.2.weight: k=1, G_{1.0,0.0,384}, lr=0.008, scale=1.0, type=None
  transformer.h.4.mlp.c_fc.blocks.3.weight: k=1, G_{1.0,0.0,384}, lr=0.008, scale=1.0, type=None
  transformer.h.5.attn.c_attn.blocks.0.weight: k=1, G_{1.0,0.0,384}, lr=0.008, scale=1.0, type=None
  transformer.h.5.attn.c_attn.blocks.1.weight: k=1, G_{1.0,0.0,384}, lr=0.008, scale=1.0, type=None
  transformer.h.5.attn.c_attn.blocks.2.weight: k=1, G_{1.0,0.0,384}, lr=0.008, scale=1.0, type=None
  transformer.h.5.mlp.c_fc.blocks.0.weight: k=1, G_{1.0,0.0,384}, lr=0.008, scale=1.0, type=None
  transformer.h.5.mlp.c_fc.blocks.1.weight: k=1, G_{1.0,0.0,384}, lr=0.008, scale=1.0, type=None
  transformer.h.5.mlp.c_fc.blocks.2.weight: k=1, G_{1.0,0.0,384}, lr=0.008, scale=1.0, type=None
  transformer.h.5.mlp.c_fc.blocks.3.weight: k=1, G_{1.0,0.0,384}, lr=0.008, scale=1.0, type=None
  transformer.h.6.attn.c_attn.blocks.0.weight: k=1, G_{1.0,0.0,384}, lr=0.008, scale=1.0, type=None
  transformer.h.6.attn.c_attn.blocks.1.weight: k=1, G_{1.0,0.0,384}, lr=0.008, scale=1.0, type=None
  transformer.h.6.attn.c_attn.blocks.2.weight: k=1, G_{1.0,0.0,384}, lr=0.008, scale=1.0, type=None
  transformer.h.6.mlp.c_fc.blocks.0.weight: k=1, G_{1.0,0.0,384}, lr=0.008, scale=1.0, type=None
  transformer.h.6.mlp.c_fc.blocks.1.weight: k=1, G_{1.0,0.0,384}, lr=0.008, scale=1.0, type=None
  transformer.h.6.mlp.c_fc.blocks.2.weight: k=1, G_{1.0,0.0,384}, lr=0.008, scale=1.0, type=None
  transformer.h.6.mlp.c_fc.blocks.3.weight: k=1, G_{1.0,0.0,384}, lr=0.008, scale=1.0, type=None
  transformer.h.7.attn.c_attn.blocks.0.weight: k=1, G_{1.0,0.0,384}, lr=0.008, scale=1.0, type=None
  transformer.h.7.attn.c_attn.blocks.1.weight: k=1, G_{1.0,0.0,384}, lr=0.008, scale=1.0, type=None
  transformer.h.7.attn.c_attn.blocks.2.weight: k=1, G_{1.0,0.0,384}, lr=0.008, scale=1.0, type=None
  transformer.h.7.mlp.c_fc.blocks.0.weight: k=1, G_{1.0,0.0,384}, lr=0.008, scale=1.0, type=None
  transformer.h.7.mlp.c_fc.blocks.1.weight: k=1, G_{1.0,0.0,384}, lr=0.008, scale=1.0, type=None
  transformer.h.7.mlp.c_fc.blocks.2.weight: k=1, G_{1.0,0.0,384}, lr=0.008, scale=1.0, type=None
  transformer.h.7.mlp.c_fc.blocks.3.weight: k=1, G_{1.0,0.0,384}, lr=0.008, scale=1.0, type=None
  transformer.h.8.attn.c_attn.blocks.0.weight: k=1, G_{1.0,0.0,384}, lr=0.008, scale=1.0, type=None
  transformer.h.8.attn.c_attn.blocks.1.weight: k=1, G_{1.0,0.0,384}, lr=0.008, scale=1.0, type=None
  transformer.h.8.attn.c_attn.blocks.2.weight: k=1, G_{1.0,0.0,384}, lr=0.008, scale=1.0, type=None
  transformer.h.8.mlp.c_fc.blocks.0.weight: k=1, G_{1.0,0.0,384}, lr=0.008, scale=1.0, type=None
  transformer.h.8.mlp.c_fc.blocks.1.weight: k=1, G_{1.0,0.0,384}, lr=0.008, scale=1.0, type=None
  transformer.h.8.mlp.c_fc.blocks.2.weight: k=1, G_{1.0,0.0,384}, lr=0.008, scale=1.0, type=None
  transformer.h.8.mlp.c_fc.blocks.3.weight: k=1, G_{1.0,0.0,384}, lr=0.008, scale=1.0, type=None
  transformer.h.9.attn.c_attn.blocks.0.weight: k=1, G_{1.0,0.0,384}, lr=0.008, scale=1.0, type=None
  transformer.h.9.attn.c_attn.blocks.1.weight: k=1, G_{1.0,0.0,384}, lr=0.008, scale=1.0, type=None
  transformer.h.9.attn.c_attn.blocks.2.weight: k=1, G_{1.0,0.0,384}, lr=0.008, scale=1.0, type=None
  transformer.h.9.mlp.c_fc.blocks.0.weight: k=1, G_{1.0,0.0,384}, lr=0.008, scale=1.0, type=None
  transformer.h.9.mlp.c_fc.blocks.1.weight: k=1, G_{1.0,0.0,384}, lr=0.008, scale=1.0, type=None
  transformer.h.9.mlp.c_fc.blocks.2.weight: k=1, G_{1.0,0.0,384}, lr=0.008, scale=1.0, type=None
  transformer.h.9.mlp.c_fc.blocks.3.weight: k=1, G_{1.0,0.0,384}, lr=0.008, scale=1.0, type=None
  transformer.h.10.attn.c_attn.blocks.0.weight: k=1, G_{1.0,0.0,384}, lr=0.008, scale=1.0, type=None
  transformer.h.10.attn.c_attn.blocks.1.weight: k=1, G_{1.0,0.0,384}, lr=0.008, scale=1.0, type=None
  transformer.h.10.attn.c_attn.blocks.2.weight: k=1, G_{1.0,0.0,384}, lr=0.008, scale=1.0, type=None
  transformer.h.10.mlp.c_fc.blocks.0.weight: k=1, G_{1.0,0.0,384}, lr=0.008, scale=1.0, type=None
  transformer.h.10.mlp.c_fc.blocks.1.weight: k=1, G_{1.0,0.0,384}, lr=0.008, scale=1.0, type=None
  transformer.h.10.mlp.c_fc.blocks.2.weight: k=1, G_{1.0,0.0,384}, lr=0.008, scale=1.0, type=None
  transformer.h.10.mlp.c_fc.blocks.3.weight: k=1, G_{1.0,0.0,384}, lr=0.008, scale=1.0, type=None
  transformer.h.11.attn.c_attn.blocks.0.weight: k=1, G_{1.0,0.0,384}, lr=0.008, scale=1.0, type=None
  transformer.h.11.attn.c_attn.blocks.1.weight: k=1, G_{1.0,0.0,384}, lr=0.008, scale=1.0, type=None
  transformer.h.11.attn.c_attn.blocks.2.weight: k=1, G_{1.0,0.0,384}, lr=0.008, scale=1.0, type=None
  transformer.h.11.mlp.c_fc.blocks.0.weight: k=1, G_{1.0,0.0,384}, lr=0.008, scale=1.0, type=None
  transformer.h.11.mlp.c_fc.blocks.1.weight: k=1, G_{1.0,0.0,384}, lr=0.008, scale=1.0, type=None
  transformer.h.11.mlp.c_fc.blocks.2.weight: k=1, G_{1.0,0.0,384}, lr=0.008, scale=1.0, type=None
  transformer.h.11.mlp.c_fc.blocks.3.weight: k=1, G_{1.0,0.0,384}, lr=0.008, scale=1.0, type=None
  transformer.h.12.attn.c_attn.blocks.0.weight: k=1, G_{1.0,0.0,384}, lr=0.008, scale=1.0, type=None
  transformer.h.12.attn.c_attn.blocks.1.weight: k=1, G_{1.0,0.0,384}, lr=0.008, scale=1.0, type=None
  transformer.h.12.attn.c_attn.blocks.2.weight: k=1, G_{1.0,0.0,384}, lr=0.008, scale=1.0, type=None
  transformer.h.12.mlp.c_fc.blocks.0.weight: k=1, G_{1.0,0.0,384}, lr=0.008, scale=1.0, type=None
  transformer.h.12.mlp.c_fc.blocks.1.weight: k=1, G_{1.0,0.0,384}, lr=0.008, scale=1.0, type=None
  transformer.h.12.mlp.c_fc.blocks.2.weight: k=1, G_{1.0,0.0,384}, lr=0.008, scale=1.0, type=None
  transformer.h.12.mlp.c_fc.blocks.3.weight: k=1, G_{1.0,0.0,384}, lr=0.008, scale=1.0, type=None
  transformer.h.13.attn.c_attn.blocks.0.weight: k=1, G_{1.0,0.0,384}, lr=0.008, scale=1.0, type=None
  transformer.h.13.attn.c_attn.blocks.1.weight: k=1, G_{1.0,0.0,384}, lr=0.008, scale=1.0, type=None
  transformer.h.13.attn.c_attn.blocks.2.weight: k=1, G_{1.0,0.0,384}, lr=0.008, scale=1.0, type=None
  transformer.h.13.mlp.c_fc.blocks.0.weight: k=1, G_{1.0,0.0,384}, lr=0.008, scale=1.0, type=None
  transformer.h.13.mlp.c_fc.blocks.1.weight: k=1, G_{1.0,0.0,384}, lr=0.008, scale=1.0, type=None
  transformer.h.13.mlp.c_fc.blocks.2.weight: k=1, G_{1.0,0.0,384}, lr=0.008, scale=1.0, type=None
  transformer.h.13.mlp.c_fc.blocks.3.weight: k=1, G_{1.0,0.0,384}, lr=0.008, scale=1.0, type=None
  transformer.h.14.attn.c_attn.blocks.0.weight: k=1, G_{1.0,0.0,384}, lr=0.008, scale=1.0, type=None
  transformer.h.14.attn.c_attn.blocks.1.weight: k=1, G_{1.0,0.0,384}, lr=0.008, scale=1.0, type=None
  transformer.h.14.attn.c_attn.blocks.2.weight: k=1, G_{1.0,0.0,384}, lr=0.008, scale=1.0, type=None
  transformer.h.14.mlp.c_fc.blocks.0.weight: k=1, G_{1.0,0.0,384}, lr=0.008, scale=1.0, type=None
  transformer.h.14.mlp.c_fc.blocks.1.weight: k=1, G_{1.0,0.0,384}, lr=0.008, scale=1.0, type=None
  transformer.h.14.mlp.c_fc.blocks.2.weight: k=1, G_{1.0,0.0,384}, lr=0.008, scale=1.0, type=None
  transformer.h.14.mlp.c_fc.blocks.3.weight: k=1, G_{1.0,0.0,384}, lr=0.008, scale=1.0, type=None
  transformer.h.15.attn.c_attn.blocks.0.weight: k=1, G_{1.0,0.0,384}, lr=0.008, scale=1.0, type=None
  transformer.h.15.attn.c_attn.blocks.1.weight: k=1, G_{1.0,0.0,384}, lr=0.008, scale=1.0, type=None
  transformer.h.15.attn.c_attn.blocks.2.weight: k=1, G_{1.0,0.0,384}, lr=0.008, scale=1.0, type=None
  transformer.h.15.mlp.c_fc.blocks.0.weight: k=1, G_{1.0,0.0,384}, lr=0.008, scale=1.0, type=None
  transformer.h.15.mlp.c_fc.blocks.1.weight: k=1, G_{1.0,0.0,384}, lr=0.008, scale=1.0, type=None
  transformer.h.15.mlp.c_fc.blocks.2.weight: k=1, G_{1.0,0.0,384}, lr=0.008, scale=1.0, type=None
  transformer.h.15.mlp.c_fc.blocks.3.weight: k=1, G_{1.0,0.0,384}, lr=0.008, scale=1.0, type=None
  transformer.h.16.attn.c_attn.blocks.0.weight: k=1, G_{1.0,0.0,384}, lr=0.008, scale=1.0, type=None
  transformer.h.16.attn.c_attn.blocks.1.weight: k=1, G_{1.0,0.0,384}, lr=0.008, scale=1.0, type=None
  transformer.h.16.attn.c_attn.blocks.2.weight: k=1, G_{1.0,0.0,384}, lr=0.008, scale=1.0, type=None
  transformer.h.16.mlp.c_fc.blocks.0.weight: k=1, G_{1.0,0.0,384}, lr=0.008, scale=1.0, type=None
  transformer.h.16.mlp.c_fc.blocks.1.weight: k=1, G_{1.0,0.0,384}, lr=0.008, scale=1.0, type=None
  transformer.h.16.mlp.c_fc.blocks.2.weight: k=1, G_{1.0,0.0,384}, lr=0.008, scale=1.0, type=None
  transformer.h.16.mlp.c_fc.blocks.3.weight: k=1, G_{1.0,0.0,384}, lr=0.008, scale=1.0, type=None
  transformer.h.17.attn.c_attn.blocks.0.weight: k=1, G_{1.0,0.0,384}, lr=0.008, scale=1.0, type=None
  transformer.h.17.attn.c_attn.blocks.1.weight: k=1, G_{1.0,0.0,384}, lr=0.008, scale=1.0, type=None
  transformer.h.17.attn.c_attn.blocks.2.weight: k=1, G_{1.0,0.0,384}, lr=0.008, scale=1.0, type=None
  transformer.h.17.mlp.c_fc.blocks.0.weight: k=1, G_{1.0,0.0,384}, lr=0.008, scale=1.0, type=None
  transformer.h.17.mlp.c_fc.blocks.1.weight: k=1, G_{1.0,0.0,384}, lr=0.008, scale=1.0, type=None
  transformer.h.17.mlp.c_fc.blocks.2.weight: k=1, G_{1.0,0.0,384}, lr=0.008, scale=1.0, type=None
  transformer.h.17.mlp.c_fc.blocks.3.weight: k=1, G_{1.0,0.0,384}, lr=0.008, scale=1.0, type=None
  transformer.h.18.attn.c_attn.blocks.0.weight: k=1, G_{1.0,0.0,384}, lr=0.008, scale=1.0, type=None
  transformer.h.18.attn.c_attn.blocks.1.weight: k=1, G_{1.0,0.0,384}, lr=0.008, scale=1.0, type=None
  transformer.h.18.attn.c_attn.blocks.2.weight: k=1, G_{1.0,0.0,384}, lr=0.008, scale=1.0, type=None
  transformer.h.18.mlp.c_fc.blocks.0.weight: k=1, G_{1.0,0.0,384}, lr=0.008, scale=1.0, type=None
  transformer.h.18.mlp.c_fc.blocks.1.weight: k=1, G_{1.0,0.0,384}, lr=0.008, scale=1.0, type=None
  transformer.h.18.mlp.c_fc.blocks.2.weight: k=1, G_{1.0,0.0,384}, lr=0.008, scale=1.0, type=None
  transformer.h.18.mlp.c_fc.blocks.3.weight: k=1, G_{1.0,0.0,384}, lr=0.008, scale=1.0, type=None
  transformer.h.19.attn.c_attn.blocks.0.weight: k=1, G_{1.0,0.0,384}, lr=0.008, scale=1.0, type=None
  transformer.h.19.attn.c_attn.blocks.1.weight: k=1, G_{1.0,0.0,384}, lr=0.008, scale=1.0, type=None
  transformer.h.19.attn.c_attn.blocks.2.weight: k=1, G_{1.0,0.0,384}, lr=0.008, scale=1.0, type=None
  transformer.h.19.mlp.c_fc.blocks.0.weight: k=1, G_{1.0,0.0,384}, lr=0.008, scale=1.0, type=None
  transformer.h.19.mlp.c_fc.blocks.1.weight: k=1, G_{1.0,0.0,384}, lr=0.008, scale=1.0, type=None
  transformer.h.19.mlp.c_fc.blocks.2.weight: k=1, G_{1.0,0.0,384}, lr=0.008, scale=1.0, type=None
  transformer.h.19.mlp.c_fc.blocks.3.weight: k=1, G_{1.0,0.0,384}, lr=0.008, scale=1.0, type=None
  transformer.h.20.attn.c_attn.blocks.0.weight: k=1, G_{1.0,0.0,384}, lr=0.008, scale=1.0, type=None
  transformer.h.20.attn.c_attn.blocks.1.weight: k=1, G_{1.0,0.0,384}, lr=0.008, scale=1.0, type=None
  transformer.h.20.attn.c_attn.blocks.2.weight: k=1, G_{1.0,0.0,384}, lr=0.008, scale=1.0, type=None
  transformer.h.20.mlp.c_fc.blocks.0.weight: k=1, G_{1.0,0.0,384}, lr=0.008, scale=1.0, type=None
  transformer.h.20.mlp.c_fc.blocks.1.weight: k=1, G_{1.0,0.0,384}, lr=0.008, scale=1.0, type=None
  transformer.h.20.mlp.c_fc.blocks.2.weight: k=1, G_{1.0,0.0,384}, lr=0.008, scale=1.0, type=None
  transformer.h.20.mlp.c_fc.blocks.3.weight: k=1, G_{1.0,0.0,384}, lr=0.008, scale=1.0, type=None
  transformer.h.21.attn.c_attn.blocks.0.weight: k=1, G_{1.0,0.0,384}, lr=0.008, scale=1.0, type=None
  transformer.h.21.attn.c_attn.blocks.1.weight: k=1, G_{1.0,0.0,384}, lr=0.008, scale=1.0, type=None
  transformer.h.21.attn.c_attn.blocks.2.weight: k=1, G_{1.0,0.0,384}, lr=0.008, scale=1.0, type=None
  transformer.h.21.mlp.c_fc.blocks.0.weight: k=1, G_{1.0,0.0,384}, lr=0.008, scale=1.0, type=None
  transformer.h.21.mlp.c_fc.blocks.1.weight: k=1, G_{1.0,0.0,384}, lr=0.008, scale=1.0, type=None
  transformer.h.21.mlp.c_fc.blocks.2.weight: k=1, G_{1.0,0.0,384}, lr=0.008, scale=1.0, type=None
  transformer.h.21.mlp.c_fc.blocks.3.weight: k=1, G_{1.0,0.0,384}, lr=0.008, scale=1.0, type=None
  transformer.h.22.attn.c_attn.blocks.0.weight: k=1, G_{1.0,0.0,384}, lr=0.008, scale=1.0, type=None
  transformer.h.22.attn.c_attn.blocks.1.weight: k=1, G_{1.0,0.0,384}, lr=0.008, scale=1.0, type=None
  transformer.h.22.attn.c_attn.blocks.2.weight: k=1, G_{1.0,0.0,384}, lr=0.008, scale=1.0, type=None
  transformer.h.22.mlp.c_fc.blocks.0.weight: k=1, G_{1.0,0.0,384}, lr=0.008, scale=1.0, type=None
  transformer.h.22.mlp.c_fc.blocks.1.weight: k=1, G_{1.0,0.0,384}, lr=0.008, scale=1.0, type=None
  transformer.h.22.mlp.c_fc.blocks.2.weight: k=1, G_{1.0,0.0,384}, lr=0.008, scale=1.0, type=None
  transformer.h.22.mlp.c_fc.blocks.3.weight: k=1, G_{1.0,0.0,384}, lr=0.008, scale=1.0, type=None
  transformer.h.23.attn.c_attn.blocks.0.weight: k=1, G_{1.0,0.0,384}, lr=0.008, scale=1.0, type=None
  transformer.h.23.attn.c_attn.blocks.1.weight: k=1, G_{1.0,0.0,384}, lr=0.008, scale=1.0, type=None
  transformer.h.23.attn.c_attn.blocks.2.weight: k=1, G_{1.0,0.0,384}, lr=0.008, scale=1.0, type=None
  transformer.h.23.mlp.c_fc.blocks.0.weight: k=1, G_{1.0,0.0,384}, lr=0.008, scale=1.0, type=None
  transformer.h.23.mlp.c_fc.blocks.1.weight: k=1, G_{1.0,0.0,384}, lr=0.008, scale=1.0, type=None
  transformer.h.23.mlp.c_fc.blocks.2.weight: k=1, G_{1.0,0.0,384}, lr=0.008, scale=1.0, type=None
  transformer.h.23.mlp.c_fc.blocks.3.weight: k=1, G_{1.0,0.0,384}, lr=0.008, scale=1.0, type=None
using fused AdamW: True
using fused AdamW: True

=== Setting up component-specific dropout ===
AdamW components: dropout = 0.1
Grassmann components: dropout = 0.05
using fused AdamW: True

=== Setting up component-specific dropout ===
AdamW components: dropout = 0.1
Grassmann components: dropout = 0.05

=== Setting up component-specific dropout ===
AdamW components: dropout = 0.1
Grassmann components: dropout = 0.05using fused AdamW: True

Component-specific dropout setup complete.

=== Setting up norm-preserving scaling (Phase phase3) ===
Component-specific dropout setup complete.

=== Setting up norm-preserving scaling (Phase phase3) ===

=== Setting up component-specific dropout ===
AdamW components: dropout = 0.1
Grassmann components: dropout = 0.05
Component-specific dropout setup complete.

=== Setting up norm-preserving scaling (Phase phase3) ===
Component-specific dropout setup complete.

=== Setting up norm-preserving scaling (Phase phase3) ===
  Added frozen 0.5×I scaling after mlp.c_fc (device=cuda:1)
  Added frozen 0.5×I scaling after mlp.c_fc (device=cuda:2)
  Added frozen 0.5×I scaling after mlp.c_fc (device=cuda:3)
  Added frozen 0.5×I scaling after mlp.c_fc (device=cuda:0)
  Added frozen 0.5×I scaling after mlp.c_fc (device=cuda:1)
  Added frozen 0.5×I scaling after mlp.c_fc (device=cuda:2)
  Added frozen 0.5×I scaling after mlp.c_fc (device=cuda:3)
  Added frozen 0.5×I scaling after mlp.c_fc (device=cuda:0)
  Added frozen 0.5×I scaling after mlp.c_fc (device=cuda:1)
  Added frozen 0.5×I scaling after mlp.c_fc (device=cuda:2)
  Added frozen 0.5×I scaling after mlp.c_fc (device=cuda:3)
  Added frozen 0.5×I scaling after mlp.c_fc (device=cuda:0)
  Added frozen 0.5×I scaling after mlp.c_fc (device=cuda:1)
  Added frozen 0.5×I scaling after mlp.c_fc (device=cuda:2)
  Added frozen 0.5×I scaling after mlp.c_fc (device=cuda:3)
  Added frozen 0.5×I scaling after mlp.c_fc (device=cuda:0)
  Added frozen 0.5×I scaling after mlp.c_fc (device=cuda:1)
  Added frozen 0.5×I scaling after mlp.c_fc (device=cuda:2)
  Added frozen 0.5×I scaling after mlp.c_fc (device=cuda:3)
  Added frozen 0.5×I scaling after mlp.c_fc (device=cuda:0)
  Added frozen 0.5×I scaling after mlp.c_fc (device=cuda:1)
  Added frozen 0.5×I scaling after mlp.c_fc (device=cuda:2)
  Added frozen 0.5×I scaling after mlp.c_fc (device=cuda:3)
  Added frozen 0.5×I scaling after mlp.c_fc (device=cuda:0)
  Added frozen 0.5×I scaling after mlp.c_fc (device=cuda:2)
  Added frozen 0.5×I scaling after mlp.c_fc (device=cuda:1)
  Added frozen 0.5×I scaling after mlp.c_fc (device=cuda:3)
  Added frozen 0.5×I scaling after mlp.c_fc (device=cuda:0)
  Added frozen 0.5×I scaling after mlp.c_fc (device=cuda:2)
  Added frozen 0.5×I scaling after mlp.c_fc (device=cuda:1)
  Added frozen 0.5×I scaling after mlp.c_fc (device=cuda:3)
  Added frozen 0.5×I scaling after mlp.c_fc (device=cuda:0)
  Added frozen 0.5×I scaling after mlp.c_fc (device=cuda:2)
  Added frozen 0.5×I scaling after mlp.c_fc (device=cuda:1)
  Added frozen 0.5×I scaling after mlp.c_fc (device=cuda:3)
  Added frozen 0.5×I scaling after mlp.c_fc (device=cuda:0)
  Added frozen 0.5×I scaling after mlp.c_fc (device=cuda:2)
  Added frozen 0.5×I scaling after mlp.c_fc (device=cuda:1)
  Added frozen 0.5×I scaling after mlp.c_fc (device=cuda:3)
  Added frozen 0.5×I scaling after mlp.c_fc (device=cuda:0)
  Added frozen 0.5×I scaling after mlp.c_fc (device=cuda:2)
  Added frozen 0.5×I scaling after mlp.c_fc (device=cuda:1)
  Added frozen 0.5×I scaling after mlp.c_fc (device=cuda:3)
  Added frozen 0.5×I scaling after mlp.c_fc (device=cuda:0)
  Added frozen 0.5×I scaling after mlp.c_fc (device=cuda:2)
  Added frozen 0.5×I scaling after mlp.c_fc (device=cuda:1)
  Added frozen 0.5×I scaling after mlp.c_fc (device=cuda:2)
  Added frozen 0.5×I scaling after mlp.c_fc (device=cuda:3)
  Added frozen 0.5×I scaling after mlp.c_fc (device=cuda:0)
  Added frozen 0.5×I scaling after mlp.c_fc (device=cuda:2)
  Added frozen 0.5×I scaling after mlp.c_fc (device=cuda:1)
  Added frozen 0.5×I scaling after mlp.c_fc (device=cuda:3)
  Added frozen 0.5×I scaling after mlp.c_fc (device=cuda:0)
  Added frozen 0.5×I scaling after mlp.c_fc (device=cuda:2)
  Added frozen 0.5×I scaling after mlp.c_fc (device=cuda:1)
  Added frozen 0.5×I scaling after mlp.c_fc (device=cuda:2)
  Added frozen 0.5×I scaling after mlp.c_fc (device=cuda:3)
  Added frozen 0.5×I scaling after mlp.c_fc (device=cuda:0)
  Added frozen 0.5×I scaling after mlp.c_fc (device=cuda:2)
  Added frozen 0.5×I scaling after mlp.c_fc (device=cuda:1)
  Added frozen 0.5×I scaling after mlp.c_fc (device=cuda:3)
  Added frozen 0.5×I scaling after mlp.c_fc (device=cuda:0)
  Added frozen 0.5×I scaling after mlp.c_fc (device=cuda:2)
  Added frozen 0.5×I scaling after mlp.c_fc (device=cuda:1)
  Added frozen 0.5×I scaling after mlp.c_fc (device=cuda:2)
  Added frozen 0.5×I scaling after mlp.c_fc (device=cuda:3)
  Added frozen 0.5×I scaling after mlp.c_fc (device=cuda:0)
  Added frozen 0.5×I scaling after mlp.c_fc (device=cuda:2)
  Added frozen 0.5×I scaling after mlp.c_fc (device=cuda:1)
  Added frozen 0.5×I scaling after mlp.c_fc (device=cuda:0)
  Added frozen 0.5×I scaling after mlp.c_fc (device=cuda:3)
  Added frozen 0.5×I scaling after mlp.c_fc (device=cuda:2)
  Added frozen 0.5×I scaling after mlp.c_fc (device=cuda:1)
  Added frozen 0.5×I scaling after mlp.c_fc (device=cuda:0)
  Added frozen 0.5×I scaling after mlp.c_fc (device=cuda:2)
  Added frozen 0.5×I scaling after mlp.c_fc (device=cuda:3)
  Added frozen 0.5×I scaling after mlp.c_fc (device=cuda:2)
  Added frozen 0.5×I scaling after mlp.c_fc (device=cuda:1)
  Added frozen 0.5×I scaling after mlp.c_fc (device=cuda:0)
  Added frozen 0.5×I scaling after mlp.c_fc (device=cuda:3)
  Added frozen 0.5×I scaling after mlp.c_fc (device=cuda:2)
Norm-preserving scaling setup complete.
compiling the model... (takes a ~minute)
  Added frozen 0.5×I scaling after mlp.c_fc (device=cuda:1)
  Added frozen 0.5×I scaling after mlp.c_fc (device=cuda:0)
  Added frozen 0.5×I scaling after mlp.c_fc (device=cuda:3)
  Added frozen 0.5×I scaling after mlp.c_fc (device=cuda:1)
  Added frozen 0.5×I scaling after mlp.c_fc (device=cuda:0)
  Added frozen 0.5×I scaling after mlp.c_fc (device=cuda:3)
  Added frozen 0.5×I scaling after mlp.c_fc (device=cuda:1)
  Added frozen 0.5×I scaling after mlp.c_fc (device=cuda:0)
  Added frozen 0.5×I scaling after mlp.c_fc (device=cuda:3)
  Added frozen 0.5×I scaling after mlp.c_fc (device=cuda:1)
  Added frozen 0.5×I scaling after mlp.c_fc (device=cuda:0)
  Added frozen 0.5×I scaling after mlp.c_fc (device=cuda:3)
  Added frozen 0.5×I scaling after mlp.c_fc (device=cuda:1)
Norm-preserving scaling setup complete.
compiling the model... (takes a ~minute)
  Added frozen 0.5×I scaling after mlp.c_fc (device=cuda:0)
Norm-preserving scaling setup complete.
compiling the model... (takes a ~minute)
  Added frozen 0.5×I scaling after mlp.c_fc (device=cuda:3)
Norm-preserving scaling setup complete.
compiling the model... (takes a ~minute)
step 6000: train loss 3.3709, val loss 3.3731
saving checkpoint to /net/scratch2/junyuren/nanoGPT-manifold/out-gpt2m-grass-fullblock-r384
iter 6000: loss 3.4442, time 102741.33ms, mfu -100.00%
iter 6010: loss 3.5014, time 4936.75ms, mfu 30.93%
iter 6020: loss 3.3471, time 5781.53ms, mfu 30.48%
iter 6030: loss 3.3304, time 4980.83ms, mfu 30.50%
iter 6040: loss 3.3564, time 4999.64ms, mfu 30.50%
iter 6050: loss 3.2758, time 4997.27ms, mfu 30.51%
iter 6060: loss 3.5163, time 4980.37ms, mfu 30.53%
iter 6070: loss 3.4500, time 4990.12ms, mfu 30.53%
iter 6080: loss 3.3521, time 4999.97ms, mfu 30.53%
iter 6090: loss 3.3734, time 5806.04ms, mfu 30.11%
iter 6100: loss 3.2718, time 5000.17ms, mfu 30.15%
iter 6110: loss 3.5004, time 5833.41ms, mfu 29.76%
iter 6120: loss 3.2578, time 5010.94ms, mfu 29.83%
iter 6130: loss 3.3567, time 5226.30ms, mfu 29.77%
iter 6140: loss 3.5755, time 4991.58ms, mfu 29.85%
iter 6150: loss 3.5000, time 4988.55ms, mfu 29.93%
iter 6160: loss 3.3631, time 4981.92ms, mfu 30.00%
iter 6170: loss 3.4021, time 4974.34ms, mfu 30.07%
iter 6180: loss 3.3975, time 5056.83ms, mfu 30.08%
iter 6190: loss 3.5248, time 5815.72ms, mfu 29.70%
iter 6200: loss 3.4256, time 5802.83ms, mfu 29.36%
iter 6210: loss 3.4711, time 5822.15ms, mfu 29.05%
iter 6220: loss 3.3950, time 5800.36ms, mfu 28.78%
iter 6230: loss 3.4147, time 5836.25ms, mfu 28.52%
iter 6240: loss 3.2754, time 5814.66ms, mfu 28.29%
iter 6250: loss 3.3607, time 5831.55ms, mfu 28.08%
iter 6260: loss 3.4149, time 5817.56ms, mfu 27.90%
iter 6270: loss 3.3893, time 5793.80ms, mfu 27.74%
iter 6280: loss 3.4884, time 5817.12ms, mfu 27.59%
iter 6290: loss 3.3703, time 5025.95ms, mfu 27.87%
iter 6300: loss 3.3001, time 5813.61ms, mfu 27.71%
iter 6310: loss 3.3512, time 5812.55ms, mfu 27.57%
iter 6320: loss 3.4024, time 5819.56ms, mfu 27.44%
iter 6330: loss 3.4834, time 4962.08ms, mfu 27.77%
iter 6340: loss 3.5104, time 5018.57ms, mfu 28.04%
iter 6350: loss 3.4663, time 5799.62ms, mfu 27.87%
iter 6360: loss 3.4703, time 5015.53ms, mfu 28.12%
iter 6370: loss 3.4606, time 5047.16ms, mfu 28.34%
iter 6380: loss 3.4362, time 5017.61ms, mfu 28.55%
iter 6390: loss 3.5032, time 5804.46ms, mfu 28.32%
iter 6400: loss 3.3897, time 5005.54ms, mfu 28.54%
iter 6410: loss 3.2607, time 4966.47ms, mfu 28.76%
iter 6420: loss 3.5185, time 5269.92ms, mfu 28.78%
iter 6430: loss 3.2452, time 5005.61ms, mfu 28.96%
iter 6440: loss 3.3560, time 5053.14ms, mfu 29.08%
iter 6450: loss 3.5603, time 5034.52ms, mfu 29.21%
iter 6460: loss 3.4389, time 4992.65ms, mfu 29.35%
iter 6470: loss 3.1260, time 5871.86ms, mfu 29.01%
iter 6480: loss 3.4744, time 5978.69ms, mfu 28.67%
iter 6490: loss 3.2462, time 5850.46ms, mfu 28.41%
iter 6500: loss 3.3868, time 5014.09ms, mfu 28.61%
iter 6510: loss 3.3996, time 5821.12ms, mfu 28.38%
iter 6520: loss 3.3430, time 5817.90ms, mfu 28.16%
iter 6530: loss 3.4071, time 5008.72ms, mfu 28.40%
iter 6540: loss 3.4400, time 5013.96ms, mfu 28.60%
iter 6550: loss 3.2878, time 5831.59ms, mfu 28.36%
iter 6560: loss 3.3466, time 5800.19ms, mfu 28.16%
iter 6570: loss 3.5039, time 5792.19ms, mfu 27.98%
iter 6580: loss 3.4088, time 4997.60ms, mfu 28.24%
iter 6590: loss 3.5021, time 5003.63ms, mfu 28.46%
iter 6600: loss 3.5013, time 5004.72ms, mfu 28.67%
iter 6610: loss 3.4185, time 5005.68ms, mfu 28.85%
iter 6620: loss 3.3571, time 5015.04ms, mfu 29.01%
iter 6630: loss 3.4047, time 4992.54ms, mfu 29.17%
iter 6640: loss 3.4190, time 5793.81ms, mfu 28.89%
iter 6650: loss 3.2840, time 5799.23ms, mfu 28.63%
iter 6660: loss 3.6645, time 5382.90ms, mfu 28.61%
iter 6670: loss 3.3725, time 5904.21ms, mfu 28.33%
iter 6680: loss 3.5134, time 5904.72ms, mfu 28.09%
iter 6690: loss 3.2376, time 4959.63ms, mfu 28.36%
iter 6700: loss 3.4997, time 4995.93ms, mfu 28.58%
iter 6710: loss 3.3849, time 5021.99ms, mfu 28.76%
iter 6720: loss 3.5120, time 5853.63ms, mfu 28.49%
iter 6730: loss 3.2832, time 5009.20ms, mfu 28.69%
iter 6740: loss 3.3341, time 5029.54ms, mfu 28.86%
iter 6750: loss 3.3244, time 5000.80ms, mfu 29.03%
iter 6760: loss 3.3787, time 5016.46ms, mfu 29.17%
iter 6770: loss 3.3357, time 5020.81ms, mfu 29.29%
iter 6780: loss 3.3762, time 4991.46ms, mfu 29.42%
iter 6790: loss 3.4509, time 5020.63ms, mfu 29.52%
iter 6800: loss 3.5216, time 5861.84ms, mfu 29.18%
iter 6810: loss 3.3086, time 5854.05ms, mfu 28.87%
iter 6820: loss 3.2272, time 5851.18ms, mfu 28.59%
iter 6830: loss 3.2078, time 5848.76ms, mfu 28.34%
iter 6840: loss 3.4303, time 5889.13ms, mfu 28.10%
iter 6850: loss 3.5123, time 5859.89ms, mfu 27.90%
iter 6860: loss 3.4660, time 5842.37ms, mfu 27.72%
iter 6870: loss 3.3091, time 5837.85ms, mfu 27.57%
iter 6880: loss 3.5690, time 5883.36ms, mfu 27.40%
iter 6890: loss 3.4103, time 5832.40ms, mfu 27.28%
iter 6900: loss 3.3924, time 5838.69ms, mfu 27.17%
iter 6910: loss 3.5209, time 5904.36ms, mfu 27.04%
iter 6920: loss 3.3454, time 4989.24ms, mfu 27.40%
iter 6930: loss 3.4996, time 5006.85ms, mfu 27.71%
iter 6940: loss 3.3796, time 5026.83ms, mfu 27.97%
iter 6950: loss 3.4245, time 4993.54ms, mfu 28.23%
iter 6960: loss 3.5576, time 5004.43ms, mfu 28.46%
iter 6970: loss 3.4045, time 5820.95ms, mfu 28.24%
iter 6980: loss 3.1822, time 5802.63ms, mfu 28.05%
iter 6990: loss 3.2820, time 5066.97ms, mfu 28.26%
step 7000: train loss 3.3156, val loss 3.3244
saving checkpoint to /net/scratch2/junyuren/nanoGPT-manifold/out-gpt2m-grass-fullblock-r384
iter 7000: loss 3.5012, time 39108.52ms, mfu 25.82%
iter 7010: loss 3.3406, time 5826.61ms, mfu 25.86%
iter 7020: loss 3.2399, time 4963.04ms, mfu 26.35%
iter 7030: loss 3.5113, time 5005.11ms, mfu 26.77%
iter 7040: loss 3.4922, time 5012.87ms, mfu 27.14%
iter 7050: loss 3.3818, time 5009.64ms, mfu 27.47%
iter 7060: loss 3.3836, time 4990.58ms, mfu 27.78%
iter 7070: loss 3.3009, time 5004.23ms, mfu 28.06%
iter 7080: loss 3.4370, time 4994.12ms, mfu 28.31%
iter 7090: loss 3.4477, time 5003.23ms, mfu 28.53%
iter 7100: loss 3.2272, time 4979.80ms, mfu 28.74%
iter 7110: loss 3.3892, time 5812.00ms, mfu 28.50%
iter 7120: loss 3.3365, time 5007.89ms, mfu 28.70%
iter 7130: loss 3.1648, time 4997.65ms, mfu 28.88%
iter 7140: loss 3.5674, time 5008.12ms, mfu 29.04%
iter 7150: loss 3.3035, time 4997.81ms, mfu 29.20%
iter 7160: loss 3.3845, time 5005.14ms, mfu 29.33%
iter 7170: loss 3.4231, time 5003.66ms, mfu 29.45%
iter 7180: loss 3.2603, time 5019.34ms, mfu 29.54%
iter 7190: loss 3.4182, time 4988.19ms, mfu 29.65%
iter 7200: loss 3.0630, time 4988.15ms, mfu 29.75%
iter 7210: loss 3.2271, time 4989.37ms, mfu 29.83%
iter 7220: loss 3.3366, time 4989.94ms, mfu 29.91%
iter 7230: loss 3.3284, time 4970.64ms, mfu 29.99%
iter 7240: loss 3.2140, time 4973.84ms, mfu 30.06%
iter 7250: loss 3.2493, time 5818.85ms, mfu 29.68%
iter 7260: loss 3.3729, time 5841.67ms, mfu 29.33%
iter 7270: loss 3.3691, time 5019.50ms, mfu 29.44%
iter 7280: loss 3.3672, time 5011.49ms, mfu 29.54%
iter 7290: loss 3.4332, time 4991.18ms, mfu 29.65%
iter 7300: loss 3.3509, time 4995.71ms, mfu 29.74%
iter 7310: loss 3.3326, time 4987.13ms, mfu 29.83%
iter 7320: loss 3.3712, time 4992.55ms, mfu 29.90%
iter 7330: loss 3.3126, time 4996.21ms, mfu 29.97%
iter 7340: loss 3.4438, time 4990.40ms, mfu 30.03%
iter 7350: loss 3.4835, time 5858.48ms, mfu 29.64%
iter 7360: loss 3.4270, time 4987.36ms, mfu 29.73%
iter 7370: loss 3.2352, time 4969.56ms, mfu 29.83%
iter 7380: loss 3.2059, time 5009.67ms, mfu 29.90%
iter 7390: loss 3.4588, time 4988.85ms, mfu 29.97%
iter 7400: loss 3.4043, time 5801.66ms, mfu 29.61%
iter 7410: loss 3.3830, time 5814.03ms, mfu 29.27%
iter 7420: loss 3.3674, time 5846.69ms, mfu 28.96%
iter 7430: loss 3.2695, time 5816.05ms, mfu 28.69%
iter 7440: loss 3.4691, time 5042.21ms, mfu 28.85%
iter 7450: loss 3.3691, time 4982.80ms, mfu 29.03%
iter 7460: loss 3.3693, time 5013.18ms, mfu 29.17%
iter 7470: loss 3.2764, time 4986.97ms, mfu 29.32%
iter 7480: loss 3.2661, time 4985.30ms, mfu 29.45%
iter 7490: loss 3.3308, time 4989.58ms, mfu 29.56%
iter 7500: loss 3.2164, time 5798.68ms, mfu 29.24%
iter 7510: loss 3.2817, time 5821.92ms, mfu 28.94%
iter 7520: loss 3.3304, time 4998.79ms, mfu 29.10%
iter 7530: loss 3.3415, time 5739.90ms, mfu 28.85%
iter 7540: loss 3.3819, time 4985.77ms, mfu 29.03%
iter 7550: loss 3.4018, time 5010.08ms, mfu 29.17%
iter 7560: loss 3.2317, time 5022.94ms, mfu 29.30%
iter 7570: loss 3.5324, time 4993.23ms, mfu 29.43%
iter 7580: loss 3.1948, time 4999.30ms, mfu 29.54%
iter 7590: loss 3.3514, time 5844.60ms, mfu 29.20%
iter 7600: loss 3.4387, time 5807.69ms, mfu 28.91%
iter 7610: loss 3.4706, time 5798.23ms, mfu 28.65%
iter 7620: loss 3.4561, time 5843.57ms, mfu 28.40%
iter 7630: loss 3.4173, time 5021.29ms, mfu 28.60%
iter 7640: loss 3.4622, time 5034.18ms, mfu 28.77%
iter 7650: loss 3.3823, time 5793.24ms, mfu 28.53%
iter 7660: loss 3.1342, time 5010.92ms, mfu 28.73%
iter 7670: loss 3.3402, time 5807.47ms, mfu 28.48%
iter 7680: loss 3.4512, time 5797.68ms, mfu 28.27%
iter 7690: loss 3.4323, time 5834.74ms, mfu 28.06%
iter 7700: loss 3.3541, time 5023.52ms, mfu 28.29%
iter 7710: loss 3.4632, time 4977.08ms, mfu 28.53%
iter 7720: loss 3.2419, time 5011.53ms, mfu 28.73%
iter 7730: loss 3.5583, time 4994.59ms, mfu 28.91%
iter 7740: loss 3.4744, time 5879.99ms, mfu 28.62%
iter 7750: loss 3.2975, time 5001.79ms, mfu 28.81%
iter 7760: loss 3.3115, time 4980.68ms, mfu 28.99%
iter 7770: loss 3.3361, time 4999.67ms, mfu 29.15%
iter 7780: loss 3.2453, time 4984.91ms, mfu 29.30%
iter 7790: loss 3.4049, time 5826.17ms, mfu 28.99%
iter 7800: loss 3.4111, time 6298.21ms, mfu 28.52%
iter 7810: loss 3.4654, time 5822.18ms, mfu 28.29%
iter 7820: loss 3.3978, time 5837.72ms, mfu 28.07%
iter 7830: loss 3.2726, time 5802.27ms, mfu 27.90%
iter 7840: loss 3.4380, time 5830.48ms, mfu 27.73%
iter 7850: loss 3.1893, time 4960.58ms, mfu 28.03%
iter 7860: loss 3.3111, time 4993.36ms, mfu 28.29%
iter 7870: loss 3.3116, time 5013.02ms, mfu 28.51%
iter 7880: loss 3.2716, time 5805.66ms, mfu 28.29%
iter 7890: loss 3.3815, time 5019.40ms, mfu 28.50%
iter 7900: loss 3.3311, time 5015.16ms, mfu 28.69%
iter 7910: loss 3.4268, time 5002.34ms, mfu 28.88%
iter 7920: loss 3.2853, time 5004.75ms, mfu 29.04%
iter 7930: loss 3.3540, time 4986.69ms, mfu 29.20%
iter 7940: loss 3.3541, time 4979.01ms, mfu 29.35%
iter 7950: loss 3.2745, time 5008.02ms, mfu 29.46%
iter 7960: loss 3.2352, time 5007.72ms, mfu 29.57%
iter 7970: loss 3.2793, time 5010.77ms, mfu 29.66%
iter 7980: loss 3.3044, time 5019.68ms, mfu 29.73%
iter 7990: loss 3.2564, time 5003.73ms, mfu 29.81%
step 8000: train loss 3.2854, val loss 3.2865
saving checkpoint to /net/scratch2/junyuren/nanoGPT-manifold/out-gpt2m-grass-fullblock-r384
iter 8000: loss 3.3711, time 36274.68ms, mfu 27.25%
iter 8010: loss 3.2821, time 5814.38ms, mfu 27.15%
iter 8020: loss 3.4124, time 5834.26ms, mfu 27.06%
iter 8030: loss 3.1002, time 5822.24ms, mfu 26.97%
iter 8040: loss 3.2553, time 5004.10ms, mfu 27.33%
iter 8050: loss 3.0990, time 5014.51ms, mfu 27.64%
iter 8060: loss 3.4340, time 5009.64ms, mfu 27.92%
iter 8070: loss 3.5920, time 4993.40ms, mfu 28.19%
iter 8080: loss 3.4913, time 5048.41ms, mfu 28.40%
iter 8090: loss 3.4227, time 4995.03ms, mfu 28.61%
iter 8100: loss 3.5143, time 4982.73ms, mfu 28.82%
iter 8110: loss 3.3448, time 5008.05ms, mfu 28.98%
iter 8120: loss 3.4318, time 4963.84ms, mfu 29.16%
iter 8130: loss 3.3746, time 5001.77ms, mfu 29.30%
iter 8140: loss 3.2820, time 4992.61ms, mfu 29.43%
iter 8150: loss 3.3289, time 4956.75ms, mfu 29.57%
iter 8160: loss 3.4695, time 5797.95ms, mfu 29.24%
iter 8170: loss 3.4470, time 5845.12ms, mfu 28.93%
iter 8180: loss 3.4641, time 5844.59ms, mfu 28.65%
iter 8190: loss 3.0693, time 5800.80ms, mfu 28.42%
iter 8200: loss 3.4711, time 5822.51ms, mfu 28.20%
iter 8210: loss 3.1867, time 5912.74ms, mfu 27.96%
iter 8220: loss 3.2629, time 5821.21ms, mfu 27.79%
iter 8230: loss 3.1751, time 5846.87ms, mfu 27.62%
iter 8240: loss 3.3891, time 5888.26ms, mfu 27.45%
iter 8250: loss 3.4440, time 5840.15ms, mfu 27.32%
iter 8260: loss 3.4957, time 5815.14ms, mfu 27.22%
iter 8270: loss 3.2708, time 5820.65ms, mfu 27.12%
iter 8280: loss 3.3894, time 4992.40ms, mfu 27.47%
iter 8290: loss 3.3583, time 4998.76ms, mfu 27.77%
iter 8300: loss 3.2420, time 5807.16ms, mfu 27.63%
iter 8310: loss 3.2954, time 5870.38ms, mfu 27.47%
iter 8320: loss 3.4722, time 5839.96ms, mfu 27.33%
iter 8330: loss 3.3918, time 5812.17ms, mfu 27.23%
iter 8340: loss 3.3762, time 5130.85ms, mfu 27.48%
iter 8350: loss 3.1942, time 5012.86ms, mfu 27.78%
iter 8360: loss 3.2535, time 5894.92ms, mfu 27.59%
iter 8370: loss 3.2791, time 5017.04ms, mfu 27.88%
iter 8380: loss 3.3212, time 4990.52ms, mfu 28.15%
iter 8390: loss 3.2541, time 5005.31ms, mfu 28.39%
iter 8400: loss 3.3630, time 5011.60ms, mfu 28.59%
iter 8410: loss 3.3494, time 4979.23ms, mfu 28.80%
iter 8420: loss 3.4428, time 5279.21ms, mfu 28.81%
iter 8430: loss 3.3398, time 5016.09ms, mfu 28.98%
iter 8440: loss 3.3928, time 4991.97ms, mfu 29.14%
iter 8450: loss 3.2663, time 5014.70ms, mfu 29.27%
iter 8460: loss 3.4542, time 5015.34ms, mfu 29.39%
iter 8470: loss 3.2562, time 4995.91ms, mfu 29.51%
iter 8480: loss 3.4316, time 5846.20ms, mfu 29.17%
iter 8490: loss 3.3895, time 4998.51ms, mfu 29.31%
iter 8500: loss 3.3661, time 5016.54ms, mfu 29.42%
iter 8510: loss 3.2441, time 5020.01ms, mfu 29.52%
iter 8520: loss 3.4039, time 5007.63ms, mfu 29.62%
iter 8530: loss 3.3983, time 5014.02ms, mfu 29.70%
iter 8540: loss 3.5024, time 4988.23ms, mfu 29.79%
iter 8550: loss 3.5165, time 4974.54ms, mfu 29.88%
iter 8560: loss 3.3247, time 5821.92ms, mfu 29.52%
iter 8570: loss 3.3979, time 5808.21ms, mfu 29.20%
iter 8580: loss 3.5170, time 5881.21ms, mfu 28.87%
iter 8590: loss 3.3024, time 5870.83ms, mfu 28.59%
iter 8600: loss 3.3759, time 5821.78ms, mfu 28.35%
iter 8610: loss 3.3611, time 5799.77ms, mfu 28.15%
iter 8620: loss 3.4006, time 5835.28ms, mfu 27.95%
iter 8630: loss 3.4412, time 5815.47ms, mfu 27.78%
iter 8640: loss 3.5425, time 5823.56ms, mfu 27.63%
iter 8650: loss 3.3425, time 4991.29ms, mfu 27.92%
iter 8660: loss 3.3742, time 5022.35ms, mfu 28.17%
iter 8670: loss 3.1448, time 4959.65ms, mfu 28.43%
iter 8680: loss 3.2318, time 5808.77ms, mfu 28.22%
iter 8690: loss 3.4039, time 5012.57ms, mfu 28.44%
iter 8700: loss 3.1837, time 5009.92ms, mfu 28.65%
iter 8710: loss 3.4079, time 5020.90ms, mfu 28.82%
iter 8720: loss 3.3419, time 5034.87ms, mfu 28.98%
iter 8730: loss 3.3834, time 4995.01ms, mfu 29.14%
iter 8740: loss 3.4029, time 5033.62ms, mfu 29.26%
iter 8750: loss 3.3546, time 5006.59ms, mfu 29.38%
iter 8760: loss 3.4044, time 4991.72ms, mfu 29.50%
iter 8770: loss 3.3211, time 4958.19ms, mfu 29.63%
iter 8780: loss 3.1136, time 5011.61ms, mfu 29.72%
iter 8790: loss 3.3720, time 5822.83ms, mfu 29.37%
iter 8800: loss 3.4960, time 5005.55ms, mfu 29.48%
iter 8810: loss 3.3329, time 4996.15ms, mfu 29.59%
iter 8820: loss 3.4246, time 5748.66ms, mfu 29.29%
iter 8830: loss 3.4035, time 5851.57ms, mfu 28.97%
iter 8840: loss 3.3495, time 4975.21ms, mfu 29.14%
iter 8850: loss 3.2343, time 5874.39ms, mfu 28.83%
iter 8860: loss 3.4100, time 5852.39ms, mfu 28.55%
iter 8870: loss 3.4699, time 5867.27ms, mfu 28.30%
iter 8880: loss 3.3445, time 4959.54ms, mfu 28.55%
iter 8890: loss 3.2124, time 4998.45ms, mfu 28.75%
iter 8900: loss 3.5050, time 4985.48ms, mfu 28.94%
iter 8910: loss 3.4113, time 5037.62ms, mfu 29.08%
iter 8920: loss 3.4039, time 5025.12ms, mfu 29.21%
iter 8930: loss 3.4697, time 5006.77ms, mfu 29.34%
iter 8940: loss 3.2426, time 4993.81ms, mfu 29.46%
iter 8950: loss 3.2670, time 4980.82ms, mfu 29.58%
iter 8960: loss 3.2184, time 4969.54ms, mfu 29.70%
iter 8970: loss 3.4736, time 4993.02ms, mfu 29.78%
iter 8980: loss 3.4424, time 5803.92ms, mfu 29.44%
iter 8990: loss 3.2595, time 5011.07ms, mfu 29.54%
step 9000: train loss 3.2827, val loss 3.2760
saving checkpoint to /net/scratch2/junyuren/nanoGPT-manifold/out-gpt2m-grass-fullblock-r384
iter 9000: loss 3.2957, time 36362.46ms, mfu 27.01%
iter 9010: loss 3.2433, time 5834.32ms, mfu 26.92%
iter 9020: loss 3.2664, time 5819.32ms, mfu 26.86%
iter 9030: loss 3.3827, time 5802.07ms, mfu 26.80%
iter 9040: loss 3.4381, time 5799.75ms, mfu 26.76%
iter 9050: loss 3.3095, time 5045.06ms, mfu 27.11%
iter 9060: loss 3.3601, time 5818.82ms, mfu 27.02%
iter 9070: loss 3.3541, time 5802.99ms, mfu 26.95%
iter 9080: loss 3.1889, time 5806.93ms, mfu 26.88%
iter 9090: loss 3.3222, time 5013.73ms, mfu 27.24%
iter 9100: loss 3.5064, time 4994.43ms, mfu 27.58%
iter 9110: loss 3.3168, time 4954.75ms, mfu 27.90%
iter 9120: loss 3.2476, time 4967.83ms, mfu 28.18%
iter 9130: loss 3.2631, time 4978.96ms, mfu 28.43%
iter 9140: loss 3.4616, time 4996.29ms, mfu 28.65%
iter 9150: loss 3.2721, time 4979.54ms, mfu 28.85%
iter 9160: loss 3.0953, time 5007.05ms, mfu 29.01%
iter 9170: loss 3.2660, time 4983.89ms, mfu 29.18%
iter 9180: loss 3.2860, time 4999.81ms, mfu 29.31%
iter 9190: loss 3.3032, time 5781.10ms, mfu 29.02%
iter 9200: loss 3.4142, time 5818.20ms, mfu 28.75%
iter 9210: loss 3.3967, time 5841.13ms, mfu 28.49%
iter 9220: loss 3.3759, time 5832.52ms, mfu 28.26%
iter 9230: loss 3.4254, time 5789.92ms, mfu 28.07%
iter 9240: loss 3.3143, time 5824.76ms, mfu 27.88%
iter 9250: loss 3.3117, time 5824.25ms, mfu 27.72%
iter 9260: loss 3.1728, time 5855.85ms, mfu 27.55%
iter 9270: loss 3.3365, time 5876.41ms, mfu 27.40%
iter 9280: loss 3.2203, time 5880.79ms, mfu 27.25%
iter 9290: loss 3.0088, time 5914.84ms, mfu 27.11%
iter 9300: loss 3.2916, time 5900.21ms, mfu 26.99%
iter 9310: loss 3.4049, time 5870.54ms, mfu 26.89%
iter 9320: loss 3.3641, time 5856.52ms, mfu 26.81%
iter 9330: loss 3.3501, time 5834.21ms, mfu 26.75%
iter 9340: loss 3.2792, time 5874.14ms, mfu 26.67%
iter 9350: loss 3.5159, time 6211.59ms, mfu 26.46%
iter 9360: loss 3.3533, time 5813.49ms, mfu 26.44%
iter 9370: loss 3.3405, time 5008.42ms, mfu 26.85%
iter 9380: loss 3.3297, time 5028.68ms, mfu 27.20%
iter 9390: loss 3.2921, time 5008.25ms, mfu 27.53%
iter 9400: loss 3.3032, time 5012.16ms, mfu 27.82%
iter 9410: loss 3.2750, time 4989.83ms, mfu 28.10%
iter 9420: loss 3.3298, time 5006.68ms, mfu 28.34%
iter 9430: loss 3.4156, time 4997.71ms, mfu 28.56%
iter 9440: loss 3.3636, time 5002.05ms, mfu 28.76%
iter 9450: loss 3.1770, time 5855.11ms, mfu 28.49%
iter 9460: loss 3.3911, time 5901.39ms, mfu 28.23%
iter 9470: loss 3.3461, time 4993.95ms, mfu 28.47%
iter 9480: loss 3.3518, time 5686.02ms, mfu 28.30%
iter 9490: loss 3.2008, time 5000.88ms, mfu 28.53%
iter 9500: loss 3.2308, time 5861.68ms, mfu 28.28%
iter 9510: loss 3.3947, time 5007.84ms, mfu 28.50%
iter 9520: loss 3.3231, time 5799.84ms, mfu 28.28%
iter 9530: loss 3.3187, time 4996.58ms, mfu 28.51%
iter 9540: loss 3.2752, time 5810.17ms, mfu 28.29%
iter 9550: loss 3.5003, time 5811.20ms, mfu 28.09%
iter 9560: loss 3.3476, time 5599.65ms, mfu 28.01%
iter 9570: loss 3.3116, time 5826.88ms, mfu 27.83%
iter 9580: loss 3.4494, time 5842.72ms, mfu 27.66%
iter 9590: loss 3.2784, time 5826.09ms, mfu 27.51%
iter 9600: loss 3.1870, time 5845.64ms, mfu 27.37%
iter 9610: loss 3.0878, time 5804.06ms, mfu 27.27%
iter 9620: loss 3.2840, time 5812.10ms, mfu 27.17%
iter 9630: loss 3.2094, time 5816.34ms, mfu 27.08%
iter 9640: loss 3.3675, time 5802.60ms, mfu 27.00%
iter 9650: loss 3.2758, time 5824.10ms, mfu 26.92%
iter 9660: loss 3.3024, time 5016.49ms, mfu 27.28%
iter 9670: loss 3.2613, time 5010.58ms, mfu 27.60%
iter 9680: loss 3.4841, time 4972.20ms, mfu 27.91%
iter 9690: loss 3.3628, time 4979.80ms, mfu 28.18%
iter 9700: loss 3.3321, time 5000.20ms, mfu 28.42%
iter 9710: loss 3.5636, time 5798.40ms, mfu 28.21%
iter 9720: loss 3.1561, time 4984.90ms, mfu 28.45%
iter 9730: loss 3.2273, time 5007.10ms, mfu 28.66%
iter 9740: loss 3.2444, time 5011.75ms, mfu 28.84%
iter 9750: loss 3.1873, time 5889.45ms, mfu 28.55%
iter 9760: loss 3.5853, time 5306.08ms, mfu 28.57%
iter 9770: loss 3.2898, time 5030.93ms, mfu 28.75%
iter 9780: loss 3.2994, time 4985.35ms, mfu 28.94%
iter 9790: loss 3.3897, time 4978.56ms, mfu 29.11%
iter 9800: loss 3.0828, time 4993.86ms, mfu 29.26%
iter 9810: loss 3.2365, time 5014.79ms, mfu 29.38%
iter 9820: loss 3.2887, time 5006.31ms, mfu 29.49%
iter 9830: loss 3.2700, time 4995.70ms, mfu 29.60%
iter 9840: loss 3.3860, time 4996.12ms, mfu 29.70%
iter 9850: loss 3.3259, time 5017.84ms, mfu 29.77%
iter 9860: loss 3.4600, time 5006.12ms, mfu 29.84%
iter 9870: loss 3.2547, time 4978.02ms, mfu 29.93%
iter 9880: loss 3.2783, time 5064.11ms, mfu 29.95%
iter 9890: loss 3.4382, time 5003.86ms, mfu 30.01%
iter 9900: loss 3.2876, time 5800.21ms, mfu 29.64%
iter 9910: loss 3.3334, time 5006.94ms, mfu 29.72%
iter 9920: loss 3.2729, time 4985.50ms, mfu 29.82%
iter 9930: loss 3.3622, time 5030.39ms, mfu 29.87%
iter 9940: loss 3.3468, time 5024.74ms, mfu 29.92%
iter 9950: loss 3.3114, time 5274.16ms, mfu 29.83%
iter 9960: loss 3.4834, time 4999.87ms, mfu 29.90%
iter 9970: loss 3.2575, time 5011.75ms, mfu 29.95%
iter 9980: loss 3.4382, time 5143.60ms, mfu 29.93%
iter 9990: loss 3.4083, time 5021.56ms, mfu 29.98%
step 10000: train loss 3.2575, val loss 3.2566
saving checkpoint to /net/scratch2/junyuren/nanoGPT-manifold/out-gpt2m-grass-fullblock-r384
iter 10000: loss 3.2586, time 35719.63ms, mfu 27.41%
iter 10010: loss 2.9615, time 4984.91ms, mfu 27.73%
iter 10020: loss 3.4595, time 5017.50ms, mfu 28.00%
iter 10030: loss 3.4493, time 5024.12ms, mfu 28.24%
iter 10040: loss 3.3149, time 5030.99ms, mfu 28.45%
iter 10050: loss 3.2936, time 5033.65ms, mfu 28.64%
iter 10060: loss 3.2881, time 5048.02ms, mfu 28.80%
iter 10070: loss 3.3331, time 5858.32ms, mfu 28.53%
iter 10080: loss 3.1698, time 5879.90ms, mfu 28.27%
iter 10090: loss 3.3726, time 5851.53ms, mfu 28.05%
iter 10100: loss 3.3843, time 5857.11ms, mfu 27.86%
iter 10110: loss 3.4005, time 5844.00ms, mfu 27.68%
iter 10120: loss 3.3176, time 5846.56ms, mfu 27.53%
iter 10130: loss 3.2619, time 5868.65ms, mfu 27.38%
iter 10140: loss 3.5074, time 5895.12ms, mfu 27.23%
iter 10150: loss 3.3077, time 5898.04ms, mfu 27.10%
iter 10160: loss 3.3077, time 5862.50ms, mfu 26.99%
iter 10170: loss 3.3607, time 5916.02ms, mfu 26.87%
iter 10180: loss 3.2956, time 5878.32ms, mfu 26.78%
iter 10190: loss 3.3840, time 5904.99ms, mfu 26.69%
iter 10200: loss 3.4279, time 5864.74ms, mfu 26.63%
iter 10210: loss 3.3610, time 5874.11ms, mfu 26.56%
iter 10220: loss 3.4398, time 5894.98ms, mfu 26.50%
iter 10230: loss 3.3312, time 5841.02ms, mfu 26.46%
iter 10240: loss 3.3590, time 5843.85ms, mfu 26.43%
iter 10250: loss 3.2746, time 5829.97ms, mfu 26.41%
iter 10260: loss 3.2913, time 5814.97ms, mfu 26.39%
iter 10270: loss 3.3330, time 5817.25ms, mfu 26.38%
iter 10280: loss 3.3151, time 5848.56ms, mfu 26.35%
iter 10290: loss 3.1889, time 5793.16ms, mfu 26.35%
iter 10300: loss 3.3558, time 5781.12ms, mfu 26.36%
iter 10310: loss 3.3352, time 5796.97ms, mfu 26.36%
iter 10320: loss 3.2700, time 5857.66ms, mfu 26.33%
iter 10330: loss 3.2259, time 5795.92ms, mfu 26.33%
iter 10340: loss 3.3443, time 5807.85ms, mfu 26.33%
iter 10350: loss 3.3179, time 5811.21ms, mfu 26.32%
iter 10360: loss 3.4960, time 6146.50ms, mfu 26.17%
iter 10370: loss 3.3346, time 5813.58ms, mfu 26.18%
iter 10380: loss 3.2855, time 4998.83ms, mfu 26.62%
iter 10390: loss 3.2229, time 4995.32ms, mfu 27.02%
iter 10400: loss 3.1400, time 5016.66ms, mfu 27.36%
iter 10410: loss 3.2723, time 5027.17ms, mfu 27.66%
iter 10420: loss 3.1999, time 5026.53ms, mfu 27.93%
iter 10430: loss 3.2897, time 4996.53ms, mfu 28.20%
iter 10440: loss 3.1328, time 5006.25ms, mfu 28.43%
iter 10450: loss 3.3259, time 5835.76ms, mfu 28.20%
iter 10460: loss 3.1714, time 5014.90ms, mfu 28.43%
iter 10470: loss 3.2797, time 5777.97ms, mfu 28.23%
iter 10480: loss 3.4027, time 5778.60ms, mfu 28.05%
iter 10490: loss 3.2195, time 5835.43ms, mfu 27.86%
iter 10500: loss 3.1863, time 5015.59ms, mfu 28.12%
iter 10510: loss 3.0459, time 5822.66ms, mfu 27.93%
iter 10520: loss 3.1110, time 5795.66ms, mfu 27.77%
iter 10530: loss 3.3781, time 5813.36ms, mfu 27.62%
iter 10540: loss 3.2909, time 5795.53ms, mfu 27.49%
iter 10550: loss 3.2759, time 5793.97ms, mfu 27.38%
iter 10560: loss 3.3767, time 5030.29ms, mfu 27.68%
iter 10570: loss 3.3753, time 4982.51ms, mfu 27.98%
iter 10580: loss 3.2181, time 4996.49ms, mfu 28.23%
iter 10590: loss 3.1476, time 5010.36ms, mfu 28.46%
iter 10600: loss 3.3622, time 5022.83ms, mfu 28.65%
iter 10610: loss 3.3773, time 5037.24ms, mfu 28.82%
iter 10620: loss 3.1267, time 5007.66ms, mfu 28.99%
iter 10630: loss 3.2853, time 5032.23ms, mfu 29.12%
iter 10640: loss 3.2766, time 5010.22ms, mfu 29.26%
iter 10650: loss 3.2169, time 5005.83ms, mfu 29.38%
iter 10660: loss 3.2987, time 5001.38ms, mfu 29.50%
iter 10670: loss 3.3780, time 5042.15ms, mfu 29.58%
iter 10680: loss 3.3179, time 5009.24ms, mfu 29.67%
iter 10690: loss 3.4989, time 5022.51ms, mfu 29.74%
iter 10700: loss 3.4189, time 4988.51ms, mfu 29.83%
iter 10710: loss 3.1930, time 5034.17ms, mfu 29.88%
iter 10720: loss 3.3749, time 5796.65ms, mfu 29.53%
iter 10730: loss 3.2812, time 5013.58ms, mfu 29.62%
iter 10740: loss 3.3233, time 5787.43ms, mfu 29.30%
iter 10750: loss 3.0128, time 5808.22ms, mfu 29.00%
iter 10760: loss 3.3749, time 5887.92ms, mfu 28.69%
iter 10770: loss 3.1962, time 5891.96ms, mfu 28.41%
iter 10780: loss 3.4120, time 5871.20ms, mfu 28.17%
iter 10790: loss 3.3883, time 5877.05ms, mfu 27.95%
iter 10800: loss 3.2126, time 5878.23ms, mfu 27.76%
iter 10810: loss 3.1425, time 5880.98ms, mfu 27.58%
iter 10820: loss 3.1764, time 5017.13ms, mfu 27.86%
iter 10830: loss 3.1886, time 5039.62ms, mfu 28.11%
iter 10840: loss 3.2974, time 5000.72ms, mfu 28.35%
iter 10850: loss 3.2635, time 5018.29ms, mfu 28.56%
iter 10860: loss 3.0529, time 5037.07ms, mfu 28.73%
iter 10870: loss 3.2591, time 5785.39ms, mfu 28.50%
iter 10880: loss 3.1559, time 5814.08ms, mfu 28.28%
iter 10890: loss 3.0904, time 5812.31ms, mfu 28.08%
iter 10900: loss 3.3507, time 4980.64ms, mfu 28.34%
iter 10910: loss 3.1507, time 4974.94ms, mfu 28.57%
iter 10920: loss 3.2851, time 4985.92ms, mfu 28.78%
iter 10930: loss 3.2219, time 4977.12ms, mfu 28.97%
iter 10940: loss 3.3407, time 5008.24ms, mfu 29.12%
iter 10950: loss 3.2036, time 4992.11ms, mfu 29.27%
iter 10960: loss 3.3339, time 4989.52ms, mfu 29.40%
iter 10970: loss 3.2926, time 4991.28ms, mfu 29.52%
iter 10980: loss 3.2878, time 4983.28ms, mfu 29.63%
iter 10990: loss 3.3657, time 5006.18ms, mfu 29.72%
step 11000: train loss 3.2181, val loss 3.2321
saving checkpoint to /net/scratch2/junyuren/nanoGPT-manifold/out-gpt2m-grass-fullblock-r384
iter 11000: loss 3.4152, time 35103.74ms, mfu 27.18%
iter 11010: loss 3.2766, time 4988.93ms, mfu 27.53%
iter 11020: loss 3.3129, time 5015.59ms, mfu 27.82%
iter 11030: loss 3.3182, time 5001.69ms, mfu 28.09%
iter 11040: loss 3.0537, time 4993.71ms, mfu 28.34%
iter 11050: loss 3.1913, time 5005.34ms, mfu 28.56%
iter 11060: loss 3.3067, time 4958.50ms, mfu 28.78%
iter 11070: loss 3.3713, time 4986.73ms, mfu 28.96%
iter 11080: loss 3.1812, time 4996.68ms, mfu 29.12%
iter 11090: loss 3.2532, time 4967.88ms, mfu 29.29%
iter 11100: loss 3.3065, time 4979.27ms, mfu 29.42%
iter 11110: loss 3.3400, time 4993.35ms, mfu 29.54%
iter 11120: loss 3.3284, time 4986.57ms, mfu 29.65%
iter 11130: loss 3.4012, time 5011.25ms, mfu 29.73%
iter 11140: loss 3.3840, time 4990.92ms, mfu 29.82%
iter 11150: loss 3.3239, time 4995.56ms, mfu 29.89%
iter 11160: loss 3.2198, time 5804.67ms, mfu 29.53%
iter 11170: loss 3.1436, time 5853.30ms, mfu 29.19%
iter 11180: loss 3.2847, time 5868.09ms, mfu 28.87%
iter 11190: loss 3.3267, time 5894.77ms, mfu 28.58%
iter 11200: loss 3.2018, time 5880.44ms, mfu 28.32%
iter 11210: loss 3.1938, time 5867.40ms, mfu 28.09%
iter 11220: loss 3.2290, time 5853.81ms, mfu 27.89%
iter 11230: loss 3.4165, time 5883.33ms, mfu 27.69%
iter 11240: loss 3.1940, time 5854.64ms, mfu 27.53%
iter 11250: loss 3.3478, time 5874.32ms, mfu 27.38%
iter 11260: loss 3.4255, time 5865.42ms, mfu 27.25%
iter 11270: loss 3.2057, time 5865.03ms, mfu 27.12%
iter 11280: loss 3.3022, time 5864.04ms, mfu 27.02%
iter 11290: loss 3.4165, time 5002.66ms, mfu 27.37%
iter 11300: loss 3.1168, time 5004.71ms, mfu 27.68%
iter 11310: loss 3.3068, time 5022.52ms, mfu 27.95%
iter 11320: loss 3.3129, time 4967.85ms, mfu 28.23%
iter 11330: loss 3.3283, time 4983.77ms, mfu 28.47%
iter 11340: loss 3.2975, time 4994.74ms, mfu 28.68%
iter 11350: loss 3.3957, time 5018.67ms, mfu 28.86%
iter 11360: loss 3.3351, time 4992.02ms, mfu 29.03%
iter 11370: loss 3.3798, time 5042.30ms, mfu 29.16%
iter 11380: loss 3.0733, time 4996.71ms, mfu 29.30%
iter 11390: loss 3.2545, time 5877.42ms, mfu 28.97%
iter 11400: loss 3.3562, time 5863.59ms, mfu 28.67%
iter 11410: loss 3.3737, time 4993.20ms, mfu 28.87%
iter 11420: loss 3.1282, time 5032.37ms, mfu 29.01%
iter 11430: loss 3.3662, time 5002.16ms, mfu 29.17%
iter 11440: loss 3.3952, time 4979.42ms, mfu 29.32%
iter 11450: loss 3.2990, time 4990.28ms, mfu 29.44%
iter 11460: loss 3.1247, time 4963.88ms, mfu 29.58%
iter 11470: loss 3.2369, time 4979.59ms, mfu 29.69%
iter 11480: loss 3.4127, time 5010.44ms, mfu 29.76%
iter 11490: loss 3.4182, time 4989.10ms, mfu 29.85%
iter 11500: loss 3.1389, time 5005.45ms, mfu 29.92%
iter 11510: loss 3.2850, time 4979.67ms, mfu 29.99%
iter 11520: loss 3.2796, time 5011.30ms, mfu 30.04%
iter 11530: loss 3.2351, time 5045.30ms, mfu 30.06%
iter 11540: loss 3.2701, time 4975.79ms, mfu 30.12%
iter 11550: loss 3.3594, time 5869.36ms, mfu 29.71%
iter 11560: loss 3.4440, time 5850.25ms, mfu 29.35%
iter 11570: loss 3.3074, time 5863.42ms, mfu 29.02%
iter 11580: loss 3.3145, time 4993.20ms, mfu 29.18%
iter 11590: loss 3.3784, time 4992.78ms, mfu 29.32%
iter 11600: loss 3.3099, time 5791.48ms, mfu 29.02%
iter 11610: loss 3.1967, time 5832.41ms, mfu 28.74%
iter 11620: loss 3.1284, time 5806.63ms, mfu 28.50%
iter 11630: loss 3.2247, time 5812.33ms, mfu 28.27%
iter 11640: loss 3.2478, time 5792.54ms, mfu 28.08%
iter 11650: loss 3.4792, time 4982.63ms, mfu 28.34%
iter 11660: loss 3.1387, time 5837.71ms, mfu 28.12%
iter 11670: loss 3.4342, time 5823.83ms, mfu 27.93%
iter 11680: loss 3.2649, time 5803.51ms, mfu 27.77%
iter 11690: loss 3.3657, time 5816.40ms, mfu 27.62%
iter 11700: loss 3.2160, time 5032.11ms, mfu 27.89%
iter 11710: loss 2.9939, time 5816.02ms, mfu 27.73%
iter 11720: loss 3.2777, time 5793.52ms, mfu 27.59%
iter 11730: loss 3.4305, time 5831.38ms, mfu 27.45%
iter 11740: loss 3.2254, time 4984.20ms, mfu 27.77%
iter 11750: loss 3.2813, time 5820.13ms, mfu 27.62%
iter 11760: loss 3.3288, time 5773.31ms, mfu 27.50%
iter 11770: loss 3.4128, time 5858.56ms, mfu 27.36%
iter 11780: loss 3.1430, time 5884.34ms, mfu 27.22%
iter 11790: loss 3.1402, time 5879.31ms, mfu 27.09%
iter 11800: loss 3.2565, time 5869.12ms, mfu 26.99%
iter 11810: loss 3.2037, time 5868.13ms, mfu 26.89%
iter 11820: loss 3.1758, time 5889.34ms, mfu 26.79%
iter 11830: loss 3.2901, time 5922.32ms, mfu 26.69%
iter 11840: loss 3.2696, time 5864.43ms, mfu 26.63%
iter 11850: loss 3.3410, time 5913.67ms, mfu 26.55%
iter 11860: loss 3.3093, time 5882.55ms, mfu 26.49%
iter 11870: loss 3.3799, time 5893.32ms, mfu 26.43%
iter 11880: loss 3.3250, time 5856.84ms, mfu 26.40%
iter 11890: loss 3.2213, time 5907.39ms, mfu 26.34%
iter 11900: loss 3.1096, time 5869.16ms, mfu 26.31%
iter 11910: loss 3.3219, time 5879.96ms, mfu 26.28%
iter 11920: loss 3.2893, time 5865.86ms, mfu 26.25%
iter 11930: loss 3.3681, time 5892.07ms, mfu 26.22%
iter 11940: loss 3.1183, time 5894.31ms, mfu 26.19%
iter 11950: loss 3.2028, time 5862.15ms, mfu 26.17%
iter 11960: loss 3.1194, time 5887.45ms, mfu 26.15%
iter 11970: loss 3.2972, time 5879.99ms, mfu 26.13%
iter 11980: loss 3.1829, time 5810.01ms, mfu 26.15%
iter 11990: loss 3.2772, time 5006.06ms, mfu 26.58%
step 12000: train loss 3.2173, val loss 3.2266
saving checkpoint to /net/scratch2/junyuren/nanoGPT-manifold/out-gpt2m-grass-fullblock-r384
iter 12000: loss 3.3274, time 36244.85ms, mfu 24.35%
iter 12010: loss 3.1176, time 4997.64ms, mfu 24.97%
iter 12020: loss 3.2565, time 5021.60ms, mfu 25.51%
iter 12030: loss 2.9789, time 4993.85ms, mfu 26.02%
iter 12040: loss 3.3443, time 5040.73ms, mfu 26.45%
iter 12050: loss 3.3112, time 4991.75ms, mfu 26.86%
iter 12060: loss 3.2535, time 5018.56ms, mfu 27.22%
iter 12070: loss 3.3804, time 5808.17ms, mfu 27.13%
iter 12080: loss 3.1975, time 5828.55ms, mfu 27.03%
iter 12090: loss 3.3241, time 5813.68ms, mfu 26.96%
iter 12100: loss 3.2551, time 5791.09ms, mfu 26.90%
iter 12110: loss 3.3450, time 5848.02ms, mfu 26.82%
iter 12120: loss 3.2313, time 5805.26ms, mfu 26.77%
iter 12130: loss 3.2722, time 5042.71ms, mfu 27.12%
iter 12140: loss 3.3997, time 5885.07ms, mfu 27.00%
iter 12150: loss 3.4376, time 5858.57ms, mfu 26.91%
iter 12160: loss 3.2045, time 5867.98ms, mfu 26.82%
iter 12170: loss 3.3320, time 5852.26ms, mfu 26.75%
iter 12180: loss 3.3919, time 5852.49ms, mfu 26.68%
iter 12190: loss 3.3681, time 5854.14ms, mfu 26.62%
iter 12200: loss 3.1957, time 5008.29ms, mfu 27.01%
iter 12210: loss 3.2242, time 4980.07ms, mfu 27.38%
iter 12220: loss 3.2541, time 4992.21ms, mfu 27.70%
iter 12230: loss 3.3947, time 4998.51ms, mfu 27.98%
iter 12240: loss 3.2620, time 5005.54ms, mfu 28.24%
iter 12250: loss 3.2787, time 5007.31ms, mfu 28.46%
iter 12260: loss 3.3332, time 6110.21ms, mfu 28.11%
iter 12270: loss 3.3089, time 5865.16ms, mfu 27.91%
iter 12280: loss 3.4090, time 5883.48ms, mfu 27.71%
iter 12290: loss 3.2297, time 5862.40ms, mfu 27.55%
iter 12300: loss 3.1971, time 5810.27ms, mfu 27.42%
iter 12310: loss 3.2361, time 5848.09ms, mfu 27.29%
iter 12320: loss 3.3397, time 5808.80ms, mfu 27.19%
iter 12330: loss 3.3476, time 5840.81ms, mfu 27.08%
iter 12340: loss 3.3583, time 5845.48ms, mfu 26.99%
iter 12350: loss 3.3505, time 4980.58ms, mfu 27.36%
iter 12360: loss 3.2616, time 5020.90ms, mfu 27.66%
iter 12370: loss 3.3625, time 4994.04ms, mfu 27.95%
iter 12380: loss 3.3205, time 4996.83ms, mfu 28.21%
iter 12390: loss 3.1573, time 4978.36ms, mfu 28.46%
iter 12400: loss 3.3488, time 5831.74ms, mfu 28.23%
iter 12410: loss 3.3588, time 5855.24ms, mfu 28.02%
iter 12420: loss 3.2219, time 5858.40ms, mfu 27.82%
iter 12430: loss 3.2773, time 5813.87ms, mfu 27.67%
iter 12440: loss 3.1903, time 5303.38ms, mfu 27.78%
iter 12450: loss 3.1077, time 5818.47ms, mfu 27.63%
iter 12460: loss 3.2165, time 5796.10ms, mfu 27.50%
iter 12470: loss 3.4237, time 5832.13ms, mfu 27.37%
iter 12480: loss 3.3817, time 4980.81ms, mfu 27.70%
iter 12490: loss 3.1517, time 5834.63ms, mfu 27.54%
iter 12500: loss 3.3736, time 5837.75ms, mfu 27.41%
iter 12510: loss 3.2049, time 5846.98ms, mfu 27.28%
iter 12520: loss 3.1417, time 5799.44ms, mfu 27.18%
iter 12530: loss 3.3342, time 5803.65ms, mfu 27.10%
iter 12540: loss 3.3507, time 5831.34ms, mfu 27.01%
iter 12550: loss 3.3964, time 5830.59ms, mfu 26.92%
iter 12560: loss 3.2082, time 5824.73ms, mfu 26.85%
iter 12570: loss 3.2258, time 5811.51ms, mfu 26.80%
iter 12580: loss 3.1897, time 4989.86ms, mfu 27.18%
iter 12590: loss 3.2759, time 5011.30ms, mfu 27.51%
iter 12600: loss 3.3101, time 4980.45ms, mfu 27.82%
iter 12610: loss 3.3728, time 5817.71ms, mfu 27.66%
iter 12620: loss 3.4111, time 5845.76ms, mfu 27.51%
iter 12630: loss 3.4138, time 5832.56ms, mfu 27.38%
iter 12640: loss 3.3674, time 5803.26ms, mfu 27.27%
iter 12650: loss 3.1395, time 5795.11ms, mfu 27.18%
iter 12660: loss 3.2642, time 5009.80ms, mfu 27.51%
iter 12670: loss 3.1517, time 5016.65ms, mfu 27.80%
iter 12680: loss 3.2975, time 5026.43ms, mfu 28.06%
iter 12690: loss 3.1832, time 5109.22ms, mfu 28.24%
iter 12700: loss 3.3772, time 5002.99ms, mfu 28.47%
iter 12710: loss 3.3236, time 4998.25ms, mfu 28.68%
iter 12720: loss 3.2477, time 5020.98ms, mfu 28.85%
iter 12730: loss 3.3080, time 5028.66ms, mfu 29.01%
iter 12740: loss 3.2861, time 4994.09ms, mfu 29.16%
iter 12750: loss 2.9877, time 4999.94ms, mfu 29.30%
iter 12760: loss 3.2717, time 4966.67ms, mfu 29.45%
iter 12770: loss 3.2788, time 4986.80ms, mfu 29.56%
iter 12780: loss 3.2558, time 5016.97ms, mfu 29.65%
iter 12790: loss 3.2997, time 5029.56ms, mfu 29.72%
iter 12800: loss 3.3446, time 4982.93ms, mfu 29.81%
iter 12810: loss 3.2542, time 5018.07ms, mfu 29.88%
iter 12820: loss 3.4047, time 5002.38ms, mfu 29.94%
iter 12830: loss 2.9082, time 4989.44ms, mfu 30.01%
iter 12840: loss 3.3487, time 5012.60ms, mfu 30.05%
iter 12850: loss 3.2574, time 5889.01ms, mfu 29.64%
iter 12860: loss 3.3053, time 5854.18ms, mfu 29.29%
iter 12870: loss 3.2559, time 5876.84ms, mfu 28.96%
iter 12880: loss 3.3225, time 4998.68ms, mfu 29.12%
iter 12890: loss 3.3415, time 5016.64ms, mfu 29.25%
iter 12900: loss 3.2041, time 4995.06ms, mfu 29.38%
iter 12910: loss 3.2934, time 5837.82ms, mfu 29.06%
iter 12920: loss 3.2619, time 5016.04ms, mfu 29.20%
iter 12930: loss 3.2968, time 5000.53ms, mfu 29.33%
iter 12940: loss 3.1345, time 5010.01ms, mfu 29.45%
iter 12950: loss 3.2563, time 5008.04ms, mfu 29.55%
iter 12960: loss 3.2068, time 5017.10ms, mfu 29.64%
iter 12970: loss 3.3973, time 4984.48ms, mfu 29.74%
iter 12980: loss 3.2946, time 4997.51ms, mfu 29.82%
iter 12990: loss 3.3301, time 4999.64ms, mfu 29.89%
step 13000: train loss 3.2062, val loss 3.2180
saving checkpoint to /net/scratch2/junyuren/nanoGPT-manifold/out-gpt2m-grass-fullblock-r384
iter 13000: loss 3.1811, time 42733.68ms, mfu 27.26%
iter 13010: loss 3.3049, time 5803.19ms, mfu 27.17%
iter 13020: loss 3.3171, time 5821.66ms, mfu 27.07%
iter 13030: loss 3.3291, time 4985.52ms, mfu 27.43%
iter 13040: loss 3.1178, time 5017.59ms, mfu 27.73%
iter 13050: loss 3.2055, time 4986.06ms, mfu 28.02%
iter 13060: loss 3.0701, time 5019.59ms, mfu 28.26%
iter 13070: loss 3.1416, time 5011.81ms, mfu 28.48%
iter 13080: loss 3.3059, time 4985.98ms, mfu 28.70%
iter 13090: loss 3.3467, time 4960.40ms, mfu 28.91%
iter 13100: loss 3.3310, time 5016.34ms, mfu 29.06%
iter 13110: loss 3.1158, time 5017.45ms, mfu 29.20%
iter 13120: loss 3.1966, time 4992.50ms, mfu 29.34%
iter 13130: loss 3.3910, time 5006.78ms, mfu 29.45%
iter 13140: loss 3.0592, time 5013.77ms, mfu 29.55%
iter 13150: loss 3.1245, time 4985.43ms, mfu 29.66%
iter 13160: loss 3.2639, time 5009.90ms, mfu 29.74%
iter 13170: loss 3.1805, time 5199.59ms, mfu 29.71%
iter 13180: loss 3.2563, time 4981.22ms, mfu 29.80%
iter 13190: loss 3.2955, time 5000.20ms, mfu 29.88%
iter 13200: loss 3.2634, time 4976.35ms, mfu 29.96%
iter 13210: loss 3.4442, time 4994.22ms, mfu 30.02%
iter 13220: loss 2.9923, time 5003.09ms, mfu 30.07%
iter 13230: loss 3.1766, time 5801.72ms, mfu 29.69%
iter 13240: loss 3.3027, time 5806.05ms, mfu 29.36%
iter 13250: loss 3.2451, time 4971.24ms, mfu 29.49%
iter 13260: loss 3.2251, time 5821.03ms, mfu 29.17%
iter 13270: loss 3.5617, time 5728.15ms, mfu 28.92%
iter 13280: loss 3.1353, time 5780.46ms, mfu 28.67%
iter 13290: loss 3.1411, time 5775.16ms, mfu 28.44%
iter 13300: loss 3.1675, time 5000.18ms, mfu 28.65%
iter 13310: loss 3.1974, time 4997.27ms, mfu 28.84%
iter 13320: loss 3.3868, time 5002.25ms, mfu 29.01%
iter 13330: loss 3.2453, time 4995.23ms, mfu 29.17%
iter 13340: loss 3.1048, time 4978.34ms, mfu 29.32%
iter 13350: loss 3.3720, time 4973.11ms, mfu 29.46%
iter 13360: loss 3.3419, time 4990.69ms, mfu 29.57%
iter 13370: loss 3.0934, time 5025.11ms, mfu 29.65%
iter 13380: loss 3.1145, time 5023.78ms, mfu 29.73%
iter 13390: loss 3.2133, time 5013.79ms, mfu 29.80%
iter 13400: loss 3.3098, time 5583.45ms, mfu 29.56%
iter 13410: loss 3.1394, time 4981.09ms, mfu 29.67%
iter 13420: loss 3.3344, time 4988.02ms, mfu 29.76%
iter 13430: loss 3.2874, time 4980.07ms, mfu 29.85%
iter 13440: loss 3.2432, time 5818.84ms, mfu 29.49%
iter 13450: loss 3.2353, time 5829.18ms, mfu 29.16%
iter 13460: loss 3.2341, time 5815.06ms, mfu 28.87%
iter 13470: loss 3.2076, time 5791.41ms, mfu 28.62%
iter 13480: loss 3.3024, time 4982.61ms, mfu 28.82%
iter 13490: loss 3.2706, time 4995.82ms, mfu 29.00%
iter 13500: loss 3.4342, time 5023.17ms, mfu 29.14%
iter 13510: loss 3.2793, time 4989.01ms, mfu 29.29%
iter 13520: loss 3.1558, time 4992.70ms, mfu 29.42%
iter 13530: loss 3.0845, time 5002.43ms, mfu 29.53%
iter 13540: loss 3.2595, time 4987.53ms, mfu 29.64%
iter 13550: loss 3.2644, time 5802.51ms, mfu 29.30%
iter 13560: loss 3.3398, time 5823.18ms, mfu 29.00%
iter 13570: loss 3.0083, time 4981.66ms, mfu 29.16%
iter 13580: loss 3.2328, time 5001.46ms, mfu 29.30%
iter 13590: loss 3.3374, time 4991.14ms, mfu 29.43%
iter 13600: loss 3.4009, time 5021.67ms, mfu 29.53%
iter 13610: loss 3.3537, time 4985.97ms, mfu 29.64%
iter 13620: loss 3.2708, time 4980.32ms, mfu 29.74%
iter 13630: loss 3.2797, time 4941.09ms, mfu 29.86%
iter 13640: loss 3.3384, time 5789.53ms, mfu 29.51%
iter 13650: loss 3.2049, time 5845.08ms, mfu 29.17%
iter 13660: loss 3.3773, time 5801.35ms, mfu 28.89%
iter 13670: loss 3.1628, time 5796.46ms, mfu 28.63%
iter 13680: loss 3.2643, time 5822.54ms, mfu 28.39%
iter 13690: loss 3.3160, time 5765.50ms, mfu 28.20%
iter 13700: loss 3.1945, time 5810.20ms, mfu 28.01%
iter 13710: loss 3.3633, time 5769.82ms, mfu 27.86%
iter 13720: loss 3.1391, time 5831.53ms, mfu 27.69%
iter 13730: loss 3.3394, time 5786.53ms, mfu 27.56%
iter 13740: loss 3.2960, time 5799.25ms, mfu 27.44%
iter 13750: loss 3.3192, time 5790.09ms, mfu 27.33%
iter 13760: loss 3.3058, time 5780.54ms, mfu 27.24%
iter 13770: loss 3.1939, time 5826.52ms, mfu 27.14%
iter 13780: loss 3.2052, time 5801.43ms, mfu 27.05%
iter 13790: loss 3.5461, time 5824.68ms, mfu 26.97%
iter 13800: loss 3.2641, time 5841.34ms, mfu 26.89%
iter 13810: loss 3.2834, time 5795.05ms, mfu 26.83%
iter 13820: loss 3.3568, time 5787.32ms, mfu 26.79%
iter 13830: loss 3.1451, time 5821.34ms, mfu 26.73%
iter 13840: loss 3.3402, time 5776.38ms, mfu 26.70%
iter 13850: loss 3.2680, time 5824.94ms, mfu 26.66%
iter 13860: loss 3.2836, time 5778.24ms, mfu 26.63%
iter 13870: loss 3.2481, time 5781.66ms, mfu 26.61%
iter 13880: loss 3.1936, time 5805.19ms, mfu 26.58%
iter 13890: loss 3.3520, time 5823.81ms, mfu 26.55%
iter 13900: loss 3.4857, time 5813.14ms, mfu 26.52%
iter 13910: loss 3.4587, time 5004.16ms, mfu 26.92%
iter 13920: loss 3.1602, time 4996.57ms, mfu 27.28%
iter 13930: loss 3.1712, time 5000.55ms, mfu 27.61%
iter 13940: loss 3.3029, time 4980.54ms, mfu 27.91%
iter 13950: loss 3.3342, time 5025.04ms, mfu 28.16%
iter 13960: loss 3.2688, time 4961.41ms, mfu 28.42%
