Overriding config with config/train_gpt2_medium_grassmann_mlp_only_r384.py:
# COMPONENT ISOLATION: MLP-only Grassmann (c_fc only, c_attn uses AdamW)
# Tests hypothesis: Does Grassmann help specifically in MLP (feedforward)?

# GPT-2 Medium architecture
n_layer = 24
n_head = 16
n_embd = 1024
block_size = 1024
dropout = 0.1  # Unified
bias = False

# Enable Grassmann ONLY for c_fc (MLP expansion)
use_grassmann = True
use_grassmann_c_attn = False  # DISABLE for c_attn (use AdamW instead)
use_grassmann_c_fc = True     # Enable for c_fc
use_full_block_decomp = False  # Not used for c_fc (uses 4-block hybrid)

# Grassmann configuration
# c_attn: STANDARD ADAMW (not Grassmann)
# c_fc: 4-block decomposition with block-level gating
grass_rank = 384  # Used for c_fc blocks
grass_scale = 10.0  # Uniform x=10 scaling for c_fc
grass_a = 1.0  # Identity-centered
grass_b = 0.0
grass_lr = 2e-3  # Unified Tier 1 LR

# Gating LRs (only for c_fc block gates, c_attn has no gates)
gate_lr = 1.2e-3  # 2× learning_rate
embed_lr = 3e-4   # 0.5× learning_rate

# Training hyperparameters
learning_rate = 6e-4  # Base LR for AdamW components
max_iters = 13000  # ~20B tokens @ 1.57M tokens/iter
warmup_iters = 2000  # Unified
lr_decay_iters = 13000
min_lr = 6e-5  # 0.1 × learning_rate

# Multi-GPU batch configuration
# Match Tier 1: 32 × 12 × 4 GPUs = 1,572,864 tokens/iter
batch_size = 32  # Per GPU
gradient_accumulation_steps = 12  # MUST be divisible by 4 GPUs

# Regularization
weight_decay = 1e-1  # Unified

# Optimizer
beta1 = 0.9
beta2 = 0.95
grad_clip = 1.0

# Evaluation
eval_interval = 1000
eval_iters = 200
log_interval = 10

# Dataset
dataset = 'openwebtext'
data_dir = '/net/scratch2/junyuren/nanoGPT-manifold/data/openwebtext'
always_save_checkpoint = True

# Output directory
out_dir = '/net/scratch2/junyuren/nanoGPT-manifold/out-gpt2m-grass-mlp-only-r384'

# Compile for performance
compile = True

# System
dtype = 'bfloat16'
device = 'cuda'

# Phase identifier (for logging, not used in model)
grassmann_phase = 'mlp_only'  # Component isolation: c_attn AdamW, c_fc Grassmann

Overriding config with config/train_gpt2_medium_grassmann_mlp_only_r384.py:
# COMPONENT ISOLATION: MLP-only Grassmann (c_fc only, c_attn uses AdamW)
# Tests hypothesis: Does Grassmann help specifically in MLP (feedforward)?

# GPT-2 Medium architecture
n_layer = 24
n_head = 16
n_embd = 1024
block_size = 1024
dropout = 0.1  # Unified
bias = False

# Enable Grassmann ONLY for c_fc (MLP expansion)
use_grassmann = True
use_grassmann_c_attn = False  # DISABLE for c_attn (use AdamW instead)
use_grassmann_c_fc = True     # Enable for c_fc
use_full_block_decomp = False  # Not used for c_fc (uses 4-block hybrid)

# Grassmann configuration
# c_attn: STANDARD ADAMW (not Grassmann)
# c_fc: 4-block decomposition with block-level gating
grass_rank = 384  # Used for c_fc blocks
grass_scale = 10.0  # Uniform x=10 scaling for c_fc
grass_a = 1.0  # Identity-centered
grass_b = 0.0
grass_lr = 2e-3  # Unified Tier 1 LR

# Gating LRs (only for c_fc block gates, c_attn has no gates)
gate_lr = 1.2e-3  # 2× learning_rate
embed_lr = 3e-4   # 0.5× learning_rate

# Training hyperparameters
learning_rate = 6e-4  # Base LR for AdamW components
max_iters = 13000  # ~20B tokens @ 1.57M tokens/iter
warmup_iters = 2000  # Unified
lr_decay_iters = 13000
min_lr = 6e-5  # 0.1 × learning_rate

# Multi-GPU batch configuration
# Match Tier 1: 32 × 12 × 4 GPUs = 1,572,864 tokens/iter
batch_size = 32  # Per GPU
gradient_accumulation_steps = 12  # MUST be divisible by 4 GPUs

# Regularization
weight_decay = 1e-1  # Unified

# Optimizer
beta1 = 0.9
beta2 = 0.95
grad_clip = 1.0

# Evaluation
eval_interval = 1000
eval_iters = 200
log_interval = 10

# Dataset
dataset = 'openwebtext'
data_dir = '/net/scratch2/junyuren/nanoGPT-manifold/data/openwebtext'
always_save_checkpoint = True

# Output directory
out_dir = '/net/scratch2/junyuren/nanoGPT-manifold/out-gpt2m-grass-mlp-only-r384'

# Compile for performance
compile = True

# System
dtype = 'bfloat16'
device = 'cuda'

# Phase identifier (for logging, not used in model)
grassmann_phase = 'mlp_only'  # Component isolation: c_attn AdamW, c_fc Grassmann

Overriding config with config/train_gpt2_medium_grassmann_mlp_only_r384.py:
# COMPONENT ISOLATION: MLP-only Grassmann (c_fc only, c_attn uses AdamW)
# Tests hypothesis: Does Grassmann help specifically in MLP (feedforward)?

# GPT-2 Medium architecture
n_layer = 24
n_head = 16
n_embd = 1024
block_size = 1024
dropout = 0.1  # Unified
bias = False

# Enable Grassmann ONLY for c_fc (MLP expansion)
use_grassmann = True
use_grassmann_c_attn = False  # DISABLE for c_attn (use AdamW instead)
use_grassmann_c_fc = True     # Enable for c_fc
use_full_block_decomp = False  # Not used for c_fc (uses 4-block hybrid)

# Grassmann configuration
# c_attn: STANDARD ADAMW (not Grassmann)
# c_fc: 4-block decomposition with block-level gating
grass_rank = 384  # Used for c_fc blocks
grass_scale = 10.0  # Uniform x=10 scaling for c_fc
grass_a = 1.0  # Identity-centered
grass_b = 0.0
grass_lr = 2e-3  # Unified Tier 1 LR

# Gating LRs (only for c_fc block gates, c_attn has no gates)
gate_lr = 1.2e-3  # 2× learning_rate
embed_lr = 3e-4   # 0.5× learning_rate

# Training hyperparameters
learning_rate = 6e-4  # Base LR for AdamW components
max_iters = 13000  # ~20B tokens @ 1.57M tokens/iter
warmup_iters = 2000  # Unified
lr_decay_iters = 13000
min_lr = 6e-5  # 0.1 × learning_rate

# Multi-GPU batch configuration
# Match Tier 1: 32 × 12 × 4 GPUs = 1,572,864 tokens/iter
batch_size = 32  # Per GPU
gradient_accumulation_steps = 12  # MUST be divisible by 4 GPUs

# Regularization
weight_decay = 1e-1  # Unified

# Optimizer
beta1 = 0.9
beta2 = 0.95
grad_clip = 1.0

# Evaluation
eval_interval = 1000
eval_iters = 200
log_interval = 10

# Dataset
dataset = 'openwebtext'
data_dir = '/net/scratch2/junyuren/nanoGPT-manifold/data/openwebtext'
always_save_checkpoint = True

# Output directory
out_dir = '/net/scratch2/junyuren/nanoGPT-manifold/out-gpt2m-grass-mlp-only-r384'

# Compile for performance
compile = True

# System
dtype = 'bfloat16'
device = 'cuda'

# Phase identifier (for logging, not used in model)
grassmann_phase = 'mlp_only'  # Component isolation: c_attn AdamW, c_fc Grassmann

tokens per iteration will be: 393,216
Initializing a new model from scratch
defaulting to vocab_size of GPT-2 to 50304 (50257 rounded up for efficiency)
Overriding config with config/train_gpt2_medium_grassmann_mlp_only_r384.py:
# COMPONENT ISOLATION: MLP-only Grassmann (c_fc only, c_attn uses AdamW)
# Tests hypothesis: Does Grassmann help specifically in MLP (feedforward)?

# GPT-2 Medium architecture
n_layer = 24
n_head = 16
n_embd = 1024
block_size = 1024
dropout = 0.1  # Unified
bias = False

# Enable Grassmann ONLY for c_fc (MLP expansion)
use_grassmann = True
use_grassmann_c_attn = False  # DISABLE for c_attn (use AdamW instead)
use_grassmann_c_fc = True     # Enable for c_fc
use_full_block_decomp = False  # Not used for c_fc (uses 4-block hybrid)

# Grassmann configuration
# c_attn: STANDARD ADAMW (not Grassmann)
# c_fc: 4-block decomposition with block-level gating
grass_rank = 384  # Used for c_fc blocks
grass_scale = 10.0  # Uniform x=10 scaling for c_fc
grass_a = 1.0  # Identity-centered
grass_b = 0.0
grass_lr = 2e-3  # Unified Tier 1 LR

# Gating LRs (only for c_fc block gates, c_attn has no gates)
gate_lr = 1.2e-3  # 2× learning_rate
embed_lr = 3e-4   # 0.5× learning_rate

# Training hyperparameters
learning_rate = 6e-4  # Base LR for AdamW components
max_iters = 13000  # ~20B tokens @ 1.57M tokens/iter
warmup_iters = 2000  # Unified
lr_decay_iters = 13000
min_lr = 6e-5  # 0.1 × learning_rate

# Multi-GPU batch configuration
# Match Tier 1: 32 × 12 × 4 GPUs = 1,572,864 tokens/iter
batch_size = 32  # Per GPU
gradient_accumulation_steps = 12  # MUST be divisible by 4 GPUs

# Regularization
weight_decay = 1e-1  # Unified

# Optimizer
beta1 = 0.9
beta2 = 0.95
grad_clip = 1.0

# Evaluation
eval_interval = 1000
eval_iters = 200
log_interval = 10

# Dataset
dataset = 'openwebtext'
data_dir = '/net/scratch2/junyuren/nanoGPT-manifold/data/openwebtext'
always_save_checkpoint = True

# Output directory
out_dir = '/net/scratch2/junyuren/nanoGPT-manifold/out-gpt2m-grass-mlp-only-r384'

# Compile for performance
compile = True

# System
dtype = 'bfloat16'
device = 'cuda'

# Phase identifier (for logging, not used in model)
grassmann_phase = 'mlp_only'  # Component isolation: c_attn AdamW, c_fc Grassmann

tokens per iteration will be: 393,216
Initializing a new model from scratch
defaulting to vocab_size of GPT-2 to 50304 (50257 rounded up for efficiency)
tokens per iteration will be: 393,216
Initializing a new model from scratch
defaulting to vocab_size of GPT-2 to 50304 (50257 rounded up for efficiency)
tokens per iteration will be: 393,216
Initializing a new model from scratch
defaulting to vocab_size of GPT-2 to 50304 (50257 rounded up for efficiency)
number of parameters: 354.83M
number of parameters: 354.83M
number of parameters: 354.83M
number of parameters: 354.83M

=== Phase mlp_only Grassmann Configuration ===

Per-block configuration (24 blocks):
  c_attn ranks:       [384, 384, 384, 384, 384, 384, 384, 384, 384, 384, 384, 384, 384, 384, 384, 384, 384, 384, 384, 384, 384, 384, 384, 384]
  c_attn scales:      ['1.00', '1.00', '1.00', '1.00', '1.00', '1.00', '1.00', '1.00', '1.00', '1.00', '1.00', '1.00', '1.00', '1.00', '1.00', '1.00', '1.00', '1.00', '1.00', '1.00', '1.00', '1.00', '1.00', '1.00']
  mlp.c_fc ranks:     [384, 384, 384, 384, 384, 384, 384, 384, 384, 384, 384, 384, 384, 384, 384, 384, 384, 384, 384, 384, 384, 384, 384, 384]
  mlp.c_fc scales:    ['1.00', '1.00', '1.00', '1.00', '1.00', '1.00', '1.00', '1.00', '1.00', '1.00', '1.00', '1.00', '1.00', '1.00', '1.00', '1.00', '1.00', '1.00', '1.00', '1.00', '1.00', '1.00', '1.00', '1.00']
Grassmann Muon parameters: 168 weight matrices, 176,160,768 params
AdamW optimizer groups:
  Gates:      120 tensors, 1,277,952 params, lr=1.20e-03, wd=0.1
  Projections: 48 tensors, 125,829,120 params, lr=6.00e-04, wd=0.1
  Embeddings: 2 tensors, 52,559,872 params, lr=3.00e-04, wd=0.0
  No decay:   49 tensors, 50,176 params, lr=6.00e-04, wd=0.0
  transformer.h.0.attn.c_attn.blocks.0.weight: k=1, G_{1.0,0.0,384}, lr=0.008, scale=1.0, type=None
  transformer.h.0.attn.c_attn.blocks.1.weight: k=1, G_{1.0,0.0,384}, lr=0.008, scale=1.0, type=None
  transformer.h.0.attn.c_attn.blocks.2.weight: k=1, G_{1.0,0.0,384}, lr=0.008, scale=1.0, type=None
  transformer.h.0.mlp.c_fc.blocks.0.weight: k=1, G_{1.0,0.0,384}, lr=0.008, scale=1.0, type=None
  transformer.h.0.mlp.c_fc.blocks.1.weight: k=1, G_{1.0,0.0,384}, lr=0.008, scale=1.0, type=None
  transformer.h.0.mlp.c_fc.blocks.2.weight: k=1, G_{1.0,0.0,384}, lr=0.008, scale=1.0, type=None
  transformer.h.0.mlp.c_fc.blocks.3.weight: k=1, G_{1.0,0.0,384}, lr=0.008, scale=1.0, type=None
  transformer.h.1.attn.c_attn.blocks.0.weight: k=1, G_{1.0,0.0,384}, lr=0.008, scale=1.0, type=None
  transformer.h.1.attn.c_attn.blocks.1.weight: k=1, G_{1.0,0.0,384}, lr=0.008, scale=1.0, type=None
  transformer.h.1.attn.c_attn.blocks.2.weight: k=1, G_{1.0,0.0,384}, lr=0.008, scale=1.0, type=None
  transformer.h.1.mlp.c_fc.blocks.0.weight: k=1, G_{1.0,0.0,384}, lr=0.008, scale=1.0, type=None
  transformer.h.1.mlp.c_fc.blocks.1.weight: k=1, G_{1.0,0.0,384}, lr=0.008, scale=1.0, type=None
  transformer.h.1.mlp.c_fc.blocks.2.weight: k=1, G_{1.0,0.0,384}, lr=0.008, scale=1.0, type=None
  transformer.h.1.mlp.c_fc.blocks.3.weight: k=1, G_{1.0,0.0,384}, lr=0.008, scale=1.0, type=None
  transformer.h.2.attn.c_attn.blocks.0.weight: k=1, G_{1.0,0.0,384}, lr=0.008, scale=1.0, type=None
  transformer.h.2.attn.c_attn.blocks.1.weight: k=1, G_{1.0,0.0,384}, lr=0.008, scale=1.0, type=None
  transformer.h.2.attn.c_attn.blocks.2.weight: k=1, G_{1.0,0.0,384}, lr=0.008, scale=1.0, type=None
  transformer.h.2.mlp.c_fc.blocks.0.weight: k=1, G_{1.0,0.0,384}, lr=0.008, scale=1.0, type=None
  transformer.h.2.mlp.c_fc.blocks.1.weight: k=1, G_{1.0,0.0,384}, lr=0.008, scale=1.0, type=None
  transformer.h.2.mlp.c_fc.blocks.2.weight: k=1, G_{1.0,0.0,384}, lr=0.008, scale=1.0, type=None
  transformer.h.2.mlp.c_fc.blocks.3.weight: k=1, G_{1.0,0.0,384}, lr=0.008, scale=1.0, type=None
  transformer.h.3.attn.c_attn.blocks.0.weight: k=1, G_{1.0,0.0,384}, lr=0.008, scale=1.0, type=None
  transformer.h.3.attn.c_attn.blocks.1.weight: k=1, G_{1.0,0.0,384}, lr=0.008, scale=1.0, type=None
  transformer.h.3.attn.c_attn.blocks.2.weight: k=1, G_{1.0,0.0,384}, lr=0.008, scale=1.0, type=None
  transformer.h.3.mlp.c_fc.blocks.0.weight: k=1, G_{1.0,0.0,384}, lr=0.008, scale=1.0, type=None
  transformer.h.3.mlp.c_fc.blocks.1.weight: k=1, G_{1.0,0.0,384}, lr=0.008, scale=1.0, type=None
  transformer.h.3.mlp.c_fc.blocks.2.weight: k=1, G_{1.0,0.0,384}, lr=0.008, scale=1.0, type=None
  transformer.h.3.mlp.c_fc.blocks.3.weight: k=1, G_{1.0,0.0,384}, lr=0.008, scale=1.0, type=None
  transformer.h.4.attn.c_attn.blocks.0.weight: k=1, G_{1.0,0.0,384}, lr=0.008, scale=1.0, type=None
  transformer.h.4.attn.c_attn.blocks.1.weight: k=1, G_{1.0,0.0,384}, lr=0.008, scale=1.0, type=None
  transformer.h.4.attn.c_attn.blocks.2.weight: k=1, G_{1.0,0.0,384}, lr=0.008, scale=1.0, type=None
  transformer.h.4.mlp.c_fc.blocks.0.weight: k=1, G_{1.0,0.0,384}, lr=0.008, scale=1.0, type=None
  transformer.h.4.mlp.c_fc.blocks.1.weight: k=1, G_{1.0,0.0,384}, lr=0.008, scale=1.0, type=None
  transformer.h.4.mlp.c_fc.blocks.2.weight: k=1, G_{1.0,0.0,384}, lr=0.008, scale=1.0, type=None
  transformer.h.4.mlp.c_fc.blocks.3.weight: k=1, G_{1.0,0.0,384}, lr=0.008, scale=1.0, type=None
  transformer.h.5.attn.c_attn.blocks.0.weight: k=1, G_{1.0,0.0,384}, lr=0.008, scale=1.0, type=None
  transformer.h.5.attn.c_attn.blocks.1.weight: k=1, G_{1.0,0.0,384}, lr=0.008, scale=1.0, type=None
  transformer.h.5.attn.c_attn.blocks.2.weight: k=1, G_{1.0,0.0,384}, lr=0.008, scale=1.0, type=None
  transformer.h.5.mlp.c_fc.blocks.0.weight: k=1, G_{1.0,0.0,384}, lr=0.008, scale=1.0, type=None
  transformer.h.5.mlp.c_fc.blocks.1.weight: k=1, G_{1.0,0.0,384}, lr=0.008, scale=1.0, type=None
  transformer.h.5.mlp.c_fc.blocks.2.weight: k=1, G_{1.0,0.0,384}, lr=0.008, scale=1.0, type=None
  transformer.h.5.mlp.c_fc.blocks.3.weight: k=1, G_{1.0,0.0,384}, lr=0.008, scale=1.0, type=None
  transformer.h.6.attn.c_attn.blocks.0.weight: k=1, G_{1.0,0.0,384}, lr=0.008, scale=1.0, type=None
  transformer.h.6.attn.c_attn.blocks.1.weight: k=1, G_{1.0,0.0,384}, lr=0.008, scale=1.0, type=None
  transformer.h.6.attn.c_attn.blocks.2.weight: k=1, G_{1.0,0.0,384}, lr=0.008, scale=1.0, type=None
  transformer.h.6.mlp.c_fc.blocks.0.weight: k=1, G_{1.0,0.0,384}, lr=0.008, scale=1.0, type=None
  transformer.h.6.mlp.c_fc.blocks.1.weight: k=1, G_{1.0,0.0,384}, lr=0.008, scale=1.0, type=None
  transformer.h.6.mlp.c_fc.blocks.2.weight: k=1, G_{1.0,0.0,384}, lr=0.008, scale=1.0, type=None
  transformer.h.6.mlp.c_fc.blocks.3.weight: k=1, G_{1.0,0.0,384}, lr=0.008, scale=1.0, type=None
  transformer.h.7.attn.c_attn.blocks.0.weight: k=1, G_{1.0,0.0,384}, lr=0.008, scale=1.0, type=None
  transformer.h.7.attn.c_attn.blocks.1.weight: k=1, G_{1.0,0.0,384}, lr=0.008, scale=1.0, type=None
  transformer.h.7.attn.c_attn.blocks.2.weight: k=1, G_{1.0,0.0,384}, lr=0.008, scale=1.0, type=None
  transformer.h.7.mlp.c_fc.blocks.0.weight: k=1, G_{1.0,0.0,384}, lr=0.008, scale=1.0, type=None
  transformer.h.7.mlp.c_fc.blocks.1.weight: k=1, G_{1.0,0.0,384}, lr=0.008, scale=1.0, type=None
  transformer.h.7.mlp.c_fc.blocks.2.weight: k=1, G_{1.0,0.0,384}, lr=0.008, scale=1.0, type=None
  transformer.h.7.mlp.c_fc.blocks.3.weight: k=1, G_{1.0,0.0,384}, lr=0.008, scale=1.0, type=None
  transformer.h.8.attn.c_attn.blocks.0.weight: k=1, G_{1.0,0.0,384}, lr=0.008, scale=1.0, type=None
  transformer.h.8.attn.c_attn.blocks.1.weight: k=1, G_{1.0,0.0,384}, lr=0.008, scale=1.0, type=None
  transformer.h.8.attn.c_attn.blocks.2.weight: k=1, G_{1.0,0.0,384}, lr=0.008, scale=1.0, type=None
  transformer.h.8.mlp.c_fc.blocks.0.weight: k=1, G_{1.0,0.0,384}, lr=0.008, scale=1.0, type=None
  transformer.h.8.mlp.c_fc.blocks.1.weight: k=1, G_{1.0,0.0,384}, lr=0.008, scale=1.0, type=None
  transformer.h.8.mlp.c_fc.blocks.2.weight: k=1, G_{1.0,0.0,384}, lr=0.008, scale=1.0, type=None
  transformer.h.8.mlp.c_fc.blocks.3.weight: k=1, G_{1.0,0.0,384}, lr=0.008, scale=1.0, type=None
  transformer.h.9.attn.c_attn.blocks.0.weight: k=1, G_{1.0,0.0,384}, lr=0.008, scale=1.0, type=None
  transformer.h.9.attn.c_attn.blocks.1.weight: k=1, G_{1.0,0.0,384}, lr=0.008, scale=1.0, type=None
  transformer.h.9.attn.c_attn.blocks.2.weight: k=1, G_{1.0,0.0,384}, lr=0.008, scale=1.0, type=None
  transformer.h.9.mlp.c_fc.blocks.0.weight: k=1, G_{1.0,0.0,384}, lr=0.008, scale=1.0, type=None
  transformer.h.9.mlp.c_fc.blocks.1.weight: k=1, G_{1.0,0.0,384}, lr=0.008, scale=1.0, type=None
  transformer.h.9.mlp.c_fc.blocks.2.weight: k=1, G_{1.0,0.0,384}, lr=0.008, scale=1.0, type=None
  transformer.h.9.mlp.c_fc.blocks.3.weight: k=1, G_{1.0,0.0,384}, lr=0.008, scale=1.0, type=None
  transformer.h.10.attn.c_attn.blocks.0.weight: k=1, G_{1.0,0.0,384}, lr=0.008, scale=1.0, type=None
  transformer.h.10.attn.c_attn.blocks.1.weight: k=1, G_{1.0,0.0,384}, lr=0.008, scale=1.0, type=None
  transformer.h.10.attn.c_attn.blocks.2.weight: k=1, G_{1.0,0.0,384}, lr=0.008, scale=1.0, type=None
  transformer.h.10.mlp.c_fc.blocks.0.weight: k=1, G_{1.0,0.0,384}, lr=0.008, scale=1.0, type=None
  transformer.h.10.mlp.c_fc.blocks.1.weight: k=1, G_{1.0,0.0,384}, lr=0.008, scale=1.0, type=None
  transformer.h.10.mlp.c_fc.blocks.2.weight: k=1, G_{1.0,0.0,384}, lr=0.008, scale=1.0, type=None
  transformer.h.10.mlp.c_fc.blocks.3.weight: k=1, G_{1.0,0.0,384}, lr=0.008, scale=1.0, type=None
  transformer.h.11.attn.c_attn.blocks.0.weight: k=1, G_{1.0,0.0,384}, lr=0.008, scale=1.0, type=None
  transformer.h.11.attn.c_attn.blocks.1.weight: k=1, G_{1.0,0.0,384}, lr=0.008, scale=1.0, type=None
  transformer.h.11.attn.c_attn.blocks.2.weight: k=1, G_{1.0,0.0,384}, lr=0.008, scale=1.0, type=None
  transformer.h.11.mlp.c_fc.blocks.0.weight: k=1, G_{1.0,0.0,384}, lr=0.008, scale=1.0, type=None
  transformer.h.11.mlp.c_fc.blocks.1.weight: k=1, G_{1.0,0.0,384}, lr=0.008, scale=1.0, type=None
  transformer.h.11.mlp.c_fc.blocks.2.weight: k=1, G_{1.0,0.0,384}, lr=0.008, scale=1.0, type=None
  transformer.h.11.mlp.c_fc.blocks.3.weight: k=1, G_{1.0,0.0,384}, lr=0.008, scale=1.0, type=None
  transformer.h.12.attn.c_attn.blocks.0.weight: k=1, G_{1.0,0.0,384}, lr=0.008, scale=1.0, type=None
  transformer.h.12.attn.c_attn.blocks.1.weight: k=1, G_{1.0,0.0,384}, lr=0.008, scale=1.0, type=None
  transformer.h.12.attn.c_attn.blocks.2.weight: k=1, G_{1.0,0.0,384}, lr=0.008, scale=1.0, type=None
  transformer.h.12.mlp.c_fc.blocks.0.weight: k=1, G_{1.0,0.0,384}, lr=0.008, scale=1.0, type=None
  transformer.h.12.mlp.c_fc.blocks.1.weight: k=1, G_{1.0,0.0,384}, lr=0.008, scale=1.0, type=None
  transformer.h.12.mlp.c_fc.blocks.2.weight: k=1, G_{1.0,0.0,384}, lr=0.008, scale=1.0, type=None
  transformer.h.12.mlp.c_fc.blocks.3.weight: k=1, G_{1.0,0.0,384}, lr=0.008, scale=1.0, type=None
  transformer.h.13.attn.c_attn.blocks.0.weight: k=1, G_{1.0,0.0,384}, lr=0.008, scale=1.0, type=None
  transformer.h.13.attn.c_attn.blocks.1.weight: k=1, G_{1.0,0.0,384}, lr=0.008, scale=1.0, type=None
  transformer.h.13.attn.c_attn.blocks.2.weight: k=1, G_{1.0,0.0,384}, lr=0.008, scale=1.0, type=None
  transformer.h.13.mlp.c_fc.blocks.0.weight: k=1, G_{1.0,0.0,384}, lr=0.008, scale=1.0, type=None
  transformer.h.13.mlp.c_fc.blocks.1.weight: k=1, G_{1.0,0.0,384}, lr=0.008, scale=1.0, type=None
  transformer.h.13.mlp.c_fc.blocks.2.weight: k=1, G_{1.0,0.0,384}, lr=0.008, scale=1.0, type=None
  transformer.h.13.mlp.c_fc.blocks.3.weight: k=1, G_{1.0,0.0,384}, lr=0.008, scale=1.0, type=None
  transformer.h.14.attn.c_attn.blocks.0.weight: k=1, G_{1.0,0.0,384}, lr=0.008, scale=1.0, type=None
  transformer.h.14.attn.c_attn.blocks.1.weight: k=1, G_{1.0,0.0,384}, lr=0.008, scale=1.0, type=None
  transformer.h.14.attn.c_attn.blocks.2.weight: k=1, G_{1.0,0.0,384}, lr=0.008, scale=1.0, type=None
  transformer.h.14.mlp.c_fc.blocks.0.weight: k=1, G_{1.0,0.0,384}, lr=0.008, scale=1.0, type=None
  transformer.h.14.mlp.c_fc.blocks.1.weight: k=1, G_{1.0,0.0,384}, lr=0.008, scale=1.0, type=None
  transformer.h.14.mlp.c_fc.blocks.2.weight: k=1, G_{1.0,0.0,384}, lr=0.008, scale=1.0, type=None
  transformer.h.14.mlp.c_fc.blocks.3.weight: k=1, G_{1.0,0.0,384}, lr=0.008, scale=1.0, type=None
  transformer.h.15.attn.c_attn.blocks.0.weight: k=1, G_{1.0,0.0,384}, lr=0.008, scale=1.0, type=None
  transformer.h.15.attn.c_attn.blocks.1.weight: k=1, G_{1.0,0.0,384}, lr=0.008, scale=1.0, type=None
  transformer.h.15.attn.c_attn.blocks.2.weight: k=1, G_{1.0,0.0,384}, lr=0.008, scale=1.0, type=None
  transformer.h.15.mlp.c_fc.blocks.0.weight: k=1, G_{1.0,0.0,384}, lr=0.008, scale=1.0, type=None
  transformer.h.15.mlp.c_fc.blocks.1.weight: k=1, G_{1.0,0.0,384}, lr=0.008, scale=1.0, type=None
  transformer.h.15.mlp.c_fc.blocks.2.weight: k=1, G_{1.0,0.0,384}, lr=0.008, scale=1.0, type=None
  transformer.h.15.mlp.c_fc.blocks.3.weight: k=1, G_{1.0,0.0,384}, lr=0.008, scale=1.0, type=None
  transformer.h.16.attn.c_attn.blocks.0.weight: k=1, G_{1.0,0.0,384}, lr=0.008, scale=1.0, type=None
  transformer.h.16.attn.c_attn.blocks.1.weight: k=1, G_{1.0,0.0,384}, lr=0.008, scale=1.0, type=None
  transformer.h.16.attn.c_attn.blocks.2.weight: k=1, G_{1.0,0.0,384}, lr=0.008, scale=1.0, type=None
  transformer.h.16.mlp.c_fc.blocks.0.weight: k=1, G_{1.0,0.0,384}, lr=0.008, scale=1.0, type=None
  transformer.h.16.mlp.c_fc.blocks.1.weight: k=1, G_{1.0,0.0,384}, lr=0.008, scale=1.0, type=None
  transformer.h.16.mlp.c_fc.blocks.2.weight: k=1, G_{1.0,0.0,384}, lr=0.008, scale=1.0, type=None
  transformer.h.16.mlp.c_fc.blocks.3.weight: k=1, G_{1.0,0.0,384}, lr=0.008, scale=1.0, type=None
  transformer.h.17.attn.c_attn.blocks.0.weight: k=1, G_{1.0,0.0,384}, lr=0.008, scale=1.0, type=None
  transformer.h.17.attn.c_attn.blocks.1.weight: k=1, G_{1.0,0.0,384}, lr=0.008, scale=1.0, type=None
  transformer.h.17.attn.c_attn.blocks.2.weight: k=1, G_{1.0,0.0,384}, lr=0.008, scale=1.0, type=None
  transformer.h.17.mlp.c_fc.blocks.0.weight: k=1, G_{1.0,0.0,384}, lr=0.008, scale=1.0, type=None
  transformer.h.17.mlp.c_fc.blocks.1.weight: k=1, G_{1.0,0.0,384}, lr=0.008, scale=1.0, type=None
  transformer.h.17.mlp.c_fc.blocks.2.weight: k=1, G_{1.0,0.0,384}, lr=0.008, scale=1.0, type=None
  transformer.h.17.mlp.c_fc.blocks.3.weight: k=1, G_{1.0,0.0,384}, lr=0.008, scale=1.0, type=None
  transformer.h.18.attn.c_attn.blocks.0.weight: k=1, G_{1.0,0.0,384}, lr=0.008, scale=1.0, type=None
  transformer.h.18.attn.c_attn.blocks.1.weight: k=1, G_{1.0,0.0,384}, lr=0.008, scale=1.0, type=None
  transformer.h.18.attn.c_attn.blocks.2.weight: k=1, G_{1.0,0.0,384}, lr=0.008, scale=1.0, type=None
  transformer.h.18.mlp.c_fc.blocks.0.weight: k=1, G_{1.0,0.0,384}, lr=0.008, scale=1.0, type=None
  transformer.h.18.mlp.c_fc.blocks.1.weight: k=1, G_{1.0,0.0,384}, lr=0.008, scale=1.0, type=None
  transformer.h.18.mlp.c_fc.blocks.2.weight: k=1, G_{1.0,0.0,384}, lr=0.008, scale=1.0, type=None
  transformer.h.18.mlp.c_fc.blocks.3.weight: k=1, G_{1.0,0.0,384}, lr=0.008, scale=1.0, type=None
  transformer.h.19.attn.c_attn.blocks.0.weight: k=1, G_{1.0,0.0,384}, lr=0.008, scale=1.0, type=None
  transformer.h.19.attn.c_attn.blocks.1.weight: k=1, G_{1.0,0.0,384}, lr=0.008, scale=1.0, type=None
  transformer.h.19.attn.c_attn.blocks.2.weight: k=1, G_{1.0,0.0,384}, lr=0.008, scale=1.0, type=None
  transformer.h.19.mlp.c_fc.blocks.0.weight: k=1, G_{1.0,0.0,384}, lr=0.008, scale=1.0, type=None
  transformer.h.19.mlp.c_fc.blocks.1.weight: k=1, G_{1.0,0.0,384}, lr=0.008, scale=1.0, type=None
  transformer.h.19.mlp.c_fc.blocks.2.weight: k=1, G_{1.0,0.0,384}, lr=0.008, scale=1.0, type=None
  transformer.h.19.mlp.c_fc.blocks.3.weight: k=1, G_{1.0,0.0,384}, lr=0.008, scale=1.0, type=None
  transformer.h.20.attn.c_attn.blocks.0.weight: k=1, G_{1.0,0.0,384}, lr=0.008, scale=1.0, type=None
  transformer.h.20.attn.c_attn.blocks.1.weight: k=1, G_{1.0,0.0,384}, lr=0.008, scale=1.0, type=None
  transformer.h.20.attn.c_attn.blocks.2.weight: k=1, G_{1.0,0.0,384}, lr=0.008, scale=1.0, type=None
  transformer.h.20.mlp.c_fc.blocks.0.weight: k=1, G_{1.0,0.0,384}, lr=0.008, scale=1.0, type=None
  transformer.h.20.mlp.c_fc.blocks.1.weight: k=1, G_{1.0,0.0,384}, lr=0.008, scale=1.0, type=None
  transformer.h.20.mlp.c_fc.blocks.2.weight: k=1, G_{1.0,0.0,384}, lr=0.008, scale=1.0, type=None
  transformer.h.20.mlp.c_fc.blocks.3.weight: k=1, G_{1.0,0.0,384}, lr=0.008, scale=1.0, type=None
  transformer.h.21.attn.c_attn.blocks.0.weight: k=1, G_{1.0,0.0,384}, lr=0.008, scale=1.0, type=None
  transformer.h.21.attn.c_attn.blocks.1.weight: k=1, G_{1.0,0.0,384}, lr=0.008, scale=1.0, type=None
  transformer.h.21.attn.c_attn.blocks.2.weight: k=1, G_{1.0,0.0,384}, lr=0.008, scale=1.0, type=None
  transformer.h.21.mlp.c_fc.blocks.0.weight: k=1, G_{1.0,0.0,384}, lr=0.008, scale=1.0, type=None
  transformer.h.21.mlp.c_fc.blocks.1.weight: k=1, G_{1.0,0.0,384}, lr=0.008, scale=1.0, type=None
  transformer.h.21.mlp.c_fc.blocks.2.weight: k=1, G_{1.0,0.0,384}, lr=0.008, scale=1.0, type=None
  transformer.h.21.mlp.c_fc.blocks.3.weight: k=1, G_{1.0,0.0,384}, lr=0.008, scale=1.0, type=None
  transformer.h.22.attn.c_attn.blocks.0.weight: k=1, G_{1.0,0.0,384}, lr=0.008, scale=1.0, type=None
  transformer.h.22.attn.c_attn.blocks.1.weight: k=1, G_{1.0,0.0,384}, lr=0.008, scale=1.0, type=None
  transformer.h.22.attn.c_attn.blocks.2.weight: k=1, G_{1.0,0.0,384}, lr=0.008, scale=1.0, type=None
  transformer.h.22.mlp.c_fc.blocks.0.weight: k=1, G_{1.0,0.0,384}, lr=0.008, scale=1.0, type=None
  transformer.h.22.mlp.c_fc.blocks.1.weight: k=1, G_{1.0,0.0,384}, lr=0.008, scale=1.0, type=None
  transformer.h.22.mlp.c_fc.blocks.2.weight: k=1, G_{1.0,0.0,384}, lr=0.008, scale=1.0, type=None
  transformer.h.22.mlp.c_fc.blocks.3.weight: k=1, G_{1.0,0.0,384}, lr=0.008, scale=1.0, type=None
  transformer.h.23.attn.c_attn.blocks.0.weight: k=1, G_{1.0,0.0,384}, lr=0.008, scale=1.0, type=None
  transformer.h.23.attn.c_attn.blocks.1.weight: k=1, G_{1.0,0.0,384}, lr=0.008, scale=1.0, type=None
  transformer.h.23.attn.c_attn.blocks.2.weight: k=1, G_{1.0,0.0,384}, lr=0.008, scale=1.0, type=None
  transformer.h.23.mlp.c_fc.blocks.0.weight: k=1, G_{1.0,0.0,384}, lr=0.008, scale=1.0, type=None
  transformer.h.23.mlp.c_fc.blocks.1.weight: k=1, G_{1.0,0.0,384}, lr=0.008, scale=1.0, type=None
  transformer.h.23.mlp.c_fc.blocks.2.weight: k=1, G_{1.0,0.0,384}, lr=0.008, scale=1.0, type=None
  transformer.h.23.mlp.c_fc.blocks.3.weight: k=1, G_{1.0,0.0,384}, lr=0.008, scale=1.0, type=None

=== Phase mlp_only Grassmann Configuration ===

Per-block configuration (24 blocks):
  c_attn ranks:       [384, 384, 384, 384, 384, 384, 384, 384, 384, 384, 384, 384, 384, 384, 384, 384, 384, 384, 384, 384, 384, 384, 384, 384]
  c_attn scales:      ['1.00', '1.00', '1.00', '1.00', '1.00', '1.00', '1.00', '1.00', '1.00', '1.00', '1.00', '1.00', '1.00', '1.00', '1.00', '1.00', '1.00', '1.00', '1.00', '1.00', '1.00', '1.00', '1.00', '1.00']
  mlp.c_fc ranks:     [384, 384, 384, 384, 384, 384, 384, 384, 384, 384, 384, 384, 384, 384, 384, 384, 384, 384, 384, 384, 384, 384, 384, 384]
  mlp.c_fc scales:    ['1.00', '1.00', '1.00', '1.00', '1.00', '1.00', '1.00', '1.00', '1.00', '1.00', '1.00', '1.00', '1.00', '1.00', '1.00', '1.00', '1.00', '1.00', '1.00', '1.00', '1.00', '1.00', '1.00', '1.00']
Grassmann Muon parameters: 168 weight matrices, 176,160,768 params
AdamW optimizer groups:
  Gates:      120 tensors, 1,277,952 params, lr=1.20e-03, wd=0.1
  Projections: 48 tensors, 125,829,120 params, lr=6.00e-04, wd=0.1
  Embeddings: 2 tensors, 52,559,872 params, lr=3.00e-04, wd=0.0
  No decay:   49 tensors, 50,176 params, lr=6.00e-04, wd=0.0
  transformer.h.0.attn.c_attn.blocks.0.weight: k=1, G_{1.0,0.0,384}, lr=0.008, scale=1.0, type=None
  transformer.h.0.attn.c_attn.blocks.1.weight: k=1, G_{1.0,0.0,384}, lr=0.008, scale=1.0, type=None
  transformer.h.0.attn.c_attn.blocks.2.weight: k=1, G_{1.0,0.0,384}, lr=0.008, scale=1.0, type=None
  transformer.h.0.mlp.c_fc.blocks.0.weight: k=1, G_{1.0,0.0,384}, lr=0.008, scale=1.0, type=None
  transformer.h.0.mlp.c_fc.blocks.1.weight: k=1, G_{1.0,0.0,384}, lr=0.008, scale=1.0, type=None
  transformer.h.0.mlp.c_fc.blocks.2.weight: k=1, G_{1.0,0.0,384}, lr=0.008, scale=1.0, type=None
  transformer.h.0.mlp.c_fc.blocks.3.weight: k=1, G_{1.0,0.0,384}, lr=0.008, scale=1.0, type=None
  transformer.h.1.attn.c_attn.blocks.0.weight: k=1, G_{1.0,0.0,384}, lr=0.008, scale=1.0, type=None
  transformer.h.1.attn.c_attn.blocks.1.weight: k=1, G_{1.0,0.0,384}, lr=0.008, scale=1.0, type=None
  transformer.h.1.attn.c_attn.blocks.2.weight: k=1, G_{1.0,0.0,384}, lr=0.008, scale=1.0, type=None
  transformer.h.1.mlp.c_fc.blocks.0.weight: k=1, G_{1.0,0.0,384}, lr=0.008, scale=1.0, type=None
  transformer.h.1.mlp.c_fc.blocks.1.weight: k=1, G_{1.0,0.0,384}, lr=0.008, scale=1.0, type=None
  transformer.h.1.mlp.c_fc.blocks.2.weight: k=1, G_{1.0,0.0,384}, lr=0.008, scale=1.0, type=None
  transformer.h.1.mlp.c_fc.blocks.3.weight: k=1, G_{1.0,0.0,384}, lr=0.008, scale=1.0, type=None
  transformer.h.2.attn.c_attn.blocks.0.weight: k=1, G_{1.0,0.0,384}, lr=0.008, scale=1.0, type=None
  transformer.h.2.attn.c_attn.blocks.1.weight: k=1, G_{1.0,0.0,384}, lr=0.008, scale=1.0, type=None
  transformer.h.2.attn.c_attn.blocks.2.weight: k=1, G_{1.0,0.0,384}, lr=0.008, scale=1.0, type=None
  transformer.h.2.mlp.c_fc.blocks.0.weight: k=1, G_{1.0,0.0,384}, lr=0.008, scale=1.0, type=None
  transformer.h.2.mlp.c_fc.blocks.1.weight: k=1, G_{1.0,0.0,384}, lr=0.008, scale=1.0, type=None
  transformer.h.2.mlp.c_fc.blocks.2.weight: k=1, G_{1.0,0.0,384}, lr=0.008, scale=1.0, type=None
  transformer.h.2.mlp.c_fc.blocks.3.weight: k=1, G_{1.0,0.0,384}, lr=0.008, scale=1.0, type=None
  transformer.h.3.attn.c_attn.blocks.0.weight: k=1, G_{1.0,0.0,384}, lr=0.008, scale=1.0, type=None
  transformer.h.3.attn.c_attn.blocks.1.weight: k=1, G_{1.0,0.0,384}, lr=0.008, scale=1.0, type=None
  transformer.h.3.attn.c_attn.blocks.2.weight: k=1, G_{1.0,0.0,384}, lr=0.008, scale=1.0, type=None
  transformer.h.3.mlp.c_fc.blocks.0.weight: k=1, G_{1.0,0.0,384}, lr=0.008, scale=1.0, type=None
  transformer.h.3.mlp.c_fc.blocks.1.weight: k=1, G_{1.0,0.0,384}, lr=0.008, scale=1.0, type=None
  transformer.h.3.mlp.c_fc.blocks.2.weight: k=1, G_{1.0,0.0,384}, lr=0.008, scale=1.0, type=None
  transformer.h.3.mlp.c_fc.blocks.3.weight: k=1, G_{1.0,0.0,384}, lr=0.008, scale=1.0, type=None
  transformer.h.4.attn.c_attn.blocks.0.weight: k=1, G_{1.0,0.0,384}, lr=0.008, scale=1.0, type=None
  transformer.h.4.attn.c_attn.blocks.1.weight: k=1, G_{1.0,0.0,384}, lr=0.008, scale=1.0, type=None
  transformer.h.4.attn.c_attn.blocks.2.weight: k=1, G_{1.0,0.0,384}, lr=0.008, scale=1.0, type=None
  transformer.h.4.mlp.c_fc.blocks.0.weight: k=1, G_{1.0,0.0,384}, lr=0.008, scale=1.0, type=None
  transformer.h.4.mlp.c_fc.blocks.1.weight: k=1, G_{1.0,0.0,384}, lr=0.008, scale=1.0, type=None
  transformer.h.4.mlp.c_fc.blocks.2.weight: k=1, G_{1.0,0.0,384}, lr=0.008, scale=1.0, type=None
  transformer.h.4.mlp.c_fc.blocks.3.weight: k=1, G_{1.0,0.0,384}, lr=0.008, scale=1.0, type=None
  transformer.h.5.attn.c_attn.blocks.0.weight: k=1, G_{1.0,0.0,384}, lr=0.008, scale=1.0, type=None
  transformer.h.5.attn.c_attn.blocks.1.weight: k=1, G_{1.0,0.0,384}, lr=0.008, scale=1.0, type=None
  transformer.h.5.attn.c_attn.blocks.2.weight: k=1, G_{1.0,0.0,384}, lr=0.008, scale=1.0, type=None
  transformer.h.5.mlp.c_fc.blocks.0.weight: k=1, G_{1.0,0.0,384}, lr=0.008, scale=1.0, type=None
  transformer.h.5.mlp.c_fc.blocks.1.weight: k=1, G_{1.0,0.0,384}, lr=0.008, scale=1.0, type=None
  transformer.h.5.mlp.c_fc.blocks.2.weight: k=1, G_{1.0,0.0,384}, lr=0.008, scale=1.0, type=None
  transformer.h.5.mlp.c_fc.blocks.3.weight: k=1, G_{1.0,0.0,384}, lr=0.008, scale=1.0, type=None
  transformer.h.6.attn.c_attn.blocks.0.weight: k=1, G_{1.0,0.0,384}, lr=0.008, scale=1.0, type=None
  transformer.h.6.attn.c_attn.blocks.1.weight: k=1, G_{1.0,0.0,384}, lr=0.008, scale=1.0, type=None
  transformer.h.6.attn.c_attn.blocks.2.weight: k=1, G_{1.0,0.0,384}, lr=0.008, scale=1.0, type=None
  transformer.h.6.mlp.c_fc.blocks.0.weight: k=1, G_{1.0,0.0,384}, lr=0.008, scale=1.0, type=None
  transformer.h.6.mlp.c_fc.blocks.1.weight: k=1, G_{1.0,0.0,384}, lr=0.008, scale=1.0, type=None
  transformer.h.6.mlp.c_fc.blocks.2.weight: k=1, G_{1.0,0.0,384}, lr=0.008, scale=1.0, type=None
  transformer.h.6.mlp.c_fc.blocks.3.weight: k=1, G_{1.0,0.0,384}, lr=0.008, scale=1.0, type=None
  transformer.h.7.attn.c_attn.blocks.0.weight: k=1, G_{1.0,0.0,384}, lr=0.008, scale=1.0, type=None
  transformer.h.7.attn.c_attn.blocks.1.weight: k=1, G_{1.0,0.0,384}, lr=0.008, scale=1.0, type=None
  transformer.h.7.attn.c_attn.blocks.2.weight: k=1, G_{1.0,0.0,384}, lr=0.008, scale=1.0, type=None
  transformer.h.7.mlp.c_fc.blocks.0.weight: k=1, G_{1.0,0.0,384}, lr=0.008, scale=1.0, type=None
  transformer.h.7.mlp.c_fc.blocks.1.weight: k=1, G_{1.0,0.0,384}, lr=0.008, scale=1.0, type=None
  transformer.h.7.mlp.c_fc.blocks.2.weight: k=1, G_{1.0,0.0,384}, lr=0.008, scale=1.0, type=None
  transformer.h.7.mlp.c_fc.blocks.3.weight: k=1, G_{1.0,0.0,384}, lr=0.008, scale=1.0, type=None
  transformer.h.8.attn.c_attn.blocks.0.weight: k=1, G_{1.0,0.0,384}, lr=0.008, scale=1.0, type=None
  transformer.h.8.attn.c_attn.blocks.1.weight: k=1, G_{1.0,0.0,384}, lr=0.008, scale=1.0, type=None
  transformer.h.8.attn.c_attn.blocks.2.weight: k=1, G_{1.0,0.0,384}, lr=0.008, scale=1.0, type=None
  transformer.h.8.mlp.c_fc.blocks.0.weight: k=1, G_{1.0,0.0,384}, lr=0.008, scale=1.0, type=None
  transformer.h.8.mlp.c_fc.blocks.1.weight: k=1, G_{1.0,0.0,384}, lr=0.008, scale=1.0, type=None
  transformer.h.8.mlp.c_fc.blocks.2.weight: k=1, G_{1.0,0.0,384}, lr=0.008, scale=1.0, type=None
  transformer.h.8.mlp.c_fc.blocks.3.weight: k=1, G_{1.0,0.0,384}, lr=0.008, scale=1.0, type=None
  transformer.h.9.attn.c_attn.blocks.0.weight: k=1, G_{1.0,0.0,384}, lr=0.008, scale=1.0, type=None
  transformer.h.9.attn.c_attn.blocks.1.weight: k=1, G_{1.0,0.0,384}, lr=0.008, scale=1.0, type=None
  transformer.h.9.attn.c_attn.blocks.2.weight: k=1, G_{1.0,0.0,384}, lr=0.008, scale=1.0, type=None
  transformer.h.9.mlp.c_fc.blocks.0.weight: k=1, G_{1.0,0.0,384}, lr=0.008, scale=1.0, type=None
  transformer.h.9.mlp.c_fc.blocks.1.weight: k=1, G_{1.0,0.0,384}, lr=0.008, scale=1.0, type=None
  transformer.h.9.mlp.c_fc.blocks.2.weight: k=1, G_{1.0,0.0,384}, lr=0.008, scale=1.0, type=None
  transformer.h.9.mlp.c_fc.blocks.3.weight: k=1, G_{1.0,0.0,384}, lr=0.008, scale=1.0, type=None
  transformer.h.10.attn.c_attn.blocks.0.weight: k=1, G_{1.0,0.0,384}, lr=0.008, scale=1.0, type=None
  transformer.h.10.attn.c_attn.blocks.1.weight: k=1, G_{1.0,0.0,384}, lr=0.008, scale=1.0, type=None
  transformer.h.10.attn.c_attn.blocks.2.weight: k=1, G_{1.0,0.0,384}, lr=0.008, scale=1.0, type=None
  transformer.h.10.mlp.c_fc.blocks.0.weight: k=1, G_{1.0,0.0,384}, lr=0.008, scale=1.0, type=None
  transformer.h.10.mlp.c_fc.blocks.1.weight: k=1, G_{1.0,0.0,384}, lr=0.008, scale=1.0, type=None
  transformer.h.10.mlp.c_fc.blocks.2.weight: k=1, G_{1.0,0.0,384}, lr=0.008, scale=1.0, type=None
  transformer.h.10.mlp.c_fc.blocks.3.weight: k=1, G_{1.0,0.0,384}, lr=0.008, scale=1.0, type=None
  transformer.h.11.attn.c_attn.blocks.0.weight: k=1, G_{1.0,0.0,384}, lr=0.008, scale=1.0, type=None
  transformer.h.11.attn.c_attn.blocks.1.weight: k=1, G_{1.0,0.0,384}, lr=0.008, scale=1.0, type=None
  transformer.h.11.attn.c_attn.blocks.2.weight: k=1, G_{1.0,0.0,384}, lr=0.008, scale=1.0, type=None
  transformer.h.11.mlp.c_fc.blocks.0.weight: k=1, G_{1.0,0.0,384}, lr=0.008, scale=1.0, type=None
  transformer.h.11.mlp.c_fc.blocks.1.weight: k=1, G_{1.0,0.0,384}, lr=0.008, scale=1.0, type=None
  transformer.h.11.mlp.c_fc.blocks.2.weight: k=1, G_{1.0,0.0,384}, lr=0.008, scale=1.0, type=None
  transformer.h.11.mlp.c_fc.blocks.3.weight: k=1, G_{1.0,0.0,384}, lr=0.008, scale=1.0, type=None
  transformer.h.12.attn.c_attn.blocks.0.weight: k=1, G_{1.0,0.0,384}, lr=0.008, scale=1.0, type=None
  transformer.h.12.attn.c_attn.blocks.1.weight: k=1, G_{1.0,0.0,384}, lr=0.008, scale=1.0, type=None
  transformer.h.12.attn.c_attn.blocks.2.weight: k=1, G_{1.0,0.0,384}, lr=0.008, scale=1.0, type=None
  transformer.h.12.mlp.c_fc.blocks.0.weight: k=1, G_{1.0,0.0,384}, lr=0.008, scale=1.0, type=None
  transformer.h.12.mlp.c_fc.blocks.1.weight: k=1, G_{1.0,0.0,384}, lr=0.008, scale=1.0, type=None
  transformer.h.12.mlp.c_fc.blocks.2.weight: k=1, G_{1.0,0.0,384}, lr=0.008, scale=1.0, type=None
  transformer.h.12.mlp.c_fc.blocks.3.weight: k=1, G_{1.0,0.0,384}, lr=0.008, scale=1.0, type=None
  transformer.h.13.attn.c_attn.blocks.0.weight: k=1, G_{1.0,0.0,384}, lr=0.008, scale=1.0, type=None
  transformer.h.13.attn.c_attn.blocks.1.weight: k=1, G_{1.0,0.0,384}, lr=0.008, scale=1.0, type=None
  transformer.h.13.attn.c_attn.blocks.2.weight: k=1, G_{1.0,0.0,384}, lr=0.008, scale=1.0, type=None
  transformer.h.13.mlp.c_fc.blocks.0.weight: k=1, G_{1.0,0.0,384}, lr=0.008, scale=1.0, type=None
  transformer.h.13.mlp.c_fc.blocks.1.weight: k=1, G_{1.0,0.0,384}, lr=0.008, scale=1.0, type=None
  transformer.h.13.mlp.c_fc.blocks.2.weight: k=1, G_{1.0,0.0,384}, lr=0.008, scale=1.0, type=None
  transformer.h.13.mlp.c_fc.blocks.3.weight: k=1, G_{1.0,0.0,384}, lr=0.008, scale=1.0, type=None
  transformer.h.14.attn.c_attn.blocks.0.weight: k=1, G_{1.0,0.0,384}, lr=0.008, scale=1.0, type=None
  transformer.h.14.attn.c_attn.blocks.1.weight: k=1, G_{1.0,0.0,384}, lr=0.008, scale=1.0, type=None
  transformer.h.14.attn.c_attn.blocks.2.weight: k=1, G_{1.0,0.0,384}, lr=0.008, scale=1.0, type=None
  transformer.h.14.mlp.c_fc.blocks.0.weight: k=1, G_{1.0,0.0,384}, lr=0.008, scale=1.0, type=None
  transformer.h.14.mlp.c_fc.blocks.1.weight: k=1, G_{1.0,0.0,384}, lr=0.008, scale=1.0, type=None
  transformer.h.14.mlp.c_fc.blocks.2.weight: k=1, G_{1.0,0.0,384}, lr=0.008, scale=1.0, type=None
  transformer.h.14.mlp.c_fc.blocks.3.weight: k=1, G_{1.0,0.0,384}, lr=0.008, scale=1.0, type=None
  transformer.h.15.attn.c_attn.blocks.0.weight: k=1, G_{1.0,0.0,384}, lr=0.008, scale=1.0, type=None
  transformer.h.15.attn.c_attn.blocks.1.weight: k=1, G_{1.0,0.0,384}, lr=0.008, scale=1.0, type=None
  transformer.h.15.attn.c_attn.blocks.2.weight: k=1, G_{1.0,0.0,384}, lr=0.008, scale=1.0, type=None
  transformer.h.15.mlp.c_fc.blocks.0.weight: k=1, G_{1.0,0.0,384}, lr=0.008, scale=1.0, type=None
  transformer.h.15.mlp.c_fc.blocks.1.weight: k=1, G_{1.0,0.0,384}, lr=0.008, scale=1.0, type=None
  transformer.h.15.mlp.c_fc.blocks.2.weight: k=1, G_{1.0,0.0,384}, lr=0.008, scale=1.0, type=None
  transformer.h.15.mlp.c_fc.blocks.3.weight: k=1, G_{1.0,0.0,384}, lr=0.008, scale=1.0, type=None
  transformer.h.16.attn.c_attn.blocks.0.weight: k=1, G_{1.0,0.0,384}, lr=0.008, scale=1.0, type=None
  transformer.h.16.attn.c_attn.blocks.1.weight: k=1, G_{1.0,0.0,384}, lr=0.008, scale=1.0, type=None
  transformer.h.16.attn.c_attn.blocks.2.weight: k=1, G_{1.0,0.0,384}, lr=0.008, scale=1.0, type=None
  transformer.h.16.mlp.c_fc.blocks.0.weight: k=1, G_{1.0,0.0,384}, lr=0.008, scale=1.0, type=None
  transformer.h.16.mlp.c_fc.blocks.1.weight: k=1, G_{1.0,0.0,384}, lr=0.008, scale=1.0, type=None
  transformer.h.16.mlp.c_fc.blocks.2.weight: k=1, G_{1.0,0.0,384}, lr=0.008, scale=1.0, type=None
  transformer.h.16.mlp.c_fc.blocks.3.weight: k=1, G_{1.0,0.0,384}, lr=0.008, scale=1.0, type=None
  transformer.h.17.attn.c_attn.blocks.0.weight: k=1, G_{1.0,0.0,384}, lr=0.008, scale=1.0, type=None
  transformer.h.17.attn.c_attn.blocks.1.weight: k=1, G_{1.0,0.0,384}, lr=0.008, scale=1.0, type=None
  transformer.h.17.attn.c_attn.blocks.2.weight: k=1, G_{1.0,0.0,384}, lr=0.008, scale=1.0, type=None
  transformer.h.17.mlp.c_fc.blocks.0.weight: k=1, G_{1.0,0.0,384}, lr=0.008, scale=1.0, type=None
  transformer.h.17.mlp.c_fc.blocks.1.weight: k=1, G_{1.0,0.0,384}, lr=0.008, scale=1.0, type=None
  transformer.h.17.mlp.c_fc.blocks.2.weight: k=1, G_{1.0,0.0,384}, lr=0.008, scale=1.0, type=None
  transformer.h.17.mlp.c_fc.blocks.3.weight: k=1, G_{1.0,0.0,384}, lr=0.008, scale=1.0, type=None
  transformer.h.18.attn.c_attn.blocks.0.weight: k=1, G_{1.0,0.0,384}, lr=0.008, scale=1.0, type=None
  transformer.h.18.attn.c_attn.blocks.1.weight: k=1, G_{1.0,0.0,384}, lr=0.008, scale=1.0, type=None
  transformer.h.18.attn.c_attn.blocks.2.weight: k=1, G_{1.0,0.0,384}, lr=0.008, scale=1.0, type=None
  transformer.h.18.mlp.c_fc.blocks.0.weight: k=1, G_{1.0,0.0,384}, lr=0.008, scale=1.0, type=None
  transformer.h.18.mlp.c_fc.blocks.1.weight: k=1, G_{1.0,0.0,384}, lr=0.008, scale=1.0, type=None
  transformer.h.18.mlp.c_fc.blocks.2.weight: k=1, G_{1.0,0.0,384}, lr=0.008, scale=1.0, type=None
  transformer.h.18.mlp.c_fc.blocks.3.weight: k=1, G_{1.0,0.0,384}, lr=0.008, scale=1.0, type=None
  transformer.h.19.attn.c_attn.blocks.0.weight: k=1, G_{1.0,0.0,384}, lr=0.008, scale=1.0, type=None
  transformer.h.19.attn.c_attn.blocks.1.weight: k=1, G_{1.0,0.0,384}, lr=0.008, scale=1.0, type=None
  transformer.h.19.attn.c_attn.blocks.2.weight: k=1, G_{1.0,0.0,384}, lr=0.008, scale=1.0, type=None
  transformer.h.19.mlp.c_fc.blocks.0.weight: k=1, G_{1.0,0.0,384}, lr=0.008, scale=1.0, type=None
  transformer.h.19.mlp.c_fc.blocks.1.weight: k=1, G_{1.0,0.0,384}, lr=0.008, scale=1.0, type=None
  transformer.h.19.mlp.c_fc.blocks.2.weight: k=1, G_{1.0,0.0,384}, lr=0.008, scale=1.0, type=None
  transformer.h.19.mlp.c_fc.blocks.3.weight: k=1, G_{1.0,0.0,384}, lr=0.008, scale=1.0, type=None
  transformer.h.20.attn.c_attn.blocks.0.weight: k=1, G_{1.0,0.0,384}, lr=0.008, scale=1.0, type=None
  transformer.h.20.attn.c_attn.blocks.1.weight: k=1, G_{1.0,0.0,384}, lr=0.008, scale=1.0, type=None
  transformer.h.20.attn.c_attn.blocks.2.weight: k=1, G_{1.0,0.0,384}, lr=0.008, scale=1.0, type=None
  transformer.h.20.mlp.c_fc.blocks.0.weight: k=1, G_{1.0,0.0,384}, lr=0.008, scale=1.0, type=None
  transformer.h.20.mlp.c_fc.blocks.1.weight: k=1, G_{1.0,0.0,384}, lr=0.008, scale=1.0, type=None
  transformer.h.20.mlp.c_fc.blocks.2.weight: k=1, G_{1.0,0.0,384}, lr=0.008, scale=1.0, type=None
  transformer.h.20.mlp.c_fc.blocks.3.weight: k=1, G_{1.0,0.0,384}, lr=0.008, scale=1.0, type=None
  transformer.h.21.attn.c_attn.blocks.0.weight: k=1, G_{1.0,0.0,384}, lr=0.008, scale=1.0, type=None
  transformer.h.21.attn.c_attn.blocks.1.weight: k=1, G_{1.0,0.0,384}, lr=0.008, scale=1.0, type=None
  transformer.h.21.attn.c_attn.blocks.2.weight: k=1, G_{1.0,0.0,384}, lr=0.008, scale=1.0, type=None
  transformer.h.21.mlp.c_fc.blocks.0.weight: k=1, G_{1.0,0.0,384}, lr=0.008, scale=1.0, type=None
  transformer.h.21.mlp.c_fc.blocks.1.weight: k=1, G_{1.0,0.0,384}, lr=0.008, scale=1.0, type=None
  transformer.h.21.mlp.c_fc.blocks.2.weight: k=1, G_{1.0,0.0,384}, lr=0.008, scale=1.0, type=None
  transformer.h.21.mlp.c_fc.blocks.3.weight: k=1, G_{1.0,0.0,384}, lr=0.008, scale=1.0, type=None
  transformer.h.22.attn.c_attn.blocks.0.weight: k=1, G_{1.0,0.0,384}, lr=0.008, scale=1.0, type=None
  transformer.h.22.attn.c_attn.blocks.1.weight: k=1, G_{1.0,0.0,384}, lr=0.008, scale=1.0, type=None
  transformer.h.22.attn.c_attn.blocks.2.weight: k=1, G_{1.0,0.0,384}, lr=0.008, scale=1.0, type=None
  transformer.h.22.mlp.c_fc.blocks.0.weight: k=1, G_{1.0,0.0,384}, lr=0.008, scale=1.0, type=None
  transformer.h.22.mlp.c_fc.blocks.1.weight: k=1, G_{1.0,0.0,384}, lr=0.008, scale=1.0, type=None
  transformer.h.22.mlp.c_fc.blocks.2.weight: k=1, G_{1.0,0.0,384}, lr=0.008, scale=1.0, type=None
  transformer.h.22.mlp.c_fc.blocks.3.weight: k=1, G_{1.0,0.0,384}, lr=0.008, scale=1.0, type=None
  transformer.h.23.attn.c_attn.blocks.0.weight: k=1, G_{1.0,0.0,384}, lr=0.008, scale=1.0, type=None
  transformer.h.23.attn.c_attn.blocks.1.weight: k=1, G_{1.0,0.0,384}, lr=0.008, scale=1.0, type=None
  transformer.h.23.attn.c_attn.blocks.2.weight: k=1, G_{1.0,0.0,384}, lr=0.008, scale=1.0, type=None
  transformer.h.23.mlp.c_fc.blocks.0.weight: k=1, G_{1.0,0.0,384}, lr=0.008, scale=1.0, type=None
  transformer.h.23.mlp.c_fc.blocks.1.weight: k=1, G_{1.0,0.0,384}, lr=0.008, scale=1.0, type=None
  transformer.h.23.mlp.c_fc.blocks.2.weight: k=1, G_{1.0,0.0,384}, lr=0.008, scale=1.0, type=None
  transformer.h.23.mlp.c_fc.blocks.3.weight: k=1, G_{1.0,0.0,384}, lr=0.008, scale=1.0, type=None

=== Phase mlp_only Grassmann Configuration ===

Per-block configuration (24 blocks):
  c_attn ranks:       [384, 384, 384, 384, 384, 384, 384, 384, 384, 384, 384, 384, 384, 384, 384, 384, 384, 384, 384, 384, 384, 384, 384, 384]
  c_attn scales:      ['1.00', '1.00', '1.00', '1.00', '1.00', '1.00', '1.00', '1.00', '1.00', '1.00', '1.00', '1.00', '1.00', '1.00', '1.00', '1.00', '1.00', '1.00', '1.00', '1.00', '1.00', '1.00', '1.00', '1.00']
  mlp.c_fc ranks:     [384, 384, 384, 384, 384, 384, 384, 384, 384, 384, 384, 384, 384, 384, 384, 384, 384, 384, 384, 384, 384, 384, 384, 384]
  mlp.c_fc scales:    ['1.00', '1.00', '1.00', '1.00', '1.00', '1.00', '1.00', '1.00', '1.00', '1.00', '1.00', '1.00', '1.00', '1.00', '1.00', '1.00', '1.00', '1.00', '1.00', '1.00', '1.00', '1.00', '1.00', '1.00']
Grassmann Muon parameters: 168 weight matrices, 176,160,768 params
AdamW optimizer groups:
  Gates:      120 tensors, 1,277,952 params, lr=1.20e-03, wd=0.1
  Projections: 48 tensors, 125,829,120 params, lr=6.00e-04, wd=0.1
  Embeddings: 2 tensors, 52,559,872 params, lr=3.00e-04, wd=0.0
  No decay:   49 tensors, 50,176 params, lr=6.00e-04, wd=0.0
  transformer.h.0.attn.c_attn.blocks.0.weight: k=1, G_{1.0,0.0,384}, lr=0.008, scale=1.0, type=None
  transformer.h.0.attn.c_attn.blocks.1.weight: k=1, G_{1.0,0.0,384}, lr=0.008, scale=1.0, type=None
  transformer.h.0.attn.c_attn.blocks.2.weight: k=1, G_{1.0,0.0,384}, lr=0.008, scale=1.0, type=None
  transformer.h.0.mlp.c_fc.blocks.0.weight: k=1, G_{1.0,0.0,384}, lr=0.008, scale=1.0, type=None
  transformer.h.0.mlp.c_fc.blocks.1.weight: k=1, G_{1.0,0.0,384}, lr=0.008, scale=1.0, type=None
  transformer.h.0.mlp.c_fc.blocks.2.weight: k=1, G_{1.0,0.0,384}, lr=0.008, scale=1.0, type=None
  transformer.h.0.mlp.c_fc.blocks.3.weight: k=1, G_{1.0,0.0,384}, lr=0.008, scale=1.0, type=None
  transformer.h.1.attn.c_attn.blocks.0.weight: k=1, G_{1.0,0.0,384}, lr=0.008, scale=1.0, type=None
  transformer.h.1.attn.c_attn.blocks.1.weight: k=1, G_{1.0,0.0,384}, lr=0.008, scale=1.0, type=None
  transformer.h.1.attn.c_attn.blocks.2.weight: k=1, G_{1.0,0.0,384}, lr=0.008, scale=1.0, type=None
  transformer.h.1.mlp.c_fc.blocks.0.weight: k=1, G_{1.0,0.0,384}, lr=0.008, scale=1.0, type=None
  transformer.h.1.mlp.c_fc.blocks.1.weight: k=1, G_{1.0,0.0,384}, lr=0.008, scale=1.0, type=None
  transformer.h.1.mlp.c_fc.blocks.2.weight: k=1, G_{1.0,0.0,384}, lr=0.008, scale=1.0, type=None
  transformer.h.1.mlp.c_fc.blocks.3.weight: k=1, G_{1.0,0.0,384}, lr=0.008, scale=1.0, type=None
  transformer.h.2.attn.c_attn.blocks.0.weight: k=1, G_{1.0,0.0,384}, lr=0.008, scale=1.0, type=None
  transformer.h.2.attn.c_attn.blocks.1.weight: k=1, G_{1.0,0.0,384}, lr=0.008, scale=1.0, type=None
  transformer.h.2.attn.c_attn.blocks.2.weight: k=1, G_{1.0,0.0,384}, lr=0.008, scale=1.0, type=None
  transformer.h.2.mlp.c_fc.blocks.0.weight: k=1, G_{1.0,0.0,384}, lr=0.008, scale=1.0, type=None
  transformer.h.2.mlp.c_fc.blocks.1.weight: k=1, G_{1.0,0.0,384}, lr=0.008, scale=1.0, type=None
  transformer.h.2.mlp.c_fc.blocks.2.weight: k=1, G_{1.0,0.0,384}, lr=0.008, scale=1.0, type=None
  transformer.h.2.mlp.c_fc.blocks.3.weight: k=1, G_{1.0,0.0,384}, lr=0.008, scale=1.0, type=None
  transformer.h.3.attn.c_attn.blocks.0.weight: k=1, G_{1.0,0.0,384}, lr=0.008, scale=1.0, type=None
  transformer.h.3.attn.c_attn.blocks.1.weight: k=1, G_{1.0,0.0,384}, lr=0.008, scale=1.0, type=None
  transformer.h.3.attn.c_attn.blocks.2.weight: k=1, G_{1.0,0.0,384}, lr=0.008, scale=1.0, type=None
  transformer.h.3.mlp.c_fc.blocks.0.weight: k=1, G_{1.0,0.0,384}, lr=0.008, scale=1.0, type=None
  transformer.h.3.mlp.c_fc.blocks.1.weight: k=1, G_{1.0,0.0,384}, lr=0.008, scale=1.0, type=None
  transformer.h.3.mlp.c_fc.blocks.2.weight: k=1, G_{1.0,0.0,384}, lr=0.008, scale=1.0, type=None
  transformer.h.3.mlp.c_fc.blocks.3.weight: k=1, G_{1.0,0.0,384}, lr=0.008, scale=1.0, type=None
  transformer.h.4.attn.c_attn.blocks.0.weight: k=1, G_{1.0,0.0,384}, lr=0.008, scale=1.0, type=None
  transformer.h.4.attn.c_attn.blocks.1.weight: k=1, G_{1.0,0.0,384}, lr=0.008, scale=1.0, type=None
  transformer.h.4.attn.c_attn.blocks.2.weight: k=1, G_{1.0,0.0,384}, lr=0.008, scale=1.0, type=None
  transformer.h.4.mlp.c_fc.blocks.0.weight: k=1, G_{1.0,0.0,384}, lr=0.008, scale=1.0, type=None
  transformer.h.4.mlp.c_fc.blocks.1.weight: k=1, G_{1.0,0.0,384}, lr=0.008, scale=1.0, type=None
  transformer.h.4.mlp.c_fc.blocks.2.weight: k=1, G_{1.0,0.0,384}, lr=0.008, scale=1.0, type=None
  transformer.h.4.mlp.c_fc.blocks.3.weight: k=1, G_{1.0,0.0,384}, lr=0.008, scale=1.0, type=None
  transformer.h.5.attn.c_attn.blocks.0.weight: k=1, G_{1.0,0.0,384}, lr=0.008, scale=1.0, type=None
  transformer.h.5.attn.c_attn.blocks.1.weight: k=1, G_{1.0,0.0,384}, lr=0.008, scale=1.0, type=None
  transformer.h.5.attn.c_attn.blocks.2.weight: k=1, G_{1.0,0.0,384}, lr=0.008, scale=1.0, type=None
  transformer.h.5.mlp.c_fc.blocks.0.weight: k=1, G_{1.0,0.0,384}, lr=0.008, scale=1.0, type=None
  transformer.h.5.mlp.c_fc.blocks.1.weight: k=1, G_{1.0,0.0,384}, lr=0.008, scale=1.0, type=None
  transformer.h.5.mlp.c_fc.blocks.2.weight: k=1, G_{1.0,0.0,384}, lr=0.008, scale=1.0, type=None
  transformer.h.5.mlp.c_fc.blocks.3.weight: k=1, G_{1.0,0.0,384}, lr=0.008, scale=1.0, type=None
  transformer.h.6.attn.c_attn.blocks.0.weight: k=1, G_{1.0,0.0,384}, lr=0.008, scale=1.0, type=None
  transformer.h.6.attn.c_attn.blocks.1.weight: k=1, G_{1.0,0.0,384}, lr=0.008, scale=1.0, type=None
  transformer.h.6.attn.c_attn.blocks.2.weight: k=1, G_{1.0,0.0,384}, lr=0.008, scale=1.0, type=None
  transformer.h.6.mlp.c_fc.blocks.0.weight: k=1, G_{1.0,0.0,384}, lr=0.008, scale=1.0, type=None
  transformer.h.6.mlp.c_fc.blocks.1.weight: k=1, G_{1.0,0.0,384}, lr=0.008, scale=1.0, type=None
  transformer.h.6.mlp.c_fc.blocks.2.weight: k=1, G_{1.0,0.0,384}, lr=0.008, scale=1.0, type=None
  transformer.h.6.mlp.c_fc.blocks.3.weight: k=1, G_{1.0,0.0,384}, lr=0.008, scale=1.0, type=None
  transformer.h.7.attn.c_attn.blocks.0.weight: k=1, G_{1.0,0.0,384}, lr=0.008, scale=1.0, type=None
  transformer.h.7.attn.c_attn.blocks.1.weight: k=1, G_{1.0,0.0,384}, lr=0.008, scale=1.0, type=None
  transformer.h.7.attn.c_attn.blocks.2.weight: k=1, G_{1.0,0.0,384}, lr=0.008, scale=1.0, type=None
  transformer.h.7.mlp.c_fc.blocks.0.weight: k=1, G_{1.0,0.0,384}, lr=0.008, scale=1.0, type=None
  transformer.h.7.mlp.c_fc.blocks.1.weight: k=1, G_{1.0,0.0,384}, lr=0.008, scale=1.0, type=None
  transformer.h.7.mlp.c_fc.blocks.2.weight: k=1, G_{1.0,0.0,384}, lr=0.008, scale=1.0, type=None
  transformer.h.7.mlp.c_fc.blocks.3.weight: k=1, G_{1.0,0.0,384}, lr=0.008, scale=1.0, type=None
  transformer.h.8.attn.c_attn.blocks.0.weight: k=1, G_{1.0,0.0,384}, lr=0.008, scale=1.0, type=None
  transformer.h.8.attn.c_attn.blocks.1.weight: k=1, G_{1.0,0.0,384}, lr=0.008, scale=1.0, type=None
  transformer.h.8.attn.c_attn.blocks.2.weight: k=1, G_{1.0,0.0,384}, lr=0.008, scale=1.0, type=None
  transformer.h.8.mlp.c_fc.blocks.0.weight: k=1, G_{1.0,0.0,384}, lr=0.008, scale=1.0, type=None
  transformer.h.8.mlp.c_fc.blocks.1.weight: k=1, G_{1.0,0.0,384}, lr=0.008, scale=1.0, type=None
  transformer.h.8.mlp.c_fc.blocks.2.weight: k=1, G_{1.0,0.0,384}, lr=0.008, scale=1.0, type=None
  transformer.h.8.mlp.c_fc.blocks.3.weight: k=1, G_{1.0,0.0,384}, lr=0.008, scale=1.0, type=None
  transformer.h.9.attn.c_attn.blocks.0.weight: k=1, G_{1.0,0.0,384}, lr=0.008, scale=1.0, type=None
  transformer.h.9.attn.c_attn.blocks.1.weight: k=1, G_{1.0,0.0,384}, lr=0.008, scale=1.0, type=None
  transformer.h.9.attn.c_attn.blocks.2.weight: k=1, G_{1.0,0.0,384}, lr=0.008, scale=1.0, type=None
  transformer.h.9.mlp.c_fc.blocks.0.weight: k=1, G_{1.0,0.0,384}, lr=0.008, scale=1.0, type=None
  transformer.h.9.mlp.c_fc.blocks.1.weight: k=1, G_{1.0,0.0,384}, lr=0.008, scale=1.0, type=None
  transformer.h.9.mlp.c_fc.blocks.2.weight: k=1, G_{1.0,0.0,384}, lr=0.008, scale=1.0, type=None
  transformer.h.9.mlp.c_fc.blocks.3.weight: k=1, G_{1.0,0.0,384}, lr=0.008, scale=1.0, type=None
  transformer.h.10.attn.c_attn.blocks.0.weight: k=1, G_{1.0,0.0,384}, lr=0.008, scale=1.0, type=None
  transformer.h.10.attn.c_attn.blocks.1.weight: k=1, G_{1.0,0.0,384}, lr=0.008, scale=1.0, type=None
  transformer.h.10.attn.c_attn.blocks.2.weight: k=1, G_{1.0,0.0,384}, lr=0.008, scale=1.0, type=None
  transformer.h.10.mlp.c_fc.blocks.0.weight: k=1, G_{1.0,0.0,384}, lr=0.008, scale=1.0, type=None
  transformer.h.10.mlp.c_fc.blocks.1.weight: k=1, G_{1.0,0.0,384}, lr=0.008, scale=1.0, type=None
  transformer.h.10.mlp.c_fc.blocks.2.weight: k=1, G_{1.0,0.0,384}, lr=0.008, scale=1.0, type=None
  transformer.h.10.mlp.c_fc.blocks.3.weight: k=1, G_{1.0,0.0,384}, lr=0.008, scale=1.0, type=None
  transformer.h.11.attn.c_attn.blocks.0.weight: k=1, G_{1.0,0.0,384}, lr=0.008, scale=1.0, type=None
  transformer.h.11.attn.c_attn.blocks.1.weight: k=1, G_{1.0,0.0,384}, lr=0.008, scale=1.0, type=None
  transformer.h.11.attn.c_attn.blocks.2.weight: k=1, G_{1.0,0.0,384}, lr=0.008, scale=1.0, type=None
  transformer.h.11.mlp.c_fc.blocks.0.weight: k=1, G_{1.0,0.0,384}, lr=0.008, scale=1.0, type=None
  transformer.h.11.mlp.c_fc.blocks.1.weight: k=1, G_{1.0,0.0,384}, lr=0.008, scale=1.0, type=None
  transformer.h.11.mlp.c_fc.blocks.2.weight: k=1, G_{1.0,0.0,384}, lr=0.008, scale=1.0, type=None
  transformer.h.11.mlp.c_fc.blocks.3.weight: k=1, G_{1.0,0.0,384}, lr=0.008, scale=1.0, type=None
  transformer.h.12.attn.c_attn.blocks.0.weight: k=1, G_{1.0,0.0,384}, lr=0.008, scale=1.0, type=None
  transformer.h.12.attn.c_attn.blocks.1.weight: k=1, G_{1.0,0.0,384}, lr=0.008, scale=1.0, type=None
  transformer.h.12.attn.c_attn.blocks.2.weight: k=1, G_{1.0,0.0,384}, lr=0.008, scale=1.0, type=None
  transformer.h.12.mlp.c_fc.blocks.0.weight: k=1, G_{1.0,0.0,384}, lr=0.008, scale=1.0, type=None
  transformer.h.12.mlp.c_fc.blocks.1.weight: k=1, G_{1.0,0.0,384}, lr=0.008, scale=1.0, type=None
  transformer.h.12.mlp.c_fc.blocks.2.weight: k=1, G_{1.0,0.0,384}, lr=0.008, scale=1.0, type=None
  transformer.h.12.mlp.c_fc.blocks.3.weight: k=1, G_{1.0,0.0,384}, lr=0.008, scale=1.0, type=None
  transformer.h.13.attn.c_attn.blocks.0.weight: k=1, G_{1.0,0.0,384}, lr=0.008, scale=1.0, type=None
  transformer.h.13.attn.c_attn.blocks.1.weight: k=1, G_{1.0,0.0,384}, lr=0.008, scale=1.0, type=None
  transformer.h.13.attn.c_attn.blocks.2.weight: k=1, G_{1.0,0.0,384}, lr=0.008, scale=1.0, type=None
  transformer.h.13.mlp.c_fc.blocks.0.weight: k=1, G_{1.0,0.0,384}, lr=0.008, scale=1.0, type=None
  transformer.h.13.mlp.c_fc.blocks.1.weight: k=1, G_{1.0,0.0,384}, lr=0.008, scale=1.0, type=None
  transformer.h.13.mlp.c_fc.blocks.2.weight: k=1, G_{1.0,0.0,384}, lr=0.008, scale=1.0, type=None
  transformer.h.13.mlp.c_fc.blocks.3.weight: k=1, G_{1.0,0.0,384}, lr=0.008, scale=1.0, type=None
  transformer.h.14.attn.c_attn.blocks.0.weight: k=1, G_{1.0,0.0,384}, lr=0.008, scale=1.0, type=None
  transformer.h.14.attn.c_attn.blocks.1.weight: k=1, G_{1.0,0.0,384}, lr=0.008, scale=1.0, type=None
  transformer.h.14.attn.c_attn.blocks.2.weight: k=1, G_{1.0,0.0,384}, lr=0.008, scale=1.0, type=None
  transformer.h.14.mlp.c_fc.blocks.0.weight: k=1, G_{1.0,0.0,384}, lr=0.008, scale=1.0, type=None
  transformer.h.14.mlp.c_fc.blocks.1.weight: k=1, G_{1.0,0.0,384}, lr=0.008, scale=1.0, type=None
  transformer.h.14.mlp.c_fc.blocks.2.weight: k=1, G_{1.0,0.0,384}, lr=0.008, scale=1.0, type=None
  transformer.h.14.mlp.c_fc.blocks.3.weight: k=1, G_{1.0,0.0,384}, lr=0.008, scale=1.0, type=None
  transformer.h.15.attn.c_attn.blocks.0.weight: k=1, G_{1.0,0.0,384}, lr=0.008, scale=1.0, type=None
  transformer.h.15.attn.c_attn.blocks.1.weight: k=1, G_{1.0,0.0,384}, lr=0.008, scale=1.0, type=None
  transformer.h.15.attn.c_attn.blocks.2.weight: k=1, G_{1.0,0.0,384}, lr=0.008, scale=1.0, type=None
  transformer.h.15.mlp.c_fc.blocks.0.weight: k=1, G_{1.0,0.0,384}, lr=0.008, scale=1.0, type=None
  transformer.h.15.mlp.c_fc.blocks.1.weight: k=1, G_{1.0,0.0,384}, lr=0.008, scale=1.0, type=None
  transformer.h.15.mlp.c_fc.blocks.2.weight: k=1, G_{1.0,0.0,384}, lr=0.008, scale=1.0, type=None
  transformer.h.15.mlp.c_fc.blocks.3.weight: k=1, G_{1.0,0.0,384}, lr=0.008, scale=1.0, type=None
  transformer.h.16.attn.c_attn.blocks.0.weight: k=1, G_{1.0,0.0,384}, lr=0.008, scale=1.0, type=None
  transformer.h.16.attn.c_attn.blocks.1.weight: k=1, G_{1.0,0.0,384}, lr=0.008, scale=1.0, type=None
  transformer.h.16.attn.c_attn.blocks.2.weight: k=1, G_{1.0,0.0,384}, lr=0.008, scale=1.0, type=None
  transformer.h.16.mlp.c_fc.blocks.0.weight: k=1, G_{1.0,0.0,384}, lr=0.008, scale=1.0, type=None
  transformer.h.16.mlp.c_fc.blocks.1.weight: k=1, G_{1.0,0.0,384}, lr=0.008, scale=1.0, type=None
  transformer.h.16.mlp.c_fc.blocks.2.weight: k=1, G_{1.0,0.0,384}, lr=0.008, scale=1.0, type=None
  transformer.h.16.mlp.c_fc.blocks.3.weight: k=1, G_{1.0,0.0,384}, lr=0.008, scale=1.0, type=None
  transformer.h.17.attn.c_attn.blocks.0.weight: k=1, G_{1.0,0.0,384}, lr=0.008, scale=1.0, type=None
  transformer.h.17.attn.c_attn.blocks.1.weight: k=1, G_{1.0,0.0,384}, lr=0.008, scale=1.0, type=None
  transformer.h.17.attn.c_attn.blocks.2.weight: k=1, G_{1.0,0.0,384}, lr=0.008, scale=1.0, type=None
  transformer.h.17.mlp.c_fc.blocks.0.weight: k=1, G_{1.0,0.0,384}, lr=0.008, scale=1.0, type=None
  transformer.h.17.mlp.c_fc.blocks.1.weight: k=1, G_{1.0,0.0,384}, lr=0.008, scale=1.0, type=None
  transformer.h.17.mlp.c_fc.blocks.2.weight: k=1, G_{1.0,0.0,384}, lr=0.008, scale=1.0, type=None
  transformer.h.17.mlp.c_fc.blocks.3.weight: k=1, G_{1.0,0.0,384}, lr=0.008, scale=1.0, type=None
  transformer.h.18.attn.c_attn.blocks.0.weight: k=1, G_{1.0,0.0,384}, lr=0.008, scale=1.0, type=None
  transformer.h.18.attn.c_attn.blocks.1.weight: k=1, G_{1.0,0.0,384}, lr=0.008, scale=1.0, type=None
  transformer.h.18.attn.c_attn.blocks.2.weight: k=1, G_{1.0,0.0,384}, lr=0.008, scale=1.0, type=None
  transformer.h.18.mlp.c_fc.blocks.0.weight: k=1, G_{1.0,0.0,384}, lr=0.008, scale=1.0, type=None
  transformer.h.18.mlp.c_fc.blocks.1.weight: k=1, G_{1.0,0.0,384}, lr=0.008, scale=1.0, type=None
  transformer.h.18.mlp.c_fc.blocks.2.weight: k=1, G_{1.0,0.0,384}, lr=0.008, scale=1.0, type=None
  transformer.h.18.mlp.c_fc.blocks.3.weight: k=1, G_{1.0,0.0,384}, lr=0.008, scale=1.0, type=None
  transformer.h.19.attn.c_attn.blocks.0.weight: k=1, G_{1.0,0.0,384}, lr=0.008, scale=1.0, type=None
  transformer.h.19.attn.c_attn.blocks.1.weight: k=1, G_{1.0,0.0,384}, lr=0.008, scale=1.0, type=None
  transformer.h.19.attn.c_attn.blocks.2.weight: k=1, G_{1.0,0.0,384}, lr=0.008, scale=1.0, type=None
  transformer.h.19.mlp.c_fc.blocks.0.weight: k=1, G_{1.0,0.0,384}, lr=0.008, scale=1.0, type=None
  transformer.h.19.mlp.c_fc.blocks.1.weight: k=1, G_{1.0,0.0,384}, lr=0.008, scale=1.0, type=None
  transformer.h.19.mlp.c_fc.blocks.2.weight: k=1, G_{1.0,0.0,384}, lr=0.008, scale=1.0, type=None
  transformer.h.19.mlp.c_fc.blocks.3.weight: k=1, G_{1.0,0.0,384}, lr=0.008, scale=1.0, type=None
  transformer.h.20.attn.c_attn.blocks.0.weight: k=1, G_{1.0,0.0,384}, lr=0.008, scale=1.0, type=None
  transformer.h.20.attn.c_attn.blocks.1.weight: k=1, G_{1.0,0.0,384}, lr=0.008, scale=1.0, type=None
  transformer.h.20.attn.c_attn.blocks.2.weight: k=1, G_{1.0,0.0,384}, lr=0.008, scale=1.0, type=None
  transformer.h.20.mlp.c_fc.blocks.0.weight: k=1, G_{1.0,0.0,384}, lr=0.008, scale=1.0, type=None
  transformer.h.20.mlp.c_fc.blocks.1.weight: k=1, G_{1.0,0.0,384}, lr=0.008, scale=1.0, type=None
  transformer.h.20.mlp.c_fc.blocks.2.weight: k=1, G_{1.0,0.0,384}, lr=0.008, scale=1.0, type=None
  transformer.h.20.mlp.c_fc.blocks.3.weight: k=1, G_{1.0,0.0,384}, lr=0.008, scale=1.0, type=None
  transformer.h.21.attn.c_attn.blocks.0.weight: k=1, G_{1.0,0.0,384}, lr=0.008, scale=1.0, type=None
  transformer.h.21.attn.c_attn.blocks.1.weight: k=1, G_{1.0,0.0,384}, lr=0.008, scale=1.0, type=None
  transformer.h.21.attn.c_attn.blocks.2.weight: k=1, G_{1.0,0.0,384}, lr=0.008, scale=1.0, type=None
  transformer.h.21.mlp.c_fc.blocks.0.weight: k=1, G_{1.0,0.0,384}, lr=0.008, scale=1.0, type=None
  transformer.h.21.mlp.c_fc.blocks.1.weight: k=1, G_{1.0,0.0,384}, lr=0.008, scale=1.0, type=None
  transformer.h.21.mlp.c_fc.blocks.2.weight: k=1, G_{1.0,0.0,384}, lr=0.008, scale=1.0, type=None
  transformer.h.21.mlp.c_fc.blocks.3.weight: k=1, G_{1.0,0.0,384}, lr=0.008, scale=1.0, type=None
  transformer.h.22.attn.c_attn.blocks.0.weight: k=1, G_{1.0,0.0,384}, lr=0.008, scale=1.0, type=None
  transformer.h.22.attn.c_attn.blocks.1.weight: k=1, G_{1.0,0.0,384}, lr=0.008, scale=1.0, type=None
  transformer.h.22.attn.c_attn.blocks.2.weight: k=1, G_{1.0,0.0,384}, lr=0.008, scale=1.0, type=None
  transformer.h.22.mlp.c_fc.blocks.0.weight: k=1, G_{1.0,0.0,384}, lr=0.008, scale=1.0, type=None
  transformer.h.22.mlp.c_fc.blocks.1.weight: k=1, G_{1.0,0.0,384}, lr=0.008, scale=1.0, type=None
  transformer.h.22.mlp.c_fc.blocks.2.weight: k=1, G_{1.0,0.0,384}, lr=0.008, scale=1.0, type=None
  transformer.h.22.mlp.c_fc.blocks.3.weight: k=1, G_{1.0,0.0,384}, lr=0.008, scale=1.0, type=None
  transformer.h.23.attn.c_attn.blocks.0.weight: k=1, G_{1.0,0.0,384}, lr=0.008, scale=1.0, type=None
  transformer.h.23.attn.c_attn.blocks.1.weight: k=1, G_{1.0,0.0,384}, lr=0.008, scale=1.0, type=None
  transformer.h.23.attn.c_attn.blocks.2.weight: k=1, G_{1.0,0.0,384}, lr=0.008, scale=1.0, type=None
  transformer.h.23.mlp.c_fc.blocks.0.weight: k=1, G_{1.0,0.0,384}, lr=0.008, scale=1.0, type=None
  transformer.h.23.mlp.c_fc.blocks.1.weight: k=1, G_{1.0,0.0,384}, lr=0.008, scale=1.0, type=None
  transformer.h.23.mlp.c_fc.blocks.2.weight: k=1, G_{1.0,0.0,384}, lr=0.008, scale=1.0, type=None
  transformer.h.23.mlp.c_fc.blocks.3.weight: k=1, G_{1.0,0.0,384}, lr=0.008, scale=1.0, type=None

=== Phase mlp_only Grassmann Configuration ===

Per-block configuration (24 blocks):
  c_attn ranks:       [384, 384, 384, 384, 384, 384, 384, 384, 384, 384, 384, 384, 384, 384, 384, 384, 384, 384, 384, 384, 384, 384, 384, 384]
  c_attn scales:      ['1.00', '1.00', '1.00', '1.00', '1.00', '1.00', '1.00', '1.00', '1.00', '1.00', '1.00', '1.00', '1.00', '1.00', '1.00', '1.00', '1.00', '1.00', '1.00', '1.00', '1.00', '1.00', '1.00', '1.00']
  mlp.c_fc ranks:     [384, 384, 384, 384, 384, 384, 384, 384, 384, 384, 384, 384, 384, 384, 384, 384, 384, 384, 384, 384, 384, 384, 384, 384]
  mlp.c_fc scales:    ['1.00', '1.00', '1.00', '1.00', '1.00', '1.00', '1.00', '1.00', '1.00', '1.00', '1.00', '1.00', '1.00', '1.00', '1.00', '1.00', '1.00', '1.00', '1.00', '1.00', '1.00', '1.00', '1.00', '1.00']
Grassmann Muon parameters: 168 weight matrices, 176,160,768 params
AdamW optimizer groups:
  Gates:      120 tensors, 1,277,952 params, lr=1.20e-03, wd=0.1
  Projections: 48 tensors, 125,829,120 params, lr=6.00e-04, wd=0.1
  Embeddings: 2 tensors, 52,559,872 params, lr=3.00e-04, wd=0.0
  No decay:   49 tensors, 50,176 params, lr=6.00e-04, wd=0.0
  transformer.h.0.attn.c_attn.blocks.0.weight: k=1, G_{1.0,0.0,384}, lr=0.008, scale=1.0, type=None
  transformer.h.0.attn.c_attn.blocks.1.weight: k=1, G_{1.0,0.0,384}, lr=0.008, scale=1.0, type=None
  transformer.h.0.attn.c_attn.blocks.2.weight: k=1, G_{1.0,0.0,384}, lr=0.008, scale=1.0, type=None
  transformer.h.0.mlp.c_fc.blocks.0.weight: k=1, G_{1.0,0.0,384}, lr=0.008, scale=1.0, type=None
  transformer.h.0.mlp.c_fc.blocks.1.weight: k=1, G_{1.0,0.0,384}, lr=0.008, scale=1.0, type=None
  transformer.h.0.mlp.c_fc.blocks.2.weight: k=1, G_{1.0,0.0,384}, lr=0.008, scale=1.0, type=None
  transformer.h.0.mlp.c_fc.blocks.3.weight: k=1, G_{1.0,0.0,384}, lr=0.008, scale=1.0, type=None
  transformer.h.1.attn.c_attn.blocks.0.weight: k=1, G_{1.0,0.0,384}, lr=0.008, scale=1.0, type=None
  transformer.h.1.attn.c_attn.blocks.1.weight: k=1, G_{1.0,0.0,384}, lr=0.008, scale=1.0, type=None
  transformer.h.1.attn.c_attn.blocks.2.weight: k=1, G_{1.0,0.0,384}, lr=0.008, scale=1.0, type=None
  transformer.h.1.mlp.c_fc.blocks.0.weight: k=1, G_{1.0,0.0,384}, lr=0.008, scale=1.0, type=None
  transformer.h.1.mlp.c_fc.blocks.1.weight: k=1, G_{1.0,0.0,384}, lr=0.008, scale=1.0, type=None
  transformer.h.1.mlp.c_fc.blocks.2.weight: k=1, G_{1.0,0.0,384}, lr=0.008, scale=1.0, type=None
  transformer.h.1.mlp.c_fc.blocks.3.weight: k=1, G_{1.0,0.0,384}, lr=0.008, scale=1.0, type=None
  transformer.h.2.attn.c_attn.blocks.0.weight: k=1, G_{1.0,0.0,384}, lr=0.008, scale=1.0, type=None
  transformer.h.2.attn.c_attn.blocks.1.weight: k=1, G_{1.0,0.0,384}, lr=0.008, scale=1.0, type=None
  transformer.h.2.attn.c_attn.blocks.2.weight: k=1, G_{1.0,0.0,384}, lr=0.008, scale=1.0, type=None
  transformer.h.2.mlp.c_fc.blocks.0.weight: k=1, G_{1.0,0.0,384}, lr=0.008, scale=1.0, type=None
  transformer.h.2.mlp.c_fc.blocks.1.weight: k=1, G_{1.0,0.0,384}, lr=0.008, scale=1.0, type=None
  transformer.h.2.mlp.c_fc.blocks.2.weight: k=1, G_{1.0,0.0,384}, lr=0.008, scale=1.0, type=None
  transformer.h.2.mlp.c_fc.blocks.3.weight: k=1, G_{1.0,0.0,384}, lr=0.008, scale=1.0, type=None
  transformer.h.3.attn.c_attn.blocks.0.weight: k=1, G_{1.0,0.0,384}, lr=0.008, scale=1.0, type=None
  transformer.h.3.attn.c_attn.blocks.1.weight: k=1, G_{1.0,0.0,384}, lr=0.008, scale=1.0, type=None
  transformer.h.3.attn.c_attn.blocks.2.weight: k=1, G_{1.0,0.0,384}, lr=0.008, scale=1.0, type=None
  transformer.h.3.mlp.c_fc.blocks.0.weight: k=1, G_{1.0,0.0,384}, lr=0.008, scale=1.0, type=None
  transformer.h.3.mlp.c_fc.blocks.1.weight: k=1, G_{1.0,0.0,384}, lr=0.008, scale=1.0, type=None
  transformer.h.3.mlp.c_fc.blocks.2.weight: k=1, G_{1.0,0.0,384}, lr=0.008, scale=1.0, type=None
  transformer.h.3.mlp.c_fc.blocks.3.weight: k=1, G_{1.0,0.0,384}, lr=0.008, scale=1.0, type=None
  transformer.h.4.attn.c_attn.blocks.0.weight: k=1, G_{1.0,0.0,384}, lr=0.008, scale=1.0, type=None
  transformer.h.4.attn.c_attn.blocks.1.weight: k=1, G_{1.0,0.0,384}, lr=0.008, scale=1.0, type=None
  transformer.h.4.attn.c_attn.blocks.2.weight: k=1, G_{1.0,0.0,384}, lr=0.008, scale=1.0, type=None
  transformer.h.4.mlp.c_fc.blocks.0.weight: k=1, G_{1.0,0.0,384}, lr=0.008, scale=1.0, type=None
  transformer.h.4.mlp.c_fc.blocks.1.weight: k=1, G_{1.0,0.0,384}, lr=0.008, scale=1.0, type=None
  transformer.h.4.mlp.c_fc.blocks.2.weight: k=1, G_{1.0,0.0,384}, lr=0.008, scale=1.0, type=None
  transformer.h.4.mlp.c_fc.blocks.3.weight: k=1, G_{1.0,0.0,384}, lr=0.008, scale=1.0, type=None
  transformer.h.5.attn.c_attn.blocks.0.weight: k=1, G_{1.0,0.0,384}, lr=0.008, scale=1.0, type=None
  transformer.h.5.attn.c_attn.blocks.1.weight: k=1, G_{1.0,0.0,384}, lr=0.008, scale=1.0, type=None
  transformer.h.5.attn.c_attn.blocks.2.weight: k=1, G_{1.0,0.0,384}, lr=0.008, scale=1.0, type=None
  transformer.h.5.mlp.c_fc.blocks.0.weight: k=1, G_{1.0,0.0,384}, lr=0.008, scale=1.0, type=None
  transformer.h.5.mlp.c_fc.blocks.1.weight: k=1, G_{1.0,0.0,384}, lr=0.008, scale=1.0, type=None
  transformer.h.5.mlp.c_fc.blocks.2.weight: k=1, G_{1.0,0.0,384}, lr=0.008, scale=1.0, type=None
  transformer.h.5.mlp.c_fc.blocks.3.weight: k=1, G_{1.0,0.0,384}, lr=0.008, scale=1.0, type=None
  transformer.h.6.attn.c_attn.blocks.0.weight: k=1, G_{1.0,0.0,384}, lr=0.008, scale=1.0, type=None
  transformer.h.6.attn.c_attn.blocks.1.weight: k=1, G_{1.0,0.0,384}, lr=0.008, scale=1.0, type=None
  transformer.h.6.attn.c_attn.blocks.2.weight: k=1, G_{1.0,0.0,384}, lr=0.008, scale=1.0, type=None
  transformer.h.6.mlp.c_fc.blocks.0.weight: k=1, G_{1.0,0.0,384}, lr=0.008, scale=1.0, type=None
  transformer.h.6.mlp.c_fc.blocks.1.weight: k=1, G_{1.0,0.0,384}, lr=0.008, scale=1.0, type=None
  transformer.h.6.mlp.c_fc.blocks.2.weight: k=1, G_{1.0,0.0,384}, lr=0.008, scale=1.0, type=None
  transformer.h.6.mlp.c_fc.blocks.3.weight: k=1, G_{1.0,0.0,384}, lr=0.008, scale=1.0, type=None
  transformer.h.7.attn.c_attn.blocks.0.weight: k=1, G_{1.0,0.0,384}, lr=0.008, scale=1.0, type=None
  transformer.h.7.attn.c_attn.blocks.1.weight: k=1, G_{1.0,0.0,384}, lr=0.008, scale=1.0, type=None
  transformer.h.7.attn.c_attn.blocks.2.weight: k=1, G_{1.0,0.0,384}, lr=0.008, scale=1.0, type=None
  transformer.h.7.mlp.c_fc.blocks.0.weight: k=1, G_{1.0,0.0,384}, lr=0.008, scale=1.0, type=None
  transformer.h.7.mlp.c_fc.blocks.1.weight: k=1, G_{1.0,0.0,384}, lr=0.008, scale=1.0, type=None
  transformer.h.7.mlp.c_fc.blocks.2.weight: k=1, G_{1.0,0.0,384}, lr=0.008, scale=1.0, type=None
  transformer.h.7.mlp.c_fc.blocks.3.weight: k=1, G_{1.0,0.0,384}, lr=0.008, scale=1.0, type=None
  transformer.h.8.attn.c_attn.blocks.0.weight: k=1, G_{1.0,0.0,384}, lr=0.008, scale=1.0, type=None
  transformer.h.8.attn.c_attn.blocks.1.weight: k=1, G_{1.0,0.0,384}, lr=0.008, scale=1.0, type=None
  transformer.h.8.attn.c_attn.blocks.2.weight: k=1, G_{1.0,0.0,384}, lr=0.008, scale=1.0, type=None
  transformer.h.8.mlp.c_fc.blocks.0.weight: k=1, G_{1.0,0.0,384}, lr=0.008, scale=1.0, type=None
  transformer.h.8.mlp.c_fc.blocks.1.weight: k=1, G_{1.0,0.0,384}, lr=0.008, scale=1.0, type=None
  transformer.h.8.mlp.c_fc.blocks.2.weight: k=1, G_{1.0,0.0,384}, lr=0.008, scale=1.0, type=None
  transformer.h.8.mlp.c_fc.blocks.3.weight: k=1, G_{1.0,0.0,384}, lr=0.008, scale=1.0, type=None
  transformer.h.9.attn.c_attn.blocks.0.weight: k=1, G_{1.0,0.0,384}, lr=0.008, scale=1.0, type=None
  transformer.h.9.attn.c_attn.blocks.1.weight: k=1, G_{1.0,0.0,384}, lr=0.008, scale=1.0, type=None
  transformer.h.9.attn.c_attn.blocks.2.weight: k=1, G_{1.0,0.0,384}, lr=0.008, scale=1.0, type=None
  transformer.h.9.mlp.c_fc.blocks.0.weight: k=1, G_{1.0,0.0,384}, lr=0.008, scale=1.0, type=None
  transformer.h.9.mlp.c_fc.blocks.1.weight: k=1, G_{1.0,0.0,384}, lr=0.008, scale=1.0, type=None
  transformer.h.9.mlp.c_fc.blocks.2.weight: k=1, G_{1.0,0.0,384}, lr=0.008, scale=1.0, type=None
  transformer.h.9.mlp.c_fc.blocks.3.weight: k=1, G_{1.0,0.0,384}, lr=0.008, scale=1.0, type=None
  transformer.h.10.attn.c_attn.blocks.0.weight: k=1, G_{1.0,0.0,384}, lr=0.008, scale=1.0, type=None
  transformer.h.10.attn.c_attn.blocks.1.weight: k=1, G_{1.0,0.0,384}, lr=0.008, scale=1.0, type=None
  transformer.h.10.attn.c_attn.blocks.2.weight: k=1, G_{1.0,0.0,384}, lr=0.008, scale=1.0, type=None
  transformer.h.10.mlp.c_fc.blocks.0.weight: k=1, G_{1.0,0.0,384}, lr=0.008, scale=1.0, type=None
  transformer.h.10.mlp.c_fc.blocks.1.weight: k=1, G_{1.0,0.0,384}, lr=0.008, scale=1.0, type=None
  transformer.h.10.mlp.c_fc.blocks.2.weight: k=1, G_{1.0,0.0,384}, lr=0.008, scale=1.0, type=None
  transformer.h.10.mlp.c_fc.blocks.3.weight: k=1, G_{1.0,0.0,384}, lr=0.008, scale=1.0, type=None
  transformer.h.11.attn.c_attn.blocks.0.weight: k=1, G_{1.0,0.0,384}, lr=0.008, scale=1.0, type=None
  transformer.h.11.attn.c_attn.blocks.1.weight: k=1, G_{1.0,0.0,384}, lr=0.008, scale=1.0, type=None
  transformer.h.11.attn.c_attn.blocks.2.weight: k=1, G_{1.0,0.0,384}, lr=0.008, scale=1.0, type=None
  transformer.h.11.mlp.c_fc.blocks.0.weight: k=1, G_{1.0,0.0,384}, lr=0.008, scale=1.0, type=None
  transformer.h.11.mlp.c_fc.blocks.1.weight: k=1, G_{1.0,0.0,384}, lr=0.008, scale=1.0, type=None
  transformer.h.11.mlp.c_fc.blocks.2.weight: k=1, G_{1.0,0.0,384}, lr=0.008, scale=1.0, type=None
  transformer.h.11.mlp.c_fc.blocks.3.weight: k=1, G_{1.0,0.0,384}, lr=0.008, scale=1.0, type=None
  transformer.h.12.attn.c_attn.blocks.0.weight: k=1, G_{1.0,0.0,384}, lr=0.008, scale=1.0, type=None
  transformer.h.12.attn.c_attn.blocks.1.weight: k=1, G_{1.0,0.0,384}, lr=0.008, scale=1.0, type=None
  transformer.h.12.attn.c_attn.blocks.2.weight: k=1, G_{1.0,0.0,384}, lr=0.008, scale=1.0, type=None
  transformer.h.12.mlp.c_fc.blocks.0.weight: k=1, G_{1.0,0.0,384}, lr=0.008, scale=1.0, type=None
  transformer.h.12.mlp.c_fc.blocks.1.weight: k=1, G_{1.0,0.0,384}, lr=0.008, scale=1.0, type=None
  transformer.h.12.mlp.c_fc.blocks.2.weight: k=1, G_{1.0,0.0,384}, lr=0.008, scale=1.0, type=None
  transformer.h.12.mlp.c_fc.blocks.3.weight: k=1, G_{1.0,0.0,384}, lr=0.008, scale=1.0, type=None
  transformer.h.13.attn.c_attn.blocks.0.weight: k=1, G_{1.0,0.0,384}, lr=0.008, scale=1.0, type=None
  transformer.h.13.attn.c_attn.blocks.1.weight: k=1, G_{1.0,0.0,384}, lr=0.008, scale=1.0, type=None
  transformer.h.13.attn.c_attn.blocks.2.weight: k=1, G_{1.0,0.0,384}, lr=0.008, scale=1.0, type=None
  transformer.h.13.mlp.c_fc.blocks.0.weight: k=1, G_{1.0,0.0,384}, lr=0.008, scale=1.0, type=None
  transformer.h.13.mlp.c_fc.blocks.1.weight: k=1, G_{1.0,0.0,384}, lr=0.008, scale=1.0, type=None
  transformer.h.13.mlp.c_fc.blocks.2.weight: k=1, G_{1.0,0.0,384}, lr=0.008, scale=1.0, type=None
  transformer.h.13.mlp.c_fc.blocks.3.weight: k=1, G_{1.0,0.0,384}, lr=0.008, scale=1.0, type=None
  transformer.h.14.attn.c_attn.blocks.0.weight: k=1, G_{1.0,0.0,384}, lr=0.008, scale=1.0, type=None
  transformer.h.14.attn.c_attn.blocks.1.weight: k=1, G_{1.0,0.0,384}, lr=0.008, scale=1.0, type=None
  transformer.h.14.attn.c_attn.blocks.2.weight: k=1, G_{1.0,0.0,384}, lr=0.008, scale=1.0, type=None
  transformer.h.14.mlp.c_fc.blocks.0.weight: k=1, G_{1.0,0.0,384}, lr=0.008, scale=1.0, type=None
  transformer.h.14.mlp.c_fc.blocks.1.weight: k=1, G_{1.0,0.0,384}, lr=0.008, scale=1.0, type=None
  transformer.h.14.mlp.c_fc.blocks.2.weight: k=1, G_{1.0,0.0,384}, lr=0.008, scale=1.0, type=None
  transformer.h.14.mlp.c_fc.blocks.3.weight: k=1, G_{1.0,0.0,384}, lr=0.008, scale=1.0, type=None
  transformer.h.15.attn.c_attn.blocks.0.weight: k=1, G_{1.0,0.0,384}, lr=0.008, scale=1.0, type=None
  transformer.h.15.attn.c_attn.blocks.1.weight: k=1, G_{1.0,0.0,384}, lr=0.008, scale=1.0, type=None
  transformer.h.15.attn.c_attn.blocks.2.weight: k=1, G_{1.0,0.0,384}, lr=0.008, scale=1.0, type=None
  transformer.h.15.mlp.c_fc.blocks.0.weight: k=1, G_{1.0,0.0,384}, lr=0.008, scale=1.0, type=None
  transformer.h.15.mlp.c_fc.blocks.1.weight: k=1, G_{1.0,0.0,384}, lr=0.008, scale=1.0, type=None
  transformer.h.15.mlp.c_fc.blocks.2.weight: k=1, G_{1.0,0.0,384}, lr=0.008, scale=1.0, type=None
  transformer.h.15.mlp.c_fc.blocks.3.weight: k=1, G_{1.0,0.0,384}, lr=0.008, scale=1.0, type=None
  transformer.h.16.attn.c_attn.blocks.0.weight: k=1, G_{1.0,0.0,384}, lr=0.008, scale=1.0, type=None
  transformer.h.16.attn.c_attn.blocks.1.weight: k=1, G_{1.0,0.0,384}, lr=0.008, scale=1.0, type=None
  transformer.h.16.attn.c_attn.blocks.2.weight: k=1, G_{1.0,0.0,384}, lr=0.008, scale=1.0, type=None
  transformer.h.16.mlp.c_fc.blocks.0.weight: k=1, G_{1.0,0.0,384}, lr=0.008, scale=1.0, type=None
  transformer.h.16.mlp.c_fc.blocks.1.weight: k=1, G_{1.0,0.0,384}, lr=0.008, scale=1.0, type=None
  transformer.h.16.mlp.c_fc.blocks.2.weight: k=1, G_{1.0,0.0,384}, lr=0.008, scale=1.0, type=None
  transformer.h.16.mlp.c_fc.blocks.3.weight: k=1, G_{1.0,0.0,384}, lr=0.008, scale=1.0, type=None
  transformer.h.17.attn.c_attn.blocks.0.weight: k=1, G_{1.0,0.0,384}, lr=0.008, scale=1.0, type=None
  transformer.h.17.attn.c_attn.blocks.1.weight: k=1, G_{1.0,0.0,384}, lr=0.008, scale=1.0, type=None
  transformer.h.17.attn.c_attn.blocks.2.weight: k=1, G_{1.0,0.0,384}, lr=0.008, scale=1.0, type=None
  transformer.h.17.mlp.c_fc.blocks.0.weight: k=1, G_{1.0,0.0,384}, lr=0.008, scale=1.0, type=None
  transformer.h.17.mlp.c_fc.blocks.1.weight: k=1, G_{1.0,0.0,384}, lr=0.008, scale=1.0, type=None
  transformer.h.17.mlp.c_fc.blocks.2.weight: k=1, G_{1.0,0.0,384}, lr=0.008, scale=1.0, type=None
  transformer.h.17.mlp.c_fc.blocks.3.weight: k=1, G_{1.0,0.0,384}, lr=0.008, scale=1.0, type=None
  transformer.h.18.attn.c_attn.blocks.0.weight: k=1, G_{1.0,0.0,384}, lr=0.008, scale=1.0, type=None
  transformer.h.18.attn.c_attn.blocks.1.weight: k=1, G_{1.0,0.0,384}, lr=0.008, scale=1.0, type=None
  transformer.h.18.attn.c_attn.blocks.2.weight: k=1, G_{1.0,0.0,384}, lr=0.008, scale=1.0, type=None
  transformer.h.18.mlp.c_fc.blocks.0.weight: k=1, G_{1.0,0.0,384}, lr=0.008, scale=1.0, type=None
  transformer.h.18.mlp.c_fc.blocks.1.weight: k=1, G_{1.0,0.0,384}, lr=0.008, scale=1.0, type=None
  transformer.h.18.mlp.c_fc.blocks.2.weight: k=1, G_{1.0,0.0,384}, lr=0.008, scale=1.0, type=None
  transformer.h.18.mlp.c_fc.blocks.3.weight: k=1, G_{1.0,0.0,384}, lr=0.008, scale=1.0, type=None
  transformer.h.19.attn.c_attn.blocks.0.weight: k=1, G_{1.0,0.0,384}, lr=0.008, scale=1.0, type=None
  transformer.h.19.attn.c_attn.blocks.1.weight: k=1, G_{1.0,0.0,384}, lr=0.008, scale=1.0, type=None
  transformer.h.19.attn.c_attn.blocks.2.weight: k=1, G_{1.0,0.0,384}, lr=0.008, scale=1.0, type=None
  transformer.h.19.mlp.c_fc.blocks.0.weight: k=1, G_{1.0,0.0,384}, lr=0.008, scale=1.0, type=None
  transformer.h.19.mlp.c_fc.blocks.1.weight: k=1, G_{1.0,0.0,384}, lr=0.008, scale=1.0, type=None
  transformer.h.19.mlp.c_fc.blocks.2.weight: k=1, G_{1.0,0.0,384}, lr=0.008, scale=1.0, type=None
  transformer.h.19.mlp.c_fc.blocks.3.weight: k=1, G_{1.0,0.0,384}, lr=0.008, scale=1.0, type=None
  transformer.h.20.attn.c_attn.blocks.0.weight: k=1, G_{1.0,0.0,384}, lr=0.008, scale=1.0, type=None
  transformer.h.20.attn.c_attn.blocks.1.weight: k=1, G_{1.0,0.0,384}, lr=0.008, scale=1.0, type=None
  transformer.h.20.attn.c_attn.blocks.2.weight: k=1, G_{1.0,0.0,384}, lr=0.008, scale=1.0, type=None
  transformer.h.20.mlp.c_fc.blocks.0.weight: k=1, G_{1.0,0.0,384}, lr=0.008, scale=1.0, type=None
  transformer.h.20.mlp.c_fc.blocks.1.weight: k=1, G_{1.0,0.0,384}, lr=0.008, scale=1.0, type=None
  transformer.h.20.mlp.c_fc.blocks.2.weight: k=1, G_{1.0,0.0,384}, lr=0.008, scale=1.0, type=None
  transformer.h.20.mlp.c_fc.blocks.3.weight: k=1, G_{1.0,0.0,384}, lr=0.008, scale=1.0, type=None
  transformer.h.21.attn.c_attn.blocks.0.weight: k=1, G_{1.0,0.0,384}, lr=0.008, scale=1.0, type=None
  transformer.h.21.attn.c_attn.blocks.1.weight: k=1, G_{1.0,0.0,384}, lr=0.008, scale=1.0, type=None
  transformer.h.21.attn.c_attn.blocks.2.weight: k=1, G_{1.0,0.0,384}, lr=0.008, scale=1.0, type=None
  transformer.h.21.mlp.c_fc.blocks.0.weight: k=1, G_{1.0,0.0,384}, lr=0.008, scale=1.0, type=None
  transformer.h.21.mlp.c_fc.blocks.1.weight: k=1, G_{1.0,0.0,384}, lr=0.008, scale=1.0, type=None
  transformer.h.21.mlp.c_fc.blocks.2.weight: k=1, G_{1.0,0.0,384}, lr=0.008, scale=1.0, type=None
  transformer.h.21.mlp.c_fc.blocks.3.weight: k=1, G_{1.0,0.0,384}, lr=0.008, scale=1.0, type=None
  transformer.h.22.attn.c_attn.blocks.0.weight: k=1, G_{1.0,0.0,384}, lr=0.008, scale=1.0, type=None
  transformer.h.22.attn.c_attn.blocks.1.weight: k=1, G_{1.0,0.0,384}, lr=0.008, scale=1.0, type=None
  transformer.h.22.attn.c_attn.blocks.2.weight: k=1, G_{1.0,0.0,384}, lr=0.008, scale=1.0, type=None
  transformer.h.22.mlp.c_fc.blocks.0.weight: k=1, G_{1.0,0.0,384}, lr=0.008, scale=1.0, type=None
  transformer.h.22.mlp.c_fc.blocks.1.weight: k=1, G_{1.0,0.0,384}, lr=0.008, scale=1.0, type=None
  transformer.h.22.mlp.c_fc.blocks.2.weight: k=1, G_{1.0,0.0,384}, lr=0.008, scale=1.0, type=None
  transformer.h.22.mlp.c_fc.blocks.3.weight: k=1, G_{1.0,0.0,384}, lr=0.008, scale=1.0, type=None
  transformer.h.23.attn.c_attn.blocks.0.weight: k=1, G_{1.0,0.0,384}, lr=0.008, scale=1.0, type=None
  transformer.h.23.attn.c_attn.blocks.1.weight: k=1, G_{1.0,0.0,384}, lr=0.008, scale=1.0, type=None
  transformer.h.23.attn.c_attn.blocks.2.weight: k=1, G_{1.0,0.0,384}, lr=0.008, scale=1.0, type=None
  transformer.h.23.mlp.c_fc.blocks.0.weight: k=1, G_{1.0,0.0,384}, lr=0.008, scale=1.0, type=None
  transformer.h.23.mlp.c_fc.blocks.1.weight: k=1, G_{1.0,0.0,384}, lr=0.008, scale=1.0, type=None
  transformer.h.23.mlp.c_fc.blocks.2.weight: k=1, G_{1.0,0.0,384}, lr=0.008, scale=1.0, type=None
  transformer.h.23.mlp.c_fc.blocks.3.weight: k=1, G_{1.0,0.0,384}, lr=0.008, scale=1.0, type=None
using fused AdamW: True
using fused AdamW: True

=== Initializing Grassmann Weights (Block Decomposition) ===
Number of weight types to initialize: 168

Initializing attn.c_attn.blocks.0.: k=1, G_{1.0,0.0,384}, type=None

=== Initializing Grassmann Weights (Block Decomposition) ===
Number of weight types to initialize: 168

Initializing attn.c_attn.blocks.0.: k=1, G_{1.0,0.0,384}, type=None
using fused AdamW: True

=== Initializing Grassmann Weights (Block Decomposition) ===
Number of weight types to initialize: 168

Initializing attn.c_attn.blocks.0.: k=1, G_{1.0,0.0,384}, type=None
  Initialized transformer.h.0.attn.c_attn.blocks.0.weight (1024, 1024) on G_{1.0,0.0,384}  Initialized transformer.h.0.attn.c_attn.blocks.0.weight (1024, 1024) on G_{1.0,0.0,384}

  Initialized transformer.h.1.attn.c_attn.blocks.0.weight (1024, 1024) on G_{1.0,0.0,384}  Initialized transformer.h.1.attn.c_attn.blocks.0.weight (1024, 1024) on G_{1.0,0.0,384}

  Initialized transformer.h.2.attn.c_attn.blocks.0.weight (1024, 1024) on G_{1.0,0.0,384}  Initialized transformer.h.2.attn.c_attn.blocks.0.weight (1024, 1024) on G_{1.0,0.0,384}

  Initialized transformer.h.3.attn.c_attn.blocks.0.weight (1024, 1024) on G_{1.0,0.0,384}  Initialized transformer.h.3.attn.c_attn.blocks.0.weight (1024, 1024) on G_{1.0,0.0,384}

  Initialized transformer.h.4.attn.c_attn.blocks.0.weight (1024, 1024) on G_{1.0,0.0,384}  Initialized transformer.h.4.attn.c_attn.blocks.0.weight (1024, 1024) on G_{1.0,0.0,384}

  Initialized transformer.h.5.attn.c_attn.blocks.0.weight (1024, 1024) on G_{1.0,0.0,384}  Initialized transformer.h.5.attn.c_attn.blocks.0.weight (1024, 1024) on G_{1.0,0.0,384}

using fused AdamW: True

=== Initializing Grassmann Weights (Block Decomposition) ===
Number of weight types to initialize: 168

Initializing attn.c_attn.blocks.0.: k=1, G_{1.0,0.0,384}, type=None
  Initialized transformer.h.6.attn.c_attn.blocks.0.weight (1024, 1024) on G_{1.0,0.0,384}  Initialized transformer.h.6.attn.c_attn.blocks.0.weight (1024, 1024) on G_{1.0,0.0,384}

  Initialized transformer.h.7.attn.c_attn.blocks.0.weight (1024, 1024) on G_{1.0,0.0,384}  Initialized transformer.h.7.attn.c_attn.blocks.0.weight (1024, 1024) on G_{1.0,0.0,384}

  Initialized transformer.h.8.attn.c_attn.blocks.0.weight (1024, 1024) on G_{1.0,0.0,384}  Initialized transformer.h.8.attn.c_attn.blocks.0.weight (1024, 1024) on G_{1.0,0.0,384}

  Initialized transformer.h.9.attn.c_attn.blocks.0.weight (1024, 1024) on G_{1.0,0.0,384}  Initialized transformer.h.9.attn.c_attn.blocks.0.weight (1024, 1024) on G_{1.0,0.0,384}

  Initialized transformer.h.10.attn.c_attn.blocks.0.weight (1024, 1024) on G_{1.0,0.0,384}  Initialized transformer.h.10.attn.c_attn.blocks.0.weight (1024, 1024) on G_{1.0,0.0,384}

  Initialized transformer.h.11.attn.c_attn.blocks.0.weight (1024, 1024) on G_{1.0,0.0,384}  Initialized transformer.h.11.attn.c_attn.blocks.0.weight (1024, 1024) on G_{1.0,0.0,384}

  Initialized transformer.h.12.attn.c_attn.blocks.0.weight (1024, 1024) on G_{1.0,0.0,384}  Initialized transformer.h.12.attn.c_attn.blocks.0.weight (1024, 1024) on G_{1.0,0.0,384}

  Initialized transformer.h.13.attn.c_attn.blocks.0.weight (1024, 1024) on G_{1.0,0.0,384}
  Initialized transformer.h.13.attn.c_attn.blocks.0.weight (1024, 1024) on G_{1.0,0.0,384}
  Initialized transformer.h.14.attn.c_attn.blocks.0.weight (1024, 1024) on G_{1.0,0.0,384}  Initialized transformer.h.14.attn.c_attn.blocks.0.weight (1024, 1024) on G_{1.0,0.0,384}

  Initialized transformer.h.15.attn.c_attn.blocks.0.weight (1024, 1024) on G_{1.0,0.0,384}
  Initialized transformer.h.15.attn.c_attn.blocks.0.weight (1024, 1024) on G_{1.0,0.0,384}
  Initialized transformer.h.16.attn.c_attn.blocks.0.weight (1024, 1024) on G_{1.0,0.0,384}  Initialized transformer.h.16.attn.c_attn.blocks.0.weight (1024, 1024) on G_{1.0,0.0,384}

  Initialized transformer.h.17.attn.c_attn.blocks.0.weight (1024, 1024) on G_{1.0,0.0,384}  Initialized transformer.h.17.attn.c_attn.blocks.0.weight (1024, 1024) on G_{1.0,0.0,384}

  Initialized transformer.h.18.attn.c_attn.blocks.0.weight (1024, 1024) on G_{1.0,0.0,384}  Initialized transformer.h.18.attn.c_attn.blocks.0.weight (1024, 1024) on G_{1.0,0.0,384}

  Initialized transformer.h.19.attn.c_attn.blocks.0.weight (1024, 1024) on G_{1.0,0.0,384}  Initialized transformer.h.19.attn.c_attn.blocks.0.weight (1024, 1024) on G_{1.0,0.0,384}

  Initialized transformer.h.20.attn.c_attn.blocks.0.weight (1024, 1024) on G_{1.0,0.0,384}  Initialized transformer.h.20.attn.c_attn.blocks.0.weight (1024, 1024) on G_{1.0,0.0,384}

  Initialized transformer.h.21.attn.c_attn.blocks.0.weight (1024, 1024) on G_{1.0,0.0,384}  Initialized transformer.h.21.attn.c_attn.blocks.0.weight (1024, 1024) on G_{1.0,0.0,384}

  Initialized transformer.h.22.attn.c_attn.blocks.0.weight (1024, 1024) on G_{1.0,0.0,384}  Initialized transformer.h.22.attn.c_attn.blocks.0.weight (1024, 1024) on G_{1.0,0.0,384}

  Initialized transformer.h.23.attn.c_attn.blocks.0.weight (1024, 1024) on G_{1.0,0.0,384}  Initialized transformer.h.23.attn.c_attn.blocks.0.weight (1024, 1024) on G_{1.0,0.0,384}


Initializing attn.c_attn.blocks.1.: k=1, G_{1.0,0.0,384}, type=None

Initializing attn.c_attn.blocks.1.: k=1, G_{1.0,0.0,384}, type=None
  Initialized transformer.h.0.attn.c_attn.blocks.1.weight (1024, 1024) on G_{1.0,0.0,384}  Initialized transformer.h.0.attn.c_attn.blocks.1.weight (1024, 1024) on G_{1.0,0.0,384}

  Initialized transformer.h.1.attn.c_attn.blocks.1.weight (1024, 1024) on G_{1.0,0.0,384}
  Initialized transformer.h.1.attn.c_attn.blocks.1.weight (1024, 1024) on G_{1.0,0.0,384}
  Initialized transformer.h.2.attn.c_attn.blocks.1.weight (1024, 1024) on G_{1.0,0.0,384}
  Initialized transformer.h.2.attn.c_attn.blocks.1.weight (1024, 1024) on G_{1.0,0.0,384}
  Initialized transformer.h.3.attn.c_attn.blocks.1.weight (1024, 1024) on G_{1.0,0.0,384}
  Initialized transformer.h.3.attn.c_attn.blocks.1.weight (1024, 1024) on G_{1.0,0.0,384}
  Initialized transformer.h.4.attn.c_attn.blocks.1.weight (1024, 1024) on G_{1.0,0.0,384}
  Initialized transformer.h.4.attn.c_attn.blocks.1.weight (1024, 1024) on G_{1.0,0.0,384}
  Initialized transformer.h.0.attn.c_attn.blocks.0.weight (1024, 1024) on G_{1.0,0.0,384}
  Initialized transformer.h.5.attn.c_attn.blocks.1.weight (1024, 1024) on G_{1.0,0.0,384}
  Initialized transformer.h.5.attn.c_attn.blocks.1.weight (1024, 1024) on G_{1.0,0.0,384}
  Initialized transformer.h.1.attn.c_attn.blocks.0.weight (1024, 1024) on G_{1.0,0.0,384}
  Initialized transformer.h.6.attn.c_attn.blocks.1.weight (1024, 1024) on G_{1.0,0.0,384}
  Initialized transformer.h.6.attn.c_attn.blocks.1.weight (1024, 1024) on G_{1.0,0.0,384}
  Initialized transformer.h.2.attn.c_attn.blocks.0.weight (1024, 1024) on G_{1.0,0.0,384}
  Initialized transformer.h.7.attn.c_attn.blocks.1.weight (1024, 1024) on G_{1.0,0.0,384}
  Initialized transformer.h.7.attn.c_attn.blocks.1.weight (1024, 1024) on G_{1.0,0.0,384}
  Initialized transformer.h.3.attn.c_attn.blocks.0.weight (1024, 1024) on G_{1.0,0.0,384}
  Initialized transformer.h.8.attn.c_attn.blocks.1.weight (1024, 1024) on G_{1.0,0.0,384}
  Initialized transformer.h.8.attn.c_attn.blocks.1.weight (1024, 1024) on G_{1.0,0.0,384}
  Initialized transformer.h.4.attn.c_attn.blocks.0.weight (1024, 1024) on G_{1.0,0.0,384}
  Initialized transformer.h.9.attn.c_attn.blocks.1.weight (1024, 1024) on G_{1.0,0.0,384}
  Initialized transformer.h.9.attn.c_attn.blocks.1.weight (1024, 1024) on G_{1.0,0.0,384}
  Initialized transformer.h.5.attn.c_attn.blocks.0.weight (1024, 1024) on G_{1.0,0.0,384}
  Initialized transformer.h.10.attn.c_attn.blocks.1.weight (1024, 1024) on G_{1.0,0.0,384}
  Initialized transformer.h.10.attn.c_attn.blocks.1.weight (1024, 1024) on G_{1.0,0.0,384}
  Initialized transformer.h.6.attn.c_attn.blocks.0.weight (1024, 1024) on G_{1.0,0.0,384}
  Initialized transformer.h.11.attn.c_attn.blocks.1.weight (1024, 1024) on G_{1.0,0.0,384}
  Initialized transformer.h.11.attn.c_attn.blocks.1.weight (1024, 1024) on G_{1.0,0.0,384}
  Initialized transformer.h.7.attn.c_attn.blocks.0.weight (1024, 1024) on G_{1.0,0.0,384}
  Initialized transformer.h.12.attn.c_attn.blocks.1.weight (1024, 1024) on G_{1.0,0.0,384}
  Initialized transformer.h.12.attn.c_attn.blocks.1.weight (1024, 1024) on G_{1.0,0.0,384}
  Initialized transformer.h.8.attn.c_attn.blocks.0.weight (1024, 1024) on G_{1.0,0.0,384}
  Initialized transformer.h.13.attn.c_attn.blocks.1.weight (1024, 1024) on G_{1.0,0.0,384}
  Initialized transformer.h.13.attn.c_attn.blocks.1.weight (1024, 1024) on G_{1.0,0.0,384}
  Initialized transformer.h.9.attn.c_attn.blocks.0.weight (1024, 1024) on G_{1.0,0.0,384}
  Initialized transformer.h.14.attn.c_attn.blocks.1.weight (1024, 1024) on G_{1.0,0.0,384}
  Initialized transformer.h.14.attn.c_attn.blocks.1.weight (1024, 1024) on G_{1.0,0.0,384}
  Initialized transformer.h.10.attn.c_attn.blocks.0.weight (1024, 1024) on G_{1.0,0.0,384}
  Initialized transformer.h.15.attn.c_attn.blocks.1.weight (1024, 1024) on G_{1.0,0.0,384}
  Initialized transformer.h.15.attn.c_attn.blocks.1.weight (1024, 1024) on G_{1.0,0.0,384}
  Initialized transformer.h.11.attn.c_attn.blocks.0.weight (1024, 1024) on G_{1.0,0.0,384}
  Initialized transformer.h.16.attn.c_attn.blocks.1.weight (1024, 1024) on G_{1.0,0.0,384}
  Initialized transformer.h.16.attn.c_attn.blocks.1.weight (1024, 1024) on G_{1.0,0.0,384}
  Initialized transformer.h.12.attn.c_attn.blocks.0.weight (1024, 1024) on G_{1.0,0.0,384}
  Initialized transformer.h.17.attn.c_attn.blocks.1.weight (1024, 1024) on G_{1.0,0.0,384}
  Initialized transformer.h.17.attn.c_attn.blocks.1.weight (1024, 1024) on G_{1.0,0.0,384}
  Initialized transformer.h.13.attn.c_attn.blocks.0.weight (1024, 1024) on G_{1.0,0.0,384}
  Initialized transformer.h.18.attn.c_attn.blocks.1.weight (1024, 1024) on G_{1.0,0.0,384}
  Initialized transformer.h.18.attn.c_attn.blocks.1.weight (1024, 1024) on G_{1.0,0.0,384}
  Initialized transformer.h.14.attn.c_attn.blocks.0.weight (1024, 1024) on G_{1.0,0.0,384}
  Initialized transformer.h.19.attn.c_attn.blocks.1.weight (1024, 1024) on G_{1.0,0.0,384}
  Initialized transformer.h.19.attn.c_attn.blocks.1.weight (1024, 1024) on G_{1.0,0.0,384}
  Initialized transformer.h.15.attn.c_attn.blocks.0.weight (1024, 1024) on G_{1.0,0.0,384}
  Initialized transformer.h.20.attn.c_attn.blocks.1.weight (1024, 1024) on G_{1.0,0.0,384}
  Initialized transformer.h.20.attn.c_attn.blocks.1.weight (1024, 1024) on G_{1.0,0.0,384}
  Initialized transformer.h.16.attn.c_attn.blocks.0.weight (1024, 1024) on G_{1.0,0.0,384}
  Initialized transformer.h.21.attn.c_attn.blocks.1.weight (1024, 1024) on G_{1.0,0.0,384}
  Initialized transformer.h.21.attn.c_attn.blocks.1.weight (1024, 1024) on G_{1.0,0.0,384}
  Initialized transformer.h.17.attn.c_attn.blocks.0.weight (1024, 1024) on G_{1.0,0.0,384}
  Initialized transformer.h.22.attn.c_attn.blocks.1.weight (1024, 1024) on G_{1.0,0.0,384}
  Initialized transformer.h.22.attn.c_attn.blocks.1.weight (1024, 1024) on G_{1.0,0.0,384}
  Initialized transformer.h.18.attn.c_attn.blocks.0.weight (1024, 1024) on G_{1.0,0.0,384}
  Initialized transformer.h.23.attn.c_attn.blocks.1.weight (1024, 1024) on G_{1.0,0.0,384}  Initialized transformer.h.23.attn.c_attn.blocks.1.weight (1024, 1024) on G_{1.0,0.0,384}


Initializing attn.c_attn.blocks.2.: k=1, G_{1.0,0.0,384}, type=None
Initializing attn.c_attn.blocks.2.: k=1, G_{1.0,0.0,384}, type=None

  Initialized transformer.h.19.attn.c_attn.blocks.0.weight (1024, 1024) on G_{1.0,0.0,384}
  Initialized transformer.h.0.attn.c_attn.blocks.2.weight (1024, 1024) on G_{1.0,0.0,384}  Initialized transformer.h.0.attn.c_attn.blocks.2.weight (1024, 1024) on G_{1.0,0.0,384}

  Initialized transformer.h.20.attn.c_attn.blocks.0.weight (1024, 1024) on G_{1.0,0.0,384}
  Initialized transformer.h.1.attn.c_attn.blocks.2.weight (1024, 1024) on G_{1.0,0.0,384}  Initialized transformer.h.1.attn.c_attn.blocks.2.weight (1024, 1024) on G_{1.0,0.0,384}

  Initialized transformer.h.21.attn.c_attn.blocks.0.weight (1024, 1024) on G_{1.0,0.0,384}
  Initialized transformer.h.2.attn.c_attn.blocks.2.weight (1024, 1024) on G_{1.0,0.0,384}  Initialized transformer.h.2.attn.c_attn.blocks.2.weight (1024, 1024) on G_{1.0,0.0,384}

  Initialized transformer.h.22.attn.c_attn.blocks.0.weight (1024, 1024) on G_{1.0,0.0,384}
  Initialized transformer.h.23.attn.c_attn.blocks.0.weight (1024, 1024) on G_{1.0,0.0,384}

Initializing attn.c_attn.blocks.1.: k=1, G_{1.0,0.0,384}, type=None  Initialized transformer.h.3.attn.c_attn.blocks.2.weight (1024, 1024) on G_{1.0,0.0,384}  Initialized transformer.h.3.attn.c_attn.blocks.2.weight (1024, 1024) on G_{1.0,0.0,384}


  Initialized transformer.h.0.attn.c_attn.blocks.1.weight (1024, 1024) on G_{1.0,0.0,384}
  Initialized transformer.h.4.attn.c_attn.blocks.2.weight (1024, 1024) on G_{1.0,0.0,384}  Initialized transformer.h.4.attn.c_attn.blocks.2.weight (1024, 1024) on G_{1.0,0.0,384}

  Initialized transformer.h.1.attn.c_attn.blocks.1.weight (1024, 1024) on G_{1.0,0.0,384}
  Initialized transformer.h.5.attn.c_attn.blocks.2.weight (1024, 1024) on G_{1.0,0.0,384}
  Initialized transformer.h.5.attn.c_attn.blocks.2.weight (1024, 1024) on G_{1.0,0.0,384}
  Initialized transformer.h.2.attn.c_attn.blocks.1.weight (1024, 1024) on G_{1.0,0.0,384}
  Initialized transformer.h.6.attn.c_attn.blocks.2.weight (1024, 1024) on G_{1.0,0.0,384}  Initialized transformer.h.6.attn.c_attn.blocks.2.weight (1024, 1024) on G_{1.0,0.0,384}

  Initialized transformer.h.3.attn.c_attn.blocks.1.weight (1024, 1024) on G_{1.0,0.0,384}
  Initialized transformer.h.7.attn.c_attn.blocks.2.weight (1024, 1024) on G_{1.0,0.0,384}  Initialized transformer.h.7.attn.c_attn.blocks.2.weight (1024, 1024) on G_{1.0,0.0,384}

  Initialized transformer.h.4.attn.c_attn.blocks.1.weight (1024, 1024) on G_{1.0,0.0,384}
  Initialized transformer.h.8.attn.c_attn.blocks.2.weight (1024, 1024) on G_{1.0,0.0,384}  Initialized transformer.h.8.attn.c_attn.blocks.2.weight (1024, 1024) on G_{1.0,0.0,384}

  Initialized transformer.h.5.attn.c_attn.blocks.1.weight (1024, 1024) on G_{1.0,0.0,384}
  Initialized transformer.h.9.attn.c_attn.blocks.2.weight (1024, 1024) on G_{1.0,0.0,384}  Initialized transformer.h.9.attn.c_attn.blocks.2.weight (1024, 1024) on G_{1.0,0.0,384}

  Initialized transformer.h.6.attn.c_attn.blocks.1.weight (1024, 1024) on G_{1.0,0.0,384}
  Initialized transformer.h.10.attn.c_attn.blocks.2.weight (1024, 1024) on G_{1.0,0.0,384}  Initialized transformer.h.10.attn.c_attn.blocks.2.weight (1024, 1024) on G_{1.0,0.0,384}

  Initialized transformer.h.7.attn.c_attn.blocks.1.weight (1024, 1024) on G_{1.0,0.0,384}
  Initialized transformer.h.11.attn.c_attn.blocks.2.weight (1024, 1024) on G_{1.0,0.0,384}
  Initialized transformer.h.11.attn.c_attn.blocks.2.weight (1024, 1024) on G_{1.0,0.0,384}
  Initialized transformer.h.8.attn.c_attn.blocks.1.weight (1024, 1024) on G_{1.0,0.0,384}
  Initialized transformer.h.12.attn.c_attn.blocks.2.weight (1024, 1024) on G_{1.0,0.0,384}
  Initialized transformer.h.12.attn.c_attn.blocks.2.weight (1024, 1024) on G_{1.0,0.0,384}
  Initialized transformer.h.9.attn.c_attn.blocks.1.weight (1024, 1024) on G_{1.0,0.0,384}
  Initialized transformer.h.13.attn.c_attn.blocks.2.weight (1024, 1024) on G_{1.0,0.0,384}
  Initialized transformer.h.13.attn.c_attn.blocks.2.weight (1024, 1024) on G_{1.0,0.0,384}
  Initialized transformer.h.10.attn.c_attn.blocks.1.weight (1024, 1024) on G_{1.0,0.0,384}
  Initialized transformer.h.14.attn.c_attn.blocks.2.weight (1024, 1024) on G_{1.0,0.0,384}
  Initialized transformer.h.14.attn.c_attn.blocks.2.weight (1024, 1024) on G_{1.0,0.0,384}
  Initialized transformer.h.11.attn.c_attn.blocks.1.weight (1024, 1024) on G_{1.0,0.0,384}
  Initialized transformer.h.15.attn.c_attn.blocks.2.weight (1024, 1024) on G_{1.0,0.0,384}
  Initialized transformer.h.15.attn.c_attn.blocks.2.weight (1024, 1024) on G_{1.0,0.0,384}
  Initialized transformer.h.12.attn.c_attn.blocks.1.weight (1024, 1024) on G_{1.0,0.0,384}
  Initialized transformer.h.16.attn.c_attn.blocks.2.weight (1024, 1024) on G_{1.0,0.0,384}
  Initialized transformer.h.16.attn.c_attn.blocks.2.weight (1024, 1024) on G_{1.0,0.0,384}
  Initialized transformer.h.13.attn.c_attn.blocks.1.weight (1024, 1024) on G_{1.0,0.0,384}
  Initialized transformer.h.17.attn.c_attn.blocks.2.weight (1024, 1024) on G_{1.0,0.0,384}
  Initialized transformer.h.17.attn.c_attn.blocks.2.weight (1024, 1024) on G_{1.0,0.0,384}
  Initialized transformer.h.14.attn.c_attn.blocks.1.weight (1024, 1024) on G_{1.0,0.0,384}
  Initialized transformer.h.18.attn.c_attn.blocks.2.weight (1024, 1024) on G_{1.0,0.0,384}
  Initialized transformer.h.18.attn.c_attn.blocks.2.weight (1024, 1024) on G_{1.0,0.0,384}
  Initialized transformer.h.15.attn.c_attn.blocks.1.weight (1024, 1024) on G_{1.0,0.0,384}
  Initialized transformer.h.19.attn.c_attn.blocks.2.weight (1024, 1024) on G_{1.0,0.0,384}
  Initialized transformer.h.19.attn.c_attn.blocks.2.weight (1024, 1024) on G_{1.0,0.0,384}
  Initialized transformer.h.16.attn.c_attn.blocks.1.weight (1024, 1024) on G_{1.0,0.0,384}
  Initialized transformer.h.20.attn.c_attn.blocks.2.weight (1024, 1024) on G_{1.0,0.0,384}
  Initialized transformer.h.20.attn.c_attn.blocks.2.weight (1024, 1024) on G_{1.0,0.0,384}
  Initialized transformer.h.17.attn.c_attn.blocks.1.weight (1024, 1024) on G_{1.0,0.0,384}
  Initialized transformer.h.21.attn.c_attn.blocks.2.weight (1024, 1024) on G_{1.0,0.0,384}
  Initialized transformer.h.18.attn.c_attn.blocks.1.weight (1024, 1024) on G_{1.0,0.0,384}
  Initialized transformer.h.22.attn.c_attn.blocks.2.weight (1024, 1024) on G_{1.0,0.0,384}
  Initialized transformer.h.19.attn.c_attn.blocks.1.weight (1024, 1024) on G_{1.0,0.0,384}
  Initialized transformer.h.21.attn.c_attn.blocks.2.weight (1024, 1024) on G_{1.0,0.0,384}
  Initialized transformer.h.23.attn.c_attn.blocks.2.weight (1024, 1024) on G_{1.0,0.0,384}

Initializing mlp.c_fc.blocks.0.: k=1, G_{1.0,0.0,384}, type=None
  Initialized transformer.h.20.attn.c_attn.blocks.1.weight (1024, 1024) on G_{1.0,0.0,384}
  Initialized transformer.h.22.attn.c_attn.blocks.2.weight (1024, 1024) on G_{1.0,0.0,384}
  Initialized transformer.h.0.mlp.c_fc.blocks.0.weight (1024, 1024) on G_{1.0,0.0,384}
  Initialized transformer.h.21.attn.c_attn.blocks.1.weight (1024, 1024) on G_{1.0,0.0,384}
  Initialized transformer.h.23.attn.c_attn.blocks.2.weight (1024, 1024) on G_{1.0,0.0,384}

Initializing mlp.c_fc.blocks.0.: k=1, G_{1.0,0.0,384}, type=None
  Initialized transformer.h.1.mlp.c_fc.blocks.0.weight (1024, 1024) on G_{1.0,0.0,384}
  Initialized transformer.h.22.attn.c_attn.blocks.1.weight (1024, 1024) on G_{1.0,0.0,384}
  Initialized transformer.h.0.mlp.c_fc.blocks.0.weight (1024, 1024) on G_{1.0,0.0,384}
  Initialized transformer.h.2.mlp.c_fc.blocks.0.weight (1024, 1024) on G_{1.0,0.0,384}
  Initialized transformer.h.23.attn.c_attn.blocks.1.weight (1024, 1024) on G_{1.0,0.0,384}

Initializing attn.c_attn.blocks.2.: k=1, G_{1.0,0.0,384}, type=None
  Initialized transformer.h.1.mlp.c_fc.blocks.0.weight (1024, 1024) on G_{1.0,0.0,384}
  Initialized transformer.h.3.mlp.c_fc.blocks.0.weight (1024, 1024) on G_{1.0,0.0,384}
  Initialized transformer.h.0.attn.c_attn.blocks.2.weight (1024, 1024) on G_{1.0,0.0,384}
  Initialized transformer.h.2.mlp.c_fc.blocks.0.weight (1024, 1024) on G_{1.0,0.0,384}
  Initialized transformer.h.4.mlp.c_fc.blocks.0.weight (1024, 1024) on G_{1.0,0.0,384}
  Initialized transformer.h.1.attn.c_attn.blocks.2.weight (1024, 1024) on G_{1.0,0.0,384}
  Initialized transformer.h.3.mlp.c_fc.blocks.0.weight (1024, 1024) on G_{1.0,0.0,384}
  Initialized transformer.h.5.mlp.c_fc.blocks.0.weight (1024, 1024) on G_{1.0,0.0,384}
  Initialized transformer.h.2.attn.c_attn.blocks.2.weight (1024, 1024) on G_{1.0,0.0,384}
  Initialized transformer.h.4.mlp.c_fc.blocks.0.weight (1024, 1024) on G_{1.0,0.0,384}
  Initialized transformer.h.6.mlp.c_fc.blocks.0.weight (1024, 1024) on G_{1.0,0.0,384}
  Initialized transformer.h.3.attn.c_attn.blocks.2.weight (1024, 1024) on G_{1.0,0.0,384}
  Initialized transformer.h.7.mlp.c_fc.blocks.0.weight (1024, 1024) on G_{1.0,0.0,384}  Initialized transformer.h.5.mlp.c_fc.blocks.0.weight (1024, 1024) on G_{1.0,0.0,384}

  Initialized transformer.h.4.attn.c_attn.blocks.2.weight (1024, 1024) on G_{1.0,0.0,384}
  Initialized transformer.h.8.mlp.c_fc.blocks.0.weight (1024, 1024) on G_{1.0,0.0,384}  Initialized transformer.h.6.mlp.c_fc.blocks.0.weight (1024, 1024) on G_{1.0,0.0,384}

  Initialized transformer.h.5.attn.c_attn.blocks.2.weight (1024, 1024) on G_{1.0,0.0,384}
  Initialized transformer.h.7.mlp.c_fc.blocks.0.weight (1024, 1024) on G_{1.0,0.0,384}  Initialized transformer.h.9.mlp.c_fc.blocks.0.weight (1024, 1024) on G_{1.0,0.0,384}

  Initialized transformer.h.6.attn.c_attn.blocks.2.weight (1024, 1024) on G_{1.0,0.0,384}
  Initialized transformer.h.10.mlp.c_fc.blocks.0.weight (1024, 1024) on G_{1.0,0.0,384}  Initialized transformer.h.8.mlp.c_fc.blocks.0.weight (1024, 1024) on G_{1.0,0.0,384}

  Initialized transformer.h.7.attn.c_attn.blocks.2.weight (1024, 1024) on G_{1.0,0.0,384}
  Initialized transformer.h.9.mlp.c_fc.blocks.0.weight (1024, 1024) on G_{1.0,0.0,384}  Initialized transformer.h.11.mlp.c_fc.blocks.0.weight (1024, 1024) on G_{1.0,0.0,384}

  Initialized transformer.h.8.attn.c_attn.blocks.2.weight (1024, 1024) on G_{1.0,0.0,384}
  Initialized transformer.h.0.attn.c_attn.blocks.0.weight (1024, 1024) on G_{1.0,0.0,384}
  Initialized transformer.h.10.mlp.c_fc.blocks.0.weight (1024, 1024) on G_{1.0,0.0,384}  Initialized transformer.h.12.mlp.c_fc.blocks.0.weight (1024, 1024) on G_{1.0,0.0,384}

  Initialized transformer.h.9.attn.c_attn.blocks.2.weight (1024, 1024) on G_{1.0,0.0,384}
  Initialized transformer.h.1.attn.c_attn.blocks.0.weight (1024, 1024) on G_{1.0,0.0,384}
  Initialized transformer.h.10.attn.c_attn.blocks.2.weight (1024, 1024) on G_{1.0,0.0,384}
  Initialized transformer.h.13.mlp.c_fc.blocks.0.weight (1024, 1024) on G_{1.0,0.0,384}
  Initialized transformer.h.11.mlp.c_fc.blocks.0.weight (1024, 1024) on G_{1.0,0.0,384}
  Initialized transformer.h.2.attn.c_attn.blocks.0.weight (1024, 1024) on G_{1.0,0.0,384}
  Initialized transformer.h.11.attn.c_attn.blocks.2.weight (1024, 1024) on G_{1.0,0.0,384}
  Initialized transformer.h.12.mlp.c_fc.blocks.0.weight (1024, 1024) on G_{1.0,0.0,384}  Initialized transformer.h.14.mlp.c_fc.blocks.0.weight (1024, 1024) on G_{1.0,0.0,384}

  Initialized transformer.h.3.attn.c_attn.blocks.0.weight (1024, 1024) on G_{1.0,0.0,384}
  Initialized transformer.h.12.attn.c_attn.blocks.2.weight (1024, 1024) on G_{1.0,0.0,384}
  Initialized transformer.h.13.mlp.c_fc.blocks.0.weight (1024, 1024) on G_{1.0,0.0,384}  Initialized transformer.h.15.mlp.c_fc.blocks.0.weight (1024, 1024) on G_{1.0,0.0,384}

  Initialized transformer.h.13.attn.c_attn.blocks.2.weight (1024, 1024) on G_{1.0,0.0,384}
  Initialized transformer.h.4.attn.c_attn.blocks.0.weight (1024, 1024) on G_{1.0,0.0,384}
  Initialized transformer.h.16.mlp.c_fc.blocks.0.weight (1024, 1024) on G_{1.0,0.0,384}
  Initialized transformer.h.14.mlp.c_fc.blocks.0.weight (1024, 1024) on G_{1.0,0.0,384}
  Initialized transformer.h.14.attn.c_attn.blocks.2.weight (1024, 1024) on G_{1.0,0.0,384}
  Initialized transformer.h.5.attn.c_attn.blocks.0.weight (1024, 1024) on G_{1.0,0.0,384}
  Initialized transformer.h.17.mlp.c_fc.blocks.0.weight (1024, 1024) on G_{1.0,0.0,384}
  Initialized transformer.h.15.mlp.c_fc.blocks.0.weight (1024, 1024) on G_{1.0,0.0,384}
  Initialized transformer.h.15.attn.c_attn.blocks.2.weight (1024, 1024) on G_{1.0,0.0,384}  Initialized transformer.h.6.attn.c_attn.blocks.0.weight (1024, 1024) on G_{1.0,0.0,384}

  Initialized transformer.h.16.mlp.c_fc.blocks.0.weight (1024, 1024) on G_{1.0,0.0,384}  Initialized transformer.h.18.mlp.c_fc.blocks.0.weight (1024, 1024) on G_{1.0,0.0,384}

  Initialized transformer.h.16.attn.c_attn.blocks.2.weight (1024, 1024) on G_{1.0,0.0,384}  Initialized transformer.h.7.attn.c_attn.blocks.0.weight (1024, 1024) on G_{1.0,0.0,384}

  Initialized transformer.h.17.mlp.c_fc.blocks.0.weight (1024, 1024) on G_{1.0,0.0,384}  Initialized transformer.h.19.mlp.c_fc.blocks.0.weight (1024, 1024) on G_{1.0,0.0,384}

  Initialized transformer.h.8.attn.c_attn.blocks.0.weight (1024, 1024) on G_{1.0,0.0,384}  Initialized transformer.h.17.attn.c_attn.blocks.2.weight (1024, 1024) on G_{1.0,0.0,384}

  Initialized transformer.h.18.mlp.c_fc.blocks.0.weight (1024, 1024) on G_{1.0,0.0,384}  Initialized transformer.h.20.mlp.c_fc.blocks.0.weight (1024, 1024) on G_{1.0,0.0,384}

  Initialized transformer.h.9.attn.c_attn.blocks.0.weight (1024, 1024) on G_{1.0,0.0,384}  Initialized transformer.h.18.attn.c_attn.blocks.2.weight (1024, 1024) on G_{1.0,0.0,384}

  Initialized transformer.h.19.mlp.c_fc.blocks.0.weight (1024, 1024) on G_{1.0,0.0,384}  Initialized transformer.h.21.mlp.c_fc.blocks.0.weight (1024, 1024) on G_{1.0,0.0,384}

  Initialized transformer.h.19.attn.c_attn.blocks.2.weight (1024, 1024) on G_{1.0,0.0,384}  Initialized transformer.h.10.attn.c_attn.blocks.0.weight (1024, 1024) on G_{1.0,0.0,384}

  Initialized transformer.h.20.mlp.c_fc.blocks.0.weight (1024, 1024) on G_{1.0,0.0,384}  Initialized transformer.h.22.mlp.c_fc.blocks.0.weight (1024, 1024) on G_{1.0,0.0,384}

  Initialized transformer.h.11.attn.c_attn.blocks.0.weight (1024, 1024) on G_{1.0,0.0,384}  Initialized transformer.h.20.attn.c_attn.blocks.2.weight (1024, 1024) on G_{1.0,0.0,384}

  Initialized transformer.h.21.mlp.c_fc.blocks.0.weight (1024, 1024) on G_{1.0,0.0,384}  Initialized transformer.h.23.mlp.c_fc.blocks.0.weight (1024, 1024) on G_{1.0,0.0,384}


Initializing mlp.c_fc.blocks.1.: k=1, G_{1.0,0.0,384}, type=None
  Initialized transformer.h.12.attn.c_attn.blocks.0.weight (1024, 1024) on G_{1.0,0.0,384}  Initialized transformer.h.21.attn.c_attn.blocks.2.weight (1024, 1024) on G_{1.0,0.0,384}

  Initialized transformer.h.22.mlp.c_fc.blocks.0.weight (1024, 1024) on G_{1.0,0.0,384}
  Initialized transformer.h.0.mlp.c_fc.blocks.1.weight (1024, 1024) on G_{1.0,0.0,384}
  Initialized transformer.h.13.attn.c_attn.blocks.0.weight (1024, 1024) on G_{1.0,0.0,384}  Initialized transformer.h.22.attn.c_attn.blocks.2.weight (1024, 1024) on G_{1.0,0.0,384}

  Initialized transformer.h.23.mlp.c_fc.blocks.0.weight (1024, 1024) on G_{1.0,0.0,384}  Initialized transformer.h.1.mlp.c_fc.blocks.1.weight (1024, 1024) on G_{1.0,0.0,384}


Initializing mlp.c_fc.blocks.1.: k=1, G_{1.0,0.0,384}, type=None
  Initialized transformer.h.23.attn.c_attn.blocks.2.weight (1024, 1024) on G_{1.0,0.0,384}  Initialized transformer.h.14.attn.c_attn.blocks.0.weight (1024, 1024) on G_{1.0,0.0,384}


Initializing mlp.c_fc.blocks.0.: k=1, G_{1.0,0.0,384}, type=None
  Initialized transformer.h.2.mlp.c_fc.blocks.1.weight (1024, 1024) on G_{1.0,0.0,384}
  Initialized transformer.h.0.mlp.c_fc.blocks.1.weight (1024, 1024) on G_{1.0,0.0,384}
  Initialized transformer.h.15.attn.c_attn.blocks.0.weight (1024, 1024) on G_{1.0,0.0,384}  Initialized transformer.h.0.mlp.c_fc.blocks.0.weight (1024, 1024) on G_{1.0,0.0,384}

  Initialized transformer.h.1.mlp.c_fc.blocks.1.weight (1024, 1024) on G_{1.0,0.0,384}  Initialized transformer.h.3.mlp.c_fc.blocks.1.weight (1024, 1024) on G_{1.0,0.0,384}

  Initialized transformer.h.1.mlp.c_fc.blocks.0.weight (1024, 1024) on G_{1.0,0.0,384}
  Initialized transformer.h.16.attn.c_attn.blocks.0.weight (1024, 1024) on G_{1.0,0.0,384}
  Initialized transformer.h.2.mlp.c_fc.blocks.1.weight (1024, 1024) on G_{1.0,0.0,384}  Initialized transformer.h.4.mlp.c_fc.blocks.1.weight (1024, 1024) on G_{1.0,0.0,384}

  Initialized transformer.h.2.mlp.c_fc.blocks.0.weight (1024, 1024) on G_{1.0,0.0,384}  Initialized transformer.h.17.attn.c_attn.blocks.0.weight (1024, 1024) on G_{1.0,0.0,384}

  Initialized transformer.h.5.mlp.c_fc.blocks.1.weight (1024, 1024) on G_{1.0,0.0,384}
  Initialized transformer.h.3.mlp.c_fc.blocks.1.weight (1024, 1024) on G_{1.0,0.0,384}
  Initialized transformer.h.3.mlp.c_fc.blocks.0.weight (1024, 1024) on G_{1.0,0.0,384}  Initialized transformer.h.18.attn.c_attn.blocks.0.weight (1024, 1024) on G_{1.0,0.0,384}

  Initialized transformer.h.6.mlp.c_fc.blocks.1.weight (1024, 1024) on G_{1.0,0.0,384}  Initialized transformer.h.4.mlp.c_fc.blocks.1.weight (1024, 1024) on G_{1.0,0.0,384}

  Initialized transformer.h.4.mlp.c_fc.blocks.0.weight (1024, 1024) on G_{1.0,0.0,384}  Initialized transformer.h.19.attn.c_attn.blocks.0.weight (1024, 1024) on G_{1.0,0.0,384}

  Initialized transformer.h.7.mlp.c_fc.blocks.1.weight (1024, 1024) on G_{1.0,0.0,384}
  Initialized transformer.h.5.mlp.c_fc.blocks.1.weight (1024, 1024) on G_{1.0,0.0,384}
  Initialized transformer.h.5.mlp.c_fc.blocks.0.weight (1024, 1024) on G_{1.0,0.0,384}  Initialized transformer.h.20.attn.c_attn.blocks.0.weight (1024, 1024) on G_{1.0,0.0,384}

  Initialized transformer.h.6.mlp.c_fc.blocks.1.weight (1024, 1024) on G_{1.0,0.0,384}  Initialized transformer.h.8.mlp.c_fc.blocks.1.weight (1024, 1024) on G_{1.0,0.0,384}

  Initialized transformer.h.6.mlp.c_fc.blocks.0.weight (1024, 1024) on G_{1.0,0.0,384}  Initialized transformer.h.21.attn.c_attn.blocks.0.weight (1024, 1024) on G_{1.0,0.0,384}

  Initialized transformer.h.7.mlp.c_fc.blocks.1.weight (1024, 1024) on G_{1.0,0.0,384}  Initialized transformer.h.9.mlp.c_fc.blocks.1.weight (1024, 1024) on G_{1.0,0.0,384}

  Initialized transformer.h.22.attn.c_attn.blocks.0.weight (1024, 1024) on G_{1.0,0.0,384}  Initialized transformer.h.7.mlp.c_fc.blocks.0.weight (1024, 1024) on G_{1.0,0.0,384}

  Initialized transformer.h.8.mlp.c_fc.blocks.1.weight (1024, 1024) on G_{1.0,0.0,384}  Initialized transformer.h.10.mlp.c_fc.blocks.1.weight (1024, 1024) on G_{1.0,0.0,384}

  Initialized transformer.h.8.mlp.c_fc.blocks.0.weight (1024, 1024) on G_{1.0,0.0,384}  Initialized transformer.h.23.attn.c_attn.blocks.0.weight (1024, 1024) on G_{1.0,0.0,384}


Initializing attn.c_attn.blocks.1.: k=1, G_{1.0,0.0,384}, type=None
  Initialized transformer.h.9.mlp.c_fc.blocks.1.weight (1024, 1024) on G_{1.0,0.0,384}  Initialized transformer.h.11.mlp.c_fc.blocks.1.weight (1024, 1024) on G_{1.0,0.0,384}

  Initialized transformer.h.9.mlp.c_fc.blocks.0.weight (1024, 1024) on G_{1.0,0.0,384}
  Initialized transformer.h.0.attn.c_attn.blocks.1.weight (1024, 1024) on G_{1.0,0.0,384}
  Initialized transformer.h.10.mlp.c_fc.blocks.1.weight (1024, 1024) on G_{1.0,0.0,384}  Initialized transformer.h.12.mlp.c_fc.blocks.1.weight (1024, 1024) on G_{1.0,0.0,384}

  Initialized transformer.h.10.mlp.c_fc.blocks.0.weight (1024, 1024) on G_{1.0,0.0,384}  Initialized transformer.h.1.attn.c_attn.blocks.1.weight (1024, 1024) on G_{1.0,0.0,384}

  Initialized transformer.h.11.mlp.c_fc.blocks.1.weight (1024, 1024) on G_{1.0,0.0,384}  Initialized transformer.h.13.mlp.c_fc.blocks.1.weight (1024, 1024) on G_{1.0,0.0,384}

  Initialized transformer.h.11.mlp.c_fc.blocks.0.weight (1024, 1024) on G_{1.0,0.0,384}  Initialized transformer.h.2.attn.c_attn.blocks.1.weight (1024, 1024) on G_{1.0,0.0,384}

  Initialized transformer.h.12.mlp.c_fc.blocks.1.weight (1024, 1024) on G_{1.0,0.0,384}  Initialized transformer.h.14.mlp.c_fc.blocks.1.weight (1024, 1024) on G_{1.0,0.0,384}

  Initialized transformer.h.12.mlp.c_fc.blocks.0.weight (1024, 1024) on G_{1.0,0.0,384}  Initialized transformer.h.3.attn.c_attn.blocks.1.weight (1024, 1024) on G_{1.0,0.0,384}

  Initialized transformer.h.13.mlp.c_fc.blocks.1.weight (1024, 1024) on G_{1.0,0.0,384}  Initialized transformer.h.15.mlp.c_fc.blocks.1.weight (1024, 1024) on G_{1.0,0.0,384}

  Initialized transformer.h.4.attn.c_attn.blocks.1.weight (1024, 1024) on G_{1.0,0.0,384}
  Initialized transformer.h.13.mlp.c_fc.blocks.0.weight (1024, 1024) on G_{1.0,0.0,384}
  Initialized transformer.h.14.mlp.c_fc.blocks.1.weight (1024, 1024) on G_{1.0,0.0,384}  Initialized transformer.h.16.mlp.c_fc.blocks.1.weight (1024, 1024) on G_{1.0,0.0,384}

  Initialized transformer.h.14.mlp.c_fc.blocks.0.weight (1024, 1024) on G_{1.0,0.0,384}
  Initialized transformer.h.5.attn.c_attn.blocks.1.weight (1024, 1024) on G_{1.0,0.0,384}
  Initialized transformer.h.17.mlp.c_fc.blocks.1.weight (1024, 1024) on G_{1.0,0.0,384}
  Initialized transformer.h.15.mlp.c_fc.blocks.1.weight (1024, 1024) on G_{1.0,0.0,384}
  Initialized transformer.h.6.attn.c_attn.blocks.1.weight (1024, 1024) on G_{1.0,0.0,384}  Initialized transformer.h.15.mlp.c_fc.blocks.0.weight (1024, 1024) on G_{1.0,0.0,384}

  Initialized transformer.h.18.mlp.c_fc.blocks.1.weight (1024, 1024) on G_{1.0,0.0,384}  Initialized transformer.h.16.mlp.c_fc.blocks.1.weight (1024, 1024) on G_{1.0,0.0,384}

  Initialized transformer.h.16.mlp.c_fc.blocks.0.weight (1024, 1024) on G_{1.0,0.0,384}  Initialized transformer.h.7.attn.c_attn.blocks.1.weight (1024, 1024) on G_{1.0,0.0,384}

  Initialized transformer.h.19.mlp.c_fc.blocks.1.weight (1024, 1024) on G_{1.0,0.0,384}  Initialized transformer.h.17.mlp.c_fc.blocks.1.weight (1024, 1024) on G_{1.0,0.0,384}

  Initialized transformer.h.17.mlp.c_fc.blocks.0.weight (1024, 1024) on G_{1.0,0.0,384}  Initialized transformer.h.8.attn.c_attn.blocks.1.weight (1024, 1024) on G_{1.0,0.0,384}

  Initialized transformer.h.18.mlp.c_fc.blocks.1.weight (1024, 1024) on G_{1.0,0.0,384}  Initialized transformer.h.20.mlp.c_fc.blocks.1.weight (1024, 1024) on G_{1.0,0.0,384}

  Initialized transformer.h.18.mlp.c_fc.blocks.0.weight (1024, 1024) on G_{1.0,0.0,384}  Initialized transformer.h.9.attn.c_attn.blocks.1.weight (1024, 1024) on G_{1.0,0.0,384}

  Initialized transformer.h.21.mlp.c_fc.blocks.1.weight (1024, 1024) on G_{1.0,0.0,384}
  Initialized transformer.h.19.mlp.c_fc.blocks.1.weight (1024, 1024) on G_{1.0,0.0,384}
  Initialized transformer.h.10.attn.c_attn.blocks.1.weight (1024, 1024) on G_{1.0,0.0,384}  Initialized transformer.h.19.mlp.c_fc.blocks.0.weight (1024, 1024) on G_{1.0,0.0,384}

  Initialized transformer.h.22.mlp.c_fc.blocks.1.weight (1024, 1024) on G_{1.0,0.0,384}
  Initialized transformer.h.20.mlp.c_fc.blocks.1.weight (1024, 1024) on G_{1.0,0.0,384}
  Initialized transformer.h.11.attn.c_attn.blocks.1.weight (1024, 1024) on G_{1.0,0.0,384}  Initialized transformer.h.20.mlp.c_fc.blocks.0.weight (1024, 1024) on G_{1.0,0.0,384}

  Initialized transformer.h.21.mlp.c_fc.blocks.1.weight (1024, 1024) on G_{1.0,0.0,384}  Initialized transformer.h.23.mlp.c_fc.blocks.1.weight (1024, 1024) on G_{1.0,0.0,384}


Initializing mlp.c_fc.blocks.2.: k=1, G_{1.0,0.0,384}, type=None
  Initialized transformer.h.21.mlp.c_fc.blocks.0.weight (1024, 1024) on G_{1.0,0.0,384}  Initialized transformer.h.12.attn.c_attn.blocks.1.weight (1024, 1024) on G_{1.0,0.0,384}

  Initialized transformer.h.22.mlp.c_fc.blocks.1.weight (1024, 1024) on G_{1.0,0.0,384}  Initialized transformer.h.0.mlp.c_fc.blocks.2.weight (1024, 1024) on G_{1.0,0.0,384}

  Initialized transformer.h.22.mlp.c_fc.blocks.0.weight (1024, 1024) on G_{1.0,0.0,384}  Initialized transformer.h.13.attn.c_attn.blocks.1.weight (1024, 1024) on G_{1.0,0.0,384}

  Initialized transformer.h.23.mlp.c_fc.blocks.1.weight (1024, 1024) on G_{1.0,0.0,384}  Initialized transformer.h.1.mlp.c_fc.blocks.2.weight (1024, 1024) on G_{1.0,0.0,384}


Initializing mlp.c_fc.blocks.2.: k=1, G_{1.0,0.0,384}, type=None
  Initialized transformer.h.23.mlp.c_fc.blocks.0.weight (1024, 1024) on G_{1.0,0.0,384}  Initialized transformer.h.14.attn.c_attn.blocks.1.weight (1024, 1024) on G_{1.0,0.0,384}


Initializing mlp.c_fc.blocks.1.: k=1, G_{1.0,0.0,384}, type=None
  Initialized transformer.h.2.mlp.c_fc.blocks.2.weight (1024, 1024) on G_{1.0,0.0,384}
  Initialized transformer.h.0.mlp.c_fc.blocks.2.weight (1024, 1024) on G_{1.0,0.0,384}
  Initialized transformer.h.15.attn.c_attn.blocks.1.weight (1024, 1024) on G_{1.0,0.0,384}
  Initialized transformer.h.0.mlp.c_fc.blocks.1.weight (1024, 1024) on G_{1.0,0.0,384}
  Initialized transformer.h.1.mlp.c_fc.blocks.2.weight (1024, 1024) on G_{1.0,0.0,384}  Initialized transformer.h.3.mlp.c_fc.blocks.2.weight (1024, 1024) on G_{1.0,0.0,384}

  Initialized transformer.h.1.mlp.c_fc.blocks.1.weight (1024, 1024) on G_{1.0,0.0,384}  Initialized transformer.h.16.attn.c_attn.blocks.1.weight (1024, 1024) on G_{1.0,0.0,384}

  Initialized transformer.h.2.mlp.c_fc.blocks.2.weight (1024, 1024) on G_{1.0,0.0,384}  Initialized transformer.h.4.mlp.c_fc.blocks.2.weight (1024, 1024) on G_{1.0,0.0,384}

  Initialized transformer.h.17.attn.c_attn.blocks.1.weight (1024, 1024) on G_{1.0,0.0,384}  Initialized transformer.h.2.mlp.c_fc.blocks.1.weight (1024, 1024) on G_{1.0,0.0,384}

  Initialized transformer.h.3.mlp.c_fc.blocks.2.weight (1024, 1024) on G_{1.0,0.0,384}  Initialized transformer.h.5.mlp.c_fc.blocks.2.weight (1024, 1024) on G_{1.0,0.0,384}

  Initialized transformer.h.3.mlp.c_fc.blocks.1.weight (1024, 1024) on G_{1.0,0.0,384}  Initialized transformer.h.18.attn.c_attn.blocks.1.weight (1024, 1024) on G_{1.0,0.0,384}

  Initialized transformer.h.4.mlp.c_fc.blocks.2.weight (1024, 1024) on G_{1.0,0.0,384}  Initialized transformer.h.6.mlp.c_fc.blocks.2.weight (1024, 1024) on G_{1.0,0.0,384}

  Initialized transformer.h.4.mlp.c_fc.blocks.1.weight (1024, 1024) on G_{1.0,0.0,384}  Initialized transformer.h.19.attn.c_attn.blocks.1.weight (1024, 1024) on G_{1.0,0.0,384}

  Initialized transformer.h.5.mlp.c_fc.blocks.2.weight (1024, 1024) on G_{1.0,0.0,384}  Initialized transformer.h.7.mlp.c_fc.blocks.2.weight (1024, 1024) on G_{1.0,0.0,384}

  Initialized transformer.h.20.attn.c_attn.blocks.1.weight (1024, 1024) on G_{1.0,0.0,384}  Initialized transformer.h.5.mlp.c_fc.blocks.1.weight (1024, 1024) on G_{1.0,0.0,384}

  Initialized transformer.h.6.mlp.c_fc.blocks.2.weight (1024, 1024) on G_{1.0,0.0,384}  Initialized transformer.h.8.mlp.c_fc.blocks.2.weight (1024, 1024) on G_{1.0,0.0,384}

  Initialized transformer.h.6.mlp.c_fc.blocks.1.weight (1024, 1024) on G_{1.0,0.0,384}  Initialized transformer.h.21.attn.c_attn.blocks.1.weight (1024, 1024) on G_{1.0,0.0,384}

  Initialized transformer.h.9.mlp.c_fc.blocks.2.weight (1024, 1024) on G_{1.0,0.0,384}  Initialized transformer.h.7.mlp.c_fc.blocks.2.weight (1024, 1024) on G_{1.0,0.0,384}

  Initialized transformer.h.22.attn.c_attn.blocks.1.weight (1024, 1024) on G_{1.0,0.0,384}  Initialized transformer.h.7.mlp.c_fc.blocks.1.weight (1024, 1024) on G_{1.0,0.0,384}

  Initialized transformer.h.10.mlp.c_fc.blocks.2.weight (1024, 1024) on G_{1.0,0.0,384}  Initialized transformer.h.8.mlp.c_fc.blocks.2.weight (1024, 1024) on G_{1.0,0.0,384}

  Initialized transformer.h.8.mlp.c_fc.blocks.1.weight (1024, 1024) on G_{1.0,0.0,384}  Initialized transformer.h.23.attn.c_attn.blocks.1.weight (1024, 1024) on G_{1.0,0.0,384}


Initializing attn.c_attn.blocks.2.: k=1, G_{1.0,0.0,384}, type=None
  Initialized transformer.h.9.mlp.c_fc.blocks.2.weight (1024, 1024) on G_{1.0,0.0,384}  Initialized transformer.h.11.mlp.c_fc.blocks.2.weight (1024, 1024) on G_{1.0,0.0,384}

  Initialized transformer.h.0.attn.c_attn.blocks.2.weight (1024, 1024) on G_{1.0,0.0,384}  Initialized transformer.h.9.mlp.c_fc.blocks.1.weight (1024, 1024) on G_{1.0,0.0,384}

  Initialized transformer.h.12.mlp.c_fc.blocks.2.weight (1024, 1024) on G_{1.0,0.0,384}
  Initialized transformer.h.10.mlp.c_fc.blocks.2.weight (1024, 1024) on G_{1.0,0.0,384}
  Initialized transformer.h.10.mlp.c_fc.blocks.1.weight (1024, 1024) on G_{1.0,0.0,384}  Initialized transformer.h.1.attn.c_attn.blocks.2.weight (1024, 1024) on G_{1.0,0.0,384}

  Initialized transformer.h.13.mlp.c_fc.blocks.2.weight (1024, 1024) on G_{1.0,0.0,384}
  Initialized transformer.h.11.mlp.c_fc.blocks.2.weight (1024, 1024) on G_{1.0,0.0,384}
  Initialized transformer.h.11.mlp.c_fc.blocks.1.weight (1024, 1024) on G_{1.0,0.0,384}  Initialized transformer.h.2.attn.c_attn.blocks.2.weight (1024, 1024) on G_{1.0,0.0,384}

  Initialized transformer.h.14.mlp.c_fc.blocks.2.weight (1024, 1024) on G_{1.0,0.0,384}  Initialized transformer.h.12.mlp.c_fc.blocks.2.weight (1024, 1024) on G_{1.0,0.0,384}

  Initialized transformer.h.3.attn.c_attn.blocks.2.weight (1024, 1024) on G_{1.0,0.0,384}  Initialized transformer.h.12.mlp.c_fc.blocks.1.weight (1024, 1024) on G_{1.0,0.0,384}

  Initialized transformer.h.15.mlp.c_fc.blocks.2.weight (1024, 1024) on G_{1.0,0.0,384}  Initialized transformer.h.13.mlp.c_fc.blocks.2.weight (1024, 1024) on G_{1.0,0.0,384}

  Initialized transformer.h.13.mlp.c_fc.blocks.1.weight (1024, 1024) on G_{1.0,0.0,384}  Initialized transformer.h.4.attn.c_attn.blocks.2.weight (1024, 1024) on G_{1.0,0.0,384}

  Initialized transformer.h.14.mlp.c_fc.blocks.2.weight (1024, 1024) on G_{1.0,0.0,384}  Initialized transformer.h.16.mlp.c_fc.blocks.2.weight (1024, 1024) on G_{1.0,0.0,384}

  Initialized transformer.h.14.mlp.c_fc.blocks.1.weight (1024, 1024) on G_{1.0,0.0,384}  Initialized transformer.h.5.attn.c_attn.blocks.2.weight (1024, 1024) on G_{1.0,0.0,384}

  Initialized transformer.h.17.mlp.c_fc.blocks.2.weight (1024, 1024) on G_{1.0,0.0,384}  Initialized transformer.h.15.mlp.c_fc.blocks.2.weight (1024, 1024) on G_{1.0,0.0,384}

  Initialized transformer.h.15.mlp.c_fc.blocks.1.weight (1024, 1024) on G_{1.0,0.0,384}  Initialized transformer.h.6.attn.c_attn.blocks.2.weight (1024, 1024) on G_{1.0,0.0,384}

  Initialized transformer.h.16.mlp.c_fc.blocks.2.weight (1024, 1024) on G_{1.0,0.0,384}  Initialized transformer.h.18.mlp.c_fc.blocks.2.weight (1024, 1024) on G_{1.0,0.0,384}

  Initialized transformer.h.16.mlp.c_fc.blocks.1.weight (1024, 1024) on G_{1.0,0.0,384}  Initialized transformer.h.7.attn.c_attn.blocks.2.weight (1024, 1024) on G_{1.0,0.0,384}

  Initialized transformer.h.17.mlp.c_fc.blocks.2.weight (1024, 1024) on G_{1.0,0.0,384}  Initialized transformer.h.19.mlp.c_fc.blocks.2.weight (1024, 1024) on G_{1.0,0.0,384}

  Initialized transformer.h.8.attn.c_attn.blocks.2.weight (1024, 1024) on G_{1.0,0.0,384}  Initialized transformer.h.17.mlp.c_fc.blocks.1.weight (1024, 1024) on G_{1.0,0.0,384}

  Initialized transformer.h.18.mlp.c_fc.blocks.2.weight (1024, 1024) on G_{1.0,0.0,384}  Initialized transformer.h.20.mlp.c_fc.blocks.2.weight (1024, 1024) on G_{1.0,0.0,384}

  Initialized transformer.h.18.mlp.c_fc.blocks.1.weight (1024, 1024) on G_{1.0,0.0,384}  Initialized transformer.h.9.attn.c_attn.blocks.2.weight (1024, 1024) on G_{1.0,0.0,384}

  Initialized transformer.h.19.mlp.c_fc.blocks.2.weight (1024, 1024) on G_{1.0,0.0,384}  Initialized transformer.h.21.mlp.c_fc.blocks.2.weight (1024, 1024) on G_{1.0,0.0,384}

  Initialized transformer.h.10.attn.c_attn.blocks.2.weight (1024, 1024) on G_{1.0,0.0,384}
  Initialized transformer.h.19.mlp.c_fc.blocks.1.weight (1024, 1024) on G_{1.0,0.0,384}
  Initialized transformer.h.22.mlp.c_fc.blocks.2.weight (1024, 1024) on G_{1.0,0.0,384}  Initialized transformer.h.20.mlp.c_fc.blocks.2.weight (1024, 1024) on G_{1.0,0.0,384}

  Initialized transformer.h.11.attn.c_attn.blocks.2.weight (1024, 1024) on G_{1.0,0.0,384}  Initialized transformer.h.20.mlp.c_fc.blocks.1.weight (1024, 1024) on G_{1.0,0.0,384}

  Initialized transformer.h.21.mlp.c_fc.blocks.2.weight (1024, 1024) on G_{1.0,0.0,384}  Initialized transformer.h.23.mlp.c_fc.blocks.2.weight (1024, 1024) on G_{1.0,0.0,384}


Initializing mlp.c_fc.blocks.3.: k=1, G_{1.0,0.0,384}, type=None
  Initialized transformer.h.12.attn.c_attn.blocks.2.weight (1024, 1024) on G_{1.0,0.0,384}  Initialized transformer.h.21.mlp.c_fc.blocks.1.weight (1024, 1024) on G_{1.0,0.0,384}

  Initialized transformer.h.22.mlp.c_fc.blocks.2.weight (1024, 1024) on G_{1.0,0.0,384}
  Initialized transformer.h.0.mlp.c_fc.blocks.3.weight (1024, 1024) on G_{1.0,0.0,384}
  Initialized transformer.h.22.mlp.c_fc.blocks.1.weight (1024, 1024) on G_{1.0,0.0,384}  Initialized transformer.h.13.attn.c_attn.blocks.2.weight (1024, 1024) on G_{1.0,0.0,384}

  Initialized transformer.h.23.mlp.c_fc.blocks.2.weight (1024, 1024) on G_{1.0,0.0,384}  Initialized transformer.h.1.mlp.c_fc.blocks.3.weight (1024, 1024) on G_{1.0,0.0,384}


Initializing mlp.c_fc.blocks.3.: k=1, G_{1.0,0.0,384}, type=None
  Initialized transformer.h.23.mlp.c_fc.blocks.1.weight (1024, 1024) on G_{1.0,0.0,384}
  Initialized transformer.h.14.attn.c_attn.blocks.2.weight (1024, 1024) on G_{1.0,0.0,384}

Initializing mlp.c_fc.blocks.2.: k=1, G_{1.0,0.0,384}, type=None
  Initialized transformer.h.2.mlp.c_fc.blocks.3.weight (1024, 1024) on G_{1.0,0.0,384}
  Initialized transformer.h.0.mlp.c_fc.blocks.3.weight (1024, 1024) on G_{1.0,0.0,384}
  Initialized transformer.h.15.attn.c_attn.blocks.2.weight (1024, 1024) on G_{1.0,0.0,384}  Initialized transformer.h.0.mlp.c_fc.blocks.2.weight (1024, 1024) on G_{1.0,0.0,384}

  Initialized transformer.h.3.mlp.c_fc.blocks.3.weight (1024, 1024) on G_{1.0,0.0,384}
  Initialized transformer.h.1.mlp.c_fc.blocks.3.weight (1024, 1024) on G_{1.0,0.0,384}
  Initialized transformer.h.1.mlp.c_fc.blocks.2.weight (1024, 1024) on G_{1.0,0.0,384}  Initialized transformer.h.16.attn.c_attn.blocks.2.weight (1024, 1024) on G_{1.0,0.0,384}

  Initialized transformer.h.4.mlp.c_fc.blocks.3.weight (1024, 1024) on G_{1.0,0.0,384}
  Initialized transformer.h.2.mlp.c_fc.blocks.3.weight (1024, 1024) on G_{1.0,0.0,384}
  Initialized transformer.h.2.mlp.c_fc.blocks.2.weight (1024, 1024) on G_{1.0,0.0,384}  Initialized transformer.h.17.attn.c_attn.blocks.2.weight (1024, 1024) on G_{1.0,0.0,384}

  Initialized transformer.h.3.mlp.c_fc.blocks.3.weight (1024, 1024) on G_{1.0,0.0,384}  Initialized transformer.h.5.mlp.c_fc.blocks.3.weight (1024, 1024) on G_{1.0,0.0,384}

  Initialized transformer.h.3.mlp.c_fc.blocks.2.weight (1024, 1024) on G_{1.0,0.0,384}  Initialized transformer.h.18.attn.c_attn.blocks.2.weight (1024, 1024) on G_{1.0,0.0,384}

  Initialized transformer.h.4.mlp.c_fc.blocks.3.weight (1024, 1024) on G_{1.0,0.0,384}  Initialized transformer.h.6.mlp.c_fc.blocks.3.weight (1024, 1024) on G_{1.0,0.0,384}

  Initialized transformer.h.4.mlp.c_fc.blocks.2.weight (1024, 1024) on G_{1.0,0.0,384}  Initialized transformer.h.19.attn.c_attn.blocks.2.weight (1024, 1024) on G_{1.0,0.0,384}

  Initialized transformer.h.5.mlp.c_fc.blocks.3.weight (1024, 1024) on G_{1.0,0.0,384}  Initialized transformer.h.7.mlp.c_fc.blocks.3.weight (1024, 1024) on G_{1.0,0.0,384}

  Initialized transformer.h.5.mlp.c_fc.blocks.2.weight (1024, 1024) on G_{1.0,0.0,384}  Initialized transformer.h.20.attn.c_attn.blocks.2.weight (1024, 1024) on G_{1.0,0.0,384}

  Initialized transformer.h.6.mlp.c_fc.blocks.3.weight (1024, 1024) on G_{1.0,0.0,384}  Initialized transformer.h.8.mlp.c_fc.blocks.3.weight (1024, 1024) on G_{1.0,0.0,384}

  Initialized transformer.h.21.attn.c_attn.blocks.2.weight (1024, 1024) on G_{1.0,0.0,384}
  Initialized transformer.h.6.mlp.c_fc.blocks.2.weight (1024, 1024) on G_{1.0,0.0,384}
  Initialized transformer.h.7.mlp.c_fc.blocks.3.weight (1024, 1024) on G_{1.0,0.0,384}  Initialized transformer.h.9.mlp.c_fc.blocks.3.weight (1024, 1024) on G_{1.0,0.0,384}

  Initialized transformer.h.7.mlp.c_fc.blocks.2.weight (1024, 1024) on G_{1.0,0.0,384}  Initialized transformer.h.22.attn.c_attn.blocks.2.weight (1024, 1024) on G_{1.0,0.0,384}

  Initialized transformer.h.8.mlp.c_fc.blocks.3.weight (1024, 1024) on G_{1.0,0.0,384}  Initialized transformer.h.10.mlp.c_fc.blocks.3.weight (1024, 1024) on G_{1.0,0.0,384}

  Initialized transformer.h.23.attn.c_attn.blocks.2.weight (1024, 1024) on G_{1.0,0.0,384}  Initialized transformer.h.8.mlp.c_fc.blocks.2.weight (1024, 1024) on G_{1.0,0.0,384}


Initializing mlp.c_fc.blocks.0.: k=1, G_{1.0,0.0,384}, type=None
  Initialized transformer.h.9.mlp.c_fc.blocks.3.weight (1024, 1024) on G_{1.0,0.0,384}  Initialized transformer.h.11.mlp.c_fc.blocks.3.weight (1024, 1024) on G_{1.0,0.0,384}

  Initialized transformer.h.9.mlp.c_fc.blocks.2.weight (1024, 1024) on G_{1.0,0.0,384}  Initialized transformer.h.0.mlp.c_fc.blocks.0.weight (1024, 1024) on G_{1.0,0.0,384}

  Initialized transformer.h.10.mlp.c_fc.blocks.3.weight (1024, 1024) on G_{1.0,0.0,384}  Initialized transformer.h.12.mlp.c_fc.blocks.3.weight (1024, 1024) on G_{1.0,0.0,384}

  Initialized transformer.h.1.mlp.c_fc.blocks.0.weight (1024, 1024) on G_{1.0,0.0,384}  Initialized transformer.h.10.mlp.c_fc.blocks.2.weight (1024, 1024) on G_{1.0,0.0,384}

  Initialized transformer.h.13.mlp.c_fc.blocks.3.weight (1024, 1024) on G_{1.0,0.0,384}  Initialized transformer.h.11.mlp.c_fc.blocks.3.weight (1024, 1024) on G_{1.0,0.0,384}

  Initialized transformer.h.11.mlp.c_fc.blocks.2.weight (1024, 1024) on G_{1.0,0.0,384}  Initialized transformer.h.2.mlp.c_fc.blocks.0.weight (1024, 1024) on G_{1.0,0.0,384}

  Initialized transformer.h.12.mlp.c_fc.blocks.3.weight (1024, 1024) on G_{1.0,0.0,384}  Initialized transformer.h.14.mlp.c_fc.blocks.3.weight (1024, 1024) on G_{1.0,0.0,384}

  Initialized transformer.h.3.mlp.c_fc.blocks.0.weight (1024, 1024) on G_{1.0,0.0,384}  Initialized transformer.h.12.mlp.c_fc.blocks.2.weight (1024, 1024) on G_{1.0,0.0,384}

  Initialized transformer.h.15.mlp.c_fc.blocks.3.weight (1024, 1024) on G_{1.0,0.0,384}  Initialized transformer.h.13.mlp.c_fc.blocks.3.weight (1024, 1024) on G_{1.0,0.0,384}

  Initialized transformer.h.13.mlp.c_fc.blocks.2.weight (1024, 1024) on G_{1.0,0.0,384}  Initialized transformer.h.4.mlp.c_fc.blocks.0.weight (1024, 1024) on G_{1.0,0.0,384}

  Initialized transformer.h.14.mlp.c_fc.blocks.3.weight (1024, 1024) on G_{1.0,0.0,384}  Initialized transformer.h.16.mlp.c_fc.blocks.3.weight (1024, 1024) on G_{1.0,0.0,384}

  Initialized transformer.h.14.mlp.c_fc.blocks.2.weight (1024, 1024) on G_{1.0,0.0,384}  Initialized transformer.h.5.mlp.c_fc.blocks.0.weight (1024, 1024) on G_{1.0,0.0,384}

  Initialized transformer.h.17.mlp.c_fc.blocks.3.weight (1024, 1024) on G_{1.0,0.0,384}
  Initialized transformer.h.15.mlp.c_fc.blocks.3.weight (1024, 1024) on G_{1.0,0.0,384}
  Initialized transformer.h.6.mlp.c_fc.blocks.0.weight (1024, 1024) on G_{1.0,0.0,384}  Initialized transformer.h.15.mlp.c_fc.blocks.2.weight (1024, 1024) on G_{1.0,0.0,384}

  Initialized transformer.h.18.mlp.c_fc.blocks.3.weight (1024, 1024) on G_{1.0,0.0,384}
  Initialized transformer.h.16.mlp.c_fc.blocks.3.weight (1024, 1024) on G_{1.0,0.0,384}
  Initialized transformer.h.16.mlp.c_fc.blocks.2.weight (1024, 1024) on G_{1.0,0.0,384}  Initialized transformer.h.7.mlp.c_fc.blocks.0.weight (1024, 1024) on G_{1.0,0.0,384}

  Initialized transformer.h.17.mlp.c_fc.blocks.3.weight (1024, 1024) on G_{1.0,0.0,384}  Initialized transformer.h.19.mlp.c_fc.blocks.3.weight (1024, 1024) on G_{1.0,0.0,384}

  Initialized transformer.h.17.mlp.c_fc.blocks.2.weight (1024, 1024) on G_{1.0,0.0,384}  Initialized transformer.h.8.mlp.c_fc.blocks.0.weight (1024, 1024) on G_{1.0,0.0,384}

  Initialized transformer.h.18.mlp.c_fc.blocks.3.weight (1024, 1024) on G_{1.0,0.0,384}  Initialized transformer.h.20.mlp.c_fc.blocks.3.weight (1024, 1024) on G_{1.0,0.0,384}

  Initialized transformer.h.18.mlp.c_fc.blocks.2.weight (1024, 1024) on G_{1.0,0.0,384}  Initialized transformer.h.9.mlp.c_fc.blocks.0.weight (1024, 1024) on G_{1.0,0.0,384}

  Initialized transformer.h.19.mlp.c_fc.blocks.3.weight (1024, 1024) on G_{1.0,0.0,384}  Initialized transformer.h.21.mlp.c_fc.blocks.3.weight (1024, 1024) on G_{1.0,0.0,384}

  Initialized transformer.h.10.mlp.c_fc.blocks.0.weight (1024, 1024) on G_{1.0,0.0,384}  Initialized transformer.h.19.mlp.c_fc.blocks.2.weight (1024, 1024) on G_{1.0,0.0,384}

  Initialized transformer.h.20.mlp.c_fc.blocks.3.weight (1024, 1024) on G_{1.0,0.0,384}  Initialized transformer.h.22.mlp.c_fc.blocks.3.weight (1024, 1024) on G_{1.0,0.0,384}

  Initialized transformer.h.20.mlp.c_fc.blocks.2.weight (1024, 1024) on G_{1.0,0.0,384}  Initialized transformer.h.11.mlp.c_fc.blocks.0.weight (1024, 1024) on G_{1.0,0.0,384}

  Initialized transformer.h.21.mlp.c_fc.blocks.3.weight (1024, 1024) on G_{1.0,0.0,384}  Initialized transformer.h.23.mlp.c_fc.blocks.3.weight (1024, 1024) on G_{1.0,0.0,384}


Initializing transformer.h.1.attn.c_attn.blocks.0.: k=1, G_{1.0,0.0,384}, type=None
  Initialized transformer.h.12.mlp.c_fc.blocks.0.weight (1024, 1024) on G_{1.0,0.0,384}  Initialized transformer.h.21.mlp.c_fc.blocks.2.weight (1024, 1024) on G_{1.0,0.0,384}

  Initialized transformer.h.22.mlp.c_fc.blocks.3.weight (1024, 1024) on G_{1.0,0.0,384}
  Initialized transformer.h.1.attn.c_attn.blocks.0.weight (1024, 1024) on G_{1.0,0.0,384}
  Initialized transformer.h.13.mlp.c_fc.blocks.0.weight (1024, 1024) on G_{1.0,0.0,384}
  Initialized transformer.h.22.mlp.c_fc.blocks.2.weight (1024, 1024) on G_{1.0,0.0,384}

Initializing transformer.h.1.attn.c_attn.blocks.1.: k=1, G_{1.0,0.0,384}, type=None
  Initialized transformer.h.23.mlp.c_fc.blocks.3.weight (1024, 1024) on G_{1.0,0.0,384}

Initializing transformer.h.1.attn.c_attn.blocks.0.: k=1, G_{1.0,0.0,384}, type=None
  Initialized transformer.h.14.mlp.c_fc.blocks.0.weight (1024, 1024) on G_{1.0,0.0,384}  Initialized transformer.h.23.mlp.c_fc.blocks.2.weight (1024, 1024) on G_{1.0,0.0,384}


Initializing mlp.c_fc.blocks.3.: k=1, G_{1.0,0.0,384}, type=None
  Initialized transformer.h.1.attn.c_attn.blocks.1.weight (1024, 1024) on G_{1.0,0.0,384}
  Initialized transformer.h.1.attn.c_attn.blocks.0.weight (1024, 1024) on G_{1.0,0.0,384}

Initializing transformer.h.1.attn.c_attn.blocks.2.: k=1, G_{1.0,0.0,384}, type=None
  Initialized transformer.h.15.mlp.c_fc.blocks.0.weight (1024, 1024) on G_{1.0,0.0,384}
  Initialized transformer.h.0.mlp.c_fc.blocks.3.weight (1024, 1024) on G_{1.0,0.0,384}

Initializing transformer.h.1.attn.c_attn.blocks.1.: k=1, G_{1.0,0.0,384}, type=None
  Initialized transformer.h.1.attn.c_attn.blocks.2.weight (1024, 1024) on G_{1.0,0.0,384}
  Initialized transformer.h.1.mlp.c_fc.blocks.3.weight (1024, 1024) on G_{1.0,0.0,384}  Initialized transformer.h.16.mlp.c_fc.blocks.0.weight (1024, 1024) on G_{1.0,0.0,384}

  Initialized transformer.h.1.attn.c_attn.blocks.1.weight (1024, 1024) on G_{1.0,0.0,384}

Initializing transformer.h.1.mlp.c_fc.blocks.0.: k=1, G_{1.0,0.0,384}, type=None

Initializing transformer.h.1.attn.c_attn.blocks.2.: k=1, G_{1.0,0.0,384}, type=None
  Initialized transformer.h.17.mlp.c_fc.blocks.0.weight (1024, 1024) on G_{1.0,0.0,384}  Initialized transformer.h.2.mlp.c_fc.blocks.3.weight (1024, 1024) on G_{1.0,0.0,384}

  Initialized transformer.h.1.mlp.c_fc.blocks.0.weight (1024, 1024) on G_{1.0,0.0,384}
  Initialized transformer.h.1.attn.c_attn.blocks.2.weight (1024, 1024) on G_{1.0,0.0,384}

Initializing transformer.h.1.mlp.c_fc.blocks.1.: k=1, G_{1.0,0.0,384}, type=None
  Initialized transformer.h.18.mlp.c_fc.blocks.0.weight (1024, 1024) on G_{1.0,0.0,384}

Initializing transformer.h.1.mlp.c_fc.blocks.0.: k=1, G_{1.0,0.0,384}, type=None
  Initialized transformer.h.1.mlp.c_fc.blocks.1.weight (1024, 1024) on G_{1.0,0.0,384}
  Initialized transformer.h.19.mlp.c_fc.blocks.0.weight (1024, 1024) on G_{1.0,0.0,384}

Initializing transformer.h.1.mlp.c_fc.blocks.2.: k=1, G_{1.0,0.0,384}, type=None
  Initialized transformer.h.1.mlp.c_fc.blocks.0.weight (1024, 1024) on G_{1.0,0.0,384}
  Initialized transformer.h.3.mlp.c_fc.blocks.3.weight (1024, 1024) on G_{1.0,0.0,384}
  Initialized transformer.h.20.mlp.c_fc.blocks.0.weight (1024, 1024) on G_{1.0,0.0,384}

Initializing transformer.h.1.mlp.c_fc.blocks.1.: k=1, G_{1.0,0.0,384}, type=None
  Initialized transformer.h.1.mlp.c_fc.blocks.2.weight (1024, 1024) on G_{1.0,0.0,384}
  Initialized transformer.h.21.mlp.c_fc.blocks.0.weight (1024, 1024) on G_{1.0,0.0,384}

Initializing transformer.h.1.mlp.c_fc.blocks.3.: k=1, G_{1.0,0.0,384}, type=None
  Initialized transformer.h.4.mlp.c_fc.blocks.3.weight (1024, 1024) on G_{1.0,0.0,384}
  Initialized transformer.h.1.mlp.c_fc.blocks.1.weight (1024, 1024) on G_{1.0,0.0,384}
  Initialized transformer.h.22.mlp.c_fc.blocks.0.weight (1024, 1024) on G_{1.0,0.0,384}

Initializing transformer.h.1.mlp.c_fc.blocks.2.: k=1, G_{1.0,0.0,384}, type=None
  Initialized transformer.h.1.mlp.c_fc.blocks.3.weight (1024, 1024) on G_{1.0,0.0,384}

Initializing transformer.h.2.attn.c_attn.blocks.0.: k=1, G_{1.0,0.0,384}, type=None
  Initialized transformer.h.23.mlp.c_fc.blocks.0.weight (1024, 1024) on G_{1.0,0.0,384}

Initializing mlp.c_fc.blocks.1.: k=1, G_{1.0,0.0,384}, type=None
  Initialized transformer.h.1.mlp.c_fc.blocks.2.weight (1024, 1024) on G_{1.0,0.0,384}

Initializing transformer.h.1.mlp.c_fc.blocks.3.: k=1, G_{1.0,0.0,384}, type=None
  Initialized transformer.h.2.attn.c_attn.blocks.0.weight (1024, 1024) on G_{1.0,0.0,384}
  Initialized transformer.h.5.mlp.c_fc.blocks.3.weight (1024, 1024) on G_{1.0,0.0,384}
  Initialized transformer.h.0.mlp.c_fc.blocks.1.weight (1024, 1024) on G_{1.0,0.0,384}

Initializing transformer.h.2.attn.c_attn.blocks.1.: k=1, G_{1.0,0.0,384}, type=None
  Initialized transformer.h.1.mlp.c_fc.blocks.3.weight (1024, 1024) on G_{1.0,0.0,384}
  Initialized transformer.h.1.mlp.c_fc.blocks.1.weight (1024, 1024) on G_{1.0,0.0,384}
  Initialized transformer.h.6.mlp.c_fc.blocks.3.weight (1024, 1024) on G_{1.0,0.0,384}

Initializing transformer.h.2.attn.c_attn.blocks.0.: k=1, G_{1.0,0.0,384}, type=None
  Initialized transformer.h.2.attn.c_attn.blocks.1.weight (1024, 1024) on G_{1.0,0.0,384}
  Initialized transformer.h.2.mlp.c_fc.blocks.1.weight (1024, 1024) on G_{1.0,0.0,384}

Initializing transformer.h.2.attn.c_attn.blocks.2.: k=1, G_{1.0,0.0,384}, type=None
  Initialized transformer.h.7.mlp.c_fc.blocks.3.weight (1024, 1024) on G_{1.0,0.0,384}
  Initialized transformer.h.2.attn.c_attn.blocks.0.weight (1024, 1024) on G_{1.0,0.0,384}

Initializing transformer.h.2.attn.c_attn.blocks.1.: k=1, G_{1.0,0.0,384}, type=None
  Initialized transformer.h.3.mlp.c_fc.blocks.1.weight (1024, 1024) on G_{1.0,0.0,384}
  Initialized transformer.h.2.attn.c_attn.blocks.2.weight (1024, 1024) on G_{1.0,0.0,384}
  Initialized transformer.h.8.mlp.c_fc.blocks.3.weight (1024, 1024) on G_{1.0,0.0,384}

Initializing transformer.h.2.mlp.c_fc.blocks.0.: k=1, G_{1.0,0.0,384}, type=None
  Initialized transformer.h.2.attn.c_attn.blocks.1.weight (1024, 1024) on G_{1.0,0.0,384}
  Initialized transformer.h.4.mlp.c_fc.blocks.1.weight (1024, 1024) on G_{1.0,0.0,384}
  Initialized transformer.h.9.mlp.c_fc.blocks.3.weight (1024, 1024) on G_{1.0,0.0,384}

Initializing transformer.h.2.attn.c_attn.blocks.2.: k=1, G_{1.0,0.0,384}, type=None
  Initialized transformer.h.2.mlp.c_fc.blocks.0.weight (1024, 1024) on G_{1.0,0.0,384}
  Initialized transformer.h.5.mlp.c_fc.blocks.1.weight (1024, 1024) on G_{1.0,0.0,384}
  Initialized transformer.h.10.mlp.c_fc.blocks.3.weight (1024, 1024) on G_{1.0,0.0,384}

Initializing transformer.h.2.mlp.c_fc.blocks.1.: k=1, G_{1.0,0.0,384}, type=None
  Initialized transformer.h.2.attn.c_attn.blocks.2.weight (1024, 1024) on G_{1.0,0.0,384}
  Initialized transformer.h.6.mlp.c_fc.blocks.1.weight (1024, 1024) on G_{1.0,0.0,384}
  Initialized transformer.h.11.mlp.c_fc.blocks.3.weight (1024, 1024) on G_{1.0,0.0,384}

Initializing transformer.h.2.mlp.c_fc.blocks.0.: k=1, G_{1.0,0.0,384}, type=None
  Initialized transformer.h.2.mlp.c_fc.blocks.1.weight (1024, 1024) on G_{1.0,0.0,384}

Initializing transformer.h.2.mlp.c_fc.blocks.2.: k=1, G_{1.0,0.0,384}, type=None
  Initialized transformer.h.7.mlp.c_fc.blocks.1.weight (1024, 1024) on G_{1.0,0.0,384}
  Initialized transformer.h.12.mlp.c_fc.blocks.3.weight (1024, 1024) on G_{1.0,0.0,384}
  Initialized transformer.h.2.mlp.c_fc.blocks.0.weight (1024, 1024) on G_{1.0,0.0,384}

Initializing transformer.h.2.mlp.c_fc.blocks.1.: k=1, G_{1.0,0.0,384}, type=None
  Initialized transformer.h.2.mlp.c_fc.blocks.2.weight (1024, 1024) on G_{1.0,0.0,384}
  Initialized transformer.h.8.mlp.c_fc.blocks.1.weight (1024, 1024) on G_{1.0,0.0,384}
  Initialized transformer.h.13.mlp.c_fc.blocks.3.weight (1024, 1024) on G_{1.0,0.0,384}

Initializing transformer.h.2.mlp.c_fc.blocks.3.: k=1, G_{1.0,0.0,384}, type=None
  Initialized transformer.h.2.mlp.c_fc.blocks.1.weight (1024, 1024) on G_{1.0,0.0,384}
  Initialized transformer.h.9.mlp.c_fc.blocks.1.weight (1024, 1024) on G_{1.0,0.0,384}
  Initialized transformer.h.14.mlp.c_fc.blocks.3.weight (1024, 1024) on G_{1.0,0.0,384}

Initializing transformer.h.2.mlp.c_fc.blocks.2.: k=1, G_{1.0,0.0,384}, type=None
  Initialized transformer.h.2.mlp.c_fc.blocks.3.weight (1024, 1024) on G_{1.0,0.0,384}
  Initialized transformer.h.15.mlp.c_fc.blocks.3.weight (1024, 1024) on G_{1.0,0.0,384}  Initialized transformer.h.10.mlp.c_fc.blocks.1.weight (1024, 1024) on G_{1.0,0.0,384}


Initializing transformer.h.3.attn.c_attn.blocks.0.: k=1, G_{1.0,0.0,384}, type=None
  Initialized transformer.h.2.mlp.c_fc.blocks.2.weight (1024, 1024) on G_{1.0,0.0,384}
  Initialized transformer.h.16.mlp.c_fc.blocks.3.weight (1024, 1024) on G_{1.0,0.0,384}  Initialized transformer.h.11.mlp.c_fc.blocks.1.weight (1024, 1024) on G_{1.0,0.0,384}


Initializing transformer.h.2.mlp.c_fc.blocks.3.: k=1, G_{1.0,0.0,384}, type=None
  Initialized transformer.h.3.attn.c_attn.blocks.0.weight (1024, 1024) on G_{1.0,0.0,384}

Initializing transformer.h.3.attn.c_attn.blocks.1.: k=1, G_{1.0,0.0,384}, type=None
  Initialized transformer.h.12.mlp.c_fc.blocks.1.weight (1024, 1024) on G_{1.0,0.0,384}  Initialized transformer.h.17.mlp.c_fc.blocks.3.weight (1024, 1024) on G_{1.0,0.0,384}

  Initialized transformer.h.2.mlp.c_fc.blocks.3.weight (1024, 1024) on G_{1.0,0.0,384}

Initializing transformer.h.3.attn.c_attn.blocks.0.: k=1, G_{1.0,0.0,384}, type=None
  Initialized transformer.h.3.attn.c_attn.blocks.1.weight (1024, 1024) on G_{1.0,0.0,384}
  Initialized transformer.h.18.mlp.c_fc.blocks.3.weight (1024, 1024) on G_{1.0,0.0,384}  Initialized transformer.h.13.mlp.c_fc.blocks.1.weight (1024, 1024) on G_{1.0,0.0,384}


Initializing transformer.h.3.attn.c_attn.blocks.2.: k=1, G_{1.0,0.0,384}, type=None
  Initialized transformer.h.3.attn.c_attn.blocks.0.weight (1024, 1024) on G_{1.0,0.0,384}
  Initialized transformer.h.19.mlp.c_fc.blocks.3.weight (1024, 1024) on G_{1.0,0.0,384}  Initialized transformer.h.14.mlp.c_fc.blocks.1.weight (1024, 1024) on G_{1.0,0.0,384}

  Initialized transformer.h.3.attn.c_attn.blocks.2.weight (1024, 1024) on G_{1.0,0.0,384}

Initializing transformer.h.3.attn.c_attn.blocks.1.: k=1, G_{1.0,0.0,384}, type=None

Initializing transformer.h.3.mlp.c_fc.blocks.0.: k=1, G_{1.0,0.0,384}, type=None
  Initialized transformer.h.20.mlp.c_fc.blocks.3.weight (1024, 1024) on G_{1.0,0.0,384}  Initialized transformer.h.15.mlp.c_fc.blocks.1.weight (1024, 1024) on G_{1.0,0.0,384}

  Initialized transformer.h.3.attn.c_attn.blocks.1.weight (1024, 1024) on G_{1.0,0.0,384}
  Initialized transformer.h.3.mlp.c_fc.blocks.0.weight (1024, 1024) on G_{1.0,0.0,384}

Initializing transformer.h.3.attn.c_attn.blocks.2.: k=1, G_{1.0,0.0,384}, type=None
  Initialized transformer.h.21.mlp.c_fc.blocks.3.weight (1024, 1024) on G_{1.0,0.0,384}  Initialized transformer.h.16.mlp.c_fc.blocks.1.weight (1024, 1024) on G_{1.0,0.0,384}


Initializing transformer.h.3.mlp.c_fc.blocks.1.: k=1, G_{1.0,0.0,384}, type=None
  Initialized transformer.h.3.attn.c_attn.blocks.2.weight (1024, 1024) on G_{1.0,0.0,384}
  Initialized transformer.h.17.mlp.c_fc.blocks.1.weight (1024, 1024) on G_{1.0,0.0,384}  Initialized transformer.h.22.mlp.c_fc.blocks.3.weight (1024, 1024) on G_{1.0,0.0,384}

  Initialized transformer.h.3.mlp.c_fc.blocks.1.weight (1024, 1024) on G_{1.0,0.0,384}

Initializing transformer.h.3.mlp.c_fc.blocks.0.: k=1, G_{1.0,0.0,384}, type=None

Initializing transformer.h.3.mlp.c_fc.blocks.2.: k=1, G_{1.0,0.0,384}, type=None
  Initialized transformer.h.18.mlp.c_fc.blocks.1.weight (1024, 1024) on G_{1.0,0.0,384}  Initialized transformer.h.23.mlp.c_fc.blocks.3.weight (1024, 1024) on G_{1.0,0.0,384}


Initializing transformer.h.1.attn.c_attn.blocks.0.: k=1, G_{1.0,0.0,384}, type=None
  Initialized transformer.h.3.mlp.c_fc.blocks.0.weight (1024, 1024) on G_{1.0,0.0,384}
  Initialized transformer.h.19.mlp.c_fc.blocks.1.weight (1024, 1024) on G_{1.0,0.0,384}
  Initialized transformer.h.3.mlp.c_fc.blocks.2.weight (1024, 1024) on G_{1.0,0.0,384}
  Initialized transformer.h.1.attn.c_attn.blocks.0.weight (1024, 1024) on G_{1.0,0.0,384}

Initializing transformer.h.3.mlp.c_fc.blocks.1.: k=1, G_{1.0,0.0,384}, type=None

Initializing transformer.h.3.mlp.c_fc.blocks.3.: k=1, G_{1.0,0.0,384}, type=None

Initializing transformer.h.1.attn.c_attn.blocks.1.: k=1, G_{1.0,0.0,384}, type=None
  Initialized transformer.h.20.mlp.c_fc.blocks.1.weight (1024, 1024) on G_{1.0,0.0,384}
  Initialized transformer.h.3.mlp.c_fc.blocks.1.weight (1024, 1024) on G_{1.0,0.0,384}
  Initialized transformer.h.3.mlp.c_fc.blocks.3.weight (1024, 1024) on G_{1.0,0.0,384}
  Initialized transformer.h.1.attn.c_attn.blocks.1.weight (1024, 1024) on G_{1.0,0.0,384}

Initializing transformer.h.3.mlp.c_fc.blocks.2.: k=1, G_{1.0,0.0,384}, type=None
  Initialized transformer.h.21.mlp.c_fc.blocks.1.weight (1024, 1024) on G_{1.0,0.0,384}

Initializing transformer.h.4.attn.c_attn.blocks.0.: k=1, G_{1.0,0.0,384}, type=None

Initializing transformer.h.1.attn.c_attn.blocks.2.: k=1, G_{1.0,0.0,384}, type=None
  Initialized transformer.h.3.mlp.c_fc.blocks.2.weight (1024, 1024) on G_{1.0,0.0,384}
  Initialized transformer.h.22.mlp.c_fc.blocks.1.weight (1024, 1024) on G_{1.0,0.0,384}
  Initialized transformer.h.4.attn.c_attn.blocks.0.weight (1024, 1024) on G_{1.0,0.0,384}
  Initialized transformer.h.1.attn.c_attn.blocks.2.weight (1024, 1024) on G_{1.0,0.0,384}

Initializing transformer.h.3.mlp.c_fc.blocks.3.: k=1, G_{1.0,0.0,384}, type=None

Initializing transformer.h.4.attn.c_attn.blocks.1.: k=1, G_{1.0,0.0,384}, type=None

Initializing transformer.h.1.mlp.c_fc.blocks.0.: k=1, G_{1.0,0.0,384}, type=None
  Initialized transformer.h.23.mlp.c_fc.blocks.1.weight (1024, 1024) on G_{1.0,0.0,384}

Initializing mlp.c_fc.blocks.2.: k=1, G_{1.0,0.0,384}, type=None
  Initialized transformer.h.3.mlp.c_fc.blocks.3.weight (1024, 1024) on G_{1.0,0.0,384}
  Initialized transformer.h.4.attn.c_attn.blocks.1.weight (1024, 1024) on G_{1.0,0.0,384}
  Initialized transformer.h.1.mlp.c_fc.blocks.0.weight (1024, 1024) on G_{1.0,0.0,384}
  Initialized transformer.h.0.mlp.c_fc.blocks.2.weight (1024, 1024) on G_{1.0,0.0,384}

Initializing transformer.h.4.attn.c_attn.blocks.0.: k=1, G_{1.0,0.0,384}, type=None

Initializing transformer.h.4.attn.c_attn.blocks.2.: k=1, G_{1.0,0.0,384}, type=None

Initializing transformer.h.1.mlp.c_fc.blocks.1.: k=1, G_{1.0,0.0,384}, type=None
  Initialized transformer.h.1.mlp.c_fc.blocks.2.weight (1024, 1024) on G_{1.0,0.0,384}
  Initialized transformer.h.4.attn.c_attn.blocks.0.weight (1024, 1024) on G_{1.0,0.0,384}
  Initialized transformer.h.4.attn.c_attn.blocks.2.weight (1024, 1024) on G_{1.0,0.0,384}
  Initialized transformer.h.1.mlp.c_fc.blocks.1.weight (1024, 1024) on G_{1.0,0.0,384}

Initializing transformer.h.4.attn.c_attn.blocks.1.: k=1, G_{1.0,0.0,384}, type=None
  Initialized transformer.h.2.mlp.c_fc.blocks.2.weight (1024, 1024) on G_{1.0,0.0,384}

Initializing transformer.h.4.mlp.c_fc.blocks.0.: k=1, G_{1.0,0.0,384}, type=None

Initializing transformer.h.1.mlp.c_fc.blocks.2.: k=1, G_{1.0,0.0,384}, type=None
  Initialized transformer.h.3.mlp.c_fc.blocks.2.weight (1024, 1024) on G_{1.0,0.0,384}
  Initialized transformer.h.4.attn.c_attn.blocks.1.weight (1024, 1024) on G_{1.0,0.0,384}
  Initialized transformer.h.1.mlp.c_fc.blocks.2.weight (1024, 1024) on G_{1.0,0.0,384}
  Initialized transformer.h.4.mlp.c_fc.blocks.0.weight (1024, 1024) on G_{1.0,0.0,384}

Initializing transformer.h.4.attn.c_attn.blocks.2.: k=1, G_{1.0,0.0,384}, type=None

Initializing transformer.h.4.mlp.c_fc.blocks.1.: k=1, G_{1.0,0.0,384}, type=None

Initializing transformer.h.1.mlp.c_fc.blocks.3.: k=1, G_{1.0,0.0,384}, type=None
  Initialized transformer.h.4.mlp.c_fc.blocks.2.weight (1024, 1024) on G_{1.0,0.0,384}
  Initialized transformer.h.4.attn.c_attn.blocks.2.weight (1024, 1024) on G_{1.0,0.0,384}
  Initialized transformer.h.1.mlp.c_fc.blocks.3.weight (1024, 1024) on G_{1.0,0.0,384}
  Initialized transformer.h.4.mlp.c_fc.blocks.1.weight (1024, 1024) on G_{1.0,0.0,384}
  Initialized transformer.h.5.mlp.c_fc.blocks.2.weight (1024, 1024) on G_{1.0,0.0,384}

Initializing transformer.h.4.mlp.c_fc.blocks.0.: k=1, G_{1.0,0.0,384}, type=None

Initializing transformer.h.4.mlp.c_fc.blocks.2.: k=1, G_{1.0,0.0,384}, type=None

Initializing transformer.h.2.attn.c_attn.blocks.0.: k=1, G_{1.0,0.0,384}, type=None
  Initialized transformer.h.6.mlp.c_fc.blocks.2.weight (1024, 1024) on G_{1.0,0.0,384}
  Initialized transformer.h.4.mlp.c_fc.blocks.0.weight (1024, 1024) on G_{1.0,0.0,384}
  Initialized transformer.h.2.attn.c_attn.blocks.0.weight (1024, 1024) on G_{1.0,0.0,384}
  Initialized transformer.h.4.mlp.c_fc.blocks.2.weight (1024, 1024) on G_{1.0,0.0,384}

Initializing transformer.h.4.mlp.c_fc.blocks.1.: k=1, G_{1.0,0.0,384}, type=None
  Initialized transformer.h.7.mlp.c_fc.blocks.2.weight (1024, 1024) on G_{1.0,0.0,384}

Initializing transformer.h.2.attn.c_attn.blocks.1.: k=1, G_{1.0,0.0,384}, type=None

Initializing transformer.h.4.mlp.c_fc.blocks.3.: k=1, G_{1.0,0.0,384}, type=None
  Initialized transformer.h.8.mlp.c_fc.blocks.2.weight (1024, 1024) on G_{1.0,0.0,384}
  Initialized transformer.h.4.mlp.c_fc.blocks.1.weight (1024, 1024) on G_{1.0,0.0,384}
  Initialized transformer.h.2.attn.c_attn.blocks.1.weight (1024, 1024) on G_{1.0,0.0,384}
  Initialized transformer.h.4.mlp.c_fc.blocks.3.weight (1024, 1024) on G_{1.0,0.0,384}

Initializing transformer.h.4.mlp.c_fc.blocks.2.: k=1, G_{1.0,0.0,384}, type=None

Initializing transformer.h.2.attn.c_attn.blocks.2.: k=1, G_{1.0,0.0,384}, type=None

Initializing transformer.h.5.attn.c_attn.blocks.0.: k=1, G_{1.0,0.0,384}, type=None
  Initialized transformer.h.9.mlp.c_fc.blocks.2.weight (1024, 1024) on G_{1.0,0.0,384}
  Initialized transformer.h.4.mlp.c_fc.blocks.2.weight (1024, 1024) on G_{1.0,0.0,384}  Initialized transformer.h.2.attn.c_attn.blocks.2.weight (1024, 1024) on G_{1.0,0.0,384}

  Initialized transformer.h.5.attn.c_attn.blocks.0.weight (1024, 1024) on G_{1.0,0.0,384}
  Initialized transformer.h.10.mlp.c_fc.blocks.2.weight (1024, 1024) on G_{1.0,0.0,384}

Initializing transformer.h.4.mlp.c_fc.blocks.3.: k=1, G_{1.0,0.0,384}, type=None

Initializing transformer.h.2.mlp.c_fc.blocks.0.: k=1, G_{1.0,0.0,384}, type=None

Initializing transformer.h.5.attn.c_attn.blocks.1.: k=1, G_{1.0,0.0,384}, type=None
  Initialized transformer.h.11.mlp.c_fc.blocks.2.weight (1024, 1024) on G_{1.0,0.0,384}
  Initialized transformer.h.2.mlp.c_fc.blocks.0.weight (1024, 1024) on G_{1.0,0.0,384}
  Initialized transformer.h.4.mlp.c_fc.blocks.3.weight (1024, 1024) on G_{1.0,0.0,384}
  Initialized transformer.h.5.attn.c_attn.blocks.1.weight (1024, 1024) on G_{1.0,0.0,384}
  Initialized transformer.h.12.mlp.c_fc.blocks.2.weight (1024, 1024) on G_{1.0,0.0,384}

Initializing transformer.h.2.mlp.c_fc.blocks.1.: k=1, G_{1.0,0.0,384}, type=None

Initializing transformer.h.5.attn.c_attn.blocks.2.: k=1, G_{1.0,0.0,384}, type=None

Initializing transformer.h.5.attn.c_attn.blocks.0.: k=1, G_{1.0,0.0,384}, type=None
  Initialized transformer.h.13.mlp.c_fc.blocks.2.weight (1024, 1024) on G_{1.0,0.0,384}
  Initialized transformer.h.2.mlp.c_fc.blocks.1.weight (1024, 1024) on G_{1.0,0.0,384}  Initialized transformer.h.5.attn.c_attn.blocks.0.weight (1024, 1024) on G_{1.0,0.0,384}  Initialized transformer.h.5.attn.c_attn.blocks.2.weight (1024, 1024) on G_{1.0,0.0,384}



Initializing transformer.h.5.mlp.c_fc.blocks.0.: k=1, G_{1.0,0.0,384}, type=None

Initializing transformer.h.5.attn.c_attn.blocks.1.: k=1, G_{1.0,0.0,384}, type=None

Initializing transformer.h.2.mlp.c_fc.blocks.2.: k=1, G_{1.0,0.0,384}, type=None
  Initialized transformer.h.14.mlp.c_fc.blocks.2.weight (1024, 1024) on G_{1.0,0.0,384}
  Initialized transformer.h.2.mlp.c_fc.blocks.2.weight (1024, 1024) on G_{1.0,0.0,384}
  Initialized transformer.h.15.mlp.c_fc.blocks.2.weight (1024, 1024) on G_{1.0,0.0,384}
  Initialized transformer.h.5.attn.c_attn.blocks.1.weight (1024, 1024) on G_{1.0,0.0,384}  Initialized transformer.h.5.mlp.c_fc.blocks.0.weight (1024, 1024) on G_{1.0,0.0,384}


Initializing transformer.h.2.mlp.c_fc.blocks.3.: k=1, G_{1.0,0.0,384}, type=None

Initializing transformer.h.5.attn.c_attn.blocks.2.: k=1, G_{1.0,0.0,384}, type=None
Initializing transformer.h.5.mlp.c_fc.blocks.1.: k=1, G_{1.0,0.0,384}, type=None

  Initialized transformer.h.16.mlp.c_fc.blocks.2.weight (1024, 1024) on G_{1.0,0.0,384}
  Initialized transformer.h.2.mlp.c_fc.blocks.3.weight (1024, 1024) on G_{1.0,0.0,384}
  Initialized transformer.h.5.mlp.c_fc.blocks.1.weight (1024, 1024) on G_{1.0,0.0,384}
  Initialized transformer.h.5.attn.c_attn.blocks.2.weight (1024, 1024) on G_{1.0,0.0,384}
  Initialized transformer.h.17.mlp.c_fc.blocks.2.weight (1024, 1024) on G_{1.0,0.0,384}

Initializing transformer.h.3.attn.c_attn.blocks.0.: k=1, G_{1.0,0.0,384}, type=None

Initializing transformer.h.5.mlp.c_fc.blocks.2.: k=1, G_{1.0,0.0,384}, type=None

Initializing transformer.h.5.mlp.c_fc.blocks.0.: k=1, G_{1.0,0.0,384}, type=None
  Initialized transformer.h.18.mlp.c_fc.blocks.2.weight (1024, 1024) on G_{1.0,0.0,384}
  Initialized transformer.h.3.attn.c_attn.blocks.0.weight (1024, 1024) on G_{1.0,0.0,384}
  Initialized transformer.h.5.mlp.c_fc.blocks.0.weight (1024, 1024) on G_{1.0,0.0,384}  Initialized transformer.h.5.mlp.c_fc.blocks.2.weight (1024, 1024) on G_{1.0,0.0,384}


Initializing transformer.h.3.attn.c_attn.blocks.1.: k=1, G_{1.0,0.0,384}, type=None
  Initialized transformer.h.19.mlp.c_fc.blocks.2.weight (1024, 1024) on G_{1.0,0.0,384}

Initializing transformer.h.5.mlp.c_fc.blocks.1.: k=1, G_{1.0,0.0,384}, type=None

Initializing transformer.h.5.mlp.c_fc.blocks.3.: k=1, G_{1.0,0.0,384}, type=None
  Initialized transformer.h.3.attn.c_attn.blocks.1.weight (1024, 1024) on G_{1.0,0.0,384}
  Initialized transformer.h.20.mlp.c_fc.blocks.2.weight (1024, 1024) on G_{1.0,0.0,384}
  Initialized transformer.h.5.mlp.c_fc.blocks.1.weight (1024, 1024) on G_{1.0,0.0,384}  Initialized transformer.h.5.mlp.c_fc.blocks.3.weight (1024, 1024) on G_{1.0,0.0,384}


Initializing transformer.h.3.attn.c_attn.blocks.2.: k=1, G_{1.0,0.0,384}, type=None

Initializing transformer.h.5.mlp.c_fc.blocks.2.: k=1, G_{1.0,0.0,384}, type=None

Initializing transformer.h.6.attn.c_attn.blocks.0.: k=1, G_{1.0,0.0,384}, type=None
  Initialized transformer.h.21.mlp.c_fc.blocks.2.weight (1024, 1024) on G_{1.0,0.0,384}
  Initialized transformer.h.3.attn.c_attn.blocks.2.weight (1024, 1024) on G_{1.0,0.0,384}
  Initialized transformer.h.22.mlp.c_fc.blocks.2.weight (1024, 1024) on G_{1.0,0.0,384}
  Initialized transformer.h.5.mlp.c_fc.blocks.2.weight (1024, 1024) on G_{1.0,0.0,384}  Initialized transformer.h.6.attn.c_attn.blocks.0.weight (1024, 1024) on G_{1.0,0.0,384}


Initializing transformer.h.3.mlp.c_fc.blocks.0.: k=1, G_{1.0,0.0,384}, type=None

Initializing transformer.h.5.mlp.c_fc.blocks.3.: k=1, G_{1.0,0.0,384}, type=None
Initializing transformer.h.6.attn.c_attn.blocks.1.: k=1, G_{1.0,0.0,384}, type=None

  Initialized transformer.h.23.mlp.c_fc.blocks.2.weight (1024, 1024) on G_{1.0,0.0,384}

Initializing mlp.c_fc.blocks.3.: k=1, G_{1.0,0.0,384}, type=None
  Initialized transformer.h.3.mlp.c_fc.blocks.0.weight (1024, 1024) on G_{1.0,0.0,384}
  Initialized transformer.h.5.mlp.c_fc.blocks.3.weight (1024, 1024) on G_{1.0,0.0,384}  Initialized transformer.h.6.attn.c_attn.blocks.1.weight (1024, 1024) on G_{1.0,0.0,384}


Initializing transformer.h.3.mlp.c_fc.blocks.1.: k=1, G_{1.0,0.0,384}, type=None
  Initialized transformer.h.0.mlp.c_fc.blocks.3.weight (1024, 1024) on G_{1.0,0.0,384}

Initializing transformer.h.6.attn.c_attn.blocks.0.: k=1, G_{1.0,0.0,384}, type=None
Initializing transformer.h.6.attn.c_attn.blocks.2.: k=1, G_{1.0,0.0,384}, type=None

  Initialized transformer.h.3.mlp.c_fc.blocks.1.weight (1024, 1024) on G_{1.0,0.0,384}
  Initialized transformer.h.1.mlp.c_fc.blocks.3.weight (1024, 1024) on G_{1.0,0.0,384}

Initializing transformer.h.3.mlp.c_fc.blocks.2.: k=1, G_{1.0,0.0,384}, type=None
  Initialized transformer.h.6.attn.c_attn.blocks.0.weight (1024, 1024) on G_{1.0,0.0,384}  Initialized transformer.h.6.attn.c_attn.blocks.2.weight (1024, 1024) on G_{1.0,0.0,384}


Initializing transformer.h.6.attn.c_attn.blocks.1.: k=1, G_{1.0,0.0,384}, type=None

Initializing transformer.h.6.mlp.c_fc.blocks.0.: k=1, G_{1.0,0.0,384}, type=None
  Initialized transformer.h.2.mlp.c_fc.blocks.3.weight (1024, 1024) on G_{1.0,0.0,384}
  Initialized transformer.h.3.mlp.c_fc.blocks.2.weight (1024, 1024) on G_{1.0,0.0,384}
  Initialized transformer.h.3.mlp.c_fc.blocks.3.weight (1024, 1024) on G_{1.0,0.0,384}

Initializing transformer.h.3.mlp.c_fc.blocks.3.: k=1, G_{1.0,0.0,384}, type=None
  Initialized transformer.h.6.attn.c_attn.blocks.1.weight (1024, 1024) on G_{1.0,0.0,384}  Initialized transformer.h.6.mlp.c_fc.blocks.0.weight (1024, 1024) on G_{1.0,0.0,384}


Initializing transformer.h.6.attn.c_attn.blocks.2.: k=1, G_{1.0,0.0,384}, type=None
Initializing transformer.h.6.mlp.c_fc.blocks.1.: k=1, G_{1.0,0.0,384}, type=None

  Initialized transformer.h.4.mlp.c_fc.blocks.3.weight (1024, 1024) on G_{1.0,0.0,384}
  Initialized transformer.h.3.mlp.c_fc.blocks.3.weight (1024, 1024) on G_{1.0,0.0,384}

Initializing transformer.h.4.attn.c_attn.blocks.0.: k=1, G_{1.0,0.0,384}, type=None
  Initialized transformer.h.6.attn.c_attn.blocks.2.weight (1024, 1024) on G_{1.0,0.0,384}  Initialized transformer.h.6.mlp.c_fc.blocks.1.weight (1024, 1024) on G_{1.0,0.0,384}

  Initialized transformer.h.5.mlp.c_fc.blocks.3.weight (1024, 1024) on G_{1.0,0.0,384}

Initializing transformer.h.6.mlp.c_fc.blocks.2.: k=1, G_{1.0,0.0,384}, type=None
Initializing transformer.h.6.mlp.c_fc.blocks.0.: k=1, G_{1.0,0.0,384}, type=None

  Initialized transformer.h.4.attn.c_attn.blocks.0.weight (1024, 1024) on G_{1.0,0.0,384}
  Initialized transformer.h.6.mlp.c_fc.blocks.3.weight (1024, 1024) on G_{1.0,0.0,384}

Initializing transformer.h.4.attn.c_attn.blocks.1.: k=1, G_{1.0,0.0,384}, type=None
  Initialized transformer.h.6.mlp.c_fc.blocks.0.weight (1024, 1024) on G_{1.0,0.0,384}  Initialized transformer.h.6.mlp.c_fc.blocks.2.weight (1024, 1024) on G_{1.0,0.0,384}

  Initialized transformer.h.7.mlp.c_fc.blocks.3.weight (1024, 1024) on G_{1.0,0.0,384}

Initializing transformer.h.6.mlp.c_fc.blocks.1.: k=1, G_{1.0,0.0,384}, type=None

Initializing transformer.h.6.mlp.c_fc.blocks.3.: k=1, G_{1.0,0.0,384}, type=None
  Initialized transformer.h.4.attn.c_attn.blocks.1.weight (1024, 1024) on G_{1.0,0.0,384}

Initializing transformer.h.4.attn.c_attn.blocks.2.: k=1, G_{1.0,0.0,384}, type=None
  Initialized transformer.h.8.mlp.c_fc.blocks.3.weight (1024, 1024) on G_{1.0,0.0,384}
  Initialized transformer.h.6.mlp.c_fc.blocks.3.weight (1024, 1024) on G_{1.0,0.0,384}
  Initialized transformer.h.6.mlp.c_fc.blocks.1.weight (1024, 1024) on G_{1.0,0.0,384}

Initializing transformer.h.7.attn.c_attn.blocks.0.: k=1, G_{1.0,0.0,384}, type=None

Initializing transformer.h.6.mlp.c_fc.blocks.2.: k=1, G_{1.0,0.0,384}, type=None
  Initialized transformer.h.9.mlp.c_fc.blocks.3.weight (1024, 1024) on G_{1.0,0.0,384}
  Initialized transformer.h.4.attn.c_attn.blocks.2.weight (1024, 1024) on G_{1.0,0.0,384}

Initializing transformer.h.4.mlp.c_fc.blocks.0.: k=1, G_{1.0,0.0,384}, type=None
  Initialized transformer.h.10.mlp.c_fc.blocks.3.weight (1024, 1024) on G_{1.0,0.0,384}
  Initialized transformer.h.6.mlp.c_fc.blocks.2.weight (1024, 1024) on G_{1.0,0.0,384}  Initialized transformer.h.7.attn.c_attn.blocks.0.weight (1024, 1024) on G_{1.0,0.0,384}


Initializing transformer.h.7.attn.c_attn.blocks.1.: k=1, G_{1.0,0.0,384}, type=None

Initializing transformer.h.6.mlp.c_fc.blocks.3.: k=1, G_{1.0,0.0,384}, type=None
  Initialized transformer.h.4.mlp.c_fc.blocks.0.weight (1024, 1024) on G_{1.0,0.0,384}
  Initialized transformer.h.11.mlp.c_fc.blocks.3.weight (1024, 1024) on G_{1.0,0.0,384}

Initializing transformer.h.4.mlp.c_fc.blocks.1.: k=1, G_{1.0,0.0,384}, type=None
  Initialized transformer.h.6.mlp.c_fc.blocks.3.weight (1024, 1024) on G_{1.0,0.0,384}  Initialized transformer.h.7.attn.c_attn.blocks.1.weight (1024, 1024) on G_{1.0,0.0,384}

  Initialized transformer.h.4.mlp.c_fc.blocks.1.weight (1024, 1024) on G_{1.0,0.0,384}

Initializing transformer.h.7.attn.c_attn.blocks.2.: k=1, G_{1.0,0.0,384}, type=None

Initializing transformer.h.7.attn.c_attn.blocks.0.: k=1, G_{1.0,0.0,384}, type=None

Initializing transformer.h.4.mlp.c_fc.blocks.2.: k=1, G_{1.0,0.0,384}, type=None
  Initialized transformer.h.12.mlp.c_fc.blocks.3.weight (1024, 1024) on G_{1.0,0.0,384}
  Initialized transformer.h.7.attn.c_attn.blocks.0.weight (1024, 1024) on G_{1.0,0.0,384}  Initialized transformer.h.7.attn.c_attn.blocks.2.weight (1024, 1024) on G_{1.0,0.0,384}

  Initialized transformer.h.4.mlp.c_fc.blocks.2.weight (1024, 1024) on G_{1.0,0.0,384}

Initializing transformer.h.7.attn.c_attn.blocks.1.: k=1, G_{1.0,0.0,384}, type=None
Initializing transformer.h.7.mlp.c_fc.blocks.0.: k=1, G_{1.0,0.0,384}, type=None

  Initialized transformer.h.13.mlp.c_fc.blocks.3.weight (1024, 1024) on G_{1.0,0.0,384}

Initializing transformer.h.4.mlp.c_fc.blocks.3.: k=1, G_{1.0,0.0,384}, type=None
  Initialized transformer.h.14.mlp.c_fc.blocks.3.weight (1024, 1024) on G_{1.0,0.0,384}
  Initialized transformer.h.7.attn.c_attn.blocks.1.weight (1024, 1024) on G_{1.0,0.0,384}  Initialized transformer.h.7.mlp.c_fc.blocks.0.weight (1024, 1024) on G_{1.0,0.0,384}

  Initialized transformer.h.4.mlp.c_fc.blocks.3.weight (1024, 1024) on G_{1.0,0.0,384}

Initializing transformer.h.7.attn.c_attn.blocks.2.: k=1, G_{1.0,0.0,384}, type=None
Initializing transformer.h.7.mlp.c_fc.blocks.1.: k=1, G_{1.0,0.0,384}, type=None


Initializing transformer.h.5.attn.c_attn.blocks.0.: k=1, G_{1.0,0.0,384}, type=None
  Initialized transformer.h.15.mlp.c_fc.blocks.3.weight (1024, 1024) on G_{1.0,0.0,384}
  Initialized transformer.h.7.attn.c_attn.blocks.2.weight (1024, 1024) on G_{1.0,0.0,384}  Initialized transformer.h.7.mlp.c_fc.blocks.1.weight (1024, 1024) on G_{1.0,0.0,384}

  Initialized transformer.h.5.attn.c_attn.blocks.0.weight (1024, 1024) on G_{1.0,0.0,384}
  Initialized transformer.h.16.mlp.c_fc.blocks.3.weight (1024, 1024) on G_{1.0,0.0,384}

Initializing transformer.h.7.mlp.c_fc.blocks.2.: k=1, G_{1.0,0.0,384}, type=None
Initializing transformer.h.7.mlp.c_fc.blocks.0.: k=1, G_{1.0,0.0,384}, type=None


Initializing transformer.h.5.attn.c_attn.blocks.1.: k=1, G_{1.0,0.0,384}, type=None
  Initialized transformer.h.17.mlp.c_fc.blocks.3.weight (1024, 1024) on G_{1.0,0.0,384}
  Initialized transformer.h.7.mlp.c_fc.blocks.0.weight (1024, 1024) on G_{1.0,0.0,384}  Initialized transformer.h.7.mlp.c_fc.blocks.2.weight (1024, 1024) on G_{1.0,0.0,384}

  Initialized transformer.h.5.attn.c_attn.blocks.1.weight (1024, 1024) on G_{1.0,0.0,384}

Initializing transformer.h.7.mlp.c_fc.blocks.1.: k=1, G_{1.0,0.0,384}, type=None
Initializing transformer.h.7.mlp.c_fc.blocks.3.: k=1, G_{1.0,0.0,384}, type=None

  Initialized transformer.h.18.mlp.c_fc.blocks.3.weight (1024, 1024) on G_{1.0,0.0,384}

Initializing transformer.h.5.attn.c_attn.blocks.2.: k=1, G_{1.0,0.0,384}, type=None
  Initialized transformer.h.19.mlp.c_fc.blocks.3.weight (1024, 1024) on G_{1.0,0.0,384}
  Initialized transformer.h.7.mlp.c_fc.blocks.1.weight (1024, 1024) on G_{1.0,0.0,384}  Initialized transformer.h.7.mlp.c_fc.blocks.3.weight (1024, 1024) on G_{1.0,0.0,384}

  Initialized transformer.h.5.attn.c_attn.blocks.2.weight (1024, 1024) on G_{1.0,0.0,384}

Initializing transformer.h.8.attn.c_attn.blocks.0.: k=1, G_{1.0,0.0,384}, type=None

Initializing transformer.h.7.mlp.c_fc.blocks.2.: k=1, G_{1.0,0.0,384}, type=None

Initializing transformer.h.5.mlp.c_fc.blocks.0.: k=1, G_{1.0,0.0,384}, type=None
  Initialized transformer.h.20.mlp.c_fc.blocks.3.weight (1024, 1024) on G_{1.0,0.0,384}
  Initialized transformer.h.5.mlp.c_fc.blocks.0.weight (1024, 1024) on G_{1.0,0.0,384}
  Initialized transformer.h.7.mlp.c_fc.blocks.2.weight (1024, 1024) on G_{1.0,0.0,384}  Initialized transformer.h.8.attn.c_attn.blocks.0.weight (1024, 1024) on G_{1.0,0.0,384}

  Initialized transformer.h.21.mlp.c_fc.blocks.3.weight (1024, 1024) on G_{1.0,0.0,384}

Initializing transformer.h.5.mlp.c_fc.blocks.1.: k=1, G_{1.0,0.0,384}, type=None

Initializing transformer.h.8.attn.c_attn.blocks.1.: k=1, G_{1.0,0.0,384}, type=None

Initializing transformer.h.7.mlp.c_fc.blocks.3.: k=1, G_{1.0,0.0,384}, type=None
  Initialized transformer.h.22.mlp.c_fc.blocks.3.weight (1024, 1024) on G_{1.0,0.0,384}
  Initialized transformer.h.5.mlp.c_fc.blocks.1.weight (1024, 1024) on G_{1.0,0.0,384}
  Initialized transformer.h.8.attn.c_attn.blocks.1.weight (1024, 1024) on G_{1.0,0.0,384}  Initialized transformer.h.7.mlp.c_fc.blocks.3.weight (1024, 1024) on G_{1.0,0.0,384}


Initializing transformer.h.5.mlp.c_fc.blocks.2.: k=1, G_{1.0,0.0,384}, type=None
  Initialized transformer.h.23.mlp.c_fc.blocks.3.weight (1024, 1024) on G_{1.0,0.0,384}

Initializing transformer.h.1.attn.c_attn.blocks.0.: k=1, G_{1.0,0.0,384}, type=None

Initializing transformer.h.8.attn.c_attn.blocks.2.: k=1, G_{1.0,0.0,384}, type=None

Initializing transformer.h.8.attn.c_attn.blocks.0.: k=1, G_{1.0,0.0,384}, type=None
  Initialized transformer.h.1.attn.c_attn.blocks.0.weight (1024, 1024) on G_{1.0,0.0,384}
  Initialized transformer.h.5.mlp.c_fc.blocks.2.weight (1024, 1024) on G_{1.0,0.0,384}
  Initialized transformer.h.8.attn.c_attn.blocks.0.weight (1024, 1024) on G_{1.0,0.0,384}  Initialized transformer.h.8.attn.c_attn.blocks.2.weight (1024, 1024) on G_{1.0,0.0,384}


Initializing transformer.h.5.mlp.c_fc.blocks.3.: k=1, G_{1.0,0.0,384}, type=None

Initializing transformer.h.1.attn.c_attn.blocks.1.: k=1, G_{1.0,0.0,384}, type=None

Initializing transformer.h.8.attn.c_attn.blocks.1.: k=1, G_{1.0,0.0,384}, type=None
Initializing transformer.h.8.mlp.c_fc.blocks.0.: k=1, G_{1.0,0.0,384}, type=None

  Initialized transformer.h.1.attn.c_attn.blocks.1.weight (1024, 1024) on G_{1.0,0.0,384}
  Initialized transformer.h.5.mlp.c_fc.blocks.3.weight (1024, 1024) on G_{1.0,0.0,384}
  Initialized transformer.h.8.attn.c_attn.blocks.1.weight (1024, 1024) on G_{1.0,0.0,384}  Initialized transformer.h.8.mlp.c_fc.blocks.0.weight (1024, 1024) on G_{1.0,0.0,384}


Initializing transformer.h.6.attn.c_attn.blocks.0.: k=1, G_{1.0,0.0,384}, type=None

Initializing transformer.h.1.attn.c_attn.blocks.2.: k=1, G_{1.0,0.0,384}, type=None

Initializing transformer.h.8.attn.c_attn.blocks.2.: k=1, G_{1.0,0.0,384}, type=None

Initializing transformer.h.8.mlp.c_fc.blocks.1.: k=1, G_{1.0,0.0,384}, type=None
  Initialized transformer.h.1.attn.c_attn.blocks.2.weight (1024, 1024) on G_{1.0,0.0,384}  Initialized transformer.h.6.attn.c_attn.blocks.0.weight (1024, 1024) on G_{1.0,0.0,384}

  Initialized transformer.h.8.attn.c_attn.blocks.2.weight (1024, 1024) on G_{1.0,0.0,384}  Initialized transformer.h.8.mlp.c_fc.blocks.1.weight (1024, 1024) on G_{1.0,0.0,384}


Initializing transformer.h.6.attn.c_attn.blocks.1.: k=1, G_{1.0,0.0,384}, type=None

Initializing transformer.h.1.mlp.c_fc.blocks.0.: k=1, G_{1.0,0.0,384}, type=None

Initializing transformer.h.8.mlp.c_fc.blocks.0.: k=1, G_{1.0,0.0,384}, type=None

Initializing transformer.h.8.mlp.c_fc.blocks.2.: k=1, G_{1.0,0.0,384}, type=None
  Initialized transformer.h.6.attn.c_attn.blocks.1.weight (1024, 1024) on G_{1.0,0.0,384}  Initialized transformer.h.1.mlp.c_fc.blocks.0.weight (1024, 1024) on G_{1.0,0.0,384}

  Initialized transformer.h.8.mlp.c_fc.blocks.2.weight (1024, 1024) on G_{1.0,0.0,384}  Initialized transformer.h.8.mlp.c_fc.blocks.0.weight (1024, 1024) on G_{1.0,0.0,384}


Initializing transformer.h.6.attn.c_attn.blocks.2.: k=1, G_{1.0,0.0,384}, type=None

Initializing transformer.h.1.mlp.c_fc.blocks.1.: k=1, G_{1.0,0.0,384}, type=None

Initializing transformer.h.8.mlp.c_fc.blocks.1.: k=1, G_{1.0,0.0,384}, type=None

Initializing transformer.h.8.mlp.c_fc.blocks.3.: k=1, G_{1.0,0.0,384}, type=None
  Initialized transformer.h.6.attn.c_attn.blocks.2.weight (1024, 1024) on G_{1.0,0.0,384}  Initialized transformer.h.1.mlp.c_fc.blocks.1.weight (1024, 1024) on G_{1.0,0.0,384}

  Initialized transformer.h.8.mlp.c_fc.blocks.1.weight (1024, 1024) on G_{1.0,0.0,384}  Initialized transformer.h.8.mlp.c_fc.blocks.3.weight (1024, 1024) on G_{1.0,0.0,384}


Initializing transformer.h.6.mlp.c_fc.blocks.0.: k=1, G_{1.0,0.0,384}, type=None

Initializing transformer.h.1.mlp.c_fc.blocks.2.: k=1, G_{1.0,0.0,384}, type=None

Initializing transformer.h.9.attn.c_attn.blocks.0.: k=1, G_{1.0,0.0,384}, type=None

Initializing transformer.h.8.mlp.c_fc.blocks.2.: k=1, G_{1.0,0.0,384}, type=None
  Initialized transformer.h.6.mlp.c_fc.blocks.0.weight (1024, 1024) on G_{1.0,0.0,384}  Initialized transformer.h.1.mlp.c_fc.blocks.2.weight (1024, 1024) on G_{1.0,0.0,384}

  Initialized transformer.h.8.mlp.c_fc.blocks.2.weight (1024, 1024) on G_{1.0,0.0,384}  Initialized transformer.h.9.attn.c_attn.blocks.0.weight (1024, 1024) on G_{1.0,0.0,384}


Initializing transformer.h.6.mlp.c_fc.blocks.1.: k=1, G_{1.0,0.0,384}, type=None

Initializing transformer.h.1.mlp.c_fc.blocks.3.: k=1, G_{1.0,0.0,384}, type=None

Initializing transformer.h.9.attn.c_attn.blocks.1.: k=1, G_{1.0,0.0,384}, type=None

Initializing transformer.h.8.mlp.c_fc.blocks.3.: k=1, G_{1.0,0.0,384}, type=None
  Initialized transformer.h.6.mlp.c_fc.blocks.1.weight (1024, 1024) on G_{1.0,0.0,384}  Initialized transformer.h.1.mlp.c_fc.blocks.3.weight (1024, 1024) on G_{1.0,0.0,384}

  Initialized transformer.h.9.attn.c_attn.blocks.1.weight (1024, 1024) on G_{1.0,0.0,384}  Initialized transformer.h.8.mlp.c_fc.blocks.3.weight (1024, 1024) on G_{1.0,0.0,384}


Initializing transformer.h.6.mlp.c_fc.blocks.2.: k=1, G_{1.0,0.0,384}, type=None

Initializing transformer.h.2.attn.c_attn.blocks.0.: k=1, G_{1.0,0.0,384}, type=None

Initializing transformer.h.9.attn.c_attn.blocks.2.: k=1, G_{1.0,0.0,384}, type=None

Initializing transformer.h.9.attn.c_attn.blocks.0.: k=1, G_{1.0,0.0,384}, type=None
  Initialized transformer.h.6.mlp.c_fc.blocks.2.weight (1024, 1024) on G_{1.0,0.0,384}  Initialized transformer.h.2.attn.c_attn.blocks.0.weight (1024, 1024) on G_{1.0,0.0,384}

  Initialized transformer.h.9.attn.c_attn.blocks.0.weight (1024, 1024) on G_{1.0,0.0,384}  Initialized transformer.h.9.attn.c_attn.blocks.2.weight (1024, 1024) on G_{1.0,0.0,384}


Initializing transformer.h.6.mlp.c_fc.blocks.3.: k=1, G_{1.0,0.0,384}, type=None

Initializing transformer.h.2.attn.c_attn.blocks.1.: k=1, G_{1.0,0.0,384}, type=None

Initializing transformer.h.9.mlp.c_fc.blocks.0.: k=1, G_{1.0,0.0,384}, type=None

Initializing transformer.h.9.attn.c_attn.blocks.1.: k=1, G_{1.0,0.0,384}, type=None
  Initialized transformer.h.2.attn.c_attn.blocks.1.weight (1024, 1024) on G_{1.0,0.0,384}  Initialized transformer.h.6.mlp.c_fc.blocks.3.weight (1024, 1024) on G_{1.0,0.0,384}

  Initialized transformer.h.9.attn.c_attn.blocks.1.weight (1024, 1024) on G_{1.0,0.0,384}  Initialized transformer.h.9.mlp.c_fc.blocks.0.weight (1024, 1024) on G_{1.0,0.0,384}


Initializing transformer.h.7.attn.c_attn.blocks.0.: k=1, G_{1.0,0.0,384}, type=None

Initializing transformer.h.2.attn.c_attn.blocks.2.: k=1, G_{1.0,0.0,384}, type=None

Initializing transformer.h.9.mlp.c_fc.blocks.1.: k=1, G_{1.0,0.0,384}, type=None
Initializing transformer.h.9.attn.c_attn.blocks.2.: k=1, G_{1.0,0.0,384}, type=None

  Initialized transformer.h.2.attn.c_attn.blocks.2.weight (1024, 1024) on G_{1.0,0.0,384}  Initialized transformer.h.7.attn.c_attn.blocks.0.weight (1024, 1024) on G_{1.0,0.0,384}


Initializing transformer.h.7.attn.c_attn.blocks.1.: k=1, G_{1.0,0.0,384}, type=None
  Initialized transformer.h.9.attn.c_attn.blocks.2.weight (1024, 1024) on G_{1.0,0.0,384}  Initialized transformer.h.9.mlp.c_fc.blocks.1.weight (1024, 1024) on G_{1.0,0.0,384}


Initializing transformer.h.2.mlp.c_fc.blocks.0.: k=1, G_{1.0,0.0,384}, type=None

Initializing transformer.h.9.mlp.c_fc.blocks.0.: k=1, G_{1.0,0.0,384}, type=None
Initializing transformer.h.9.mlp.c_fc.blocks.2.: k=1, G_{1.0,0.0,384}, type=None

  Initialized transformer.h.2.mlp.c_fc.blocks.0.weight (1024, 1024) on G_{1.0,0.0,384}  Initialized transformer.h.7.attn.c_attn.blocks.1.weight (1024, 1024) on G_{1.0,0.0,384}


Initializing transformer.h.7.attn.c_attn.blocks.2.: k=1, G_{1.0,0.0,384}, type=None
  Initialized transformer.h.9.mlp.c_fc.blocks.0.weight (1024, 1024) on G_{1.0,0.0,384}  Initialized transformer.h.9.mlp.c_fc.blocks.2.weight (1024, 1024) on G_{1.0,0.0,384}


Initializing transformer.h.2.mlp.c_fc.blocks.1.: k=1, G_{1.0,0.0,384}, type=None

Initializing transformer.h.9.mlp.c_fc.blocks.3.: k=1, G_{1.0,0.0,384}, type=None
Initializing transformer.h.9.mlp.c_fc.blocks.1.: k=1, G_{1.0,0.0,384}, type=None

  Initialized transformer.h.7.attn.c_attn.blocks.2.weight (1024, 1024) on G_{1.0,0.0,384}  Initialized transformer.h.2.mlp.c_fc.blocks.1.weight (1024, 1024) on G_{1.0,0.0,384}


Initializing transformer.h.7.mlp.c_fc.blocks.0.: k=1, G_{1.0,0.0,384}, type=None
  Initialized transformer.h.9.mlp.c_fc.blocks.1.weight (1024, 1024) on G_{1.0,0.0,384}  Initialized transformer.h.9.mlp.c_fc.blocks.3.weight (1024, 1024) on G_{1.0,0.0,384}


Initializing transformer.h.2.mlp.c_fc.blocks.2.: k=1, G_{1.0,0.0,384}, type=None

Initializing transformer.h.9.mlp.c_fc.blocks.2.: k=1, G_{1.0,0.0,384}, type=None

Initializing transformer.h.10.attn.c_attn.blocks.0.: k=1, G_{1.0,0.0,384}, type=None
  Initialized transformer.h.2.mlp.c_fc.blocks.2.weight (1024, 1024) on G_{1.0,0.0,384}  Initialized transformer.h.7.mlp.c_fc.blocks.0.weight (1024, 1024) on G_{1.0,0.0,384}


Initializing transformer.h.7.mlp.c_fc.blocks.1.: k=1, G_{1.0,0.0,384}, type=None
  Initialized transformer.h.9.mlp.c_fc.blocks.2.weight (1024, 1024) on G_{1.0,0.0,384}  Initialized transformer.h.10.attn.c_attn.blocks.0.weight (1024, 1024) on G_{1.0,0.0,384}


Initializing transformer.h.2.mlp.c_fc.blocks.3.: k=1, G_{1.0,0.0,384}, type=None

Initializing transformer.h.10.attn.c_attn.blocks.1.: k=1, G_{1.0,0.0,384}, type=None

Initializing transformer.h.9.mlp.c_fc.blocks.3.: k=1, G_{1.0,0.0,384}, type=None
  Initialized transformer.h.7.mlp.c_fc.blocks.1.weight (1024, 1024) on G_{1.0,0.0,384}  Initialized transformer.h.2.mlp.c_fc.blocks.3.weight (1024, 1024) on G_{1.0,0.0,384}


Initializing transformer.h.7.mlp.c_fc.blocks.2.: k=1, G_{1.0,0.0,384}, type=None
  Initialized transformer.h.9.mlp.c_fc.blocks.3.weight (1024, 1024) on G_{1.0,0.0,384}  Initialized transformer.h.10.attn.c_attn.blocks.1.weight (1024, 1024) on G_{1.0,0.0,384}


Initializing transformer.h.3.attn.c_attn.blocks.0.: k=1, G_{1.0,0.0,384}, type=None

Initializing transformer.h.10.attn.c_attn.blocks.2.: k=1, G_{1.0,0.0,384}, type=None

Initializing transformer.h.10.attn.c_attn.blocks.0.: k=1, G_{1.0,0.0,384}, type=None
  Initialized transformer.h.3.attn.c_attn.blocks.0.weight (1024, 1024) on G_{1.0,0.0,384}  Initialized transformer.h.7.mlp.c_fc.blocks.2.weight (1024, 1024) on G_{1.0,0.0,384}


Initializing transformer.h.7.mlp.c_fc.blocks.3.: k=1, G_{1.0,0.0,384}, type=None

Initializing transformer.h.3.attn.c_attn.blocks.1.: k=1, G_{1.0,0.0,384}, type=None
  Initialized transformer.h.10.attn.c_attn.blocks.0.weight (1024, 1024) on G_{1.0,0.0,384}  Initialized transformer.h.10.attn.c_attn.blocks.2.weight (1024, 1024) on G_{1.0,0.0,384}


Initializing transformer.h.10.mlp.c_fc.blocks.0.: k=1, G_{1.0,0.0,384}, type=None

Initializing transformer.h.10.attn.c_attn.blocks.1.: k=1, G_{1.0,0.0,384}, type=None
  Initialized transformer.h.7.mlp.c_fc.blocks.3.weight (1024, 1024) on G_{1.0,0.0,384}  Initialized transformer.h.3.attn.c_attn.blocks.1.weight (1024, 1024) on G_{1.0,0.0,384}


Initializing transformer.h.8.attn.c_attn.blocks.0.: k=1, G_{1.0,0.0,384}, type=None

Initializing transformer.h.3.attn.c_attn.blocks.2.: k=1, G_{1.0,0.0,384}, type=None
  Initialized transformer.h.10.attn.c_attn.blocks.1.weight (1024, 1024) on G_{1.0,0.0,384}  Initialized transformer.h.10.mlp.c_fc.blocks.0.weight (1024, 1024) on G_{1.0,0.0,384}


Initializing transformer.h.10.mlp.c_fc.blocks.1.: k=1, G_{1.0,0.0,384}, type=None

Initializing transformer.h.10.attn.c_attn.blocks.2.: k=1, G_{1.0,0.0,384}, type=None
  Initialized transformer.h.3.attn.c_attn.blocks.2.weight (1024, 1024) on G_{1.0,0.0,384}  Initialized transformer.h.8.attn.c_attn.blocks.0.weight (1024, 1024) on G_{1.0,0.0,384}


Initializing transformer.h.8.attn.c_attn.blocks.1.: k=1, G_{1.0,0.0,384}, type=None

Initializing transformer.h.3.mlp.c_fc.blocks.0.: k=1, G_{1.0,0.0,384}, type=None
  Initialized transformer.h.10.mlp.c_fc.blocks.1.weight (1024, 1024) on G_{1.0,0.0,384}
  Initialized transformer.h.10.attn.c_attn.blocks.2.weight (1024, 1024) on G_{1.0,0.0,384}

Initializing transformer.h.10.mlp.c_fc.blocks.2.: k=1, G_{1.0,0.0,384}, type=None

Initializing transformer.h.10.mlp.c_fc.blocks.0.: k=1, G_{1.0,0.0,384}, type=None
  Initialized transformer.h.8.attn.c_attn.blocks.1.weight (1024, 1024) on G_{1.0,0.0,384}  Initialized transformer.h.3.mlp.c_fc.blocks.0.weight (1024, 1024) on G_{1.0,0.0,384}


Initializing transformer.h.8.attn.c_attn.blocks.2.: k=1, G_{1.0,0.0,384}, type=None

Initializing transformer.h.3.mlp.c_fc.blocks.1.: k=1, G_{1.0,0.0,384}, type=None
  Initialized transformer.h.10.mlp.c_fc.blocks.0.weight (1024, 1024) on G_{1.0,0.0,384}  Initialized transformer.h.10.mlp.c_fc.blocks.2.weight (1024, 1024) on G_{1.0,0.0,384}


Initializing transformer.h.10.mlp.c_fc.blocks.1.: k=1, G_{1.0,0.0,384}, type=None

Initializing transformer.h.10.mlp.c_fc.blocks.3.: k=1, G_{1.0,0.0,384}, type=None
  Initialized transformer.h.8.attn.c_attn.blocks.2.weight (1024, 1024) on G_{1.0,0.0,384}  Initialized transformer.h.3.mlp.c_fc.blocks.1.weight (1024, 1024) on G_{1.0,0.0,384}


Initializing transformer.h.8.mlp.c_fc.blocks.0.: k=1, G_{1.0,0.0,384}, type=None

Initializing transformer.h.3.mlp.c_fc.blocks.2.: k=1, G_{1.0,0.0,384}, type=None
  Initialized transformer.h.10.mlp.c_fc.blocks.1.weight (1024, 1024) on G_{1.0,0.0,384}  Initialized transformer.h.10.mlp.c_fc.blocks.3.weight (1024, 1024) on G_{1.0,0.0,384}


Initializing transformer.h.10.mlp.c_fc.blocks.2.: k=1, G_{1.0,0.0,384}, type=None
Initializing transformer.h.11.attn.c_attn.blocks.0.: k=1, G_{1.0,0.0,384}, type=None

  Initialized transformer.h.3.mlp.c_fc.blocks.2.weight (1024, 1024) on G_{1.0,0.0,384}  Initialized transformer.h.8.mlp.c_fc.blocks.0.weight (1024, 1024) on G_{1.0,0.0,384}


Initializing transformer.h.8.mlp.c_fc.blocks.1.: k=1, G_{1.0,0.0,384}, type=None

Initializing transformer.h.3.mlp.c_fc.blocks.3.: k=1, G_{1.0,0.0,384}, type=None
  Initialized transformer.h.10.mlp.c_fc.blocks.2.weight (1024, 1024) on G_{1.0,0.0,384}  Initialized transformer.h.11.attn.c_attn.blocks.0.weight (1024, 1024) on G_{1.0,0.0,384}


Initializing transformer.h.11.attn.c_attn.blocks.1.: k=1, G_{1.0,0.0,384}, type=None

Initializing transformer.h.10.mlp.c_fc.blocks.3.: k=1, G_{1.0,0.0,384}, type=None
  Initialized transformer.h.8.mlp.c_fc.blocks.1.weight (1024, 1024) on G_{1.0,0.0,384}  Initialized transformer.h.3.mlp.c_fc.blocks.3.weight (1024, 1024) on G_{1.0,0.0,384}


Initializing transformer.h.8.mlp.c_fc.blocks.2.: k=1, G_{1.0,0.0,384}, type=None

Initializing transformer.h.4.attn.c_attn.blocks.0.: k=1, G_{1.0,0.0,384}, type=None
  Initialized transformer.h.10.mlp.c_fc.blocks.3.weight (1024, 1024) on G_{1.0,0.0,384}
  Initialized transformer.h.11.attn.c_attn.blocks.1.weight (1024, 1024) on G_{1.0,0.0,384}

Initializing transformer.h.11.attn.c_attn.blocks.2.: k=1, G_{1.0,0.0,384}, type=None

Initializing transformer.h.11.attn.c_attn.blocks.0.: k=1, G_{1.0,0.0,384}, type=None
  Initialized transformer.h.8.mlp.c_fc.blocks.2.weight (1024, 1024) on G_{1.0,0.0,384}  Initialized transformer.h.4.attn.c_attn.blocks.0.weight (1024, 1024) on G_{1.0,0.0,384}


Initializing transformer.h.8.mlp.c_fc.blocks.3.: k=1, G_{1.0,0.0,384}, type=None

Initializing transformer.h.4.attn.c_attn.blocks.1.: k=1, G_{1.0,0.0,384}, type=None
  Initialized transformer.h.11.attn.c_attn.blocks.0.weight (1024, 1024) on G_{1.0,0.0,384}  Initialized transformer.h.11.attn.c_attn.blocks.2.weight (1024, 1024) on G_{1.0,0.0,384}


Initializing transformer.h.11.attn.c_attn.blocks.1.: k=1, G_{1.0,0.0,384}, type=None

Initializing transformer.h.11.mlp.c_fc.blocks.0.: k=1, G_{1.0,0.0,384}, type=None
  Initialized transformer.h.8.mlp.c_fc.blocks.3.weight (1024, 1024) on G_{1.0,0.0,384}  Initialized transformer.h.4.attn.c_attn.blocks.1.weight (1024, 1024) on G_{1.0,0.0,384}


Initializing transformer.h.9.attn.c_attn.blocks.0.: k=1, G_{1.0,0.0,384}, type=None

Initializing transformer.h.4.attn.c_attn.blocks.2.: k=1, G_{1.0,0.0,384}, type=None
  Initialized transformer.h.11.attn.c_attn.blocks.1.weight (1024, 1024) on G_{1.0,0.0,384}  Initialized transformer.h.11.mlp.c_fc.blocks.0.weight (1024, 1024) on G_{1.0,0.0,384}


Initializing transformer.h.11.mlp.c_fc.blocks.1.: k=1, G_{1.0,0.0,384}, type=None

Initializing transformer.h.11.attn.c_attn.blocks.2.: k=1, G_{1.0,0.0,384}, type=None
  Initialized transformer.h.9.attn.c_attn.blocks.0.weight (1024, 1024) on G_{1.0,0.0,384}  Initialized transformer.h.4.attn.c_attn.blocks.2.weight (1024, 1024) on G_{1.0,0.0,384}


Initializing transformer.h.9.attn.c_attn.blocks.1.: k=1, G_{1.0,0.0,384}, type=None

Initializing transformer.h.4.mlp.c_fc.blocks.0.: k=1, G_{1.0,0.0,384}, type=None
  Initialized transformer.h.11.mlp.c_fc.blocks.1.weight (1024, 1024) on G_{1.0,0.0,384}  Initialized transformer.h.11.attn.c_attn.blocks.2.weight (1024, 1024) on G_{1.0,0.0,384}


Initializing transformer.h.11.mlp.c_fc.blocks.2.: k=1, G_{1.0,0.0,384}, type=None
Initializing transformer.h.11.mlp.c_fc.blocks.0.: k=1, G_{1.0,0.0,384}, type=None

  Initialized transformer.h.9.attn.c_attn.blocks.1.weight (1024, 1024) on G_{1.0,0.0,384}  Initialized transformer.h.4.mlp.c_fc.blocks.0.weight (1024, 1024) on G_{1.0,0.0,384}


Initializing transformer.h.9.attn.c_attn.blocks.2.: k=1, G_{1.0,0.0,384}, type=None

Initializing transformer.h.4.mlp.c_fc.blocks.1.: k=1, G_{1.0,0.0,384}, type=None
  Initialized transformer.h.11.mlp.c_fc.blocks.0.weight (1024, 1024) on G_{1.0,0.0,384}  Initialized transformer.h.11.mlp.c_fc.blocks.2.weight (1024, 1024) on G_{1.0,0.0,384}


Initializing transformer.h.11.mlp.c_fc.blocks.1.: k=1, G_{1.0,0.0,384}, type=None
Initializing transformer.h.11.mlp.c_fc.blocks.3.: k=1, G_{1.0,0.0,384}, type=None

  Initialized transformer.h.9.attn.c_attn.blocks.2.weight (1024, 1024) on G_{1.0,0.0,384}  Initialized transformer.h.4.mlp.c_fc.blocks.1.weight (1024, 1024) on G_{1.0,0.0,384}


Initializing transformer.h.9.mlp.c_fc.blocks.0.: k=1, G_{1.0,0.0,384}, type=None

Initializing transformer.h.4.mlp.c_fc.blocks.2.: k=1, G_{1.0,0.0,384}, type=None
  Initialized transformer.h.11.mlp.c_fc.blocks.3.weight (1024, 1024) on G_{1.0,0.0,384}
  Initialized transformer.h.11.mlp.c_fc.blocks.1.weight (1024, 1024) on G_{1.0,0.0,384}

Initializing transformer.h.12.attn.c_attn.blocks.0.: k=1, G_{1.0,0.0,384}, type=None

Initializing transformer.h.11.mlp.c_fc.blocks.2.: k=1, G_{1.0,0.0,384}, type=None
  Initialized transformer.h.9.mlp.c_fc.blocks.0.weight (1024, 1024) on G_{1.0,0.0,384}  Initialized transformer.h.4.mlp.c_fc.blocks.2.weight (1024, 1024) on G_{1.0,0.0,384}


Initializing transformer.h.9.mlp.c_fc.blocks.1.: k=1, G_{1.0,0.0,384}, type=None

Initializing transformer.h.4.mlp.c_fc.blocks.3.: k=1, G_{1.0,0.0,384}, type=None
  Initialized transformer.h.11.mlp.c_fc.blocks.2.weight (1024, 1024) on G_{1.0,0.0,384}  Initialized transformer.h.12.attn.c_attn.blocks.0.weight (1024, 1024) on G_{1.0,0.0,384}


Initializing transformer.h.12.attn.c_attn.blocks.1.: k=1, G_{1.0,0.0,384}, type=None

Initializing transformer.h.11.mlp.c_fc.blocks.3.: k=1, G_{1.0,0.0,384}, type=None
  Initialized transformer.h.9.mlp.c_fc.blocks.1.weight (1024, 1024) on G_{1.0,0.0,384}  Initialized transformer.h.4.mlp.c_fc.blocks.3.weight (1024, 1024) on G_{1.0,0.0,384}


Initializing transformer.h.9.mlp.c_fc.blocks.2.: k=1, G_{1.0,0.0,384}, type=None

Initializing transformer.h.5.attn.c_attn.blocks.0.: k=1, G_{1.0,0.0,384}, type=None
  Initialized transformer.h.11.mlp.c_fc.blocks.3.weight (1024, 1024) on G_{1.0,0.0,384}  Initialized transformer.h.12.attn.c_attn.blocks.1.weight (1024, 1024) on G_{1.0,0.0,384}


Initializing transformer.h.12.attn.c_attn.blocks.2.: k=1, G_{1.0,0.0,384}, type=None

Initializing transformer.h.12.attn.c_attn.blocks.0.: k=1, G_{1.0,0.0,384}, type=None
  Initialized transformer.h.5.attn.c_attn.blocks.0.weight (1024, 1024) on G_{1.0,0.0,384}  Initialized transformer.h.9.mlp.c_fc.blocks.2.weight (1024, 1024) on G_{1.0,0.0,384}


Initializing transformer.h.9.mlp.c_fc.blocks.3.: k=1, G_{1.0,0.0,384}, type=None

Initializing transformer.h.5.attn.c_attn.blocks.1.: k=1, G_{1.0,0.0,384}, type=None
  Initialized transformer.h.12.attn.c_attn.blocks.0.weight (1024, 1024) on G_{1.0,0.0,384}  Initialized transformer.h.12.attn.c_attn.blocks.2.weight (1024, 1024) on G_{1.0,0.0,384}


Initializing transformer.h.12.attn.c_attn.blocks.1.: k=1, G_{1.0,0.0,384}, type=None
Initializing transformer.h.12.mlp.c_fc.blocks.0.: k=1, G_{1.0,0.0,384}, type=None

  Initialized transformer.h.9.mlp.c_fc.blocks.3.weight (1024, 1024) on G_{1.0,0.0,384}  Initialized transformer.h.5.attn.c_attn.blocks.1.weight (1024, 1024) on G_{1.0,0.0,384}


Initializing transformer.h.10.attn.c_attn.blocks.0.: k=1, G_{1.0,0.0,384}, type=None

Initializing transformer.h.5.attn.c_attn.blocks.2.: k=1, G_{1.0,0.0,384}, type=None
  Initialized transformer.h.12.attn.c_attn.blocks.1.weight (1024, 1024) on G_{1.0,0.0,384}  Initialized transformer.h.12.mlp.c_fc.blocks.0.weight (1024, 1024) on G_{1.0,0.0,384}


Initializing transformer.h.12.mlp.c_fc.blocks.1.: k=1, G_{1.0,0.0,384}, type=None

Initializing transformer.h.12.attn.c_attn.blocks.2.: k=1, G_{1.0,0.0,384}, type=None
  Initialized transformer.h.10.attn.c_attn.blocks.0.weight (1024, 1024) on G_{1.0,0.0,384}  Initialized transformer.h.5.attn.c_attn.blocks.2.weight (1024, 1024) on G_{1.0,0.0,384}


Initializing transformer.h.10.attn.c_attn.blocks.1.: k=1, G_{1.0,0.0,384}, type=None

Initializing transformer.h.5.mlp.c_fc.blocks.0.: k=1, G_{1.0,0.0,384}, type=None
  Initialized transformer.h.12.attn.c_attn.blocks.2.weight (1024, 1024) on G_{1.0,0.0,384}  Initialized transformer.h.12.mlp.c_fc.blocks.1.weight (1024, 1024) on G_{1.0,0.0,384}


Initializing transformer.h.12.mlp.c_fc.blocks.2.: k=1, G_{1.0,0.0,384}, type=None
Initializing transformer.h.12.mlp.c_fc.blocks.0.: k=1, G_{1.0,0.0,384}, type=None

  Initialized transformer.h.10.attn.c_attn.blocks.1.weight (1024, 1024) on G_{1.0,0.0,384}  Initialized transformer.h.5.mlp.c_fc.blocks.0.weight (1024, 1024) on G_{1.0,0.0,384}


Initializing transformer.h.10.attn.c_attn.blocks.2.: k=1, G_{1.0,0.0,384}, type=None

Initializing transformer.h.5.mlp.c_fc.blocks.1.: k=1, G_{1.0,0.0,384}, type=None
  Initialized transformer.h.12.mlp.c_fc.blocks.0.weight (1024, 1024) on G_{1.0,0.0,384}  Initialized transformer.h.12.mlp.c_fc.blocks.2.weight (1024, 1024) on G_{1.0,0.0,384}


Initializing transformer.h.12.mlp.c_fc.blocks.1.: k=1, G_{1.0,0.0,384}, type=None

Initializing transformer.h.12.mlp.c_fc.blocks.3.: k=1, G_{1.0,0.0,384}, type=None
  Initialized transformer.h.5.mlp.c_fc.blocks.1.weight (1024, 1024) on G_{1.0,0.0,384}  Initialized transformer.h.10.attn.c_attn.blocks.2.weight (1024, 1024) on G_{1.0,0.0,384}


Initializing transformer.h.10.mlp.c_fc.blocks.0.: k=1, G_{1.0,0.0,384}, type=None

Initializing transformer.h.5.mlp.c_fc.blocks.2.: k=1, G_{1.0,0.0,384}, type=None
  Initialized transformer.h.12.mlp.c_fc.blocks.1.weight (1024, 1024) on G_{1.0,0.0,384}
  Initialized transformer.h.12.mlp.c_fc.blocks.3.weight (1024, 1024) on G_{1.0,0.0,384}

Initializing transformer.h.13.attn.c_attn.blocks.0.: k=1, G_{1.0,0.0,384}, type=None

Initializing transformer.h.12.mlp.c_fc.blocks.2.: k=1, G_{1.0,0.0,384}, type=None
  Initialized transformer.h.10.mlp.c_fc.blocks.0.weight (1024, 1024) on G_{1.0,0.0,384}  Initialized transformer.h.5.mlp.c_fc.blocks.2.weight (1024, 1024) on G_{1.0,0.0,384}


Initializing transformer.h.10.mlp.c_fc.blocks.1.: k=1, G_{1.0,0.0,384}, type=None

Initializing transformer.h.5.mlp.c_fc.blocks.3.: k=1, G_{1.0,0.0,384}, type=None
  Initialized transformer.h.12.mlp.c_fc.blocks.2.weight (1024, 1024) on G_{1.0,0.0,384}  Initialized transformer.h.13.attn.c_attn.blocks.0.weight (1024, 1024) on G_{1.0,0.0,384}


Initializing transformer.h.13.attn.c_attn.blocks.1.: k=1, G_{1.0,0.0,384}, type=None

Initializing transformer.h.12.mlp.c_fc.blocks.3.: k=1, G_{1.0,0.0,384}, type=None
  Initialized transformer.h.10.mlp.c_fc.blocks.1.weight (1024, 1024) on G_{1.0,0.0,384}  Initialized transformer.h.5.mlp.c_fc.blocks.3.weight (1024, 1024) on G_{1.0,0.0,384}


Initializing transformer.h.10.mlp.c_fc.blocks.2.: k=1, G_{1.0,0.0,384}, type=None

Initializing transformer.h.6.attn.c_attn.blocks.0.: k=1, G_{1.0,0.0,384}, type=None
  Initialized transformer.h.12.mlp.c_fc.blocks.3.weight (1024, 1024) on G_{1.0,0.0,384}  Initialized transformer.h.13.attn.c_attn.blocks.1.weight (1024, 1024) on G_{1.0,0.0,384}


Initializing transformer.h.13.attn.c_attn.blocks.2.: k=1, G_{1.0,0.0,384}, type=None

Initializing transformer.h.13.attn.c_attn.blocks.0.: k=1, G_{1.0,0.0,384}, type=None
  Initialized transformer.h.6.attn.c_attn.blocks.0.weight (1024, 1024) on G_{1.0,0.0,384}  Initialized transformer.h.10.mlp.c_fc.blocks.2.weight (1024, 1024) on G_{1.0,0.0,384}


Initializing transformer.h.10.mlp.c_fc.blocks.3.: k=1, G_{1.0,0.0,384}, type=None

Initializing transformer.h.6.attn.c_attn.blocks.1.: k=1, G_{1.0,0.0,384}, type=None
  Initialized transformer.h.13.attn.c_attn.blocks.0.weight (1024, 1024) on G_{1.0,0.0,384}  Initialized transformer.h.13.attn.c_attn.blocks.2.weight (1024, 1024) on G_{1.0,0.0,384}


Initializing transformer.h.13.mlp.c_fc.blocks.0.: k=1, G_{1.0,0.0,384}, type=None
Initializing transformer.h.13.attn.c_attn.blocks.1.: k=1, G_{1.0,0.0,384}, type=None

  Initialized transformer.h.10.mlp.c_fc.blocks.3.weight (1024, 1024) on G_{1.0,0.0,384}  Initialized transformer.h.6.attn.c_attn.blocks.1.weight (1024, 1024) on G_{1.0,0.0,384}


Initializing transformer.h.11.attn.c_attn.blocks.0.: k=1, G_{1.0,0.0,384}, type=None

Initializing transformer.h.6.attn.c_attn.blocks.2.: k=1, G_{1.0,0.0,384}, type=None
  Initialized transformer.h.13.attn.c_attn.blocks.1.weight (1024, 1024) on G_{1.0,0.0,384}  Initialized transformer.h.13.mlp.c_fc.blocks.0.weight (1024, 1024) on G_{1.0,0.0,384}


Initializing transformer.h.13.mlp.c_fc.blocks.1.: k=1, G_{1.0,0.0,384}, type=None

Initializing transformer.h.13.attn.c_attn.blocks.2.: k=1, G_{1.0,0.0,384}, type=None
  Initialized transformer.h.11.attn.c_attn.blocks.0.weight (1024, 1024) on G_{1.0,0.0,384}  Initialized transformer.h.6.attn.c_attn.blocks.2.weight (1024, 1024) on G_{1.0,0.0,384}


Initializing transformer.h.11.attn.c_attn.blocks.1.: k=1, G_{1.0,0.0,384}, type=None

Initializing transformer.h.6.mlp.c_fc.blocks.0.: k=1, G_{1.0,0.0,384}, type=None
  Initialized transformer.h.13.attn.c_attn.blocks.2.weight (1024, 1024) on G_{1.0,0.0,384}  Initialized transformer.h.13.mlp.c_fc.blocks.1.weight (1024, 1024) on G_{1.0,0.0,384}


Initializing transformer.h.13.mlp.c_fc.blocks.0.: k=1, G_{1.0,0.0,384}, type=None
Initializing transformer.h.13.mlp.c_fc.blocks.2.: k=1, G_{1.0,0.0,384}, type=None

  Initialized transformer.h.6.mlp.c_fc.blocks.0.weight (1024, 1024) on G_{1.0,0.0,384}  Initialized transformer.h.11.attn.c_attn.blocks.1.weight (1024, 1024) on G_{1.0,0.0,384}


Initializing transformer.h.11.attn.c_attn.blocks.2.: k=1, G_{1.0,0.0,384}, type=None

Initializing transformer.h.6.mlp.c_fc.blocks.1.: k=1, G_{1.0,0.0,384}, type=None
  Initialized transformer.h.13.mlp.c_fc.blocks.0.weight (1024, 1024) on G_{1.0,0.0,384}  Initialized transformer.h.13.mlp.c_fc.blocks.2.weight (1024, 1024) on G_{1.0,0.0,384}


Initializing transformer.h.13.mlp.c_fc.blocks.3.: k=1, G_{1.0,0.0,384}, type=None
Initializing transformer.h.13.mlp.c_fc.blocks.1.: k=1, G_{1.0,0.0,384}, type=None

  Initialized transformer.h.11.attn.c_attn.blocks.2.weight (1024, 1024) on G_{1.0,0.0,384}  Initialized transformer.h.6.mlp.c_fc.blocks.1.weight (1024, 1024) on G_{1.0,0.0,384}


Initializing transformer.h.11.mlp.c_fc.blocks.0.: k=1, G_{1.0,0.0,384}, type=None

Initializing transformer.h.6.mlp.c_fc.blocks.2.: k=1, G_{1.0,0.0,384}, type=None
  Initialized transformer.h.13.mlp.c_fc.blocks.1.weight (1024, 1024) on G_{1.0,0.0,384}  Initialized transformer.h.13.mlp.c_fc.blocks.3.weight (1024, 1024) on G_{1.0,0.0,384}


Initializing transformer.h.13.mlp.c_fc.blocks.2.: k=1, G_{1.0,0.0,384}, type=None
Initializing transformer.h.14.attn.c_attn.blocks.0.: k=1, G_{1.0,0.0,384}, type=None

  Initialized transformer.h.11.mlp.c_fc.blocks.0.weight (1024, 1024) on G_{1.0,0.0,384}  Initialized transformer.h.6.mlp.c_fc.blocks.2.weight (1024, 1024) on G_{1.0,0.0,384}


Initializing transformer.h.11.mlp.c_fc.blocks.1.: k=1, G_{1.0,0.0,384}, type=None

Initializing transformer.h.6.mlp.c_fc.blocks.3.: k=1, G_{1.0,0.0,384}, type=None
  Initialized transformer.h.13.mlp.c_fc.blocks.2.weight (1024, 1024) on G_{1.0,0.0,384}  Initialized transformer.h.14.attn.c_attn.blocks.0.weight (1024, 1024) on G_{1.0,0.0,384}


Initializing transformer.h.14.attn.c_attn.blocks.1.: k=1, G_{1.0,0.0,384}, type=None

Initializing transformer.h.13.mlp.c_fc.blocks.3.: k=1, G_{1.0,0.0,384}, type=None
  Initialized transformer.h.11.mlp.c_fc.blocks.1.weight (1024, 1024) on G_{1.0,0.0,384}  Initialized transformer.h.6.mlp.c_fc.blocks.3.weight (1024, 1024) on G_{1.0,0.0,384}


Initializing transformer.h.11.mlp.c_fc.blocks.2.: k=1, G_{1.0,0.0,384}, type=None

Initializing transformer.h.7.attn.c_attn.blocks.0.: k=1, G_{1.0,0.0,384}, type=None
  Initialized transformer.h.14.attn.c_attn.blocks.1.weight (1024, 1024) on G_{1.0,0.0,384}
  Initialized transformer.h.13.mlp.c_fc.blocks.3.weight (1024, 1024) on G_{1.0,0.0,384}

Initializing transformer.h.14.attn.c_attn.blocks.2.: k=1, G_{1.0,0.0,384}, type=None

Initializing transformer.h.14.attn.c_attn.blocks.0.: k=1, G_{1.0,0.0,384}, type=None
  Initialized transformer.h.7.attn.c_attn.blocks.0.weight (1024, 1024) on G_{1.0,0.0,384}  Initialized transformer.h.11.mlp.c_fc.blocks.2.weight (1024, 1024) on G_{1.0,0.0,384}


Initializing transformer.h.11.mlp.c_fc.blocks.3.: k=1, G_{1.0,0.0,384}, type=None

Initializing transformer.h.7.attn.c_attn.blocks.1.: k=1, G_{1.0,0.0,384}, type=None
  Initialized transformer.h.14.attn.c_attn.blocks.2.weight (1024, 1024) on G_{1.0,0.0,384}
  Initialized transformer.h.14.attn.c_attn.blocks.0.weight (1024, 1024) on G_{1.0,0.0,384}

Initializing transformer.h.14.mlp.c_fc.blocks.0.: k=1, G_{1.0,0.0,384}, type=None

Initializing transformer.h.14.attn.c_attn.blocks.1.: k=1, G_{1.0,0.0,384}, type=None
  Initialized transformer.h.7.attn.c_attn.blocks.1.weight (1024, 1024) on G_{1.0,0.0,384}  Initialized transformer.h.11.mlp.c_fc.blocks.3.weight (1024, 1024) on G_{1.0,0.0,384}


Initializing transformer.h.12.attn.c_attn.blocks.0.: k=1, G_{1.0,0.0,384}, type=None

Initializing transformer.h.7.attn.c_attn.blocks.2.: k=1, G_{1.0,0.0,384}, type=None
  Initialized transformer.h.14.mlp.c_fc.blocks.0.weight (1024, 1024) on G_{1.0,0.0,384}
  Initialized transformer.h.14.attn.c_attn.blocks.1.weight (1024, 1024) on G_{1.0,0.0,384}

Initializing transformer.h.14.mlp.c_fc.blocks.1.: k=1, G_{1.0,0.0,384}, type=None

Initializing transformer.h.14.attn.c_attn.blocks.2.: k=1, G_{1.0,0.0,384}, type=None
  Initialized transformer.h.12.attn.c_attn.blocks.0.weight (1024, 1024) on G_{1.0,0.0,384}  Initialized transformer.h.7.attn.c_attn.blocks.2.weight (1024, 1024) on G_{1.0,0.0,384}


Initializing transformer.h.12.attn.c_attn.blocks.1.: k=1, G_{1.0,0.0,384}, type=None

Initializing transformer.h.7.mlp.c_fc.blocks.0.: k=1, G_{1.0,0.0,384}, type=None
  Initialized transformer.h.14.attn.c_attn.blocks.2.weight (1024, 1024) on G_{1.0,0.0,384}  Initialized transformer.h.14.mlp.c_fc.blocks.1.weight (1024, 1024) on G_{1.0,0.0,384}


Initializing transformer.h.14.mlp.c_fc.blocks.0.: k=1, G_{1.0,0.0,384}, type=None
Initializing transformer.h.14.mlp.c_fc.blocks.2.: k=1, G_{1.0,0.0,384}, type=None

  Initialized transformer.h.12.attn.c_attn.blocks.1.weight (1024, 1024) on G_{1.0,0.0,384}  Initialized transformer.h.7.mlp.c_fc.blocks.0.weight (1024, 1024) on G_{1.0,0.0,384}


Initializing transformer.h.12.attn.c_attn.blocks.2.: k=1, G_{1.0,0.0,384}, type=None

Initializing transformer.h.7.mlp.c_fc.blocks.1.: k=1, G_{1.0,0.0,384}, type=None
  Initialized transformer.h.14.mlp.c_fc.blocks.0.weight (1024, 1024) on G_{1.0,0.0,384}  Initialized transformer.h.14.mlp.c_fc.blocks.2.weight (1024, 1024) on G_{1.0,0.0,384}


Initializing transformer.h.14.mlp.c_fc.blocks.1.: k=1, G_{1.0,0.0,384}, type=None
Initializing transformer.h.14.mlp.c_fc.blocks.3.: k=1, G_{1.0,0.0,384}, type=None

  Initialized transformer.h.7.mlp.c_fc.blocks.1.weight (1024, 1024) on G_{1.0,0.0,384}  Initialized transformer.h.12.attn.c_attn.blocks.2.weight (1024, 1024) on G_{1.0,0.0,384}


Initializing transformer.h.12.mlp.c_fc.blocks.0.: k=1, G_{1.0,0.0,384}, type=None

Initializing transformer.h.7.mlp.c_fc.blocks.2.: k=1, G_{1.0,0.0,384}, type=None
  Initialized transformer.h.14.mlp.c_fc.blocks.1.weight (1024, 1024) on G_{1.0,0.0,384}  Initialized transformer.h.14.mlp.c_fc.blocks.3.weight (1024, 1024) on G_{1.0,0.0,384}


Initializing transformer.h.14.mlp.c_fc.blocks.2.: k=1, G_{1.0,0.0,384}, type=None

Initializing transformer.h.15.attn.c_attn.blocks.0.: k=1, G_{1.0,0.0,384}, type=None
  Initialized transformer.h.7.mlp.c_fc.blocks.2.weight (1024, 1024) on G_{1.0,0.0,384}  Initialized transformer.h.12.mlp.c_fc.blocks.0.weight (1024, 1024) on G_{1.0,0.0,384}


Initializing transformer.h.12.mlp.c_fc.blocks.1.: k=1, G_{1.0,0.0,384}, type=None

Initializing transformer.h.7.mlp.c_fc.blocks.3.: k=1, G_{1.0,0.0,384}, type=None
  Initialized transformer.h.14.mlp.c_fc.blocks.2.weight (1024, 1024) on G_{1.0,0.0,384}  Initialized transformer.h.15.attn.c_attn.blocks.0.weight (1024, 1024) on G_{1.0,0.0,384}


Initializing transformer.h.15.attn.c_attn.blocks.1.: k=1, G_{1.0,0.0,384}, type=None

Initializing transformer.h.14.mlp.c_fc.blocks.3.: k=1, G_{1.0,0.0,384}, type=None
  Initialized transformer.h.12.mlp.c_fc.blocks.1.weight (1024, 1024) on G_{1.0,0.0,384}  Initialized transformer.h.7.mlp.c_fc.blocks.3.weight (1024, 1024) on G_{1.0,0.0,384}


Initializing transformer.h.12.mlp.c_fc.blocks.2.: k=1, G_{1.0,0.0,384}, type=None

Initializing transformer.h.8.attn.c_attn.blocks.0.: k=1, G_{1.0,0.0,384}, type=None
  Initialized transformer.h.14.mlp.c_fc.blocks.3.weight (1024, 1024) on G_{1.0,0.0,384}  Initialized transformer.h.15.attn.c_attn.blocks.1.weight (1024, 1024) on G_{1.0,0.0,384}


Initializing transformer.h.15.attn.c_attn.blocks.2.: k=1, G_{1.0,0.0,384}, type=None

Initializing transformer.h.15.attn.c_attn.blocks.0.: k=1, G_{1.0,0.0,384}, type=None
  Initialized transformer.h.8.attn.c_attn.blocks.0.weight (1024, 1024) on G_{1.0,0.0,384}

Initializing transformer.h.8.attn.c_attn.blocks.1.: k=1, G_{1.0,0.0,384}, type=None
  Initialized transformer.h.15.attn.c_attn.blocks.0.weight (1024, 1024) on G_{1.0,0.0,384}  Initialized transformer.h.15.attn.c_attn.blocks.2.weight (1024, 1024) on G_{1.0,0.0,384}


Initializing transformer.h.15.attn.c_attn.blocks.1.: k=1, G_{1.0,0.0,384}, type=None
Initializing transformer.h.15.mlp.c_fc.blocks.0.: k=1, G_{1.0,0.0,384}, type=None

  Initialized transformer.h.8.attn.c_attn.blocks.1.weight (1024, 1024) on G_{1.0,0.0,384}

Initializing transformer.h.8.attn.c_attn.blocks.2.: k=1, G_{1.0,0.0,384}, type=None
  Initialized transformer.h.12.mlp.c_fc.blocks.2.weight (1024, 1024) on G_{1.0,0.0,384}
  Initialized transformer.h.15.mlp.c_fc.blocks.0.weight (1024, 1024) on G_{1.0,0.0,384}  Initialized transformer.h.15.attn.c_attn.blocks.1.weight (1024, 1024) on G_{1.0,0.0,384}


Initializing transformer.h.15.mlp.c_fc.blocks.1.: k=1, G_{1.0,0.0,384}, type=None

Initializing transformer.h.15.attn.c_attn.blocks.2.: k=1, G_{1.0,0.0,384}, type=None
  Initialized transformer.h.8.attn.c_attn.blocks.2.weight (1024, 1024) on G_{1.0,0.0,384}

Initializing transformer.h.8.mlp.c_fc.blocks.0.: k=1, G_{1.0,0.0,384}, type=None

Initializing transformer.h.12.mlp.c_fc.blocks.3.: k=1, G_{1.0,0.0,384}, type=None
  Initialized transformer.h.15.mlp.c_fc.blocks.1.weight (1024, 1024) on G_{1.0,0.0,384}
  Initialized transformer.h.15.attn.c_attn.blocks.2.weight (1024, 1024) on G_{1.0,0.0,384}

Initializing transformer.h.15.mlp.c_fc.blocks.2.: k=1, G_{1.0,0.0,384}, type=None

Initializing transformer.h.15.mlp.c_fc.blocks.0.: k=1, G_{1.0,0.0,384}, type=None
  Initialized transformer.h.8.mlp.c_fc.blocks.0.weight (1024, 1024) on G_{1.0,0.0,384}
  Initialized transformer.h.12.mlp.c_fc.blocks.3.weight (1024, 1024) on G_{1.0,0.0,384}

Initializing transformer.h.8.mlp.c_fc.blocks.1.: k=1, G_{1.0,0.0,384}, type=None

Initializing transformer.h.13.attn.c_attn.blocks.0.: k=1, G_{1.0,0.0,384}, type=None
  Initialized transformer.h.15.mlp.c_fc.blocks.2.weight (1024, 1024) on G_{1.0,0.0,384}

Initializing transformer.h.15.mlp.c_fc.blocks.3.: k=1, G_{1.0,0.0,384}, type=None
  Initialized transformer.h.8.mlp.c_fc.blocks.1.weight (1024, 1024) on G_{1.0,0.0,384}
  Initialized transformer.h.13.attn.c_attn.blocks.0.weight (1024, 1024) on G_{1.0,0.0,384}

Initializing transformer.h.8.mlp.c_fc.blocks.2.: k=1, G_{1.0,0.0,384}, type=None

Initializing transformer.h.13.attn.c_attn.blocks.1.: k=1, G_{1.0,0.0,384}, type=None
  Initialized transformer.h.15.mlp.c_fc.blocks.0.weight (1024, 1024) on G_{1.0,0.0,384}

Initializing transformer.h.15.mlp.c_fc.blocks.1.: k=1, G_{1.0,0.0,384}, type=None
  Initialized transformer.h.15.mlp.c_fc.blocks.3.weight (1024, 1024) on G_{1.0,0.0,384}

Initializing transformer.h.16.attn.c_attn.blocks.0.: k=1, G_{1.0,0.0,384}, type=None
  Initialized transformer.h.8.mlp.c_fc.blocks.2.weight (1024, 1024) on G_{1.0,0.0,384}
  Initialized transformer.h.13.attn.c_attn.blocks.1.weight (1024, 1024) on G_{1.0,0.0,384}

Initializing transformer.h.8.mlp.c_fc.blocks.3.: k=1, G_{1.0,0.0,384}, type=None

Initializing transformer.h.13.attn.c_attn.blocks.2.: k=1, G_{1.0,0.0,384}, type=None
  Initialized transformer.h.15.mlp.c_fc.blocks.1.weight (1024, 1024) on G_{1.0,0.0,384}

Initializing transformer.h.15.mlp.c_fc.blocks.2.: k=1, G_{1.0,0.0,384}, type=None
  Initialized transformer.h.16.attn.c_attn.blocks.0.weight (1024, 1024) on G_{1.0,0.0,384}

Initializing transformer.h.16.attn.c_attn.blocks.1.: k=1, G_{1.0,0.0,384}, type=None
  Initialized transformer.h.8.mlp.c_fc.blocks.3.weight (1024, 1024) on G_{1.0,0.0,384}
  Initialized transformer.h.13.attn.c_attn.blocks.2.weight (1024, 1024) on G_{1.0,0.0,384}

Initializing transformer.h.9.attn.c_attn.blocks.0.: k=1, G_{1.0,0.0,384}, type=None

Initializing transformer.h.13.mlp.c_fc.blocks.0.: k=1, G_{1.0,0.0,384}, type=None
  Initialized transformer.h.15.mlp.c_fc.blocks.2.weight (1024, 1024) on G_{1.0,0.0,384}

Initializing transformer.h.15.mlp.c_fc.blocks.3.: k=1, G_{1.0,0.0,384}, type=None
  Initialized transformer.h.16.attn.c_attn.blocks.1.weight (1024, 1024) on G_{1.0,0.0,384}

Initializing transformer.h.16.attn.c_attn.blocks.2.: k=1, G_{1.0,0.0,384}, type=None
  Initialized transformer.h.9.attn.c_attn.blocks.0.weight (1024, 1024) on G_{1.0,0.0,384}
  Initialized transformer.h.13.mlp.c_fc.blocks.0.weight (1024, 1024) on G_{1.0,0.0,384}

Initializing transformer.h.9.attn.c_attn.blocks.1.: k=1, G_{1.0,0.0,384}, type=None

Initializing transformer.h.13.mlp.c_fc.blocks.1.: k=1, G_{1.0,0.0,384}, type=None
  Initialized transformer.h.15.mlp.c_fc.blocks.3.weight (1024, 1024) on G_{1.0,0.0,384}
  Initialized transformer.h.16.attn.c_attn.blocks.2.weight (1024, 1024) on G_{1.0,0.0,384}

Initializing transformer.h.16.attn.c_attn.blocks.0.: k=1, G_{1.0,0.0,384}, type=None

Initializing transformer.h.16.mlp.c_fc.blocks.0.: k=1, G_{1.0,0.0,384}, type=None
  Initialized transformer.h.9.attn.c_attn.blocks.1.weight (1024, 1024) on G_{1.0,0.0,384}
  Initialized transformer.h.13.mlp.c_fc.blocks.1.weight (1024, 1024) on G_{1.0,0.0,384}

Initializing transformer.h.9.attn.c_attn.blocks.2.: k=1, G_{1.0,0.0,384}, type=None

Initializing transformer.h.13.mlp.c_fc.blocks.2.: k=1, G_{1.0,0.0,384}, type=None
  Initialized transformer.h.16.attn.c_attn.blocks.0.weight (1024, 1024) on G_{1.0,0.0,384}
  Initialized transformer.h.16.mlp.c_fc.blocks.0.weight (1024, 1024) on G_{1.0,0.0,384}

Initializing transformer.h.16.attn.c_attn.blocks.1.: k=1, G_{1.0,0.0,384}, type=None

Initializing transformer.h.16.mlp.c_fc.blocks.1.: k=1, G_{1.0,0.0,384}, type=None
  Initialized transformer.h.9.attn.c_attn.blocks.2.weight (1024, 1024) on G_{1.0,0.0,384}
  Initialized transformer.h.13.mlp.c_fc.blocks.2.weight (1024, 1024) on G_{1.0,0.0,384}

Initializing transformer.h.9.mlp.c_fc.blocks.0.: k=1, G_{1.0,0.0,384}, type=None

Initializing transformer.h.13.mlp.c_fc.blocks.3.: k=1, G_{1.0,0.0,384}, type=None
  Initialized transformer.h.16.attn.c_attn.blocks.1.weight (1024, 1024) on G_{1.0,0.0,384}
  Initialized transformer.h.16.mlp.c_fc.blocks.1.weight (1024, 1024) on G_{1.0,0.0,384}

Initializing transformer.h.16.attn.c_attn.blocks.2.: k=1, G_{1.0,0.0,384}, type=None

Initializing transformer.h.16.mlp.c_fc.blocks.2.: k=1, G_{1.0,0.0,384}, type=None
  Initialized transformer.h.9.mlp.c_fc.blocks.0.weight (1024, 1024) on G_{1.0,0.0,384}
  Initialized transformer.h.13.mlp.c_fc.blocks.3.weight (1024, 1024) on G_{1.0,0.0,384}

Initializing transformer.h.9.mlp.c_fc.blocks.1.: k=1, G_{1.0,0.0,384}, type=None

Initializing transformer.h.14.attn.c_attn.blocks.0.: k=1, G_{1.0,0.0,384}, type=None
  Initialized transformer.h.16.attn.c_attn.blocks.2.weight (1024, 1024) on G_{1.0,0.0,384}
  Initialized transformer.h.16.mlp.c_fc.blocks.2.weight (1024, 1024) on G_{1.0,0.0,384}

Initializing transformer.h.16.mlp.c_fc.blocks.0.: k=1, G_{1.0,0.0,384}, type=None

Initializing transformer.h.16.mlp.c_fc.blocks.3.: k=1, G_{1.0,0.0,384}, type=None
  Initialized transformer.h.9.mlp.c_fc.blocks.1.weight (1024, 1024) on G_{1.0,0.0,384}
  Initialized transformer.h.14.attn.c_attn.blocks.0.weight (1024, 1024) on G_{1.0,0.0,384}

Initializing transformer.h.9.mlp.c_fc.blocks.2.: k=1, G_{1.0,0.0,384}, type=None

Initializing transformer.h.14.attn.c_attn.blocks.1.: k=1, G_{1.0,0.0,384}, type=None
  Initialized transformer.h.16.mlp.c_fc.blocks.0.weight (1024, 1024) on G_{1.0,0.0,384}  Initialized transformer.h.16.mlp.c_fc.blocks.3.weight (1024, 1024) on G_{1.0,0.0,384}


Initializing transformer.h.17.attn.c_attn.blocks.0.: k=1, G_{1.0,0.0,384}, type=None

Initializing transformer.h.16.mlp.c_fc.blocks.1.: k=1, G_{1.0,0.0,384}, type=None
  Initialized transformer.h.9.mlp.c_fc.blocks.2.weight (1024, 1024) on G_{1.0,0.0,384}
  Initialized transformer.h.14.attn.c_attn.blocks.1.weight (1024, 1024) on G_{1.0,0.0,384}

Initializing transformer.h.9.mlp.c_fc.blocks.3.: k=1, G_{1.0,0.0,384}, type=None

Initializing transformer.h.14.attn.c_attn.blocks.2.: k=1, G_{1.0,0.0,384}, type=None
  Initialized transformer.h.16.mlp.c_fc.blocks.1.weight (1024, 1024) on G_{1.0,0.0,384}  Initialized transformer.h.17.attn.c_attn.blocks.0.weight (1024, 1024) on G_{1.0,0.0,384}

  Initialized transformer.h.9.mlp.c_fc.blocks.3.weight (1024, 1024) on G_{1.0,0.0,384}
Initializing transformer.h.17.attn.c_attn.blocks.1.: k=1, G_{1.0,0.0,384}, type=None


Initializing transformer.h.16.mlp.c_fc.blocks.2.: k=1, G_{1.0,0.0,384}, type=None
  Initialized transformer.h.14.attn.c_attn.blocks.2.weight (1024, 1024) on G_{1.0,0.0,384}

Initializing transformer.h.10.attn.c_attn.blocks.0.: k=1, G_{1.0,0.0,384}, type=None

Initializing transformer.h.14.mlp.c_fc.blocks.0.: k=1, G_{1.0,0.0,384}, type=None
  Initialized transformer.h.16.mlp.c_fc.blocks.2.weight (1024, 1024) on G_{1.0,0.0,384}  Initialized transformer.h.17.attn.c_attn.blocks.1.weight (1024, 1024) on G_{1.0,0.0,384}

  Initialized transformer.h.10.attn.c_attn.blocks.0.weight (1024, 1024) on G_{1.0,0.0,384}

Initializing transformer.h.17.attn.c_attn.blocks.2.: k=1, G_{1.0,0.0,384}, type=None

Initializing transformer.h.16.mlp.c_fc.blocks.3.: k=1, G_{1.0,0.0,384}, type=None
  Initialized transformer.h.14.mlp.c_fc.blocks.0.weight (1024, 1024) on G_{1.0,0.0,384}

Initializing transformer.h.10.attn.c_attn.blocks.1.: k=1, G_{1.0,0.0,384}, type=None

Initializing transformer.h.14.mlp.c_fc.blocks.1.: k=1, G_{1.0,0.0,384}, type=None
  Initialized transformer.h.16.mlp.c_fc.blocks.3.weight (1024, 1024) on G_{1.0,0.0,384}  Initialized transformer.h.17.attn.c_attn.blocks.2.weight (1024, 1024) on G_{1.0,0.0,384}

  Initialized transformer.h.10.attn.c_attn.blocks.1.weight (1024, 1024) on G_{1.0,0.0,384}

Initializing transformer.h.17.mlp.c_fc.blocks.0.: k=1, G_{1.0,0.0,384}, type=None

Initializing transformer.h.17.attn.c_attn.blocks.0.: k=1, G_{1.0,0.0,384}, type=None
  Initialized transformer.h.14.mlp.c_fc.blocks.1.weight (1024, 1024) on G_{1.0,0.0,384}

Initializing transformer.h.10.attn.c_attn.blocks.2.: k=1, G_{1.0,0.0,384}, type=None

Initializing transformer.h.14.mlp.c_fc.blocks.2.: k=1, G_{1.0,0.0,384}, type=None
  Initialized transformer.h.17.attn.c_attn.blocks.0.weight (1024, 1024) on G_{1.0,0.0,384}  Initialized transformer.h.17.mlp.c_fc.blocks.0.weight (1024, 1024) on G_{1.0,0.0,384}

  Initialized transformer.h.10.attn.c_attn.blocks.2.weight (1024, 1024) on G_{1.0,0.0,384}

Initializing transformer.h.17.attn.c_attn.blocks.1.: k=1, G_{1.0,0.0,384}, type=None  Initialized transformer.h.14.mlp.c_fc.blocks.2.weight (1024, 1024) on G_{1.0,0.0,384}


Initializing transformer.h.17.mlp.c_fc.blocks.1.: k=1, G_{1.0,0.0,384}, type=None

Initializing transformer.h.10.mlp.c_fc.blocks.0.: k=1, G_{1.0,0.0,384}, type=None

Initializing transformer.h.14.mlp.c_fc.blocks.3.: k=1, G_{1.0,0.0,384}, type=None
  Initialized transformer.h.17.attn.c_attn.blocks.1.weight (1024, 1024) on G_{1.0,0.0,384}  Initialized transformer.h.17.mlp.c_fc.blocks.1.weight (1024, 1024) on G_{1.0,0.0,384}

  Initialized transformer.h.10.mlp.c_fc.blocks.0.weight (1024, 1024) on G_{1.0,0.0,384}
  Initialized transformer.h.14.mlp.c_fc.blocks.3.weight (1024, 1024) on G_{1.0,0.0,384}

Initializing transformer.h.17.mlp.c_fc.blocks.2.: k=1, G_{1.0,0.0,384}, type=None

Initializing transformer.h.17.attn.c_attn.blocks.2.: k=1, G_{1.0,0.0,384}, type=None

Initializing transformer.h.10.mlp.c_fc.blocks.1.: k=1, G_{1.0,0.0,384}, type=None

Initializing transformer.h.15.attn.c_attn.blocks.0.: k=1, G_{1.0,0.0,384}, type=None
  Initialized transformer.h.17.attn.c_attn.blocks.2.weight (1024, 1024) on G_{1.0,0.0,384}  Initialized transformer.h.17.mlp.c_fc.blocks.2.weight (1024, 1024) on G_{1.0,0.0,384}  Initialized transformer.h.10.mlp.c_fc.blocks.1.weight (1024, 1024) on G_{1.0,0.0,384}



Initializing transformer.h.17.mlp.c_fc.blocks.3.: k=1, G_{1.0,0.0,384}, type=None

Initializing transformer.h.17.mlp.c_fc.blocks.0.: k=1, G_{1.0,0.0,384}, type=None
  Initialized transformer.h.15.attn.c_attn.blocks.0.weight (1024, 1024) on G_{1.0,0.0,384}

Initializing transformer.h.10.mlp.c_fc.blocks.2.: k=1, G_{1.0,0.0,384}, type=None

Initializing transformer.h.15.attn.c_attn.blocks.1.: k=1, G_{1.0,0.0,384}, type=None
  Initialized transformer.h.10.mlp.c_fc.blocks.2.weight (1024, 1024) on G_{1.0,0.0,384}
  Initialized transformer.h.17.mlp.c_fc.blocks.0.weight (1024, 1024) on G_{1.0,0.0,384}  Initialized transformer.h.17.mlp.c_fc.blocks.3.weight (1024, 1024) on G_{1.0,0.0,384}

  Initialized transformer.h.15.attn.c_attn.blocks.1.weight (1024, 1024) on G_{1.0,0.0,384}

Initializing transformer.h.18.attn.c_attn.blocks.0.: k=1, G_{1.0,0.0,384}, type=None

Initializing transformer.h.17.mlp.c_fc.blocks.1.: k=1, G_{1.0,0.0,384}, type=None

Initializing transformer.h.10.mlp.c_fc.blocks.3.: k=1, G_{1.0,0.0,384}, type=None

Initializing transformer.h.15.attn.c_attn.blocks.2.: k=1, G_{1.0,0.0,384}, type=None
  Initialized transformer.h.10.mlp.c_fc.blocks.3.weight (1024, 1024) on G_{1.0,0.0,384}
  Initialized transformer.h.17.mlp.c_fc.blocks.1.weight (1024, 1024) on G_{1.0,0.0,384}  Initialized transformer.h.18.attn.c_attn.blocks.0.weight (1024, 1024) on G_{1.0,0.0,384}

  Initialized transformer.h.15.attn.c_attn.blocks.2.weight (1024, 1024) on G_{1.0,0.0,384}

Initializing transformer.h.18.attn.c_attn.blocks.1.: k=1, G_{1.0,0.0,384}, type=None

Initializing transformer.h.17.mlp.c_fc.blocks.2.: k=1, G_{1.0,0.0,384}, type=None

Initializing transformer.h.11.attn.c_attn.blocks.0.: k=1, G_{1.0,0.0,384}, type=None

Initializing transformer.h.15.mlp.c_fc.blocks.0.: k=1, G_{1.0,0.0,384}, type=None
  Initialized transformer.h.11.attn.c_attn.blocks.0.weight (1024, 1024) on G_{1.0,0.0,384}
  Initialized transformer.h.15.mlp.c_fc.blocks.0.weight (1024, 1024) on G_{1.0,0.0,384}
  Initialized transformer.h.18.attn.c_attn.blocks.1.weight (1024, 1024) on G_{1.0,0.0,384}
  Initialized transformer.h.17.mlp.c_fc.blocks.2.weight (1024, 1024) on G_{1.0,0.0,384}

Initializing transformer.h.11.attn.c_attn.blocks.1.: k=1, G_{1.0,0.0,384}, type=None

Initializing transformer.h.18.attn.c_attn.blocks.2.: k=1, G_{1.0,0.0,384}, type=None

Initializing transformer.h.17.mlp.c_fc.blocks.3.: k=1, G_{1.0,0.0,384}, type=None
Initializing transformer.h.15.mlp.c_fc.blocks.1.: k=1, G_{1.0,0.0,384}, type=None

  Initialized transformer.h.11.attn.c_attn.blocks.1.weight (1024, 1024) on G_{1.0,0.0,384}
  Initialized transformer.h.15.mlp.c_fc.blocks.1.weight (1024, 1024) on G_{1.0,0.0,384}
  Initialized transformer.h.17.mlp.c_fc.blocks.3.weight (1024, 1024) on G_{1.0,0.0,384}  Initialized transformer.h.18.attn.c_attn.blocks.2.weight (1024, 1024) on G_{1.0,0.0,384}


Initializing transformer.h.11.attn.c_attn.blocks.2.: k=1, G_{1.0,0.0,384}, type=None

Initializing transformer.h.15.mlp.c_fc.blocks.2.: k=1, G_{1.0,0.0,384}, type=None

Initializing transformer.h.18.mlp.c_fc.blocks.0.: k=1, G_{1.0,0.0,384}, type=None

Initializing transformer.h.18.attn.c_attn.blocks.0.: k=1, G_{1.0,0.0,384}, type=None
  Initialized transformer.h.11.attn.c_attn.blocks.2.weight (1024, 1024) on G_{1.0,0.0,384}
  Initialized transformer.h.15.mlp.c_fc.blocks.2.weight (1024, 1024) on G_{1.0,0.0,384}
  Initialized transformer.h.18.attn.c_attn.blocks.0.weight (1024, 1024) on G_{1.0,0.0,384}  Initialized transformer.h.18.mlp.c_fc.blocks.0.weight (1024, 1024) on G_{1.0,0.0,384}


Initializing transformer.h.15.mlp.c_fc.blocks.3.: k=1, G_{1.0,0.0,384}, type=None

Initializing transformer.h.11.mlp.c_fc.blocks.0.: k=1, G_{1.0,0.0,384}, type=None

Initializing transformer.h.18.mlp.c_fc.blocks.1.: k=1, G_{1.0,0.0,384}, type=None

Initializing transformer.h.18.attn.c_attn.blocks.1.: k=1, G_{1.0,0.0,384}, type=None
  Initialized transformer.h.11.mlp.c_fc.blocks.0.weight (1024, 1024) on G_{1.0,0.0,384}
  Initialized transformer.h.15.mlp.c_fc.blocks.3.weight (1024, 1024) on G_{1.0,0.0,384}

Initializing transformer.h.16.attn.c_attn.blocks.0.: k=1, G_{1.0,0.0,384}, type=None
  Initialized transformer.h.18.attn.c_attn.blocks.1.weight (1024, 1024) on G_{1.0,0.0,384}  Initialized transformer.h.18.mlp.c_fc.blocks.1.weight (1024, 1024) on G_{1.0,0.0,384}


Initializing transformer.h.11.mlp.c_fc.blocks.1.: k=1, G_{1.0,0.0,384}, type=None

Initializing transformer.h.18.mlp.c_fc.blocks.2.: k=1, G_{1.0,0.0,384}, type=None

Initializing transformer.h.18.attn.c_attn.blocks.2.: k=1, G_{1.0,0.0,384}, type=None
  Initialized transformer.h.16.attn.c_attn.blocks.0.weight (1024, 1024) on G_{1.0,0.0,384}  Initialized transformer.h.11.mlp.c_fc.blocks.1.weight (1024, 1024) on G_{1.0,0.0,384}


Initializing transformer.h.16.attn.c_attn.blocks.1.: k=1, G_{1.0,0.0,384}, type=None
  Initialized transformer.h.18.attn.c_attn.blocks.2.weight (1024, 1024) on G_{1.0,0.0,384}  Initialized transformer.h.18.mlp.c_fc.blocks.2.weight (1024, 1024) on G_{1.0,0.0,384}


Initializing transformer.h.11.mlp.c_fc.blocks.2.: k=1, G_{1.0,0.0,384}, type=None

Initializing transformer.h.18.mlp.c_fc.blocks.3.: k=1, G_{1.0,0.0,384}, type=None

Initializing transformer.h.18.mlp.c_fc.blocks.0.: k=1, G_{1.0,0.0,384}, type=None
  Initialized transformer.h.16.attn.c_attn.blocks.1.weight (1024, 1024) on G_{1.0,0.0,384}  Initialized transformer.h.11.mlp.c_fc.blocks.2.weight (1024, 1024) on G_{1.0,0.0,384}


Initializing transformer.h.16.attn.c_attn.blocks.2.: k=1, G_{1.0,0.0,384}, type=None
  Initialized transformer.h.18.mlp.c_fc.blocks.0.weight (1024, 1024) on G_{1.0,0.0,384}  Initialized transformer.h.18.mlp.c_fc.blocks.3.weight (1024, 1024) on G_{1.0,0.0,384}


Initializing transformer.h.11.mlp.c_fc.blocks.3.: k=1, G_{1.0,0.0,384}, type=None

Initializing transformer.h.19.attn.c_attn.blocks.0.: k=1, G_{1.0,0.0,384}, type=None
Initializing transformer.h.18.mlp.c_fc.blocks.1.: k=1, G_{1.0,0.0,384}, type=None

  Initialized transformer.h.16.attn.c_attn.blocks.2.weight (1024, 1024) on G_{1.0,0.0,384}  Initialized transformer.h.11.mlp.c_fc.blocks.3.weight (1024, 1024) on G_{1.0,0.0,384}


Initializing transformer.h.16.mlp.c_fc.blocks.0.: k=1, G_{1.0,0.0,384}, type=None
  Initialized transformer.h.18.mlp.c_fc.blocks.1.weight (1024, 1024) on G_{1.0,0.0,384}  Initialized transformer.h.19.attn.c_attn.blocks.0.weight (1024, 1024) on G_{1.0,0.0,384}


Initializing transformer.h.12.attn.c_attn.blocks.0.: k=1, G_{1.0,0.0,384}, type=None

Initializing transformer.h.19.attn.c_attn.blocks.1.: k=1, G_{1.0,0.0,384}, type=None

Initializing transformer.h.18.mlp.c_fc.blocks.2.: k=1, G_{1.0,0.0,384}, type=None
  Initialized transformer.h.16.mlp.c_fc.blocks.0.weight (1024, 1024) on G_{1.0,0.0,384}  Initialized transformer.h.12.attn.c_attn.blocks.0.weight (1024, 1024) on G_{1.0,0.0,384}


Initializing transformer.h.16.mlp.c_fc.blocks.1.: k=1, G_{1.0,0.0,384}, type=None

Initializing transformer.h.12.attn.c_attn.blocks.1.: k=1, G_{1.0,0.0,384}, type=None
  Initialized transformer.h.18.mlp.c_fc.blocks.2.weight (1024, 1024) on G_{1.0,0.0,384}  Initialized transformer.h.19.attn.c_attn.blocks.1.weight (1024, 1024) on G_{1.0,0.0,384}


Initializing transformer.h.19.attn.c_attn.blocks.2.: k=1, G_{1.0,0.0,384}, type=None

Initializing transformer.h.18.mlp.c_fc.blocks.3.: k=1, G_{1.0,0.0,384}, type=None
  Initialized transformer.h.12.attn.c_attn.blocks.1.weight (1024, 1024) on G_{1.0,0.0,384}  Initialized transformer.h.16.mlp.c_fc.blocks.1.weight (1024, 1024) on G_{1.0,0.0,384}


Initializing transformer.h.16.mlp.c_fc.blocks.2.: k=1, G_{1.0,0.0,384}, type=None

Initializing transformer.h.12.attn.c_attn.blocks.2.: k=1, G_{1.0,0.0,384}, type=None
  Initialized transformer.h.18.mlp.c_fc.blocks.3.weight (1024, 1024) on G_{1.0,0.0,384}  Initialized transformer.h.19.attn.c_attn.blocks.2.weight (1024, 1024) on G_{1.0,0.0,384}


Initializing transformer.h.19.mlp.c_fc.blocks.0.: k=1, G_{1.0,0.0,384}, type=None

Initializing transformer.h.19.attn.c_attn.blocks.0.: k=1, G_{1.0,0.0,384}, type=None
  Initialized transformer.h.12.attn.c_attn.blocks.2.weight (1024, 1024) on G_{1.0,0.0,384}  Initialized transformer.h.16.mlp.c_fc.blocks.2.weight (1024, 1024) on G_{1.0,0.0,384}


Initializing transformer.h.16.mlp.c_fc.blocks.3.: k=1, G_{1.0,0.0,384}, type=None

Initializing transformer.h.12.mlp.c_fc.blocks.0.: k=1, G_{1.0,0.0,384}, type=None
  Initialized transformer.h.19.mlp.c_fc.blocks.0.weight (1024, 1024) on G_{1.0,0.0,384}
  Initialized transformer.h.19.attn.c_attn.blocks.0.weight (1024, 1024) on G_{1.0,0.0,384}

Initializing transformer.h.19.mlp.c_fc.blocks.1.: k=1, G_{1.0,0.0,384}, type=None

Initializing transformer.h.19.attn.c_attn.blocks.1.: k=1, G_{1.0,0.0,384}, type=None
  Initialized transformer.h.12.mlp.c_fc.blocks.0.weight (1024, 1024) on G_{1.0,0.0,384}  Initialized transformer.h.16.mlp.c_fc.blocks.3.weight (1024, 1024) on G_{1.0,0.0,384}


Initializing transformer.h.17.attn.c_attn.blocks.0.: k=1, G_{1.0,0.0,384}, type=None

Initializing transformer.h.12.mlp.c_fc.blocks.1.: k=1, G_{1.0,0.0,384}, type=None
  Initialized transformer.h.19.attn.c_attn.blocks.1.weight (1024, 1024) on G_{1.0,0.0,384}  Initialized transformer.h.19.mlp.c_fc.blocks.1.weight (1024, 1024) on G_{1.0,0.0,384}


Initializing transformer.h.19.mlp.c_fc.blocks.2.: k=1, G_{1.0,0.0,384}, type=None

Initializing transformer.h.19.attn.c_attn.blocks.2.: k=1, G_{1.0,0.0,384}, type=None
  Initialized transformer.h.17.attn.c_attn.blocks.0.weight (1024, 1024) on G_{1.0,0.0,384}  Initialized transformer.h.12.mlp.c_fc.blocks.1.weight (1024, 1024) on G_{1.0,0.0,384}


Initializing transformer.h.17.attn.c_attn.blocks.1.: k=1, G_{1.0,0.0,384}, type=None

Initializing transformer.h.12.mlp.c_fc.blocks.2.: k=1, G_{1.0,0.0,384}, type=None
  Initialized transformer.h.19.attn.c_attn.blocks.2.weight (1024, 1024) on G_{1.0,0.0,384}  Initialized transformer.h.19.mlp.c_fc.blocks.2.weight (1024, 1024) on G_{1.0,0.0,384}


Initializing transformer.h.19.mlp.c_fc.blocks.3.: k=1, G_{1.0,0.0,384}, type=None
Initializing transformer.h.19.mlp.c_fc.blocks.0.: k=1, G_{1.0,0.0,384}, type=None

  Initialized transformer.h.12.mlp.c_fc.blocks.2.weight (1024, 1024) on G_{1.0,0.0,384}  Initialized transformer.h.17.attn.c_attn.blocks.1.weight (1024, 1024) on G_{1.0,0.0,384}


Initializing transformer.h.17.attn.c_attn.blocks.2.: k=1, G_{1.0,0.0,384}, type=None

Initializing transformer.h.12.mlp.c_fc.blocks.3.: k=1, G_{1.0,0.0,384}, type=None
  Initialized transformer.h.19.mlp.c_fc.blocks.0.weight (1024, 1024) on G_{1.0,0.0,384}  Initialized transformer.h.19.mlp.c_fc.blocks.3.weight (1024, 1024) on G_{1.0,0.0,384}


Initializing transformer.h.19.mlp.c_fc.blocks.1.: k=1, G_{1.0,0.0,384}, type=None
Initializing transformer.h.20.attn.c_attn.blocks.0.: k=1, G_{1.0,0.0,384}, type=None

  Initialized transformer.h.17.attn.c_attn.blocks.2.weight (1024, 1024) on G_{1.0,0.0,384}  Initialized transformer.h.12.mlp.c_fc.blocks.3.weight (1024, 1024) on G_{1.0,0.0,384}


Initializing transformer.h.17.mlp.c_fc.blocks.0.: k=1, G_{1.0,0.0,384}, type=None

Initializing transformer.h.13.attn.c_attn.blocks.0.: k=1, G_{1.0,0.0,384}, type=None
  Initialized transformer.h.19.mlp.c_fc.blocks.1.weight (1024, 1024) on G_{1.0,0.0,384}  Initialized transformer.h.20.attn.c_attn.blocks.0.weight (1024, 1024) on G_{1.0,0.0,384}


Initializing transformer.h.20.attn.c_attn.blocks.1.: k=1, G_{1.0,0.0,384}, type=None

Initializing transformer.h.19.mlp.c_fc.blocks.2.: k=1, G_{1.0,0.0,384}, type=None
  Initialized transformer.h.13.attn.c_attn.blocks.0.weight (1024, 1024) on G_{1.0,0.0,384}  Initialized transformer.h.17.mlp.c_fc.blocks.0.weight (1024, 1024) on G_{1.0,0.0,384}


Initializing transformer.h.17.mlp.c_fc.blocks.1.: k=1, G_{1.0,0.0,384}, type=None

Initializing transformer.h.13.attn.c_attn.blocks.1.: k=1, G_{1.0,0.0,384}, type=None
  Initialized transformer.h.19.mlp.c_fc.blocks.2.weight (1024, 1024) on G_{1.0,0.0,384}  Initialized transformer.h.20.attn.c_attn.blocks.1.weight (1024, 1024) on G_{1.0,0.0,384}


Initializing transformer.h.20.attn.c_attn.blocks.2.: k=1, G_{1.0,0.0,384}, type=None

Initializing transformer.h.19.mlp.c_fc.blocks.3.: k=1, G_{1.0,0.0,384}, type=None
  Initialized transformer.h.13.attn.c_attn.blocks.1.weight (1024, 1024) on G_{1.0,0.0,384}  Initialized transformer.h.17.mlp.c_fc.blocks.1.weight (1024, 1024) on G_{1.0,0.0,384}


Initializing transformer.h.17.mlp.c_fc.blocks.2.: k=1, G_{1.0,0.0,384}, type=None

Initializing transformer.h.13.attn.c_attn.blocks.2.: k=1, G_{1.0,0.0,384}, type=None
  Initialized transformer.h.19.mlp.c_fc.blocks.3.weight (1024, 1024) on G_{1.0,0.0,384}  Initialized transformer.h.20.attn.c_attn.blocks.2.weight (1024, 1024) on G_{1.0,0.0,384}


Initializing transformer.h.20.mlp.c_fc.blocks.0.: k=1, G_{1.0,0.0,384}, type=None

Initializing transformer.h.20.attn.c_attn.blocks.0.: k=1, G_{1.0,0.0,384}, type=None
  Initialized transformer.h.13.attn.c_attn.blocks.2.weight (1024, 1024) on G_{1.0,0.0,384}  Initialized transformer.h.17.mlp.c_fc.blocks.2.weight (1024, 1024) on G_{1.0,0.0,384}


Initializing transformer.h.17.mlp.c_fc.blocks.3.: k=1, G_{1.0,0.0,384}, type=None

Initializing transformer.h.13.mlp.c_fc.blocks.0.: k=1, G_{1.0,0.0,384}, type=None
  Initialized transformer.h.20.mlp.c_fc.blocks.0.weight (1024, 1024) on G_{1.0,0.0,384}
  Initialized transformer.h.20.attn.c_attn.blocks.0.weight (1024, 1024) on G_{1.0,0.0,384}

Initializing transformer.h.20.mlp.c_fc.blocks.1.: k=1, G_{1.0,0.0,384}, type=None

Initializing transformer.h.20.attn.c_attn.blocks.1.: k=1, G_{1.0,0.0,384}, type=None
  Initialized transformer.h.17.mlp.c_fc.blocks.3.weight (1024, 1024) on G_{1.0,0.0,384}  Initialized transformer.h.13.mlp.c_fc.blocks.0.weight (1024, 1024) on G_{1.0,0.0,384}


Initializing transformer.h.18.attn.c_attn.blocks.0.: k=1, G_{1.0,0.0,384}, type=None

Initializing transformer.h.13.mlp.c_fc.blocks.1.: k=1, G_{1.0,0.0,384}, type=None
  Initialized transformer.h.20.attn.c_attn.blocks.1.weight (1024, 1024) on G_{1.0,0.0,384}  Initialized transformer.h.20.mlp.c_fc.blocks.1.weight (1024, 1024) on G_{1.0,0.0,384}


Initializing transformer.h.20.mlp.c_fc.blocks.2.: k=1, G_{1.0,0.0,384}, type=None

Initializing transformer.h.20.attn.c_attn.blocks.2.: k=1, G_{1.0,0.0,384}, type=None
  Initialized transformer.h.18.attn.c_attn.blocks.0.weight (1024, 1024) on G_{1.0,0.0,384}  Initialized transformer.h.13.mlp.c_fc.blocks.1.weight (1024, 1024) on G_{1.0,0.0,384}


Initializing transformer.h.18.attn.c_attn.blocks.1.: k=1, G_{1.0,0.0,384}, type=None

Initializing transformer.h.13.mlp.c_fc.blocks.2.: k=1, G_{1.0,0.0,384}, type=None
  Initialized transformer.h.20.attn.c_attn.blocks.2.weight (1024, 1024) on G_{1.0,0.0,384}  Initialized transformer.h.20.mlp.c_fc.blocks.2.weight (1024, 1024) on G_{1.0,0.0,384}


Initializing transformer.h.20.mlp.c_fc.blocks.3.: k=1, G_{1.0,0.0,384}, type=None

Initializing transformer.h.20.mlp.c_fc.blocks.0.: k=1, G_{1.0,0.0,384}, type=None
  Initialized transformer.h.18.attn.c_attn.blocks.1.weight (1024, 1024) on G_{1.0,0.0,384}  Initialized transformer.h.13.mlp.c_fc.blocks.2.weight (1024, 1024) on G_{1.0,0.0,384}


Initializing transformer.h.18.attn.c_attn.blocks.2.: k=1, G_{1.0,0.0,384}, type=None

Initializing transformer.h.13.mlp.c_fc.blocks.3.: k=1, G_{1.0,0.0,384}, type=None
  Initialized transformer.h.20.mlp.c_fc.blocks.0.weight (1024, 1024) on G_{1.0,0.0,384}  Initialized transformer.h.20.mlp.c_fc.blocks.3.weight (1024, 1024) on G_{1.0,0.0,384}


Initializing transformer.h.21.attn.c_attn.blocks.0.: k=1, G_{1.0,0.0,384}, type=None

Initializing transformer.h.20.mlp.c_fc.blocks.1.: k=1, G_{1.0,0.0,384}, type=None
  Initialized transformer.h.18.attn.c_attn.blocks.2.weight (1024, 1024) on G_{1.0,0.0,384}  Initialized transformer.h.13.mlp.c_fc.blocks.3.weight (1024, 1024) on G_{1.0,0.0,384}


Initializing transformer.h.18.mlp.c_fc.blocks.0.: k=1, G_{1.0,0.0,384}, type=None

Initializing transformer.h.14.attn.c_attn.blocks.0.: k=1, G_{1.0,0.0,384}, type=None
  Initialized transformer.h.20.mlp.c_fc.blocks.1.weight (1024, 1024) on G_{1.0,0.0,384}  Initialized transformer.h.21.attn.c_attn.blocks.0.weight (1024, 1024) on G_{1.0,0.0,384}


Initializing transformer.h.21.attn.c_attn.blocks.1.: k=1, G_{1.0,0.0,384}, type=None

Initializing transformer.h.20.mlp.c_fc.blocks.2.: k=1, G_{1.0,0.0,384}, type=None
  Initialized transformer.h.14.attn.c_attn.blocks.0.weight (1024, 1024) on G_{1.0,0.0,384}  Initialized transformer.h.18.mlp.c_fc.blocks.0.weight (1024, 1024) on G_{1.0,0.0,384}


Initializing transformer.h.18.mlp.c_fc.blocks.1.: k=1, G_{1.0,0.0,384}, type=None

Initializing transformer.h.14.attn.c_attn.blocks.1.: k=1, G_{1.0,0.0,384}, type=None
  Initialized transformer.h.20.mlp.c_fc.blocks.2.weight (1024, 1024) on G_{1.0,0.0,384}  Initialized transformer.h.21.attn.c_attn.blocks.1.weight (1024, 1024) on G_{1.0,0.0,384}


Initializing transformer.h.21.attn.c_attn.blocks.2.: k=1, G_{1.0,0.0,384}, type=None

Initializing transformer.h.20.mlp.c_fc.blocks.3.: k=1, G_{1.0,0.0,384}, type=None
  Initialized transformer.h.14.attn.c_attn.blocks.1.weight (1024, 1024) on G_{1.0,0.0,384}
  Initialized transformer.h.18.mlp.c_fc.blocks.1.weight (1024, 1024) on G_{1.0,0.0,384}

Initializing transformer.h.18.mlp.c_fc.blocks.2.: k=1, G_{1.0,0.0,384}, type=None

Initializing transformer.h.14.attn.c_attn.blocks.2.: k=1, G_{1.0,0.0,384}, type=None
  Initialized transformer.h.21.attn.c_attn.blocks.2.weight (1024, 1024) on G_{1.0,0.0,384}  Initialized transformer.h.20.mlp.c_fc.blocks.3.weight (1024, 1024) on G_{1.0,0.0,384}


Initializing transformer.h.21.mlp.c_fc.blocks.0.: k=1, G_{1.0,0.0,384}, type=None

Initializing transformer.h.21.attn.c_attn.blocks.0.: k=1, G_{1.0,0.0,384}, type=None
  Initialized transformer.h.14.attn.c_attn.blocks.2.weight (1024, 1024) on G_{1.0,0.0,384}
  Initialized transformer.h.18.mlp.c_fc.blocks.2.weight (1024, 1024) on G_{1.0,0.0,384}

Initializing transformer.h.18.mlp.c_fc.blocks.3.: k=1, G_{1.0,0.0,384}, type=None

Initializing transformer.h.14.mlp.c_fc.blocks.0.: k=1, G_{1.0,0.0,384}, type=None
  Initialized transformer.h.21.attn.c_attn.blocks.0.weight (1024, 1024) on G_{1.0,0.0,384}  Initialized transformer.h.21.mlp.c_fc.blocks.0.weight (1024, 1024) on G_{1.0,0.0,384}


Initializing transformer.h.21.mlp.c_fc.blocks.1.: k=1, G_{1.0,0.0,384}, type=None

Initializing transformer.h.21.attn.c_attn.blocks.1.: k=1, G_{1.0,0.0,384}, type=None
  Initialized transformer.h.18.mlp.c_fc.blocks.3.weight (1024, 1024) on G_{1.0,0.0,384}  Initialized transformer.h.14.mlp.c_fc.blocks.0.weight (1024, 1024) on G_{1.0,0.0,384}


Initializing transformer.h.19.attn.c_attn.blocks.0.: k=1, G_{1.0,0.0,384}, type=None

Initializing transformer.h.14.mlp.c_fc.blocks.1.: k=1, G_{1.0,0.0,384}, type=None
  Initialized transformer.h.21.attn.c_attn.blocks.1.weight (1024, 1024) on G_{1.0,0.0,384}  Initialized transformer.h.21.mlp.c_fc.blocks.1.weight (1024, 1024) on G_{1.0,0.0,384}


Initializing transformer.h.21.attn.c_attn.blocks.2.: k=1, G_{1.0,0.0,384}, type=None

Initializing transformer.h.21.mlp.c_fc.blocks.2.: k=1, G_{1.0,0.0,384}, type=None
  Initialized transformer.h.14.mlp.c_fc.blocks.1.weight (1024, 1024) on G_{1.0,0.0,384}  Initialized transformer.h.19.attn.c_attn.blocks.0.weight (1024, 1024) on G_{1.0,0.0,384}


Initializing transformer.h.19.attn.c_attn.blocks.1.: k=1, G_{1.0,0.0,384}, type=None

Initializing transformer.h.14.mlp.c_fc.blocks.2.: k=1, G_{1.0,0.0,384}, type=None
  Initialized transformer.h.21.attn.c_attn.blocks.2.weight (1024, 1024) on G_{1.0,0.0,384}  Initialized transformer.h.21.mlp.c_fc.blocks.2.weight (1024, 1024) on G_{1.0,0.0,384}


Initializing transformer.h.21.mlp.c_fc.blocks.3.: k=1, G_{1.0,0.0,384}, type=None

Initializing transformer.h.21.mlp.c_fc.blocks.0.: k=1, G_{1.0,0.0,384}, type=None
  Initialized transformer.h.19.attn.c_attn.blocks.1.weight (1024, 1024) on G_{1.0,0.0,384}  Initialized transformer.h.14.mlp.c_fc.blocks.2.weight (1024, 1024) on G_{1.0,0.0,384}


Initializing transformer.h.19.attn.c_attn.blocks.2.: k=1, G_{1.0,0.0,384}, type=None

Initializing transformer.h.14.mlp.c_fc.blocks.3.: k=1, G_{1.0,0.0,384}, type=None
  Initialized transformer.h.21.mlp.c_fc.blocks.0.weight (1024, 1024) on G_{1.0,0.0,384}  Initialized transformer.h.21.mlp.c_fc.blocks.3.weight (1024, 1024) on G_{1.0,0.0,384}


Initializing transformer.h.22.attn.c_attn.blocks.0.: k=1, G_{1.0,0.0,384}, type=None

Initializing transformer.h.21.mlp.c_fc.blocks.1.: k=1, G_{1.0,0.0,384}, type=None
  Initialized transformer.h.14.mlp.c_fc.blocks.3.weight (1024, 1024) on G_{1.0,0.0,384}  Initialized transformer.h.19.attn.c_attn.blocks.2.weight (1024, 1024) on G_{1.0,0.0,384}


Initializing transformer.h.19.mlp.c_fc.blocks.0.: k=1, G_{1.0,0.0,384}, type=None

Initializing transformer.h.15.attn.c_attn.blocks.0.: k=1, G_{1.0,0.0,384}, type=None
  Initialized transformer.h.21.mlp.c_fc.blocks.1.weight (1024, 1024) on G_{1.0,0.0,384}  Initialized transformer.h.22.attn.c_attn.blocks.0.weight (1024, 1024) on G_{1.0,0.0,384}


Initializing transformer.h.22.attn.c_attn.blocks.1.: k=1, G_{1.0,0.0,384}, type=None

Initializing transformer.h.21.mlp.c_fc.blocks.2.: k=1, G_{1.0,0.0,384}, type=None
  Initialized transformer.h.19.mlp.c_fc.blocks.0.weight (1024, 1024) on G_{1.0,0.0,384}  Initialized transformer.h.15.attn.c_attn.blocks.0.weight (1024, 1024) on G_{1.0,0.0,384}


Initializing transformer.h.19.mlp.c_fc.blocks.1.: k=1, G_{1.0,0.0,384}, type=None

Initializing transformer.h.15.attn.c_attn.blocks.1.: k=1, G_{1.0,0.0,384}, type=None
  Initialized transformer.h.21.mlp.c_fc.blocks.2.weight (1024, 1024) on G_{1.0,0.0,384}  Initialized transformer.h.22.attn.c_attn.blocks.1.weight (1024, 1024) on G_{1.0,0.0,384}


Initializing transformer.h.22.attn.c_attn.blocks.2.: k=1, G_{1.0,0.0,384}, type=None

Initializing transformer.h.21.mlp.c_fc.blocks.3.: k=1, G_{1.0,0.0,384}, type=None
  Initialized transformer.h.19.mlp.c_fc.blocks.1.weight (1024, 1024) on G_{1.0,0.0,384}  Initialized transformer.h.15.attn.c_attn.blocks.1.weight (1024, 1024) on G_{1.0,0.0,384}


Initializing transformer.h.19.mlp.c_fc.blocks.2.: k=1, G_{1.0,0.0,384}, type=None

Initializing transformer.h.15.attn.c_attn.blocks.2.: k=1, G_{1.0,0.0,384}, type=None
  Initialized transformer.h.21.mlp.c_fc.blocks.3.weight (1024, 1024) on G_{1.0,0.0,384}  Initialized transformer.h.22.attn.c_attn.blocks.2.weight (1024, 1024) on G_{1.0,0.0,384}


Initializing transformer.h.22.mlp.c_fc.blocks.0.: k=1, G_{1.0,0.0,384}, type=None

Initializing transformer.h.22.attn.c_attn.blocks.0.: k=1, G_{1.0,0.0,384}, type=None
  Initialized transformer.h.19.mlp.c_fc.blocks.2.weight (1024, 1024) on G_{1.0,0.0,384}  Initialized transformer.h.15.attn.c_attn.blocks.2.weight (1024, 1024) on G_{1.0,0.0,384}


Initializing transformer.h.19.mlp.c_fc.blocks.3.: k=1, G_{1.0,0.0,384}, type=None

Initializing transformer.h.15.mlp.c_fc.blocks.0.: k=1, G_{1.0,0.0,384}, type=None
  Initialized transformer.h.22.attn.c_attn.blocks.0.weight (1024, 1024) on G_{1.0,0.0,384}  Initialized transformer.h.22.mlp.c_fc.blocks.0.weight (1024, 1024) on G_{1.0,0.0,384}


Initializing transformer.h.22.mlp.c_fc.blocks.1.: k=1, G_{1.0,0.0,384}, type=None

Initializing transformer.h.22.attn.c_attn.blocks.1.: k=1, G_{1.0,0.0,384}, type=None
  Initialized transformer.h.19.mlp.c_fc.blocks.3.weight (1024, 1024) on G_{1.0,0.0,384}  Initialized transformer.h.15.mlp.c_fc.blocks.0.weight (1024, 1024) on G_{1.0,0.0,384}


Initializing transformer.h.20.attn.c_attn.blocks.0.: k=1, G_{1.0,0.0,384}, type=None

Initializing transformer.h.15.mlp.c_fc.blocks.1.: k=1, G_{1.0,0.0,384}, type=None
  Initialized transformer.h.22.attn.c_attn.blocks.1.weight (1024, 1024) on G_{1.0,0.0,384}  Initialized transformer.h.22.mlp.c_fc.blocks.1.weight (1024, 1024) on G_{1.0,0.0,384}


Initializing transformer.h.22.mlp.c_fc.blocks.2.: k=1, G_{1.0,0.0,384}, type=None

Initializing transformer.h.22.attn.c_attn.blocks.2.: k=1, G_{1.0,0.0,384}, type=None
  Initialized transformer.h.20.attn.c_attn.blocks.0.weight (1024, 1024) on G_{1.0,0.0,384}  Initialized transformer.h.15.mlp.c_fc.blocks.1.weight (1024, 1024) on G_{1.0,0.0,384}


Initializing transformer.h.20.attn.c_attn.blocks.1.: k=1, G_{1.0,0.0,384}, type=None

Initializing transformer.h.15.mlp.c_fc.blocks.2.: k=1, G_{1.0,0.0,384}, type=None
  Initialized transformer.h.22.attn.c_attn.blocks.2.weight (1024, 1024) on G_{1.0,0.0,384}  Initialized transformer.h.22.mlp.c_fc.blocks.2.weight (1024, 1024) on G_{1.0,0.0,384}


Initializing transformer.h.22.mlp.c_fc.blocks.3.: k=1, G_{1.0,0.0,384}, type=None

Initializing transformer.h.22.mlp.c_fc.blocks.0.: k=1, G_{1.0,0.0,384}, type=None
  Initialized transformer.h.20.attn.c_attn.blocks.1.weight (1024, 1024) on G_{1.0,0.0,384}  Initialized transformer.h.15.mlp.c_fc.blocks.2.weight (1024, 1024) on G_{1.0,0.0,384}


Initializing transformer.h.20.attn.c_attn.blocks.2.: k=1, G_{1.0,0.0,384}, type=None

Initializing transformer.h.15.mlp.c_fc.blocks.3.: k=1, G_{1.0,0.0,384}, type=None
  Initialized transformer.h.22.mlp.c_fc.blocks.0.weight (1024, 1024) on G_{1.0,0.0,384}  Initialized transformer.h.22.mlp.c_fc.blocks.3.weight (1024, 1024) on G_{1.0,0.0,384}


Initializing transformer.h.23.attn.c_attn.blocks.0.: k=1, G_{1.0,0.0,384}, type=None

Initializing transformer.h.22.mlp.c_fc.blocks.1.: k=1, G_{1.0,0.0,384}, type=None
  Initialized transformer.h.15.mlp.c_fc.blocks.3.weight (1024, 1024) on G_{1.0,0.0,384}  Initialized transformer.h.20.attn.c_attn.blocks.2.weight (1024, 1024) on G_{1.0,0.0,384}


Initializing transformer.h.20.mlp.c_fc.blocks.0.: k=1, G_{1.0,0.0,384}, type=None

Initializing transformer.h.16.attn.c_attn.blocks.0.: k=1, G_{1.0,0.0,384}, type=None
  Initialized transformer.h.22.mlp.c_fc.blocks.1.weight (1024, 1024) on G_{1.0,0.0,384}  Initialized transformer.h.23.attn.c_attn.blocks.0.weight (1024, 1024) on G_{1.0,0.0,384}


Initializing transformer.h.23.attn.c_attn.blocks.1.: k=1, G_{1.0,0.0,384}, type=None

Initializing transformer.h.22.mlp.c_fc.blocks.2.: k=1, G_{1.0,0.0,384}, type=None
  Initialized transformer.h.16.attn.c_attn.blocks.0.weight (1024, 1024) on G_{1.0,0.0,384}  Initialized transformer.h.20.mlp.c_fc.blocks.0.weight (1024, 1024) on G_{1.0,0.0,384}


Initializing transformer.h.20.mlp.c_fc.blocks.1.: k=1, G_{1.0,0.0,384}, type=None

Initializing transformer.h.16.attn.c_attn.blocks.1.: k=1, G_{1.0,0.0,384}, type=None
  Initialized transformer.h.23.attn.c_attn.blocks.1.weight (1024, 1024) on G_{1.0,0.0,384}
  Initialized transformer.h.22.mlp.c_fc.blocks.2.weight (1024, 1024) on G_{1.0,0.0,384}

Initializing transformer.h.23.attn.c_attn.blocks.2.: k=1, G_{1.0,0.0,384}, type=None

Initializing transformer.h.22.mlp.c_fc.blocks.3.: k=1, G_{1.0,0.0,384}, type=None
  Initialized transformer.h.20.mlp.c_fc.blocks.1.weight (1024, 1024) on G_{1.0,0.0,384}  Initialized transformer.h.16.attn.c_attn.blocks.1.weight (1024, 1024) on G_{1.0,0.0,384}


Initializing transformer.h.20.mlp.c_fc.blocks.2.: k=1, G_{1.0,0.0,384}, type=None

Initializing transformer.h.16.attn.c_attn.blocks.2.: k=1, G_{1.0,0.0,384}, type=None
  Initialized transformer.h.22.mlp.c_fc.blocks.3.weight (1024, 1024) on G_{1.0,0.0,384}  Initialized transformer.h.23.attn.c_attn.blocks.2.weight (1024, 1024) on G_{1.0,0.0,384}


Initializing transformer.h.23.mlp.c_fc.blocks.0.: k=1, G_{1.0,0.0,384}, type=None

Initializing transformer.h.23.attn.c_attn.blocks.0.: k=1, G_{1.0,0.0,384}, type=None
  Initialized transformer.h.16.attn.c_attn.blocks.2.weight (1024, 1024) on G_{1.0,0.0,384}  Initialized transformer.h.20.mlp.c_fc.blocks.2.weight (1024, 1024) on G_{1.0,0.0,384}


Initializing transformer.h.20.mlp.c_fc.blocks.3.: k=1, G_{1.0,0.0,384}, type=None

Initializing transformer.h.16.mlp.c_fc.blocks.0.: k=1, G_{1.0,0.0,384}, type=None
  Initialized transformer.h.23.attn.c_attn.blocks.0.weight (1024, 1024) on G_{1.0,0.0,384}  Initialized transformer.h.23.mlp.c_fc.blocks.0.weight (1024, 1024) on G_{1.0,0.0,384}


Initializing transformer.h.23.mlp.c_fc.blocks.1.: k=1, G_{1.0,0.0,384}, type=None

Initializing transformer.h.23.attn.c_attn.blocks.1.: k=1, G_{1.0,0.0,384}, type=None
  Initialized transformer.h.20.mlp.c_fc.blocks.3.weight (1024, 1024) on G_{1.0,0.0,384}  Initialized transformer.h.16.mlp.c_fc.blocks.0.weight (1024, 1024) on G_{1.0,0.0,384}


Initializing transformer.h.21.attn.c_attn.blocks.0.: k=1, G_{1.0,0.0,384}, type=None

Initializing transformer.h.16.mlp.c_fc.blocks.1.: k=1, G_{1.0,0.0,384}, type=None
  Initialized transformer.h.23.attn.c_attn.blocks.1.weight (1024, 1024) on G_{1.0,0.0,384}  Initialized transformer.h.23.mlp.c_fc.blocks.1.weight (1024, 1024) on G_{1.0,0.0,384}


Initializing transformer.h.23.mlp.c_fc.blocks.2.: k=1, G_{1.0,0.0,384}, type=None

Initializing transformer.h.23.attn.c_attn.blocks.2.: k=1, G_{1.0,0.0,384}, type=None
  Initialized transformer.h.16.mlp.c_fc.blocks.1.weight (1024, 1024) on G_{1.0,0.0,384}  Initialized transformer.h.21.attn.c_attn.blocks.0.weight (1024, 1024) on G_{1.0,0.0,384}


Initializing transformer.h.21.attn.c_attn.blocks.1.: k=1, G_{1.0,0.0,384}, type=None

Initializing transformer.h.16.mlp.c_fc.blocks.2.: k=1, G_{1.0,0.0,384}, type=None
  Initialized transformer.h.23.attn.c_attn.blocks.2.weight (1024, 1024) on G_{1.0,0.0,384}  Initialized transformer.h.23.mlp.c_fc.blocks.2.weight (1024, 1024) on G_{1.0,0.0,384}


Initializing transformer.h.23.mlp.c_fc.blocks.3.: k=1, G_{1.0,0.0,384}, type=None

Initializing transformer.h.23.mlp.c_fc.blocks.0.: k=1, G_{1.0,0.0,384}, type=None
  Initialized transformer.h.21.attn.c_attn.blocks.1.weight (1024, 1024) on G_{1.0,0.0,384}  Initialized transformer.h.16.mlp.c_fc.blocks.2.weight (1024, 1024) on G_{1.0,0.0,384}


Initializing transformer.h.21.attn.c_attn.blocks.2.: k=1, G_{1.0,0.0,384}, type=None

Initializing transformer.h.16.mlp.c_fc.blocks.3.: k=1, G_{1.0,0.0,384}, type=None
  Initialized transformer.h.23.mlp.c_fc.blocks.0.weight (1024, 1024) on G_{1.0,0.0,384}  Initialized transformer.h.23.mlp.c_fc.blocks.3.weight (1024, 1024) on G_{1.0,0.0,384}


Grassmann block initialization complete.

Initializing transformer.h.23.mlp.c_fc.blocks.1.: k=1, G_{1.0,0.0,384}, type=None

=== Setting up component-specific dropout ===
AdamW components: dropout = 0.1
Grassmann components: dropout = 0.05
Component-specific dropout setup complete.

=== Setting up norm-preserving scaling (Phase mlp_only) ===
  Initialized transformer.h.16.mlp.c_fc.blocks.3.weight (1024, 1024) on G_{1.0,0.0,384}  Initialized transformer.h.21.attn.c_attn.blocks.2.weight (1024, 1024) on G_{1.0,0.0,384}


Initializing transformer.h.21.mlp.c_fc.blocks.0.: k=1, G_{1.0,0.0,384}, type=None

Initializing transformer.h.17.attn.c_attn.blocks.0.: k=1, G_{1.0,0.0,384}, type=None
  Initialized transformer.h.23.mlp.c_fc.blocks.1.weight (1024, 1024) on G_{1.0,0.0,384}

Initializing transformer.h.23.mlp.c_fc.blocks.2.: k=1, G_{1.0,0.0,384}, type=None
  Initialized transformer.h.21.mlp.c_fc.blocks.0.weight (1024, 1024) on G_{1.0,0.0,384}  Initialized transformer.h.17.attn.c_attn.blocks.0.weight (1024, 1024) on G_{1.0,0.0,384}


Initializing transformer.h.21.mlp.c_fc.blocks.1.: k=1, G_{1.0,0.0,384}, type=None

Initializing transformer.h.17.attn.c_attn.blocks.1.: k=1, G_{1.0,0.0,384}, type=None
  Initialized transformer.h.23.mlp.c_fc.blocks.2.weight (1024, 1024) on G_{1.0,0.0,384}

Initializing transformer.h.23.mlp.c_fc.blocks.3.: k=1, G_{1.0,0.0,384}, type=None
  Initialized transformer.h.21.mlp.c_fc.blocks.1.weight (1024, 1024) on G_{1.0,0.0,384}  Initialized transformer.h.17.attn.c_attn.blocks.1.weight (1024, 1024) on G_{1.0,0.0,384}


Initializing transformer.h.21.mlp.c_fc.blocks.2.: k=1, G_{1.0,0.0,384}, type=None

Initializing transformer.h.17.attn.c_attn.blocks.2.: k=1, G_{1.0,0.0,384}, type=None
  Initialized transformer.h.23.mlp.c_fc.blocks.3.weight (1024, 1024) on G_{1.0,0.0,384}

Grassmann block initialization complete.

=== Setting up component-specific dropout ===
AdamW components: dropout = 0.1
Grassmann components: dropout = 0.05
Component-specific dropout setup complete.

=== Setting up norm-preserving scaling (Phase mlp_only) ===
  Initialized transformer.h.21.mlp.c_fc.blocks.2.weight (1024, 1024) on G_{1.0,0.0,384}  Initialized transformer.h.17.attn.c_attn.blocks.2.weight (1024, 1024) on G_{1.0,0.0,384}


Initializing transformer.h.21.mlp.c_fc.blocks.3.: k=1, G_{1.0,0.0,384}, type=None

Initializing transformer.h.17.mlp.c_fc.blocks.0.: k=1, G_{1.0,0.0,384}, type=None
  Initialized transformer.h.21.mlp.c_fc.blocks.3.weight (1024, 1024) on G_{1.0,0.0,384}  Initialized transformer.h.17.mlp.c_fc.blocks.0.weight (1024, 1024) on G_{1.0,0.0,384}


Initializing transformer.h.22.attn.c_attn.blocks.0.: k=1, G_{1.0,0.0,384}, type=None

Initializing transformer.h.17.mlp.c_fc.blocks.1.: k=1, G_{1.0,0.0,384}, type=None
  Initialized transformer.h.22.attn.c_attn.blocks.0.weight (1024, 1024) on G_{1.0,0.0,384}  Initialized transformer.h.17.mlp.c_fc.blocks.1.weight (1024, 1024) on G_{1.0,0.0,384}


Initializing transformer.h.22.attn.c_attn.blocks.1.: k=1, G_{1.0,0.0,384}, type=None

Initializing transformer.h.17.mlp.c_fc.blocks.2.: k=1, G_{1.0,0.0,384}, type=None
  Initialized transformer.h.17.mlp.c_fc.blocks.2.weight (1024, 1024) on G_{1.0,0.0,384}  Initialized transformer.h.22.attn.c_attn.blocks.1.weight (1024, 1024) on G_{1.0,0.0,384}


Initializing transformer.h.22.attn.c_attn.blocks.2.: k=1, G_{1.0,0.0,384}, type=None

Initializing transformer.h.17.mlp.c_fc.blocks.3.: k=1, G_{1.0,0.0,384}, type=None
  Initialized transformer.h.17.mlp.c_fc.blocks.3.weight (1024, 1024) on G_{1.0,0.0,384}  Initialized transformer.h.22.attn.c_attn.blocks.2.weight (1024, 1024) on G_{1.0,0.0,384}


Initializing transformer.h.22.mlp.c_fc.blocks.0.: k=1, G_{1.0,0.0,384}, type=None

Initializing transformer.h.18.attn.c_attn.blocks.0.: k=1, G_{1.0,0.0,384}, type=None
  Initialized transformer.h.22.mlp.c_fc.blocks.0.weight (1024, 1024) on G_{1.0,0.0,384}  Initialized transformer.h.18.attn.c_attn.blocks.0.weight (1024, 1024) on G_{1.0,0.0,384}


Initializing transformer.h.22.mlp.c_fc.blocks.1.: k=1, G_{1.0,0.0,384}, type=None

Initializing transformer.h.18.attn.c_attn.blocks.1.: k=1, G_{1.0,0.0,384}, type=None
  Initialized transformer.h.22.mlp.c_fc.blocks.1.weight (1024, 1024) on G_{1.0,0.0,384}  Initialized transformer.h.18.attn.c_attn.blocks.1.weight (1024, 1024) on G_{1.0,0.0,384}


Initializing transformer.h.22.mlp.c_fc.blocks.2.: k=1, G_{1.0,0.0,384}, type=None

Initializing transformer.h.18.attn.c_attn.blocks.2.: k=1, G_{1.0,0.0,384}, type=None
  Initialized transformer.h.22.mlp.c_fc.blocks.2.weight (1024, 1024) on G_{1.0,0.0,384}  Initialized transformer.h.18.attn.c_attn.blocks.2.weight (1024, 1024) on G_{1.0,0.0,384}


Initializing transformer.h.22.mlp.c_fc.blocks.3.: k=1, G_{1.0,0.0,384}, type=None

Initializing transformer.h.18.mlp.c_fc.blocks.0.: k=1, G_{1.0,0.0,384}, type=None
  Initialized transformer.h.22.mlp.c_fc.blocks.3.weight (1024, 1024) on G_{1.0,0.0,384}  Initialized transformer.h.18.mlp.c_fc.blocks.0.weight (1024, 1024) on G_{1.0,0.0,384}


Initializing transformer.h.23.attn.c_attn.blocks.0.: k=1, G_{1.0,0.0,384}, type=None

Initializing transformer.h.18.mlp.c_fc.blocks.1.: k=1, G_{1.0,0.0,384}, type=None
  Initialized transformer.h.23.attn.c_attn.blocks.0.weight (1024, 1024) on G_{1.0,0.0,384}  Initialized transformer.h.18.mlp.c_fc.blocks.1.weight (1024, 1024) on G_{1.0,0.0,384}


Initializing transformer.h.23.attn.c_attn.blocks.1.: k=1, G_{1.0,0.0,384}, type=None

Initializing transformer.h.18.mlp.c_fc.blocks.2.: k=1, G_{1.0,0.0,384}, type=None
  Initialized transformer.h.23.attn.c_attn.blocks.1.weight (1024, 1024) on G_{1.0,0.0,384}  Initialized transformer.h.18.mlp.c_fc.blocks.2.weight (1024, 1024) on G_{1.0,0.0,384}


Initializing transformer.h.23.attn.c_attn.blocks.2.: k=1, G_{1.0,0.0,384}, type=None

Initializing transformer.h.18.mlp.c_fc.blocks.3.: k=1, G_{1.0,0.0,384}, type=None
  Initialized transformer.h.23.attn.c_attn.blocks.2.weight (1024, 1024) on G_{1.0,0.0,384}  Initialized transformer.h.18.mlp.c_fc.blocks.3.weight (1024, 1024) on G_{1.0,0.0,384}


Initializing transformer.h.23.mlp.c_fc.blocks.0.: k=1, G_{1.0,0.0,384}, type=None

Initializing transformer.h.19.attn.c_attn.blocks.0.: k=1, G_{1.0,0.0,384}, type=None
  Initialized transformer.h.23.mlp.c_fc.blocks.0.weight (1024, 1024) on G_{1.0,0.0,384}  Initialized transformer.h.19.attn.c_attn.blocks.0.weight (1024, 1024) on G_{1.0,0.0,384}


Initializing transformer.h.23.mlp.c_fc.blocks.1.: k=1, G_{1.0,0.0,384}, type=None

Initializing transformer.h.19.attn.c_attn.blocks.1.: k=1, G_{1.0,0.0,384}, type=None
  Initialized transformer.h.23.mlp.c_fc.blocks.1.weight (1024, 1024) on G_{1.0,0.0,384}  Initialized transformer.h.19.attn.c_attn.blocks.1.weight (1024, 1024) on G_{1.0,0.0,384}


Initializing transformer.h.23.mlp.c_fc.blocks.2.: k=1, G_{1.0,0.0,384}, type=None

Initializing transformer.h.19.attn.c_attn.blocks.2.: k=1, G_{1.0,0.0,384}, type=None
  Initialized transformer.h.23.mlp.c_fc.blocks.2.weight (1024, 1024) on G_{1.0,0.0,384}  Initialized transformer.h.19.attn.c_attn.blocks.2.weight (1024, 1024) on G_{1.0,0.0,384}


Initializing transformer.h.23.mlp.c_fc.blocks.3.: k=1, G_{1.0,0.0,384}, type=None

Initializing transformer.h.19.mlp.c_fc.blocks.0.: k=1, G_{1.0,0.0,384}, type=None
  Initialized transformer.h.23.mlp.c_fc.blocks.3.weight (1024, 1024) on G_{1.0,0.0,384}
  Initialized transformer.h.19.mlp.c_fc.blocks.0.weight (1024, 1024) on G_{1.0,0.0,384}

Grassmann block initialization complete.

=== Setting up component-specific dropout ===
AdamW components: dropout = 0.1
Grassmann components: dropout = 0.05

Initializing transformer.h.19.mlp.c_fc.blocks.1.: k=1, G_{1.0,0.0,384}, type=None
Component-specific dropout setup complete.

=== Setting up norm-preserving scaling (Phase mlp_only) ===
  Initialized transformer.h.19.mlp.c_fc.blocks.1.weight (1024, 1024) on G_{1.0,0.0,384}

Initializing transformer.h.19.mlp.c_fc.blocks.2.: k=1, G_{1.0,0.0,384}, type=None
  Initialized transformer.h.19.mlp.c_fc.blocks.2.weight (1024, 1024) on G_{1.0,0.0,384}

Initializing transformer.h.19.mlp.c_fc.blocks.3.: k=1, G_{1.0,0.0,384}, type=None
  Initialized transformer.h.19.mlp.c_fc.blocks.3.weight (1024, 1024) on G_{1.0,0.0,384}

Initializing transformer.h.20.attn.c_attn.blocks.0.: k=1, G_{1.0,0.0,384}, type=None
  Initialized transformer.h.20.attn.c_attn.blocks.0.weight (1024, 1024) on G_{1.0,0.0,384}

Initializing transformer.h.20.attn.c_attn.blocks.1.: k=1, G_{1.0,0.0,384}, type=None
  Initialized transformer.h.20.attn.c_attn.blocks.1.weight (1024, 1024) on G_{1.0,0.0,384}

Initializing transformer.h.20.attn.c_attn.blocks.2.: k=1, G_{1.0,0.0,384}, type=None
  Initialized transformer.h.20.attn.c_attn.blocks.2.weight (1024, 1024) on G_{1.0,0.0,384}

Initializing transformer.h.20.mlp.c_fc.blocks.0.: k=1, G_{1.0,0.0,384}, type=None
  Initialized transformer.h.20.mlp.c_fc.blocks.0.weight (1024, 1024) on G_{1.0,0.0,384}

Initializing transformer.h.20.mlp.c_fc.blocks.1.: k=1, G_{1.0,0.0,384}, type=None
  Initialized transformer.h.20.mlp.c_fc.blocks.1.weight (1024, 1024) on G_{1.0,0.0,384}

Initializing transformer.h.20.mlp.c_fc.blocks.2.: k=1, G_{1.0,0.0,384}, type=None
  Initialized transformer.h.20.mlp.c_fc.blocks.2.weight (1024, 1024) on G_{1.0,0.0,384}

Initializing transformer.h.20.mlp.c_fc.blocks.3.: k=1, G_{1.0,0.0,384}, type=None
  Initialized transformer.h.20.mlp.c_fc.blocks.3.weight (1024, 1024) on G_{1.0,0.0,384}

Initializing transformer.h.21.attn.c_attn.blocks.0.: k=1, G_{1.0,0.0,384}, type=None
  Initialized transformer.h.21.attn.c_attn.blocks.0.weight (1024, 1024) on G_{1.0,0.0,384}

Initializing transformer.h.21.attn.c_attn.blocks.1.: k=1, G_{1.0,0.0,384}, type=None
  Initialized transformer.h.21.attn.c_attn.blocks.1.weight (1024, 1024) on G_{1.0,0.0,384}

Initializing transformer.h.21.attn.c_attn.blocks.2.: k=1, G_{1.0,0.0,384}, type=None
  Initialized transformer.h.21.attn.c_attn.blocks.2.weight (1024, 1024) on G_{1.0,0.0,384}

Initializing transformer.h.21.mlp.c_fc.blocks.0.: k=1, G_{1.0,0.0,384}, type=None
  Initialized transformer.h.21.mlp.c_fc.blocks.0.weight (1024, 1024) on G_{1.0,0.0,384}

Initializing transformer.h.21.mlp.c_fc.blocks.1.: k=1, G_{1.0,0.0,384}, type=None
  Initialized transformer.h.21.mlp.c_fc.blocks.1.weight (1024, 1024) on G_{1.0,0.0,384}

Initializing transformer.h.21.mlp.c_fc.blocks.2.: k=1, G_{1.0,0.0,384}, type=None
  Initialized transformer.h.21.mlp.c_fc.blocks.2.weight (1024, 1024) on G_{1.0,0.0,384}

Initializing transformer.h.21.mlp.c_fc.blocks.3.: k=1, G_{1.0,0.0,384}, type=None
  Initialized transformer.h.21.mlp.c_fc.blocks.3.weight (1024, 1024) on G_{1.0,0.0,384}

Initializing transformer.h.22.attn.c_attn.blocks.0.: k=1, G_{1.0,0.0,384}, type=None
  Initialized transformer.h.22.attn.c_attn.blocks.0.weight (1024, 1024) on G_{1.0,0.0,384}

Initializing transformer.h.22.attn.c_attn.blocks.1.: k=1, G_{1.0,0.0,384}, type=None
  Initialized transformer.h.22.attn.c_attn.blocks.1.weight (1024, 1024) on G_{1.0,0.0,384}

Initializing transformer.h.22.attn.c_attn.blocks.2.: k=1, G_{1.0,0.0,384}, type=None
  Initialized transformer.h.22.attn.c_attn.blocks.2.weight (1024, 1024) on G_{1.0,0.0,384}

Initializing transformer.h.22.mlp.c_fc.blocks.0.: k=1, G_{1.0,0.0,384}, type=None
  Initialized transformer.h.22.mlp.c_fc.blocks.0.weight (1024, 1024) on G_{1.0,0.0,384}

Initializing transformer.h.22.mlp.c_fc.blocks.1.: k=1, G_{1.0,0.0,384}, type=None
  Initialized transformer.h.22.mlp.c_fc.blocks.1.weight (1024, 1024) on G_{1.0,0.0,384}

Initializing transformer.h.22.mlp.c_fc.blocks.2.: k=1, G_{1.0,0.0,384}, type=None
  Initialized transformer.h.22.mlp.c_fc.blocks.2.weight (1024, 1024) on G_{1.0,0.0,384}

Initializing transformer.h.22.mlp.c_fc.blocks.3.: k=1, G_{1.0,0.0,384}, type=None
  Initialized transformer.h.22.mlp.c_fc.blocks.3.weight (1024, 1024) on G_{1.0,0.0,384}

Initializing transformer.h.23.attn.c_attn.blocks.0.: k=1, G_{1.0,0.0,384}, type=None
  Initialized transformer.h.23.attn.c_attn.blocks.0.weight (1024, 1024) on G_{1.0,0.0,384}

Initializing transformer.h.23.attn.c_attn.blocks.1.: k=1, G_{1.0,0.0,384}, type=None
  Initialized transformer.h.23.attn.c_attn.blocks.1.weight (1024, 1024) on G_{1.0,0.0,384}

Initializing transformer.h.23.attn.c_attn.blocks.2.: k=1, G_{1.0,0.0,384}, type=None
  Initialized transformer.h.23.attn.c_attn.blocks.2.weight (1024, 1024) on G_{1.0,0.0,384}

Initializing transformer.h.23.mlp.c_fc.blocks.0.: k=1, G_{1.0,0.0,384}, type=None
  Initialized transformer.h.23.mlp.c_fc.blocks.0.weight (1024, 1024) on G_{1.0,0.0,384}

Initializing transformer.h.23.mlp.c_fc.blocks.1.: k=1, G_{1.0,0.0,384}, type=None
  Initialized transformer.h.23.mlp.c_fc.blocks.1.weight (1024, 1024) on G_{1.0,0.0,384}

Initializing transformer.h.23.mlp.c_fc.blocks.2.: k=1, G_{1.0,0.0,384}, type=None
  Initialized transformer.h.23.mlp.c_fc.blocks.2.weight (1024, 1024) on G_{1.0,0.0,384}

Initializing transformer.h.23.mlp.c_fc.blocks.3.: k=1, G_{1.0,0.0,384}, type=None
  Initialized transformer.h.23.mlp.c_fc.blocks.3.weight (1024, 1024) on G_{1.0,0.0,384}

Grassmann block initialization complete.

=== Setting up component-specific dropout ===
AdamW components: dropout = 0.1
Grassmann components: dropout = 0.05
Component-specific dropout setup complete.

=== Setting up norm-preserving scaling (Phase mlp_only) ===
  Added frozen 0.5×I scaling after mlp.c_fc (device=cuda:2)
  Added frozen 0.5×I scaling after mlp.c_fc (device=cuda:3)
  Added frozen 0.5×I scaling after mlp.c_fc (device=cuda:0)
  Added frozen 0.5×I scaling after mlp.c_fc (device=cuda:1)
  Added frozen 0.5×I scaling after mlp.c_fc (device=cuda:2)
  Added frozen 0.5×I scaling after mlp.c_fc (device=cuda:3)
  Added frozen 0.5×I scaling after mlp.c_fc (device=cuda:0)
  Added frozen 0.5×I scaling after mlp.c_fc (device=cuda:1)
  Added frozen 0.5×I scaling after mlp.c_fc (device=cuda:2)
  Added frozen 0.5×I scaling after mlp.c_fc (device=cuda:3)
  Added frozen 0.5×I scaling after mlp.c_fc (device=cuda:0)
  Added frozen 0.5×I scaling after mlp.c_fc (device=cuda:1)
  Added frozen 0.5×I scaling after mlp.c_fc (device=cuda:2)
  Added frozen 0.5×I scaling after mlp.c_fc (device=cuda:3)
  Added frozen 0.5×I scaling after mlp.c_fc (device=cuda:0)
  Added frozen 0.5×I scaling after mlp.c_fc (device=cuda:1)
  Added frozen 0.5×I scaling after mlp.c_fc (device=cuda:2)
  Added frozen 0.5×I scaling after mlp.c_fc (device=cuda:3)
  Added frozen 0.5×I scaling after mlp.c_fc (device=cuda:0)
  Added frozen 0.5×I scaling after mlp.c_fc (device=cuda:1)
  Added frozen 0.5×I scaling after mlp.c_fc (device=cuda:2)
  Added frozen 0.5×I scaling after mlp.c_fc (device=cuda:3)
  Added frozen 0.5×I scaling after mlp.c_fc (device=cuda:0)
  Added frozen 0.5×I scaling after mlp.c_fc (device=cuda:1)
  Added frozen 0.5×I scaling after mlp.c_fc (device=cuda:2)
  Added frozen 0.5×I scaling after mlp.c_fc (device=cuda:3)
  Added frozen 0.5×I scaling after mlp.c_fc (device=cuda:0)
  Added frozen 0.5×I scaling after mlp.c_fc (device=cuda:1)
  Added frozen 0.5×I scaling after mlp.c_fc (device=cuda:2)
  Added frozen 0.5×I scaling after mlp.c_fc (device=cuda:3)
  Added frozen 0.5×I scaling after mlp.c_fc (device=cuda:0)
  Added frozen 0.5×I scaling after mlp.c_fc (device=cuda:1)
  Added frozen 0.5×I scaling after mlp.c_fc (device=cuda:2)
  Added frozen 0.5×I scaling after mlp.c_fc (device=cuda:3)
  Added frozen 0.5×I scaling after mlp.c_fc (device=cuda:0)
  Added frozen 0.5×I scaling after mlp.c_fc (device=cuda:1)
  Added frozen 0.5×I scaling after mlp.c_fc (device=cuda:2)
  Added frozen 0.5×I scaling after mlp.c_fc (device=cuda:3)
  Added frozen 0.5×I scaling after mlp.c_fc (device=cuda:0)
  Added frozen 0.5×I scaling after mlp.c_fc (device=cuda:1)
  Added frozen 0.5×I scaling after mlp.c_fc (device=cuda:2)
  Added frozen 0.5×I scaling after mlp.c_fc (device=cuda:3)
  Added frozen 0.5×I scaling after mlp.c_fc (device=cuda:0)
  Added frozen 0.5×I scaling after mlp.c_fc (device=cuda:1)
  Added frozen 0.5×I scaling after mlp.c_fc (device=cuda:2)
  Added frozen 0.5×I scaling after mlp.c_fc (device=cuda:3)
  Added frozen 0.5×I scaling after mlp.c_fc (device=cuda:0)
  Added frozen 0.5×I scaling after mlp.c_fc (device=cuda:1)
  Added frozen 0.5×I scaling after mlp.c_fc (device=cuda:2)
  Added frozen 0.5×I scaling after mlp.c_fc (device=cuda:3)
  Added frozen 0.5×I scaling after mlp.c_fc (device=cuda:0)
  Added frozen 0.5×I scaling after mlp.c_fc (device=cuda:1)
  Added frozen 0.5×I scaling after mlp.c_fc (device=cuda:2)
  Added frozen 0.5×I scaling after mlp.c_fc (device=cuda:3)
  Added frozen 0.5×I scaling after mlp.c_fc (device=cuda:0)
  Added frozen 0.5×I scaling after mlp.c_fc (device=cuda:1)
  Added frozen 0.5×I scaling after mlp.c_fc (device=cuda:2)
  Added frozen 0.5×I scaling after mlp.c_fc (device=cuda:3)
  Added frozen 0.5×I scaling after mlp.c_fc (device=cuda:0)
  Added frozen 0.5×I scaling after mlp.c_fc (device=cuda:1)
  Added frozen 0.5×I scaling after mlp.c_fc (device=cuda:2)
  Added frozen 0.5×I scaling after mlp.c_fc (device=cuda:3)
  Added frozen 0.5×I scaling after mlp.c_fc (device=cuda:0)
  Added frozen 0.5×I scaling after mlp.c_fc (device=cuda:1)
  Added frozen 0.5×I scaling after mlp.c_fc (device=cuda:2)
  Added frozen 0.5×I scaling after mlp.c_fc (device=cuda:3)
  Added frozen 0.5×I scaling after mlp.c_fc (device=cuda:0)
  Added frozen 0.5×I scaling after mlp.c_fc (device=cuda:1)
  Added frozen 0.5×I scaling after mlp.c_fc (device=cuda:2)
  Added frozen 0.5×I scaling after mlp.c_fc (device=cuda:3)
  Added frozen 0.5×I scaling after mlp.c_fc (device=cuda:0)
  Added frozen 0.5×I scaling after mlp.c_fc (device=cuda:1)
  Added frozen 0.5×I scaling after mlp.c_fc (device=cuda:2)
  Added frozen 0.5×I scaling after mlp.c_fc (device=cuda:3)
  Added frozen 0.5×I scaling after mlp.c_fc (device=cuda:0)
  Added frozen 0.5×I scaling after mlp.c_fc (device=cuda:1)
  Added frozen 0.5×I scaling after mlp.c_fc (device=cuda:2)
  Added frozen 0.5×I scaling after mlp.c_fc (device=cuda:3)
  Added frozen 0.5×I scaling after mlp.c_fc (device=cuda:0)
  Added frozen 0.5×I scaling after mlp.c_fc (device=cuda:1)
  Added frozen 0.5×I scaling after mlp.c_fc (device=cuda:2)
  Added frozen 0.5×I scaling after mlp.c_fc (device=cuda:3)
  Added frozen 0.5×I scaling after mlp.c_fc (device=cuda:0)
  Added frozen 0.5×I scaling after mlp.c_fc (device=cuda:1)
  Added frozen 0.5×I scaling after mlp.c_fc (device=cuda:2)
  Added frozen 0.5×I scaling after mlp.c_fc (device=cuda:3)
  Added frozen 0.5×I scaling after mlp.c_fc (device=cuda:0)
  Added frozen 0.5×I scaling after mlp.c_fc (device=cuda:1)
  Added frozen 0.5×I scaling after mlp.c_fc (device=cuda:2)
  Added frozen 0.5×I scaling after mlp.c_fc (device=cuda:3)
  Added frozen 0.5×I scaling after mlp.c_fc (device=cuda:0)
  Added frozen 0.5×I scaling after mlp.c_fc (device=cuda:1)
  Added frozen 0.5×I scaling after mlp.c_fc (device=cuda:2)
Norm-preserving scaling setup complete.
compiling the model... (takes a ~minute)
  Added frozen 0.5×I scaling after mlp.c_fc (device=cuda:3)
Norm-preserving scaling setup complete.
compiling the model... (takes a ~minute)
  Added frozen 0.5×I scaling after mlp.c_fc (device=cuda:0)
Norm-preserving scaling setup complete.
compiling the model... (takes a ~minute)
  Added frozen 0.5×I scaling after mlp.c_fc (device=cuda:1)
Norm-preserving scaling setup complete.
compiling the model... (takes a ~minute)
step 0: train loss 10.9889, val loss 10.9892
iter 0: loss 11.0041, time 277928.87ms, mfu -100.00%
iter 10: loss 10.2702, time 14941.93ms, mfu 10.22%
iter 20: loss 9.4703, time 14730.93ms, mfu 10.24%
iter 30: loss 9.3164, time 14643.76ms, mfu 10.25%
iter 40: loss 9.3245, time 15595.15ms, mfu 10.21%
iter 50: loss 9.1943, time 14584.71ms, mfu 10.23%
iter 60: loss 8.8934, time 14738.10ms, mfu 10.25%
iter 70: loss 8.7406, time 14787.03ms, mfu 10.26%
iter 80: loss 8.4250, time 14731.93ms, mfu 10.27%
iter 90: loss 8.2337, time 15084.86ms, mfu 10.25%
iter 100: loss 8.0495, time 14790.75ms, mfu 10.26%
iter 110: loss 7.6210, time 14642.59ms, mfu 10.28%
iter 120: loss 7.5176, time 14690.68ms, mfu 10.29%
iter 130: loss 7.3102, time 14805.08ms, mfu 10.29%
iter 140: loss 7.4108, time 15038.39ms, mfu 10.28%
iter 150: loss 7.1233, time 14895.91ms, mfu 10.27%
iter 160: loss 7.2686, time 15022.82ms, mfu 10.26%
iter 170: loss 7.0300, time 14689.78ms, mfu 10.28%
iter 180: loss 6.9640, time 15098.00ms, mfu 10.26%
iter 190: loss 6.8398, time 15097.50ms, mfu 10.25%
iter 200: loss 6.7798, time 14689.90ms, mfu 10.26%
iter 210: loss 6.6996, time 15000.52ms, mfu 10.25%
iter 220: loss 6.7531, time 15168.23ms, mfu 10.23%
iter 230: loss 6.5590, time 14858.10ms, mfu 10.24%
iter 240: loss 6.5930, time 14905.02ms, mfu 10.24%
iter 250: loss 6.5075, time 15338.76ms, mfu 10.21%
iter 260: loss 6.5147, time 15034.93ms, mfu 10.21%
iter 270: loss 6.4517, time 15299.05ms, mfu 10.18%
iter 280: loss 6.5530, time 15001.16ms, mfu 10.18%
iter 290: loss 6.4704, time 14884.74ms, mfu 10.19%
iter 300: loss 6.2728, time 14764.22ms, mfu 10.21%
iter 310: loss 6.2866, time 15254.16ms, mfu 10.19%
iter 320: loss 6.4105, time 14772.82ms, mfu 10.20%
iter 330: loss 6.2788, time 14787.51ms, mfu 10.21%
iter 340: loss 6.3414, time 15088.05ms, mfu 10.21%
iter 350: loss 6.1984, time 14930.75ms, mfu 10.21%
iter 360: loss 6.1101, time 15281.40ms, mfu 10.19%
iter 370: loss 6.1434, time 15309.10ms, mfu 10.16%
iter 380: loss 6.3684, time 15051.10ms, mfu 10.16%
iter 390: loss 6.0870, time 15099.36ms, mfu 10.16%
iter 400: loss 5.8837, time 14803.29ms, mfu 10.17%
iter 410: loss 5.9398, time 15207.80ms, mfu 10.16%
iter 420: loss 6.0234, time 14758.78ms, mfu 10.18%
iter 430: loss 5.9333, time 14959.07ms, mfu 10.18%
iter 440: loss 5.9684, time 14952.78ms, mfu 10.19%
iter 450: loss 5.9377, time 14640.95ms, mfu 10.21%
iter 460: loss 5.6546, time 14791.11ms, mfu 10.22%
iter 470: loss 5.8338, time 14751.23ms, mfu 10.23%
iter 480: loss 5.7148, time 14749.84ms, mfu 10.25%
iter 490: loss 5.8666, time 14914.41ms, mfu 10.25%
iter 500: loss 5.6018, time 15082.34ms, mfu 10.23%
iter 510: loss 5.6652, time 15294.80ms, mfu 10.21%
iter 520: loss 5.8292, time 15085.12ms, mfu 10.20%
iter 530: loss 5.7034, time 14765.75ms, mfu 10.21%
iter 540: loss 5.6565, time 14997.95ms, mfu 10.21%
iter 550: loss 5.5269, time 14892.13ms, mfu 10.22%
iter 560: loss 5.6436, time 15587.24ms, mfu 10.17%
iter 570: loss 5.5896, time 14660.92ms, mfu 10.20%
iter 580: loss 5.5791, time 14781.26ms, mfu 10.21%
iter 590: loss 5.5277, time 14857.02ms, mfu 10.22%
iter 600: loss 5.4348, time 14683.45ms, mfu 10.24%
iter 610: loss 5.6286, time 14668.28ms, mfu 10.25%
iter 620: loss 5.4509, time 15077.73ms, mfu 10.24%
iter 630: loss 5.5209, time 14770.92ms, mfu 10.25%
iter 640: loss 5.4655, time 15003.52ms, mfu 10.24%
iter 650: loss 5.3670, time 14795.18ms, mfu 10.25%
iter 660: loss 5.3431, time 14824.96ms, mfu 10.26%
iter 670: loss 5.3000, time 14839.69ms, mfu 10.26%
iter 680: loss 5.2131, time 14952.11ms, mfu 10.26%
iter 690: loss 5.2625, time 15037.66ms, mfu 10.25%
iter 700: loss 5.1951, time 14799.86ms, mfu 10.25%
iter 710: loss 5.1486, time 14932.27ms, mfu 10.25%
